Term,Gene_set,Overlap,P-value,Adjusted P-value,Old P-value,Old Adjusted P-value,Odds Ratio,Combined Score,Genes
DNA protection (GO:0042262),GO_Biological_Process_2021,1/5,0.0049904406959516,0.0590028382054766,0,0,262.8421052631579,1393.123889480945,GLRX2
ATP synthesis coupled electron transport (GO:0042773),GO_Biological_Process_2021,1/6,0.0059856908667451,0.0590028382054766,0,0,210.26315789473685,1076.2074808846232,COA6
positive regulation of plasminogen activation (GO:0010756),GO_Biological_Process_2021,1/6,0.0059856908667451,0.0590028382054766,0,0,210.26315789473685,1076.2074808846232,PLGRKT
cytochrome complex assembly (GO:0017004),GO_Biological_Process_2021,1/7,0.0069799958941807,0.0590028382054766,0,0,175.21052631578948,869.8689177892479,COA6
regulation of myeloid leukocyte differentiation (GO:0002761),GO_Biological_Process_2021,1/8,0.0079733565142536,0.0590028382054766,0,0,150.17293233082708,725.5830081396662,PRXL2A
regulation of plasminogen activation (GO:0010755),GO_Biological_Process_2021,1/12,0.0119373705403343,0.0736137849987284,0,0,95.54545454545456,423.0830518492731,PLGRKT
positive regulation of protein processing (GO:0010954),GO_Biological_Process_2021,1/20,0.019820311238232,0.1047645022592268,0,0,55.29362880886426,216.80897525048425,PLGRKT
respiratory chain complex IV assembly (GO:0008535),GO_Biological_Process_2021,1/23,0.0227609834903901,0.1052695486430542,0,0,47.74641148325359,180.6107068727385,COA6
keratan sulfate biosynthetic process (GO:0018146),GO_Biological_Process_2021,1/28,0.0276434890482457,0.1136454549761213,0,0,38.89473684210526,139.56851455439977,SLC35D2
keratan sulfate metabolic process (GO:0042339),GO_Biological_Process_2021,1/33,0.0325028162269628,0.1151287956942977,0,0,32.80921052631579,112.41841533087528,SLC35D2
regulation of osteoclast differentiation (GO:0045670),GO_Biological_Process_2021,1/36,0.0354073301248565,0.1151287956942977,0,0,29.99248120300752,100.19997336732251,PRXL2A
regulation of cell communication (GO:0010646),GO_Biological_Process_2021,1/38,0.0373390688738262,0.1151287956942977,0,0,28.36842105263158,93.26728562261796,GLRX2
glutathione metabolic process (GO:0006749),GO_Biological_Process_2021,1/43,0.0421523505298068,0.1181486764378974,0,0,24.98496240601504,79.11400474395023,GLRX2
response to hydrogen peroxide (GO:0042542),GO_Biological_Process_2021,1/49,0.0478981120694178,0.1181486764378974,0,0,21.855263157894736,66.41113333547993,GLRX2
aminoglycan biosynthetic process (GO:0006023),GO_Biological_Process_2021,1/49,0.0478981120694178,0.1181486764378974,0,0,21.855263157894736,66.41113333547993,SLC35D2
glycosaminoglycan metabolic process (GO:0030203),GO_Biological_Process_2021,1/54,0.0526612202157059,0.12177907174882,0,0,19.788480635551142,58.25483230121243,SLC35D2
response to reactive oxygen species (GO:0000302),GO_Biological_Process_2021,1/59,0.0574016861834188,0.1249330816933232,0,0,18.07803992740472,51.661282065881295,GLRX2
mitochondrial ATP synthesis coupled electron transport (GO:0042775),GO_Biological_Process_2021,1/71,0.0686870333104677,0.1411900129159614,0,0,14.969924812030076,40.09237540517205,COA6
peptide metabolic process (GO:0006518),GO_Biological_Process_2021,1/83,0.0798439464103719,0.155485579851777,0,0,12.771501925545572,32.28228555834262,GLRX2
glycosaminoglycan biosynthetic process (GO:0006024),GO_Biological_Process_2021,1/97,0.0926998655948555,0.1714947513504828,0,0,10.901315789473683,25.92756145195716,SLC35D2
sulfur compound biosynthetic process (GO:0044272),GO_Biological_Process_2021,1/113,0.1071833849179316,0.1888469162839748,0,0,9.336466165413531,20.8503272666542,SLC35D2
cytoskeleton organization (GO:0007010),GO_Biological_Process_2021,1/120,0.1134506143347115,0.1896677822960071,0,0,8.784166298098187,19.117751070838278,ARHGAP10
platelet degranulation (GO:0002576),GO_Biological_Process_2021,1/125,0.1179015944002206,0.1896677822960071,0,0,8.427843803056026,18.01792896923992,FAM3C
regulation of small GTPase mediated signal transduction (GO:0051056),GO_Biological_Process_2021,1/141,0.1320025081276732,0.2035038666968295,0,0,7.458646616541353,15.10326978018187,ARHGAP10
regulated exocytosis (GO:0045055),GO_Biological_Process_2021,1/180,0.1654818231902095,0.2449130983215101,0,0,5.822111143781241,10.473360337315544,FAM3C
regulation of signal transduction (GO:0009966),GO_Biological_Process_2021,1/198,0.1805166287404085,0.2568890485921199,0,0,5.285332620892333,9.048132049958218,GLRX2
apoptotic process (GO:0006915),GO_Biological_Process_2021,1/231,0.2074145235836311,0.2842347175034945,0,0,4.519450800915332,7.109258623489633,GLRX2
DNA metabolic process (GO:0006259),GO_Biological_Process_2021,1/277,0.243512313572093,0.3217841286488372,0,0,3.757437070938215,5.307709647892535,GLRX2
negative regulation of programmed cell death (GO:0043069),GO_Biological_Process_2021,1/381,0.3194538394860498,0.4075790365856497,0,0,2.714681440443213,3.097838346524308,ARHGAP10
organelle organization (GO:0006996),GO_Biological_Process_2021,1/420,0.3460182362698419,0.4131126647023703,0,0,2.4571033789724908,2.6076348673176835,ARHGAP10
regulation of nucleic acid-templated transcription (GO:1903506),GO_Biological_Process_2021,1/430,0.352669225192599,0.4131126647023703,0,0,2.3986013986013988,2.499881624177612,GLRX2
regulation of intracellular signal transduction (GO:1902531),GO_Biological_Process_2021,1/437,0.3572866289317797,0.4131126647023703,0,0,2.359246740704973,2.4281767045158325,ARHGAP10
regulation of cellular macromolecule biosynthetic process (GO:2000112),GO_Biological_Process_2021,1/468,0.3773616406889254,0.4223616727386338,0,0,2.1991434689507496,2.143178109415244,GLRX2
negative regulation of apoptotic process (GO:0043066),GO_Biological_Process_2021,1/485,0.3881161317057716,0.4223616727386338,0,0,2.120052196607221,2.006524833834278,ARHGAP10
regulation of apoptotic process (GO:0042981),GO_Biological_Process_2021,1/742,0.5306840531704903,0.561008856208804,0,0,1.3665033027913915,0.8658006935069414,ARHGAP10
regulation of gene expression (GO:0010468),GO_Biological_Process_2021,1/1079,0.6703542470927395,0.6889751984008711,0,0,0.9228590957914268,0.3690965534178757,GLRX2
"regulation of transcription, DNA-templated (GO:0006355)",GO_Biological_Process_2021,1/2244,0.9075754297060904,0.9075754297060904,0,0,0.4161954149752446,0.040362047906508,GLRX2
platelet dense granule lumen (GO:0031089),GO_Cellular_Component_2021,1/14,0.01391373176082,0.1040073400549765,0,0,80.83805668016194,345.57291333057793,FAM3C
platelet dense granule (GO:0042827),GO_Cellular_Component_2021,1/21,0.0208014680109953,0.1040073400549765,0,0,52.526315789473685,203.4203291515269,FAM3C
mitochondrial intermembrane space (GO:0005758),GO_Cellular_Component_2021,1/58,0.0564553994621354,0.1552990296719292,0,0,18.39612188365651,52.87605301742885,COA6
organelle envelope lumen (GO:0031970),GO_Cellular_Component_2021,1/64,0.0621196118687717,0.1552990296719292,0,0,16.639097744360903,46.23495322747936,COA6
mitochondrial envelope (GO:0005740),GO_Cellular_Component_2021,1/127,0.1196760354120022,0.2393520708240045,0,0,8.293233082706767,17.606259261193085,COA6
secretory granule lumen (GO:0034774),GO_Cellular_Component_2021,1/316,0.2728881438519747,0.4548135730866245,0,0,3.2857142857142856,4.26713511950017,FAM3C
Golgi membrane (GO:0000139),GO_Cellular_Component_2021,1/472,0.3799081460614031,0.5427259229448615,0,0,2.180020113979216,2.1098796593184086,SLC35D2
bounding membrane of organelle (GO:0098588),GO_Cellular_Component_2021,1/767,0.5427257452275139,0.6784071815343924,0,0,1.3201868902020064,0.8068337492138922,SLC35D2
nucleus (GO:0005634),GO_Cellular_Component_2021,1/4484,0.9937777181149652,0.997554988941146,0,0,0.1819387862920741,0.0011356111358089,GLRX2
intracellular membrane-bounded organelle (GO:0043231),GO_Cellular_Component_2021,1/5192,0.997554988941146,0.997554988941146,0,0,0.1499457563191353,0.00036706795812433,GLRX2
UDP-N-acetylglucosamine transmembrane transporter activity (GO:0005462),GO_Molecular_Function_2021,1/5,0.0049904406959516,0.0345512115617656,0,0,262.8421052631579,1393.123889480945,SLC35D2
pyrimidine nucleotide-sugar transmembrane transporter activity (GO:0015165),GO_Molecular_Function_2021,1/8,0.0079733565142536,0.0345512115617656,0,0,150.17293233082708,725.5830081396662,SLC35D2
disulfide oxidoreductase activity (GO:0015036),GO_Molecular_Function_2021,1/8,0.0079733565142536,0.0345512115617656,0,0,150.17293233082708,725.5830081396662,GLRX2
antiporter activity (GO:0015297),GO_Molecular_Function_2021,1/20,0.019820311238232,0.0644160115242543,0,0,55.29362880886426,216.80897525048425,SLC35D2
copper ion binding (GO:0005507),GO_Molecular_Function_2021,1/45,0.044071254437806,0.1145852615382956,0,0,23.84688995215311,74.44873932423765,COA6
secondary active transmembrane transporter activity (GO:0015291),GO_Molecular_Function_2021,1/56,0.0545601179499192,0.1182135888914916,0,0,19.066985645933013,55.45541451142644,SLC35D2
organic anion transmembrane transporter activity (GO:0008514),GO_Molecular_Function_2021,1/144,0.1346224767664678,0.2500131711377259,0,0,7.301067353698933,14.640690814421308,SLC35D2
cytokine activity (GO:0005125),GO_Molecular_Function_2021,1/173,0.1595644862447425,0.2592922901477066,0,0,6.061199510403917,11.124162714106951,FAM3C
GTPase regulator activity (GO:0030695),GO_Molecular_Function_2021,1/233,0.209017444281756,0.3019140861847587,0,0,4.480036297640654,7.012769109428109,ARHGAP10
receptor ligand activity (GO:0048018),GO_Molecular_Function_2021,1/307,0.2662068921600892,0.3398070685859297,0,0,3.3839009287925697,4.478530217691708,FAM3C
GTPase activator activity (GO:0005096),GO_Molecular_Function_2021,1/336,0.2875290580342482,0.3398070685859297,0,0,3.086410054988217,3.846998258988292,ARHGAP10
transition metal ion binding (GO:0046914),GO_Molecular_Function_2021,1/445,0.3625253465492457,0.3927357920950161,0,0,2.3157894736842106,2.349740998270119,COA6
RNA binding (GO:0003723),GO_Molecular_Function_2021,1/1406,0.7674339625557987,0.7674339625557987,0,0,0.6958231878628957,0.1841863777888555,COA6
