Term,Gene_set,Overlap,P-value,Adjusted P-value,Old P-value,Old Adjusted P-value,Odds Ratio,Combined Score,Genes
mitochondrial translational elongation (GO:0070125),GO_Biological_Process_2021,1/89,0.1292161299361437,0.1506645884907166,0,0,7.530681818181818,15.409799629222077,MRPL46
mitochondrial translational termination (GO:0070126),GO_Biological_Process_2021,1/89,0.1292161299361437,0.1506645884907166,0,0,7.530681818181818,15.409799629222077,MRPL46
translational termination (GO:0006415),GO_Biological_Process_2021,1/96,0.1386635571508699,0.1506645884907166,0,0,6.973333333333334,13.77724766471137,MRPL46
translational elongation (GO:0006414),GO_Biological_Process_2021,1/104,0.1493391739901755,0.1506645884907166,0,0,6.429126213592233,12.225209957636702,MRPL46
mitochondrial translation (GO:0032543),GO_Biological_Process_2021,1/105,0.1506645884907166,0.1506645884907166,0,0,6.36698717948718,12.05079142079369,MRPL46
mitochondrial inner membrane (GO:0005743),GO_Cellular_Component_2021,1/328,0.401304460953149,0.5210535796768087,0,0,2.002242609582059,1.828117351815027,MRPL46
organelle inner membrane (GO:0019866),GO_Cellular_Component_2021,1/346,0.4180681208390666,0.5210535796768087,0,0,1.896038647342995,1.653555954523367,MRPL46
mitochondrial membrane (GO:0031966),GO_Cellular_Component_2021,1/469,0.5210535796768087,0.5210535796768087,0,0,1.388960113960114,0.9054664351919872,MRPL46
