Term,Gene_set,Overlap,P-value,Adjusted P-value,Old P-value,Old Adjusted P-value,Odds Ratio,Combined Score,Genes
regulation of Ras protein signal transduction (GO:0046578),GO_Biological_Process_2021,2/86,0.0016081357833763,0.0493583650737054,0,0,39.48809523809524,254.01426742111903,KBTBD6;RASGEF1A
membrane repolarization during ventricular cardiac muscle cell action potential (GO:0098915),GO_Biological_Process_2021,1/5,0.0034953988931204,0.0493583650737054,0,0,384.2692307692308,2173.5450385769154,KCNE1
negative regulation of protein targeting to membrane (GO:0090315),GO_Biological_Process_2021,1/6,0.0041931197986946,0.0493583650737054,0,0,307.4,1682.8029678019434,KCNE1
ventricular cardiac muscle cell membrane repolarization (GO:0099625),GO_Biological_Process_2021,1/8,0.0055872022837974,0.0493583650737054,0,0,219.5494505494505,1138.8637280375192,KCNE1
negative regulation of delayed rectifier potassium channel activity (GO:1902260),GO_Biological_Process_2021,1/10,0.0069794736802133,0.0493583650737054,0,0,170.74358974358975,847.7046615380154,KCNE1
negative regulation of voltage-gated potassium channel activity (GO:1903817),GO_Biological_Process_2021,1/11,0.0076749307875411,0.0493583650737054,0,0,153.66153846153847,748.3003458854362,KCNE1
cardiac muscle cell membrane repolarization (GO:0099622),GO_Biological_Process_2021,1/11,0.0076749307875411,0.0493583650737054,0,0,153.66153846153847,748.3003458854362,KCNE1
antifungal innate immune response (GO:0061760),GO_Biological_Process_2021,1/13,0.0090644890278939,0.0493583650737054,0,0,128.03846153846155,602.2149225510485,CLEC4E
positive regulation of cellular response to insulin stimulus (GO:1900078),GO_Biological_Process_2021,1/14,0.009758590659951,0.0493583650737054,0,0,118.18343195266272,547.1428779573204,ECHDC3
membrane repolarization during action potential (GO:0086011),GO_Biological_Process_2021,1/14,0.009758590659951,0.0493583650737054,0,0,118.18343195266272,547.1428779573204,KCNE1
potassium ion export across plasma membrane (GO:0097623),GO_Biological_Process_2021,1/14,0.009758590659951,0.0493583650737054,0,0,118.18343195266272,547.1428779573204,KCNE1
membrane repolarization during cardiac muscle cell action potential (GO:0086013),GO_Biological_Process_2021,1/15,0.0104522409709381,0.0493583650737054,0,0,109.73626373626374,500.5003914455875,KCNE1
regulation of Rac protein signal transduction (GO:0035020),GO_Biological_Process_2021,1/16,0.011145440218903,0.0493583650737054,0,0,102.4153846153846,460.53380130419424,KBTBD6
membrane repolarization (GO:0086009),GO_Biological_Process_2021,1/16,0.011145440218903,0.0493583650737054,0,0,102.4153846153846,460.53380130419424,KCNE1
regulation of delayed rectifier potassium channel activity (GO:1902259),GO_Biological_Process_2021,1/18,0.0125304865571366,0.0493583650737054,0,0,90.3574660633484,395.7287161899813,KCNE1
ventricular cardiac muscle cell action potential (GO:0086005),GO_Biological_Process_2021,1/18,0.0125304865571366,0.0493583650737054,0,0,90.3574660633484,395.7287161899813,KCNE1
regulation of ventricular cardiac muscle cell membrane repolarization (GO:0060307),GO_Biological_Process_2021,1/18,0.0125304865571366,0.0493583650737054,0,0,90.3574660633484,395.7287161899813,KCNE1
cardiac muscle cell contraction (GO:0086003),GO_Biological_Process_2021,1/19,0.013222334171232,0.0493583650737054,0,0,85.33333333333333,369.13902050225767,KCNE1
regulation of cardiac muscle cell membrane repolarization (GO:0099623),GO_Biological_Process_2021,1/22,0.0152951779293368,0.0493583650737054,0,0,73.13186813186813,305.7071272789262,KCNE1
negative regulation of intracellular protein transport (GO:0090317),GO_Biological_Process_2021,1/23,0.015985227036696,0.0493583650737054,0,0,69.8041958041958,288.7164567086745,KCNE1
defense response to fungus (GO:0050832),GO_Biological_Process_2021,1/24,0.0166748271779813,0.0493583650737054,0,0,66.76588628762542,273.3298608380045,CLEC4E
regulation of potassium ion transmembrane transporter activity (GO:1901016),GO_Biological_Process_2021,1/26,0.0180526816175866,0.0493583650737054,0,0,61.418461538461536,246.562020931719,KCNE1
negative regulation of protein localization to membrane (GO:1905476),GO_Biological_Process_2021,1/26,0.0180526816175866,0.0493583650737054,0,0,61.418461538461536,246.562020931719,KCNE1
regulation of protein targeting to membrane (GO:0090313),GO_Biological_Process_2021,1/29,0.020116102664845,0.0493583650737054,0,0,54.82967032967033,214.17755847607225,KCNE1
regulation of cation transmembrane transport (GO:1904062),GO_Biological_Process_2021,1/30,0.02080301457834,0.0493583650737054,0,0,52.93633952254642,205.00430545239047,KCNE1
positive regulation of small GTPase mediated signal transduction (GO:0051057),GO_Biological_Process_2021,1/30,0.02080301457834,0.0493583650737054,0,0,52.93633952254642,205.00430545239047,RASGEF1A
cardiac muscle cell action potential (GO:0086001),GO_Biological_Process_2021,1/30,0.02080301457834,0.0493583650737054,0,0,52.93633952254642,205.00430545239047,KCNE1
regulation of potassium ion transport (GO:0043266),GO_Biological_Process_2021,1/31,0.0214894793855565,0.0493583650737054,0,0,51.16923076923077,196.4996601316088,KCNE1
cardiac muscle cell action potential involved in contraction (GO:0086002),GO_Biological_Process_2021,1/31,0.0214894793855565,0.0493583650737054,0,0,51.16923076923077,196.4996601316088,KCNE1
cellular response to cAMP (GO:0071320),GO_Biological_Process_2021,1/31,0.0214894793855565,0.0493583650737054,0,0,51.16923076923077,196.4996601316088,KCNE1
metal ion export (GO:0070839),GO_Biological_Process_2021,1/32,0.0221754973519546,0.0493583650737054,0,0,49.516129032258064,188.59541419671356,KCNE1
response to cAMP (GO:0051591),GO_Biological_Process_2021,1/38,0.0262822363843274,0.0547233599983273,0,0,41.47401247401248,150.91820759135345,KCNE1
positive regulation of potassium ion transport (GO:0043268),GO_Biological_Process_2021,1/38,0.0262822363843274,0.0547233599983273,0,0,41.47401247401248,150.91820759135345,KCNE1
regulation of heart rate by cardiac conduction (GO:0086091),GO_Biological_Process_2021,1/39,0.0269651339122192,0.0547233599983273,0,0,40.38056680161943,145.90349135778567,KCNE1
positive regulation of cation transmembrane transport (GO:1904064),GO_Biological_Process_2021,1/41,0.0283295950973344,0.0558497731918879,0,0,38.35769230769231,136.70099489654157,KCNE1
positive regulation of potassium ion transmembrane transport (GO:1901381),GO_Biological_Process_2021,1/44,0.0303729561855169,0.0576204102334016,0,0,35.67620751341681,124.65989939397582,KCNE1
action potential (GO:0001508),GO_Biological_Process_2021,1/45,0.031053189424305,0.0576204102334016,0,0,34.86363636363637,121.04841961551216,KCNE1
positive regulation of response to stimulus (GO:0048584),GO_Biological_Process_2021,1/46,0.0317329795488298,0.0576204102334016,0,0,34.08717948717949,117.61436233167085,ECHDC3
regulation of potassium ion transmembrane transport (GO:1901379),GO_Biological_Process_2021,1/54,0.0371553801227102,0.0657364417555642,0,0,28.93033381712627,95.25736807729456,KCNE1
protein K48-linked ubiquitination (GO:0070936),GO_Biological_Process_2021,1/57,0.0391815009686787,0.0675880891709708,0,0,27.376373626373628,88.68714644738452,KBTBD6
pattern recognition receptor signaling pathway (GO:0002221),GO_Biological_Process_2021,1/61,0.041876837511306,0.0704756533726857,0,0,25.54615384615385,81.05851861588675,CLEC4E
positive regulation of Ras protein signal transduction (GO:0046579),GO_Biological_Process_2021,1/63,0.0432218714274676,0.0710073602022683,0,0,24.719602977667492,77.65437409472437,RASGEF1A
epidermis development (GO:0008544),GO_Biological_Process_2021,1/83,0.0565761190901678,0.0907849352842228,0,0,18.67166979362101,53.62817822019501,CALML5
sensory perception of mechanical stimulus (GO:0050954),GO_Biological_Process_2021,1/88,0.0598875296892885,0.0928037883437476,0,0,17.594164456233422,49.53262213559414,KCNE1
regulation of cation channel activity (GO:2001257),GO_Biological_Process_2021,1/89,0.0605485153373022,0.0928037883437476,0,0,17.393356643356643,48.77636968918565,KCNE1
sensory perception of sound (GO:0007605),GO_Biological_Process_2021,1/91,0.061869192229165,0.0928037883437476,0,0,17.005128205128205,47.32073015810725,KCNE1
cellular response to organonitrogen compound (GO:0071417),GO_Biological_Process_2021,1/103,0.0697571195660954,0.1024093882991613,0,0,14.995475113122172,39.92898828462372,KCNE1
cellular response to lectin (GO:1990858),GO_Biological_Process_2021,1/115,0.0775834254712298,0.1092501297452012,0,0,13.408906882591094,34.278549183883314,CLEC4E
stimulatory C-type lectin receptor signaling pathway (GO:0002223),GO_Biological_Process_2021,1/115,0.0775834254712298,0.1092501297452012,0,0,13.408906882591094,34.278549183883314,CLEC4E
innate immune response activating cell surface receptor signaling pathway (GO:0002220),GO_Biological_Process_2021,1/119,0.0801785773482284,0.1106464367405551,0,0,12.951760104302478,32.683752572491365,CLEC4E
potassium ion transport (GO:0006813),GO_Biological_Process_2021,1/122,0.0821204903035201,0.110682612427934,0,0,12.628734901462174,31.56637805709565,KCNE1
fatty acid metabolic process (GO:0006631),GO_Biological_Process_2021,1/124,0.0834129832790227,0.110682612427934,0,0,12.422138836772984,30.855987998406988,ECHDC3
potassium ion transmembrane transport (GO:0071805),GO_Biological_Process_2021,1/139,0.0930529477800092,0.1211444037135968,0,0,11.063545150501673,26.271346249500876,KCNE1
monocarboxylic acid metabolic process (GO:0032787),GO_Biological_Process_2021,1/143,0.0956076580490527,0.1221653408404563,0,0,10.74972914409534,25.235014503062555,ECHDC3
cellular response to organic cyclic compound (GO:0071407),GO_Biological_Process_2021,1/150,0.100062328683337,0.1255327396209137,0,0,10.241094475993805,23.574610325457964,KCNE1
proteasomal protein catabolic process (GO:0010498),GO_Biological_Process_2021,1/205,0.1343609228267717,0.1655518513401294,0,0,7.459276018099548,14.972450123725842,KBTBD6
inorganic cation transmembrane transport (GO:0098662),GO_Biological_Process_2021,1/274,0.1756735889721505,0.2126575024399717,0,0,5.554522400676247,9.660023289440478,KCNE1
innate immune response (GO:0045087),GO_Biological_Process_2021,1/302,0.1919098036149151,0.2251085686642928,0,0,5.030667007411194,8.304271893564902,CLEC4E
MAPK cascade (GO:0000165),GO_Biological_Process_2021,1/303,0.1924841384230909,0.2251085686642928,0,0,5.013754457463067,8.261371422992246,RASGEF1A
protein polyubiquitination (GO:0000209),GO_Biological_Process_2021,1/314,0.1987768541598381,0.2269115508890614,0,0,4.834848857213075,7.8110484652232675,KBTBD6
proteasome-mediated ubiquitin-dependent protein catabolic process (GO:0043161),GO_Biological_Process_2021,1/321,0.2027575690853868,0.2269115508890614,0,0,4.727403846153846,7.543727526546419,KBTBD6
cellular response to oxygen-containing compound (GO:1901701),GO_Biological_Process_2021,1/323,0.2038915384800262,0.2269115508890614,0,0,4.697563306258958,7.469910622806578,KCNE1
post-translational protein modification (GO:0043687),GO_Biological_Process_2021,1/345,0.2162667437361519,0.2368635764729283,0,0,4.39221824686941,6.72555216459746,KBTBD6
ubiquitin-dependent protein catabolic process (GO:0006511),GO_Biological_Process_2021,1/354,0.2212776496354065,0.2385649660131727,0,0,4.278274133798213,6.453079312472533,KBTBD6
neutrophil degranulation (GO:0043312),GO_Biological_Process_2021,1/481,0.28888876236948,0.3011818502010195,0,0,3.1259615384615387,3.881548862420641,CALML5
neutrophil activation involved in immune response (GO:0002283),GO_Biological_Process_2021,1/485,0.2909268996869506,0.3011818502010195,0,0,3.099491417673236,3.826890128218145,CALML5
neutrophil mediated immunity (GO:0002446),GO_Biological_Process_2021,1/488,0.2924519414995407,0.3011818502010195,0,0,3.079924182593587,3.786627965311164,CALML5
positive regulation of cellular process (GO:0048522),GO_Biological_Process_2021,1/625,0.3589371423609813,0.3642156297486428,0,0,2.3868343195266277,2.445569530681768,ECHDC3
cellular protein modification process (GO:0006464),GO_Biological_Process_2021,1/1025,0.5213491128188285,0.5213491128188285,0,0,1.4244290865384617,0.927781059576935,KBTBD6
Cul3-RING ubiquitin ligase complex (GO:0031463),GO_Cellular_Component_2021,1/36,0.0249151061269709,0.197115803875954,0,0,43.848351648351645,161.9004351330391,KBTBD6
phagocytic vesicle membrane (GO:0030670),GO_Cellular_Component_2021,1/45,0.031053189424305,0.197115803875954,0,0,34.86363636363637,121.04841961551216,CLEC4E
voltage-gated potassium channel complex (GO:0008076),GO_Cellular_Component_2021,1/73,0.0499207817226997,0.197115803875954,0,0,21.275641025641026,63.76985958511893,KCNE1
potassium channel complex (GO:0034705),GO_Cellular_Component_2021,1/80,0.0545840774557414,0.197115803875954,0,0,19.383641674780915,56.36788314936266,KCNE1
phagocytic vesicle (GO:0045335),GO_Cellular_Component_2021,1/100,0.0677909321684321,0.197115803875954,0,0,15.452214452214452,41.58695944336839,CLEC4E
ficolin-1-rich granule lumen (GO:1904813),GO_Cellular_Component_2021,1/123,0.0827669482026598,0.197115803875954,0,0,12.524590163934429,31.207852882207167,CALML5
cullin-RING ubiquitin ligase complex (GO:0031461),GO_Cellular_Component_2021,1/157,0.1044966176709083,0.197115803875954,0,0,9.77810650887574,22.084836982249676,KBTBD6
endocytic vesicle membrane (GO:0030666),GO_Cellular_Component_2021,1/158,0.1051284287338421,0.197115803875954,0,0,9.71533561979422,21.884498286895397,CLEC4E
ficolin-1-rich granule (GO:0101002),GO_Cellular_Component_2021,1/184,0.1214109519607804,0.2023515866013007,0,0,8.324085750315259,17.55195237329604,CALML5
lytic vacuole (GO:0000323),GO_Cellular_Component_2021,1/219,0.1428955260651126,0.2143432890976689,0,0,6.9752999294283695,13.57143303639385,KCNE1
integral component of plasma membrane (GO:0005887),GO_Cellular_Component_2021,2/1454,0.270861425122137,0.3585564828375806,0,0,2.12741046831956,2.778712790725618,KCNE1;CEACAM4
lysosome (GO:0005764),GO_Cellular_Component_2021,1/477,0.2868451862700645,0.3585564828375806,0,0,3.1528765352294763,3.9373520362090826,KCNE1
intracellular organelle lumen (GO:0070013),GO_Cellular_Component_2021,1/848,0.4548815453419982,0.5248633215484594,0,0,1.7381709199891018,1.3691889271940427,CALML5
nucleus (GO:0005634),GO_Cellular_Component_2021,1/4484,0.971427334909294,0.9851444239606552,0,0,0.2660134868477496,0.007711414364237,KBTBD6
intracellular membrane-bounded organelle (GO:0043231),GO_Cellular_Component_2021,1/5192,0.9851444239606552,0.9851444239606552,0,0,0.2192404012862498,0.0032813766214077,KBTBD6
telethonin binding (GO:0031433),GO_Molecular_Function_2021,1/7,0.0048903875335643,0.0365828433982833,0,0,256.15384615384613,1362.8623704331803,KCNE1
enoyl-CoA hydratase activity (GO:0004300),GO_Molecular_Function_2021,1/10,0.0069794736802133,0.0365828433982833,0,0,170.74358974358975,847.7046615380154,ECHDC3
voltage-gated potassium channel activity involved in ventricular cardiac muscle cell action potential repolarization (GO:1902282),GO_Molecular_Function_2021,1/12,0.0083699358209422,0.0365828433982833,0,0,139.6853146853147,668.1300945358273,KCNE1
voltage-gated potassium channel activity involved in cardiac muscle cell action potential repolarization (GO:0086008),GO_Molecular_Function_2021,1/15,0.0104522409709381,0.0365828433982833,0,0,109.73626373626374,500.5003914455875,KCNE1
delayed rectifier potassium channel activity (GO:0005251),GO_Molecular_Function_2021,1/33,0.022861068741375,0.0558345255801267,0,0,47.96634615384615,181.23219876999116,KCNE1
calcium ion binding (GO:0005509),GO_Molecular_Function_2021,2/348,0.0239290823914828,0.0558345255801267,0,0,9.460500963391135,35.31284036904171,CALML5;CLEC4E
potassium channel regulator activity (GO:0015459),GO_Molecular_Function_2021,1/50,0.0344477141698711,0.0662045897076566,0,0,31.298273155416013,105.4223689491126,KCNE1
hydro-lyase activity (GO:0016836),GO_Molecular_Function_2021,1/55,0.0378311941186609,0.0662045897076566,0,0,28.39316239316239,92.97685364985718,ECHDC3
metal ion binding (GO:0046872),GO_Molecular_Function_2021,2/517,0.049428536373763,0.0767910342138063,0,0,6.301294498381877,18.94942523269649,CALML5;CLEC4E
voltage-gated potassium channel activity (GO:0005249),GO_Molecular_Function_2021,1/82,0.0559125386720864,0.0767910342138063,0,0,18.903133903133902,54.51600716299186,KCNE1
potassium channel activity (GO:0005267),GO_Molecular_Function_2021,1/91,0.061869192229165,0.0767910342138063,0,0,17.005128205128205,47.32073015810725,KCNE1
voltage-gated cation channel activity (GO:0022843),GO_Molecular_Function_2021,1/97,0.0658208864689768,0.0767910342138063,0,0,15.9375,43.36303795043664,KCNE1
guanyl-nucleotide exchange factor activity (GO:0005085),GO_Molecular_Function_2021,1/149,0.0994271970296019,0.1070754429549559,0,0,10.31081081081081,23.800749699495004,RASGEF1A
GTPase activator activity (GO:0005096),GO_Molecular_Function_2021,1/336,0.2112259106700763,0.2112259106700763,0,0,4.512284730195178,7.0158223629299545,RASGEF1A
