Term,Gene_set,Overlap,P-value,Adjusted P-value,Old P-value,Old Adjusted P-value,Odds Ratio,Combined Score,Genes
positive regulation of cardiac muscle contraction (GO:0060452),GO_Biological_Process_2021,1/5,0.0089684554827598,0.1285072229294618,0,0,142.57142857142858,672.0876744444516,NPPA
mitochondrial proton-transporting ATP synthase complex assembly (GO:0033615),GO_Biological_Process_2021,1/6,0.010752747305294,0.1285072229294618,0,0,114.05142857142856,516.9488201244333,TMEM70
proton-transporting ATP synthase complex assembly (GO:0043461),GO_Biological_Process_2021,1/7,0.0125339166174689,0.1285072229294618,0,0,95.03809523809524,416.20194419543344,TMEM70
regulation of potassium ion export across plasma membrane (GO:1903764),GO_Biological_Process_2021,1/7,0.0125339166174689,0.1285072229294618,0,0,95.03809523809524,416.20194419543344,NPPA
regulation of atrial cardiac muscle cell membrane repolarization (GO:0060372),GO_Biological_Process_2021,1/7,0.0125339166174689,0.1285072229294618,0,0,95.03809523809524,416.20194419543344,NPPA
positive regulation of striated muscle contraction (GO:0045989),GO_Biological_Process_2021,1/7,0.0125339166174689,0.1285072229294618,0,0,95.03809523809524,416.20194419543344,NPPA
negative regulation of T cell mediated cytotoxicity (GO:0001915),GO_Biological_Process_2021,1/8,0.0143119685548053,0.1285072229294618,0,0,81.45714285714286,345.92071940977723,KLRC1
somatic hypermutation of immunoglobulin genes (GO:0016446),GO_Biological_Process_2021,1/8,0.0143119685548053,0.1285072229294618,0,0,81.45714285714286,345.92071940977723,POLQ
negative regulation of mitochondrial fusion (GO:0010637),GO_Biological_Process_2021,1/8,0.0143119685548053,0.1285072229294618,0,0,81.45714285714286,345.92071940977723,ADCK1
immune response-inhibiting cell surface receptor signaling pathway (GO:0002767),GO_Biological_Process_2021,1/8,0.0143119685548053,0.1285072229294618,0,0,81.45714285714286,345.92071940977723,KLRC1
negative regulation of systemic arterial blood pressure (GO:0003085),GO_Biological_Process_2021,1/9,0.0160869082852461,0.1285072229294618,0,0,71.27142857142857,294.3331456349383,NPPA
positive regulation of myoblast fusion (GO:1901741),GO_Biological_Process_2021,1/10,0.0178587410119325,0.1285072229294618,0,0,63.34920634920635,254.99716559529236,SCGB3A1
regulation of high voltage-gated calcium channel activity (GO:1901841),GO_Biological_Process_2021,1/10,0.0178587410119325,0.1285072229294618,0,0,63.34920634920635,254.99716559529236,NPPA
receptor guanylyl cyclase signaling pathway (GO:0007168),GO_Biological_Process_2021,1/10,0.0178587410119325,0.1285072229294618,0,0,63.34920634920635,254.99716559529236,NPPA
cGMP biosynthetic process (GO:0006182),GO_Biological_Process_2021,1/10,0.0178587410119325,0.1285072229294618,0,0,63.34920634920635,254.99716559529236,NPPA
regulation of mitochondrial fusion (GO:0010635),GO_Biological_Process_2021,1/11,0.0196274719399136,0.1285072229294618,0,0,57.011428571428574,224.10195239289595,ADCK1
positive regulation of voltage-gated potassium channel activity (GO:1903818),GO_Biological_Process_2021,1/11,0.0196274719399136,0.1285072229294618,0,0,57.011428571428574,224.10195239289595,NPPA
negative regulation of natural killer cell mediated immunity (GO:0002716),GO_Biological_Process_2021,1/11,0.0196274719399136,0.1285072229294618,0,0,57.011428571428574,224.10195239289595,KLRC1
regulation of calcium ion transmembrane transport via high voltage-gated calcium channel (GO:1902514),GO_Biological_Process_2021,1/11,0.0196274719399136,0.1285072229294618,0,0,57.011428571428574,224.10195239289595,NPPA
negative regulation of JUN kinase activity (GO:0043508),GO_Biological_Process_2021,1/12,0.0213931062881188,0.1285072229294618,0,0,51.82597402597403,199.25462501506232,NPPA
regulation of myoblast fusion (GO:1901739),GO_Biological_Process_2021,1/12,0.0213931062881188,0.1285072229294618,0,0,51.82597402597403,199.25462501506232,SCGB3A1
cGMP metabolic process (GO:0046068),GO_Biological_Process_2021,1/12,0.0213931062881188,0.1285072229294618,0,0,51.82597402597403,199.25462501506232,NPPA
intracellular sterol transport (GO:0032366),GO_Biological_Process_2021,1/13,0.0231556492787795,0.1285072229294618,0,0,47.50476190476191,178.87996472866277,SERAC1
negative regulation of T cell mediated immunity (GO:0002710),GO_Biological_Process_2021,1/14,0.0249151061269709,0.1285072229294618,0,0,43.848351648351645,161.9004351330391,KLRC1
cGMP-mediated signaling (GO:0019934),GO_Biological_Process_2021,1/14,0.0249151061269709,0.1285072229294618,0,0,43.848351648351645,161.9004351330391,NPPA
positive regulation of T cell chemotaxis (GO:0010820),GO_Biological_Process_2021,1/14,0.0249151061269709,0.1285072229294618,0,0,43.848351648351645,161.9004351330391,XCL2
negative regulation of blood pressure (GO:0045776),GO_Biological_Process_2021,1/15,0.0266714820499685,0.1285072229294618,0,0,40.71428571428572,147.55510087647235,NPPA
negative regulation of leukocyte mediated cytotoxicity (GO:0001911),GO_Biological_Process_2021,1/15,0.0266714820499685,0.1285072229294618,0,0,40.71428571428572,147.55510087647235,KLRC1
response to muscle stretch (GO:0035994),GO_Biological_Process_2021,1/15,0.0266714820499685,0.1285072229294618,0,0,40.71428571428572,147.55510087647235,NPPA
regulation of T cell chemotaxis (GO:0010819),GO_Biological_Process_2021,1/15,0.0266714820499685,0.1285072229294618,0,0,40.71428571428572,147.55510087647235,XCL2
intracellular cholesterol transport (GO:0032367),GO_Biological_Process_2021,1/15,0.0266714820499685,0.1285072229294618,0,0,40.71428571428572,147.55510087647235,SERAC1
negative regulation of natural killer cell mediated cytotoxicity (GO:0045953),GO_Biological_Process_2021,1/16,0.0284247822669753,0.1285072229294618,0,0,37.99809523809524,135.29198627979454,KLRC1
regulation of systemic arterial blood pressure (GO:0003073),GO_Biological_Process_2021,1/16,0.0284247822669753,0.1285072229294618,0,0,37.99809523809524,135.29198627979454,NPPA
positive regulation of syncytium formation by plasma membrane fusion (GO:0060143),GO_Biological_Process_2021,1/16,0.0284247822669753,0.1285072229294618,0,0,37.99809523809524,135.29198627979454,SCGB3A1
positive regulation of heart rate (GO:0010460),GO_Biological_Process_2021,1/17,0.030175011976485,0.1285072229294618,0,0,35.621428571428574,124.70139957851625,NPPA
regulation of delayed rectifier potassium channel activity (GO:1902259),GO_Biological_Process_2021,1/18,0.0319221763964905,0.1285072229294618,0,0,33.52436974789916,115.4731604004656,NPPA
negative regulation of double-strand break repair via homologous recombination (GO:2000042),GO_Biological_Process_2021,1/18,0.0319221763964905,0.1285072229294618,0,0,33.52436974789916,115.4731604004656,POLQ
phosphatidylglycerol acyl-chain remodeling (GO:0036148),GO_Biological_Process_2021,1/18,0.0319221763964905,0.1285072229294618,0,0,33.52436974789916,115.4731604004656,SERAC1
positive regulation of lymphocyte chemotaxis (GO:0140131),GO_Biological_Process_2021,1/18,0.0319221763964905,0.1285072229294618,0,0,33.52436974789916,115.4731604004656,XCL2
positive regulation of heart contraction (GO:0045823),GO_Biological_Process_2021,1/20,0.0354073301248565,0.1356620321948109,0,0,29.99248120300752,100.19997336732251,NPPA
cyclic purine nucleotide metabolic process (GO:0052652),GO_Biological_Process_2021,1/21,0.0371453298127004,0.1356620321948109,0,0,28.49142857142857,93.81991597487811,NPPA
regulation of cardiac muscle cell membrane repolarization (GO:0099623),GO_Biological_Process_2021,1/22,0.0388802849574893,0.1356620321948109,0,0,27.133333333333333,88.10920425980879,NPPA
regulation of voltage-gated calcium channel activity (GO:1901385),GO_Biological_Process_2021,1/22,0.0388802849574893,0.1356620321948109,0,0,27.133333333333333,88.10920425980879,NPPA
mitochondrion organization (GO:0007005),GO_Biological_Process_2021,2/175,0.0394881930099922,0.1356620321948109,0,0,6.729343760625637,21.747580674362865,ADCK1;TMEM70
peptidyl-L-cysteine S-palmitoylation (GO:0018230),GO_Biological_Process_2021,1/23,0.0406122007207395,0.1356620321948109,0,0,25.898701298701297,82.97132611919092,ZDHHC23
peptidyl-S-diacylglycerol-L-cysteine biosynthetic process from peptidyl-cysteine (GO:0018231),GO_Biological_Process_2021,1/23,0.0406122007207395,0.1356620321948109,0,0,25.898701298701297,82.97132611919092,ZDHHC23
regulation of calcium ion transmembrane transport (GO:1903169),GO_Biological_Process_2021,1/23,0.0406122007207395,0.1356620321948109,0,0,25.898701298701297,82.97132611919092,NPPA
cardiac conduction system development (GO:0003161),GO_Biological_Process_2021,1/25,0.044066934781374,0.1383701752135146,0,0,23.73809523809524,74.11141474490151,NPPA
phosphatidylglycerol metabolic process (GO:0046471),GO_Biological_Process_2021,1/25,0.044066934781374,0.1383701752135146,0,0,23.73809523809524,74.11141474490151,SERAC1
positive regulation of T cell migration (GO:2000406),GO_Biological_Process_2021,1/25,0.044066934781374,0.1383701752135146,0,0,23.73809523809524,74.11141474490151,XCL2
phagosome acidification (GO:0090383),GO_Biological_Process_2021,1/28,0.0492263693920855,0.1515399998932828,0,0,21.097354497354495,63.53100866506492,ATP6V0C
regulation of T cell mediated cytotoxicity (GO:0001914),GO_Biological_Process_2021,1/29,0.0509401570739593,0.1535335456776342,0,0,20.34285714285714,60.56279579598777,KLRC1
regulation of natural killer cell mediated cytotoxicity (GO:0042269),GO_Biological_Process_2021,1/30,0.0526509413652038,0.1535335456776342,0,0,19.64039408866995,57.82271782479102,KLRC1
protein palmitoylation (GO:0018345),GO_Biological_Process_2021,1/31,0.054358727363695,0.1535335456776342,0,0,18.984761904761903,55.2864763029152,ZDHHC23
aortic valve morphogenesis (GO:0003180),GO_Biological_Process_2021,1/32,0.0560635201791323,0.1535335456776342,0,0,18.37142857142857,52.93304493727771,NPPA
negative regulation of double-strand break repair (GO:2000780),GO_Biological_Process_2021,1/32,0.0560635201791323,0.1535335456776342,0,0,18.37142857142857,52.93304493727771,POLQ
negative regulation of JNK cascade (GO:0046329),GO_Biological_Process_2021,1/33,0.0577653249044559,0.1535335456776342,0,0,17.79642857142857,50.744142000677016,NPPA
negative regulation of mitochondrion organization (GO:0010823),GO_Biological_Process_2021,1/34,0.0594641466155627,0.1535335456776342,0,0,17.256277056277057,48.70380102145059,ADCK1
regulation of JUN kinase activity (GO:0043506),GO_Biological_Process_2021,1/35,0.0611599903995462,0.1535335456776342,0,0,16.747899159663866,46.798019121040575,NPPA
intracellular pH reduction (GO:0051452),GO_Biological_Process_2021,1/35,0.0611599903995462,0.1535335456776342,0,0,16.747899159663866,46.798019121040575,ATP6V0C
regulation of cardiac muscle contraction (GO:0055117),GO_Biological_Process_2021,1/36,0.062852861314362,0.1535335456776342,0,0,16.268571428571427,45.01446718516486,NPPA
aortic valve development (GO:0003176),GO_Biological_Process_2021,1/36,0.062852861314362,0.1535335456776342,0,0,16.268571428571427,45.01446718516486,NPPA
transferrin transport (GO:0033572),GO_Biological_Process_2021,1/36,0.062852861314362,0.1535335456776342,0,0,16.268571428571427,45.01446718516486,ATP6V0C
cyclic-nucleotide-mediated signaling (GO:0019935),GO_Biological_Process_2021,1/36,0.062852861314362,0.1535335456776342,0,0,16.268571428571427,45.01446718516486,NPPA
proton transmembrane transport (GO:1902600),GO_Biological_Process_2021,1/37,0.0645427644249927,0.1535335456776342,0,0,15.815873015873017,43.34224956187957,ATP6V0C
phagosome maturation (GO:0090382),GO_Biological_Process_2021,1/37,0.0645427644249927,0.1535335456776342,0,0,15.815873015873017,43.34224956187957,ATP6V0C
protein acylation (GO:0043543),GO_Biological_Process_2021,1/39,0.0679136874331451,0.1591410287612505,0,0,14.981954887218045,40.29423258768696,ZDHHC23
lymphocyte migration (GO:0072676),GO_Biological_Process_2021,1/40,0.0695947174016119,0.160681921059604,0,0,14.597069597069597,38.90216284428102,XCL2
monocyte chemotaxis (GO:0002548),GO_Biological_Process_2021,1/42,0.0729479394257499,0.1659829926064165,0,0,13.883623693379793,36.34745526394495,XCL2
positive regulation of potassium ion transmembrane transport (GO:1901381),GO_Biological_Process_2021,1/44,0.0762894109700786,0.168696303131019,0,0,13.23654485049834,34.06055692187746,NPPA
lymphocyte chemotaxis (GO:0048247),GO_Biological_Process_2021,1/44,0.0762894109700786,0.168696303131019,0,0,13.23654485049834,34.06055692187746,XCL2
regulation of double-strand break repair via homologous recombination (GO:0010569),GO_Biological_Process_2021,1/46,0.0796191720205643,0.173614027878175,0,0,12.646984126984126,32.00319789387239,POLQ
base-excision repair (GO:0006284),GO_Biological_Process_2021,1/48,0.0829372624429636,0.1736153360472706,0,0,12.10759878419453,30.143935528683446,POLQ
negative regulation of MAP kinase activity (GO:0043407),GO_Biological_Process_2021,1/48,0.0829372624429636,0.1736153360472706,0,0,12.10759878419453,30.143935528683446,NPPA
purine ribonucleotide biosynthetic process (GO:0009152),GO_Biological_Process_2021,1/48,0.0829372624429636,0.1736153360472706,0,0,12.10759878419453,30.143935528683446,NPPA
iron ion transport (GO:0006826),GO_Biological_Process_2021,1/50,0.0862437219743075,0.1769120332969842,0,0,11.612244897959185,28.456712045041098,ATP6V0C
blood circulation (GO:0008015),GO_Biological_Process_2021,1/51,0.0878926025297119,0.1769120332969842,0,0,11.379428571428573,27.67066954509134,XCL2
cholesterol transport (GO:0030301),GO_Biological_Process_2021,1/51,0.0878926025297119,0.1769120332969842,0,0,11.379428571428573,27.67066954509134,SERAC1
cardiac muscle tissue development (GO:0048738),GO_Biological_Process_2021,1/53,0.0911816899061871,0.1812091812059667,0,0,10.94065934065934,26.201797862420797,NPPA
regulation of cardiac conduction (GO:1903779),GO_Biological_Process_2021,1/55,0.0944592451377727,0.185376268582879,0,0,10.534391534391537,24.856811272616437,NPPA
chemokine-mediated signaling pathway (GO:0070098),GO_Biological_Process_2021,1/56,0.0960937104691178,0.1862557104154506,0,0,10.342337662337664,24.226216623281367,XCL2
negative regulation of DNA recombination (GO:0045910),GO_Biological_Process_2021,1/57,0.0977253074956695,0.1871082106929281,0,0,10.157142857142857,23.62139780665354,POLQ
positive regulation of mitochondrion organization (GO:0010822),GO_Biological_Process_2021,1/58,0.099354041079923,0.1879347524041918,0,0,9.97844611528822,23.04088702173356,ADCK1
cellular response to chemokine (GO:1990869),GO_Biological_Process_2021,1/60,0.1026029374863953,0.191709360422237,0,0,9.639225181598064,21.947443048733657,XCL2
protein lipidation (GO:0006497),GO_Biological_Process_2021,1/61,0.1042231100382731,0.191709360422237,0,0,9.478095238095236,21.43207167800956,ZDHHC23
double-strand break repair via nonhomologous end joining (GO:0006303),GO_Biological_Process_2021,1/62,0.1058404386403344,0.191709360422237,0,0,9.322248243559718,20.93611592627792,POLQ
amyloid fibril formation (GO:1990000),GO_Biological_Process_2021,1/63,0.107454928134757,0.191709360422237,0,0,9.17142857142857,20.45855706834833,NPPA
neuropeptide signaling pathway (GO:0007218),GO_Biological_Process_2021,1/63,0.107454928134757,0.191709360422237,0,0,9.17142857142857,20.45855706834833,NPPA
lipid homeostasis (GO:0055088),GO_Biological_Process_2021,1/64,0.1090665833435488,0.1923983548869344,0,0,9.025396825396824,19.998444744570275,ADCK1
chemical homeostasis (GO:0048878),GO_Biological_Process_2021,1/65,0.1106754091532752,0.1930671026340468,0,0,8.883928571428571,19.554891388067777,ADCK1
establishment of protein localization to membrane (GO:0090150),GO_Biological_Process_2021,1/70,0.1186772652687786,0.20252533312172,0,0,8.238095238095237,17.55824391062889,ZDHHC23
neutrophil chemotaxis (GO:0030593),GO_Biological_Process_2021,1/70,0.1186772652687786,0.20252533312172,0,0,8.238095238095237,17.55824391062889,XCL2
granulocyte chemotaxis (GO:0071621),GO_Biological_Process_2021,1/73,0.1234447333482338,0.2061789695284331,0,0,7.893650793650794,16.51321534130612,XCL2
insulin receptor signaling pathway (GO:0008286),GO_Biological_Process_2021,1/73,0.1234447333482338,0.2061789695284331,0,0,7.893650793650794,16.51321534130612,ATP6V0C
cellular response to amino acid starvation (GO:0034198),GO_Biological_Process_2021,1/74,0.1250283104430781,0.206625734100666,0,0,7.785127201565558,16.186953906631256,ATP6V0C
response to amino acid starvation (GO:1990928),GO_Biological_Process_2021,1/75,0.1266091059966891,0.207058642098752,0,0,7.67953667953668,15.870920964553154,ATP6V0C
negative regulation of developmental process (GO:0051093),GO_Biological_Process_2021,1/77,0.1297623714775434,0.2078846155303501,0,0,7.476691729323308,15.267781433043083,ADCK1
neutrophil migration (GO:1990266),GO_Biological_Process_2021,1/77,0.1297623714775434,0.2078846155303501,0,0,7.476691729323308,15.267781433043083,XCL2
recombinational repair (GO:0000725),GO_Biological_Process_2021,1/79,0.1329045676439076,0.2107678496979141,0,0,7.284249084249084,14.700517496991845,POLQ
response to interferon-gamma (GO:0034341),GO_Biological_Process_2021,1/80,0.1344715265625475,0.2111202967031997,0,0,7.191681735985534,14.42941037733673,XCL2
response to interleukin-1 (GO:0070555),GO_Biological_Process_2021,1/86,0.1438156274160286,0.2235549851912524,0,0,6.6820168067226895,12.957921780117758,XCL2
protein targeting to membrane (GO:0006612),GO_Biological_Process_2021,1/87,0.145363412482719,0.223745644703793,0,0,6.603986710963455,12.735909747369943,ZDHHC23
mitochondrial translational elongation (GO:0070125),GO_Biological_Process_2021,1/89,0.1484508259039028,0.2241036506433917,0,0,6.453246753246753,12.309577953790106,MRPL21
mitochondrial translational termination (GO:0070126),GO_Biological_Process_2021,1/89,0.1484508259039028,0.2241036506433917,0,0,6.453246753246753,12.309577953790106,MRPL21
protein complex oligomerization (GO:0051259),GO_Biological_Process_2021,1/90,0.1499904635419038,0.2242714550102752,0,0,6.380417335473515,12.10482289581807,POLQ
regulation of heart contraction (GO:0008016),GO_Biological_Process_2021,1/93,0.154593155734625,0.2289728816069446,0,0,6.171428571428572,11.521800501573535,NPPA
translational termination (GO:0006415),GO_Biological_Process_2021,1/96,0.1591716136285312,0.2335508723334524,0,0,5.975639097744361,10.981864174896383,MRPL21
double-strand break repair via homologous recombination (GO:0000724),GO_Biological_Process_2021,1/97,0.1606924023205751,0.2335991404104657,0,0,5.913095238095238,10.810694930482056,POLQ
translational elongation (GO:0006414),GO_Biological_Process_2021,1/104,0.1712632967771624,0.2465796587182739,0,0,5.509292649098474,9.721439750246084,MRPL21
mitochondrial translation (GO:0032543),GO_Biological_Process_2021,1/105,0.1727628182102556,0.2465796587182739,0,0,5.456043956043956,9.579916312265498,MRPL21
response to tumor necrosis factor (GO:0034612),GO_Biological_Process_2021,1/110,0.1802209453309864,0.254514861887272,0,0,5.204456094364351,8.918208712384002,XCL2
regulation of Wnt signaling pathway (GO:0030111),GO_Biological_Process_2021,1/111,0.1817047062169308,0.254514861887272,0,0,5.156883116883117,8.794406152444553,ATP6V0C
regulation of macroautophagy (GO:0016241),GO_Biological_Process_2021,1/112,0.1831858560080366,0.254514861887272,0,0,5.11016731016731,8.67325208629207,ATP6V0C
cellular response to interferon-gamma (GO:0071346),GO_Biological_Process_2021,1/121,0.1963994402729814,0.2681279315031137,0,0,4.7247619047619045,7.690044838487323,XCL2
protein homooligomerization (GO:0051260),GO_Biological_Process_2021,1/121,0.1963994402729814,0.2681279315031137,0,0,4.7247619047619045,7.690044838487323,POLQ
protein targeting (GO:0006605),GO_Biological_Process_2021,1/125,0.2022052171834861,0.2709584199044635,0,0,4.571428571428571,7.307301351470821,ZDHHC23
negative regulation of cell growth (GO:0030308),GO_Biological_Process_2021,1/126,0.2036502773804248,0.2709584199044635,0,0,4.534628571428572,7.216186087437459,SCGB3A1
negative regulation of growth (GO:0045926),GO_Biological_Process_2021,1/126,0.2036502773804248,0.2709584199044635,0,0,4.534628571428572,7.216186087437459,SCGB3A1
cellular response to insulin stimulus (GO:0032869),GO_Biological_Process_2021,1/129,0.2079702060434281,0.2743808600741027,0,0,4.427678571428571,6.953051312628677,ATP6V0C
protein localization to plasma membrane (GO:0072659),GO_Biological_Process_2021,1/136,0.2179616266021728,0.2851664614711761,0,0,4.196613756613757,6.39327355113342,ZDHHC23
protein localization to cell periphery (GO:1990778),GO_Biological_Process_2021,1/140,0.2236158782781523,0.2854283974769912,0,0,4.07502569373073,6.103677512324173,ZDHHC23
transcription initiation from RNA polymerase II promoter (GO:0006367),GO_Biological_Process_2021,1/140,0.2236158782781523,0.2854283974769912,0,0,4.07502569373073,6.103677512324173,NPPA
enzyme linked receptor protein signaling pathway (GO:0007167),GO_Biological_Process_2021,1/140,0.2236158782781523,0.2854283974769912,0,0,4.07502569373073,6.103677512324173,NPPA
positive regulation of hydrolase activity (GO:0051345),GO_Biological_Process_2021,1/149,0.2361930094128245,0.2990508264339794,0,0,3.825482625482625,5.520576821497444,XCL2
positive regulation of Wnt signaling pathway (GO:0030177),GO_Biological_Process_2021,1/153,0.2417190524060647,0.3035991298220173,0,0,3.72406015037594,5.288087832831559,ATP6V0C
cellular response to interleukin-1 (GO:0071347),GO_Biological_Process_2021,1/155,0.2444674782169233,0.3046142387306108,0,0,3.675324675324675,5.177330608217989,XCL2
cellular response to starvation (GO:0009267),GO_Biological_Process_2021,1/158,0.2485719658698513,0.307289753083202,0,0,3.604549590536852,5.01761548152493,ATP6V0C
double-strand break repair (GO:0006302),GO_Biological_Process_2021,1/164,0.2567160069647113,0.3148782272926538,0,0,3.470815074496056,4.719561708074164,POLQ
"DNA-templated transcription, initiation (GO:0006352)",GO_Biological_Process_2021,1/168,0.2620976243970516,0.3189870312429233,0,0,3.3869974337040207,4.535319056842308,NPPA
positive regulation of ERK1 and ERK2 cascade (GO:0070374),GO_Biological_Process_2021,1/172,0.2674413518543891,0.3229868633933777,0,0,3.3071010860484544,4.361586743603692,XCL2
regulation of immune response (GO:0050776),GO_Biological_Process_2021,1/179,0.2767024808135297,0.3316205304406426,0,0,3.175922953451044,4.080465276244197,KLRC1
regulation of GTPase activity (GO:0043087),GO_Biological_Process_2021,1/189,0.2897354754914663,0.3446096185769712,0,0,3.005471124620061,3.723138334881813,XCL2
cellular response to tumor necrosis factor (GO:0071356),GO_Biological_Process_2021,1/194,0.296166066395674,0.3484994316813689,0,0,2.9268689859363435,3.5615164669648727,XCL2
protein localization to membrane (GO:0072657),GO_Biological_Process_2021,1/195,0.2974453748108498,0.3484994316813689,0,0,2.9116347569955816,3.530429016376983,ZDHHC23
positive regulation of GTPase activity (GO:0043547),GO_Biological_Process_2021,1/214,0.3213270703230478,0.3736914817831,0,0,2.649362843729041,3.0078104135873462,XCL2
regulation of cell growth (GO:0001558),GO_Biological_Process_2021,1/217,0.3250249866040169,0.375212668359049,0,0,2.6121693121693124,2.935694886787051,SCGB3A1
inflammatory response (GO:0006954),GO_Biological_Process_2021,1/230,0.3408241814574851,0.3891148293081619,0,0,2.462258265751716,2.650346559002033,XCL2
regulation of autophagy (GO:0010506),GO_Biological_Process_2021,1/231,0.3420244996466646,0.3891148293081619,0,0,2.4514285714285715,2.63007130040726,ATP6V0C
regulation of ERK1 and ERK2 cascade (GO:0070372),GO_Biological_Process_2021,1/238,0.350367428307324,0.3957387499586322,0,0,2.3781796262808923,2.494170295775054,XCL2
positive regulation of signal transduction (GO:0009967),GO_Biological_Process_2021,1/252,0.3667458672961938,0.411279294039303,0,0,2.243938531587934,2.2508636186673487,ATP6V0C
positive regulation of MAPK cascade (GO:0043410),GO_Biological_Process_2021,1/274,0.3916754247951572,0.433049589386195,0,0,2.0608058608058606,1.9316382179794087,XCL2
inorganic cation transmembrane transport (GO:0098662),GO_Biological_Process_2021,1/274,0.3916754247951572,0.433049589386195,0,0,2.0608058608058606,1.9316382179794087,ATP6V0C
DNA metabolic process (GO:0006259),GO_Biological_Process_2021,1/277,0.3950000941077931,0.4336714319924721,0,0,2.038095238095238,1.8931240478891596,POLQ
DNA repair (GO:0006281),GO_Biological_Process_2021,1/298,0.4177831443772276,0.4554996782446161,0,0,1.891967291967292,1.6512953818928695,POLQ
transcription by RNA polymerase II (GO:0006366),GO_Biological_Process_2021,1/320,0.4407560138311612,0.4772323735964986,0,0,1.7595163457232423,1.44150807088505,NPPA
cellular response to DNA damage stimulus (GO:0006974),GO_Biological_Process_2021,1/350,0.4706673250411206,0.5037212487328261,0,0,1.6058125255832991,1.2101463423378442,POLQ
supramolecular fiber organization (GO:0097435),GO_Biological_Process_2021,1/351,0.4716370927625823,0.5037212487328261,0,0,1.6011428571428572,1.2033316457302436,NPPA
protein transport (GO:0015031),GO_Biological_Process_2021,1/369,0.4888004014475035,0.518524750184176,0,0,1.5214285714285714,1.089040168674709,ATP6V0C
transmembrane receptor protein tyrosine kinase signaling pathway (GO:0007169),GO_Biological_Process_2021,1/404,0.5206354385155931,0.5485890191070343,0,0,1.3868131868131868,0.9051802010556392,ATP6V0C
organelle organization (GO:0006996),GO_Biological_Process_2021,1/420,0.5345384906980706,0.5594836202639806,0,0,1.3327650869416978,0.8347794627694345,ADCK1
neutrophil degranulation (GO:0043312),GO_Biological_Process_2021,1/481,0.5840360040987447,0.600858863416277,0,0,1.1597619047619048,0.6237114248838869,ATP6V0C
cellular response to cytokine stimulus (GO:0071345),GO_Biological_Process_2021,1/482,0.5848031878799329,0.600858863416277,0,0,1.1572913572913572,0.6208635740013795,XCL2
neutrophil activation involved in immune response (GO:0002283),GO_Biological_Process_2021,1/485,0.5870964943347042,0.600858863416277,0,0,1.1499409681227863,0.6124195617720694,ATP6V0C
neutrophil mediated immunity (GO:0002446),GO_Biological_Process_2021,1/488,0.589377483860552,0.600858863416277,0,0,1.1426811381636843,0.6041222754505392,ATP6V0C
negative regulation of cellular process (GO:0048523),GO_Biological_Process_2021,1/566,0.6445639965586057,0.6528809513529104,0,0,0.9809860935524652,0.4308306155012678,SCGB3A1
cytokine-mediated signaling pathway (GO:0019221),GO_Biological_Process_2021,1/621,0.6790691260282667,0.6834221332463967,0,0,0.8914285714285715,0.3450116957193218,XCL2
regulation of cell population proliferation (GO:0042127),GO_Biological_Process_2021,1/764,0.7542409090095596,0.7542409090095596,0,0,0.7190039318479685,0.202790352403682,SCGB3A1
intrinsic component of mitochondrial membrane (GO:0098573),GO_Cellular_Component_2021,2/12,0.0002055597839412204,0.0057556739503541,0,0,117.37647058823528,996.4996667678744,ADCK1;TMEM70
integral component of mitochondrial membrane (GO:0032592),GO_Cellular_Component_2021,2/66,0.0062854557508785,0.0879963805123,0,0,18.290441176470587,92.72370111910996,ADCK1;TMEM70
integral component of organelle membrane (GO:0031301),GO_Cellular_Component_2021,2/214,0.0566069158042542,0.3989290136155063,0,0,5.480577136514984,15.738157463212003,ADCK1;TMEM70
phagocytic vesicle membrane (GO:0030670),GO_Cellular_Component_2021,1/45,0.077955752812053,0.3989290136155063,0,0,12.935064935064934,33.0052912902955,ATP6V0C
azurophil granule membrane (GO:0035577),GO_Cellular_Component_2021,1/58,0.099354041079923,0.3989290136155063,0,0,9.97844611528822,23.04088702173356,ATP6V0C
ficolin-1-rich granule membrane (GO:0101003),GO_Cellular_Component_2021,1/61,0.1042231100382731,0.3989290136155063,0,0,9.478095238095236,21.43207167800956,ATP6V0C
mitochondrial inner membrane (GO:0005743),GO_Cellular_Component_2021,2/328,0.1174993588182632,0.3989290136155063,0,0,3.5434861060988814,7.587746181152702,ADCK1;MRPL21
tertiary granule membrane (GO:0070821),GO_Cellular_Component_2021,1/73,0.1234447333482338,0.3989290136155063,0,0,7.893650793650794,16.51321534130612,ATP6V0C
organelle inner membrane (GO:0019866),GO_Cellular_Component_2021,2/346,0.1282271829478413,0.3989290136155063,0,0,3.35499316005472,6.890993976706159,ADCK1;MRPL21
phagocytic vesicle (GO:0045335),GO_Cellular_Component_2021,1/100,0.165238740567014,0.4626684735876393,0,0,5.733044733044733,10.321566994169176,ATP6V0C
mitochondrial membrane (GO:0031966),GO_Cellular_Component_2021,2/469,0.2064212422556876,0.5134320139294227,0,0,2.455850862829072,3.874930719223861,ADCK1;MRPL21
azurophil granule (GO:0042582),GO_Cellular_Component_2021,1/155,0.2444674782169233,0.5134320139294227,0,0,3.675324675324675,5.177330608217989,ATP6V0C
endocytic vesicle membrane (GO:0030666),GO_Cellular_Component_2021,1/158,0.2485719658698513,0.5134320139294227,0,0,3.604549590536852,5.01761548152493,ATP6V0C
tertiary granule (GO:0070820),GO_Cellular_Component_2021,1/164,0.2567160069647113,0.5134320139294227,0,0,3.470815074496056,4.719561708074164,ATP6V0C
ficolin-1-rich granule (GO:0101002),GO_Cellular_Component_2021,1/184,0.2832477778031334,0.5287291852325158,0,0,3.0883684621389538,3.895770587516568,ATP6V0C
lytic vacuole membrane (GO:0098852),GO_Cellular_Component_2021,1/267,0.3838486372868908,0.6229901268647108,0,0,2.1157894736842104,2.0258831846789858,ATP6V0C
secretory granule membrane (GO:0030667),GO_Cellular_Component_2021,1/274,0.3916754247951572,0.6229901268647108,0,0,2.0608058608058606,1.9316382179794087,ATP6V0C
endosome membrane (GO:0010008),GO_Cellular_Component_2021,1/325,0.4458528768723601,0.6229901268647108,0,0,1.7319223985890653,1.398988467893982,ATP6V0C
lysosomal membrane (GO:0005765),GO_Cellular_Component_2021,1/330,0.4509045665779925,0.6229901268647108,0,0,1.7051671732522795,1.3581649133005824,ATP6V0C
collagen-containing extracellular matrix (GO:0062023),GO_Cellular_Component_2021,1/380,0.4990209323411889,0.6229901268647108,0,0,1.4764417640407086,1.0262853530247,NPPA
cytoplasmic vesicle membrane (GO:0030659),GO_Cellular_Component_2021,1/380,0.4990209323411889,0.6229901268647108,0,0,1.4764417640407086,1.0262853530247,ATP6V0C
focal adhesion (GO:0005925),GO_Cellular_Component_2021,1/387,0.5054211727901555,0.6229901268647108,0,0,1.4491487786824575,0.98884578597292,ATP6V0C
cell-substrate junction (GO:0030055),GO_Cellular_Component_2021,1/394,0.5117418899245838,0.6229901268647108,0,0,1.422828062522719,0.9532021790494688,ATP6V0C
lysosome (GO:0005764),GO_Cellular_Component_2021,1/477,0.5809534637197697,0.6777790410063981,0,0,1.169747899159664,0.6352720958914087,ATP6V0C
bounding membrane of organelle (GO:0098588),GO_Cellular_Component_2021,1/767,0.755618199503099,0.846292383443471,0,0,0.7160760910108168,0.2006581673099148,ATP6V0C
integral component of plasma membrane (GO:0005887),GO_Cellular_Component_2021,1/1454,0.9341029792015438,0.999977296203802,0,0,0.363995673975027,0.0248130721254621,KLRC1
nucleus (GO:0005634),GO_Cellular_Component_2021,1/4484,0.9998907625393006,0.999977296203802,0,0,0.0986647971702622,1.0778480620941384e-05,NPPA
intracellular membrane-bounded organelle (GO:0043231),GO_Cellular_Component_2021,1/5192,0.999977296203802,0.999977296203802,0,0,0.0813110603517076,1.8460906995774872e-06,NPPA
5'-deoxyribose-5-phosphate lyase activity (GO:0051575),GO_Molecular_Function_2021,1/5,0.0089684554827598,0.0880572372566074,0,0,142.57142857142858,672.0876744444516,POLQ
MHC class I protein complex binding (GO:0023024),GO_Molecular_Function_2021,1/5,0.0089684554827598,0.0880572372566074,0,0,142.57142857142858,672.0876744444516,KLRC1
"ATPase activity, coupled to transmembrane movement of ions, rotational mechanism (GO:0044769)",GO_Molecular_Function_2021,1/16,0.0284247822669753,0.0880572372566074,0,0,37.99809523809524,135.29198627979454,ATP6V0C
"proton-transporting ATPase activity, rotational mechanism (GO:0046961)",GO_Molecular_Function_2021,1/16,0.0284247822669753,0.0880572372566074,0,0,37.99809523809524,135.29198627979454,ATP6V0C
neuropeptide receptor binding (GO:0071855),GO_Molecular_Function_2021,1/18,0.0319221763964905,0.0880572372566074,0,0,33.52436974789916,115.4731604004656,NPPA
single-stranded DNA helicase activity (GO:0017116),GO_Molecular_Function_2021,1/19,0.0336662807139245,0.0880572372566074,0,0,31.66031746031746,107.36832116912788,POLQ
hormone receptor binding (GO:0051427),GO_Molecular_Function_2021,1/21,0.0371453298127004,0.0880572372566074,0,0,28.49142857142857,93.81991597487811,NPPA
DNA-directed DNA polymerase activity (GO:0003887),GO_Molecular_Function_2021,1/21,0.0371453298127004,0.0880572372566074,0,0,28.49142857142857,93.81991597487811,POLQ
cytokine activity (GO:0005125),GO_Molecular_Function_2021,2/173,0.0386741805386025,0.0880572372566074,0,0,6.80873753009976,22.14598442629385,XCL2;SCGB3A1
DNA polymerase activity (GO:0034061),GO_Molecular_Function_2021,1/22,0.0388802849574893,0.0880572372566074,0,0,27.133333333333333,88.10920425980879,POLQ
pyrophosphate hydrolysis-driven proton transmembrane transporter activity (GO:0009678),GO_Molecular_Function_2021,1/23,0.0406122007207395,0.0880572372566074,0,0,25.898701298701297,82.97132611919092,ATP6V0C
protein-cysteine S-palmitoyltransferase activity (GO:0019706),GO_Molecular_Function_2021,1/25,0.044066934781374,0.0880572372566074,0,0,23.73809523809524,74.11141474490151,ZDHHC23
neuropeptide hormone activity (GO:0005184),GO_Molecular_Function_2021,1/26,0.0457897633734358,0.0880572372566074,0,0,22.78742857142857,70.2694731674912,NPPA
palmitoyltransferase activity (GO:0016409),GO_Molecular_Function_2021,1/29,0.0509401570739593,0.0909645662034989,0,0,20.34285714285714,60.56279579598777,ZDHHC23
CCR chemokine receptor binding (GO:0048020),GO_Molecular_Function_2021,1/42,0.0729479394257499,0.1170870176773005,0,0,13.883623693379793,36.34745526394495,XCL2
damaged DNA binding (GO:0003684),GO_Molecular_Function_2021,1/44,0.0762894109700786,0.1170870176773005,0,0,13.23654485049834,34.06055692187746,POLQ
chemokine activity (GO:0008009),GO_Molecular_Function_2021,1/46,0.0796191720205643,0.1170870176773005,0,0,12.646984126984126,32.00319789387239,XCL2
chemokine receptor binding (GO:0042379),GO_Molecular_Function_2021,1/50,0.0862437219743075,0.1197829471865383,0,0,11.612244897959185,28.456712045041098,XCL2
receptor ligand activity (GO:0048018),GO_Molecular_Function_2021,2/307,0.1053049438533943,0.1385591366492031,0,0,3.791513982642237,8.534299527641368,NPPA;SCGB3A1
hormone activity (GO:0005179),GO_Molecular_Function_2021,1/78,0.1313348508616526,0.1641685635770658,0,0,7.37922077922078,14.97985584266697,NPPA
G protein-coupled receptor binding (GO:0001664),GO_Molecular_Function_2021,1/143,0.2278304639226844,0.2712267427651005,0,0,3.988329979879276,5.899352272449898,NPPA
ubiquitin protein ligase binding (GO:0031625),GO_Molecular_Function_2021,1/265,0.3815944881542683,0.4336301001753049,0,0,2.132034632034632,2.053995306924701,ATP6V0C
ubiquitin-like protein ligase binding (GO:0044389),GO_Molecular_Function_2021,1/282,0.4005019918141397,0.435328251971891,0,0,2.001321809862735,1.8312825826570125,ATP6V0C
DNA binding (GO:0003677),GO_Molecular_Function_2021,1/811,0.7749766276333161,0.807267320451371,0,0,0.675626102292769,0.1722322328879415,POLQ
RNA binding (GO:0003723),GO_Molecular_Function_2021,1/1406,0.9276705202724812,0.9276705202724812,0,0,0.3774072191154041,0.0283352252845134,MRPL21
