Term,Gene_set,Overlap,P-value,Adjusted P-value,Old P-value,Old Adjusted P-value,Odds Ratio,Combined Score,Genes
nucleoside diphosphate catabolic process (GO:0009134),GO_Biological_Process_2021,1/9,0.0094121824505319,0.033348826317351,0,0,124.81875,582.3731356633181,ENTPD2
nucleoside phosphate catabolic process (GO:1901292),GO_Biological_Process_2021,1/14,0.0146046795939876,0.033348826317351,0,0,76.79230769230769,324.5560291468294,ENTPD2
nucleobase-containing small molecule catabolic process (GO:0034656),GO_Biological_Process_2021,1/15,0.0156400643604775,0.033348826317351,0,0,71.30357142857143,296.4745049823623,ENTPD2
nucleoside diphosphate metabolic process (GO:0009132),GO_Biological_Process_2021,1/16,0.0166744131586755,0.033348826317351,0,0,66.54666666666667,272.4340597931688,ENTPD2
nucleobase-containing compound catabolic process (GO:0034655),GO_Biological_Process_2021,1/41,0.0421992808273308,0.0675188493237293,0,0,24.92375,78.89244440466216,ENTPD2
glycoprotein biosynthetic process (GO:0009101),GO_Biological_Process_2021,1/83,0.0836664094246832,0.1115552125662443,0,0,12.132317073170732,30.099280206798262,ST6GALNAC1
protein glycosylation (GO:0006486),GO_Biological_Process_2021,1/130,0.1280418881065194,0.1463335864074507,0,0,7.6937984496124034,15.813816543658696,ST6GALNAC1
cellular protein modification process (GO:0006464),GO_Biological_Process_2021,1/1025,0.6689129593410928,0.6689129593410928,0,0,0.925537109375,0.372159705362414,ST6GALNAC1
acrosomal vesicle (GO:0001669),GO_Cellular_Component_2021,1/48,0.0492323856769317,0.1358063008056798,0,0,21.20425531914893,63.85033051565917,DYNLT4
sperm flagellum (GO:0036126),GO_Cellular_Component_2021,1/52,0.0532291917431674,0.1358063008056798,0,0,19.537254901960782,57.30566631783699,DYNLT4
9+2 motile cilium (GO:0097729),GO_Cellular_Component_2021,1/57,0.0582027003452913,0.1358063008056798,0,0,17.788392857142856,50.58705012596907,DYNLT4
Golgi membrane (GO:0000139),GO_Cellular_Component_2021,1/472,0.3945569365476108,0.6904746389583191,0,0,2.0709129511677284,1.925932111270723,ST6GALNAC1
bounding membrane of organelle (GO:0098588),GO_Cellular_Component_2021,1/767,0.5602797209019407,0.7843916092627169,0,0,1.25411227154047,0.7265312154629189,ST6GALNAC1
nucleus (GO:0005634),GO_Cellular_Component_2021,1/4484,0.9951736152447748,0.9981897053710096,0,0,0.1728306937318759,0.000836166884081156,DYNLT4
intracellular membrane-bounded organelle (GO:0043231),GO_Cellular_Component_2021,1/5192,0.9981897053710096,0.9981897053710096,0,0,0.1424388364476979,0.0002580899405450096,DYNLT4
"alpha-N-acetylgalactosaminide alpha-2,6-sialyltransferase activity (GO:0001665)",GO_Molecular_Function_2021,1/6,0.0062841913325394,0.0250991532014186,0,0,199.74,1012.6254955871668,ST6GALNAC1
guanosine-diphosphatase activity (GO:0004382),GO_Molecular_Function_2021,1/9,0.0094121824505319,0.0250991532014186,0,0,124.81875,582.3731356633181,ENTPD2
uridine-diphosphatase activity (GO:0045134),GO_Molecular_Function_2021,1/9,0.0094121824505319,0.0250991532014186,0,0,124.81875,582.3731356633181,ENTPD2
nucleoside-diphosphatase activity (GO:0017110),GO_Molecular_Function_2021,1/13,0.0135682578861655,0.0271365157723311,0,0,83.19583333333334,357.74392971285124,ENTPD2
sialyltransferase activity (GO:0008373),GO_Molecular_Function_2021,1/21,0.0218306514950446,0.0318479053236302,0,0,49.8975,190.8300081149324,ST6GALNAC1
protein phosphatase 1 binding (GO:0008157),GO_Molecular_Function_2021,1/23,0.0238859289927226,0.0318479053236302,0,0,45.35681818181818,169.38348350725923,DYNLT4
pyrophosphatase activity (GO:0016462),GO_Molecular_Function_2021,1/54,0.0552215893405063,0.0631103878177215,0,0,18.79811320754717,54.4468793612393,ENTPD2
protein phosphatase binding (GO:0019903),GO_Molecular_Function_2021,1/123,0.1215650275009074,0.1215650275009074,0,0,8.13811475409836,17.149497672426254,DYNLT4
