Term,Gene_set,Overlap,P-value,Adjusted P-value,Old P-value,Old Adjusted P-value,Odds Ratio,Combined Score,Genes
nucleosome assembly (GO:0006334),GO_Biological_Process_2021,2/58,0.004368494923651,0.1878232357592743,0,0,22.220982142857142,120.73407868148206,H2BC10;H3C1
chromatin assembly (GO:0031497),GO_Biological_Process_2021,2/73,0.0068355726117328,0.1878232357592743,0,0,17.513204225352112,87.31409431287084,H2BC10;H3C1
nucleosome organization (GO:0034728),GO_Biological_Process_2021,2/94,0.0111192168152159,0.1878232357592743,0,0,13.501358695652174,60.74369859051535,H2BC10;H3C1
phosphatidylinositol-3-phosphate biosynthetic process (GO:0036092),GO_Biological_Process_2021,1/8,0.0135215845650559,0.1878232357592743,0,0,86.40259740259741,371.8308142207318,PIK3C3
negative regulation of transcription from RNA polymerase II promoter in response to stress (GO:0097201),GO_Biological_Process_2021,1/10,0.0168741674533513,0.1878232357592743,0,0,67.1952861952862,274.2892350890436,JUN
DNA replication-dependent nucleosome assembly (GO:0006335),GO_Biological_Process_2021,1/10,0.0168741674533513,0.1878232357592743,0,0,67.1952861952862,274.2892350890436,H3C1
DNA replication-dependent nucleosome organization (GO:0034723),GO_Biological_Process_2021,1/10,0.0168741674533513,0.1878232357592743,0,0,67.1952861952862,274.2892350890436,H3C1
lipoprotein biosynthetic process (GO:0042158),GO_Biological_Process_2021,1/11,0.0185463099170106,0.1878232357592743,0,0,60.47272727272728,241.13405880391545,PIK3C3
rDNA heterochromatin assembly (GO:0000183),GO_Biological_Process_2021,1/11,0.0185463099170106,0.1878232357592743,0,0,60.47272727272728,241.13405880391545,H3C1
autophagy of peroxisome (GO:0030242),GO_Biological_Process_2021,1/12,0.020215692219209,0.1878232357592743,0,0,54.972451790633606,214.4638136267328,PIK3C3
toll-like receptor 9 signaling pathway (GO:0034162),GO_Biological_Process_2021,1/13,0.0218823187292358,0.1878232357592743,0,0,50.388888888888886,192.59017962885017,PIK3C3
negative regulation by host of viral transcription (GO:0043922),GO_Biological_Process_2021,1/13,0.0218823187292358,0.1878232357592743,0,0,50.388888888888886,192.59017962885017,JUN
protein-DNA complex assembly (GO:0065004),GO_Biological_Process_2021,2/143,0.0245265363586442,0.1893071393966748,0,0,8.78767730496454,32.58470420327474,H2BC10;H3C1
positive regulation by host of viral transcription (GO:0043923),GO_Biological_Process_2021,1/16,0.0268657072594049,0.1893071393966748,0,0,40.3050505050505,145.77952373263088,JUN
cellular response to interleukin-7 (GO:0098761),GO_Biological_Process_2021,1/19,0.0318244510525941,0.1893071393966748,0,0,33.582491582491585,115.77632426352072,H3C1
interleukin-7-mediated signaling pathway (GO:0038111),GO_Biological_Process_2021,1/19,0.0318244510525941,0.1893071393966748,0,0,33.582491582491585,115.77632426352072,H3C1
early endosome to late endosome transport (GO:0045022),GO_Biological_Process_2021,1/20,0.0334719094011011,0.1893071393966748,0,0,31.8133971291866,108.07165990908112,PIK3C3
positive regulation of vascular associated smooth muscle cell proliferation (GO:1904707),GO_Biological_Process_2021,1/21,0.0351166468802889,0.1893071393966748,0,0,30.221212121212123,101.21325681429822,JUN
innate immune response in mucosa (GO:0002227),GO_Biological_Process_2021,1/21,0.0351166468802889,0.1893071393966748,0,0,30.221212121212123,101.21325681429822,H2BC10
"positive regulation of DNA-templated transcription, initiation (GO:2000144)",GO_Biological_Process_2021,1/22,0.0367586678440145,0.1893071393966748,0,0,28.78066378066378,95.0735042734142,JUN
heterochromatin assembly (GO:0031507),GO_Biological_Process_2021,1/24,0.0400345775570758,0.1963600708751814,0,0,26.27536231884058,84.55442492330164,H3C1
cellular response to cadmium ion (GO:0071276),GO_Biological_Process_2021,1/27,0.0449281765490304,0.2023012350634836,0,0,23.24009324009324,72.10680817166444,JUN
mucosal immune response (GO:0002385),GO_Biological_Process_2021,1/28,0.0465539893345663,0.2023012350634836,0,0,22.37822671156005,68.63721198820747,H2BC10
response to cadmium ion (GO:0046686),GO_Biological_Process_2021,1/29,0.0481771158578003,0.2023012350634836,0,0,21.57792207792208,65.4430572478459,JUN
"negative regulation of gene expression, epigenetic (GO:0045814)",GO_Biological_Process_2021,1/30,0.0497975604232894,0.2023012350634836,0,0,20.832810867293627,62.494042787714754,H3C1
negative regulation of DNA binding (GO:0043392),GO_Biological_Process_2021,1/31,0.0514153273284442,0.2023012350634836,0,0,20.13737373737374,59.76407945997836,JUN
modulation by host of symbiont process (GO:0051851),GO_Biological_Process_2021,1/32,0.053030420841884,0.2023012350634836,0,0,19.486803519061585,57.23058965591193,JUN
positive regulation of pri-miRNA transcription by RNA polymerase II (GO:1902895),GO_Biological_Process_2021,1/34,0.0562526048479402,0.2028965013797093,0,0,18.30394857667585,52.67698724967126,JUN
regulation of androgen receptor signaling pathway (GO:0060765),GO_Biological_Process_2021,1/36,0.0594641466155627,0.2028965013797093,0,0,17.256277056277057,48.70380102145059,H3C1
regulation of intracellular steroid hormone receptor signaling pathway (GO:0033143),GO_Biological_Process_2021,1/37,0.0610659373084562,0.2028965013797093,0,0,16.776094276094277,46.90262214500739,H3C1
regulation of vascular associated smooth muscle cell proliferation (GO:1904705),GO_Biological_Process_2021,1/37,0.0610659373084562,0.2028965013797093,0,0,16.776094276094277,46.90262214500739,JUN
phosphatidylinositol phosphate biosynthetic process (GO:0046854),GO_Biological_Process_2021,1/42,0.0690352585528232,0.2085449489923638,0,0,14.726533628972652,39.36605534679617,PIK3C3
cellular response to glucose starvation (GO:0042149),GO_Biological_Process_2021,1/43,0.0706212259710222,0.2085449489923638,0,0,14.375180375180376,38.10033066830352,PIK3C3
antibacterial humoral response (GO:0019731),GO_Biological_Process_2021,1/44,0.0722045709465874,0.2085449489923638,0,0,14.04016913319239,36.90110155975086,H2BC10
regulation of pri-miRNA transcription by RNA polymerase II (GO:1902893),GO_Biological_Process_2021,1/45,0.0737852976826964,0.2085449489923638,0,0,13.72038567493113,35.76349947727387,JUN
positive regulation of smooth muscle cell proliferation (GO:0048661),GO_Biological_Process_2021,1/46,0.0753634103759918,0.2085449489923638,0,0,13.414814814814816,34.68311021371228,JUN
regulation of DNA binding (GO:0051101),GO_Biological_Process_2021,1/47,0.0769389132204837,0.2085449489923638,0,0,13.122529644268775,33.655922697718275,JUN
telomere organization (GO:0032200),GO_Biological_Process_2021,1/47,0.0769389132204837,0.2085449489923638,0,0,13.122529644268775,33.655922697718275,H3C1
inositol lipid-mediated signaling (GO:0048017),GO_Biological_Process_2021,1/51,0.0832149096803673,0.2128539991876484,0,0,12.07030303030303,30.01074137690565,PIK3C3
regulation of megakaryocyte differentiation (GO:0045652),GO_Biological_Process_2021,1/54,0.0878947079941169,0.2128539991876484,0,0,11.385363064608349,27.684827361193253,H3C1
regulation of gene silencing by RNA (GO:0060966),GO_Biological_Process_2021,1/55,0.0894494821191166,0.2128539991876484,0,0,11.173961840628508,26.974851864411704,H3C1
regulation of posttranscriptional gene silencing (GO:0060147),GO_Biological_Process_2021,1/55,0.0894494821191166,0.2128539991876484,0,0,11.173961840628508,26.974851864411704,H3C1
autophagosome organization (GO:1905037),GO_Biological_Process_2021,1/56,0.0910016838323946,0.2128539991876484,0,0,10.970247933884297,26.29433790784365,PIK3C3
autophagosome assembly (GO:0000045),GO_Biological_Process_2021,1/58,0.0940983864773611,0.2128539991876484,0,0,10.584263689526848,25.015000999516023,PIK3C3
response to reactive oxygen species (GO:0000302),GO_Biological_Process_2021,1/59,0.0956428956559787,0.2128539991876484,0,0,10.401253918495298,24.41313526094926,JUN
"regulation of DNA-templated transcription, initiation (GO:2000142)",GO_Biological_Process_2021,1/61,0.0987242502223801,0.2128539991876484,0,0,10.053535353535354,23.278203742559715,JUN
protein lipidation (GO:0006497),GO_Biological_Process_2021,1/61,0.0987242502223801,0.2128539991876484,0,0,10.053535353535354,23.278203742559715,PIK3C3
cellular response to reactive oxygen species (GO:0034614),GO_Biological_Process_2021,1/63,0.1017954137512644,0.2128539991876484,0,0,9.728250244379277,22.22701108844716,JUN
amyloid fibril formation (GO:1990000),GO_Biological_Process_2021,1/63,0.1017954137512644,0.2128539991876484,0,0,9.728250244379277,22.22701108844716,H3C1
antimicrobial humoral immune response mediated by antimicrobial peptide (GO:0061844),GO_Biological_Process_2021,1/64,0.1033271840716739,0.2128539991876484,0,0,9.573352573352574,21.73012010811059,H2BC10
regulation of gene silencing by miRNA (GO:0060964),GO_Biological_Process_2021,1/67,0.1079072982595793,0.2167534989417558,0,0,9.13682277318641,20.34297847612108,H3C1
regulation of myeloid cell differentiation (GO:0045637),GO_Biological_Process_2021,1/68,0.1094289509220514,0.2167534989417558,0,0,9.0,19.91231811312109,H3C1
defense response to Gram-positive bacterium (GO:0050830),GO_Biological_Process_2021,1/70,0.1124647024724832,0.2174040254108061,0,0,8.738252086078173,19.094093242672443,H2BC10
phosphatidylinositol-mediated signaling (GO:0048015),GO_Biological_Process_2021,1/71,0.113978809438675,0.2174040254108061,0,0,8.612987012987013,18.70519192889038,PIK3C3
regulation of cell division (GO:0051302),GO_Biological_Process_2021,1/76,0.1215118172783869,0.2275584941758882,0,0,8.036767676767676,16.939446916298973,PIK3C3
"regulation of gene expression, epigenetic (GO:0040029)",GO_Biological_Process_2021,1/82,0.1304693959968136,0.2399704962084251,0,0,7.439206883651328,15.150812179167184,H3C1
regulation of cytokinesis (GO:0032465),GO_Biological_Process_2021,1/84,0.1334355074185669,0.2411203028791648,0,0,7.259218692953633,14.621061021294857,PIK3C3
negative regulation of binding (GO:0051100),GO_Biological_Process_2021,1/88,0.1393382980115978,0.245817158526598,0,0,6.924068268895855,13.64630343816304,JUN
transforming growth factor beta receptor signaling pathway (GO:0007179),GO_Biological_Process_2021,1/89,0.1408078869230027,0.245817158526598,0,0,6.845041322314049,13.418737141433663,JUN
toll-like receptor signaling pathway (GO:0002224),GO_Biological_Process_2021,1/91,0.1437397616838324,0.2467532575572456,0,0,6.692255892255893,12.981308887513196,PIK3C3
small GTPase mediated signal transduction (GO:0007264),GO_Biological_Process_2021,1/106,0.1654214192350236,0.2674065252783508,0,0,5.731890331890332,10.313155296299051,JUN
regulation of cell cycle process (GO:0010564),GO_Biological_Process_2021,1/106,0.1654214192350236,0.2674065252783508,0,0,5.731890331890332,10.313155296299051,PIK3C3
chromosome organization (GO:0051276),GO_Biological_Process_2021,1/106,0.1654214192350236,0.2674065252783508,0,0,5.731890331890332,10.313155296299051,H3C1
response to endoplasmic reticulum stress (GO:0034976),GO_Biological_Process_2021,1/110,0.1711126023422634,0.2674065252783508,0,0,5.520433694745622,9.745958280916204,JUN
Fc-epsilon receptor signaling pathway (GO:0038095),GO_Biological_Process_2021,1/111,0.1725295018329603,0.2674065252783508,0,0,5.469972451790634,9.61176465776711,JUN
Fc receptor signaling pathway (GO:0038093),GO_Biological_Process_2021,1/112,0.1739440504237815,0.2674065252783508,0,0,5.42042042042042,9.48043229213069,JUN
phosphatidylinositol metabolic process (GO:0046488),GO_Biological_Process_2021,1/112,0.1739440504237815,0.2674065252783508,0,0,5.42042042042042,9.48043229213069,PIK3C3
cellular response to transforming growth factor beta stimulus (GO:0071560),GO_Biological_Process_2021,1/114,0.1767661099055207,0.2677486664745387,0,0,5.323947438991687,9.226016699562276,JUN
cytosolic transport (GO:0016482),GO_Biological_Process_2021,1/116,0.17957881099881,0.2680669207663396,0,0,5.230830039525692,8.982073294656722,PIK3C3
macroautophagy (GO:0016236),GO_Biological_Process_2021,1/120,0.185176258287476,0.2724736371944291,0,0,5.053985230455819,8.523279038481911,PIK3C3
cellular response to oxidative stress (GO:0034599),GO_Biological_Process_2021,1/125,0.1921209605841142,0.2768167783165778,0,0,4.848973607038123,7.9990128273347105,JUN
phosphatidylinositol biosynthetic process (GO:0006661),GO_Biological_Process_2021,1/126,0.193502990667899,0.2768167783165778,0,0,4.809939393939394,7.900144172661141,PIK3C3
cellular response to metal ion (GO:0071248),GO_Biological_Process_2021,1/131,0.2003787929533847,0.2827115513287167,0,0,4.623776223776224,7.432931766422354,JUN
transmembrane receptor protein serine/threonine kinase signaling pathway (GO:0007178),GO_Biological_Process_2021,1/133,0.2031131533817964,0.2827115513287167,0,0,4.553259871441689,7.257860033982993,JUN
Ras protein signal transduction (GO:0007265),GO_Biological_Process_2021,1/142,0.2153058779634769,0.2917961240820805,0,0,4.260692026649473,6.543125886285318,JUN
chromatin organization (GO:0006325),GO_Biological_Process_2021,1/142,0.2153058779634769,0.2917961240820805,0,0,4.260692026649473,6.543125886285318,H3C1
cellular response to starvation (GO:0009267),GO_Biological_Process_2021,1/158,0.2365362241864841,0.3164055985871151,0,0,3.823393167342212,5.512009728174552,PIK3C3
defense response to bacterium (GO:0042742),GO_Biological_Process_2021,1/176,0.2597541511691116,0.3403220909239406,0,0,3.427012987012987,4.61968090805527,H2BC10
glycerophospholipid biosynthetic process (GO:0046474),GO_Biological_Process_2021,1/177,0.2610237396406923,0.3403220909239406,0,0,3.4073691460055096,4.576587149329015,PIK3C3
positive regulation of programmed cell death (GO:0043068),GO_Biological_Process_2021,1/286,0.3874448327902599,0.4988352222174597,0,0,2.092610313662945,1.984175029218613,JUN
regulation of cell cycle (GO:0051726),GO_Biological_Process_2021,1/296,0.397930084449716,0.5060098604730957,0,0,2.020647149460709,1.861983826417986,JUN
innate immune response (GO:0045087),GO_Biological_Process_2021,1/302,0.4041373963211859,0.507635997818075,0,0,1.9797644216248864,1.7936672963955926,H2BC10
positive regulation of apoptotic process (GO:0043065),GO_Biological_Process_2021,1/310,0.4123172639873966,0.5116708215747212,0,0,1.9277238403451995,1.7078903924223006,JUN
negative regulation of gene expression (GO:0010629),GO_Biological_Process_2021,1/322,0.4243830697834764,0.5154575976312346,0,0,1.8545265741527424,1.58954952719401,H3C1
cellular response to oxygen-containing compound (GO:1901701),GO_Biological_Process_2021,1/323,0.4253776291131547,0.5154575976312346,0,0,1.8486730660643704,1.5802050022576464,JUN
supramolecular fiber organization (GO:0097435),GO_Biological_Process_2021,1/351,0.4525579086320273,0.5420170301058002,0,0,1.6983549783549785,1.3465229953404318,H3C1
protein modification by small protein conjugation (GO:0032446),GO_Biological_Process_2021,1/409,0.5049481389254651,0.5978121644749759,0,0,1.4526143790849673,0.9925707518099652,H2BC10
organelle assembly (GO:0070925),GO_Biological_Process_2021,1/425,0.5185222778559615,0.6069067570359549,0,0,1.396655231560892,0.917284449555619,PIK3C3
negative regulation of nucleic acid-templated transcription (GO:1903507),GO_Biological_Process_2021,1/464,0.5501132774840607,0.636647950346722,0,0,1.2764578833693303,0.7628508815855412,JUN
positive regulation of nucleic acid-templated transcription (GO:1903508),GO_Biological_Process_2021,1/511,0.5855176215801905,0.6700923891417735,0,0,1.1560308972073678,0.6187759417326975,JUN
protein ubiquitination (GO:0016567),GO_Biological_Process_2021,1/525,0.5955302272427228,0.6740616857802246,0,0,1.1243349525792274,0.5827463273854047,H2BC10
negative regulation of cellular macromolecule biosynthetic process (GO:2000113),GO_Biological_Process_2021,1/547,0.6107917352905445,0.6838211819013705,0,0,1.077811077811078,0.5313600386544194,JUN
cytokine-mediated signaling pathway (GO:0019221),GO_Biological_Process_2021,1/621,0.6581333379267308,0.7289003635102501,0,0,0.9455522971652004,0.395569654240627,H3C1
negative regulation of transcription by RNA polymerase II (GO:0000122),GO_Biological_Process_2021,1/684,0.693990962890999,0.7604369061465202,0,0,0.8555392874572962,0.3125253707175514,JUN
regulation of apoptotic process (GO:0042981),GO_Biological_Process_2021,1/742,0.7237565805120302,0.7847045030814643,0,0,0.7862021019915757,0.2541792637086353,JUN
regulation of cell population proliferation (GO:0042127),GO_Biological_Process_2021,1/764,0.7342951586217874,0.7878375139379594,0,0,0.7626593589896342,0.2355429254985827,JUN
positive regulation of transcription by RNA polymerase II (GO:0045944),GO_Biological_Process_2021,1/908,0.7942447762178336,0.8433733190766687,0,0,0.6367645584845144,0.1466873651269603,JUN
"negative regulation of transcription, DNA-templated (GO:0045892)",GO_Biological_Process_2021,1/948,0.8084177418147057,0.8496635449685171,0,0,0.6085885251671946,0.1294323842776109,JUN
cellular protein modification process (GO:0006464),GO_Biological_Process_2021,1/1025,0.8330812748435531,0.8667411243321815,0,0,0.560546875,0.1023693532713906,PIK3C3
regulation of gene expression (GO:0010468),GO_Biological_Process_2021,1/1079,0.8485089277687505,0.873964195601813,0,0,0.5309495699106088,0.0872215667312197,H3C1
"positive regulation of transcription, DNA-templated (GO:0045893)",GO_Biological_Process_2021,1/1183,0.8744169713770895,0.8917321589291111,0,0,0.4815669384197303,0.0646252878042391,JUN
regulation of transcription by RNA polymerase II (GO:0006357),GO_Biological_Process_2021,1/2206,0.981257997381719,0.9825729711985864,0,0,0.2440871298014155,0.0046180942554958,JUN
"regulation of transcription, DNA-templated (GO:0006355)",GO_Biological_Process_2021,1/2244,0.9825729711985864,0.9825729711985864,0,0,0.2394385225415096,0.0042094889453344,JUN
nuclear chromosome (GO:0000228),GO_Cellular_Component_2021,2/83,0.0087581184748882,0.0711053611837682,0,0,15.343364197530864,72.69339477658365,JUN;H3C1
"phosphatidylinositol 3-kinase complex, class III (GO:0035032)",GO_Cellular_Component_2021,1/6,0.0101579087405383,0.0711053611837682,0,0,120.97575757575756,555.2185648964451,PIK3C3
autolysosome (GO:0044754),GO_Cellular_Component_2021,1/10,0.0168741674533513,0.0787461147823065,0,0,67.1952861952862,274.2892350890436,PIK3C3
secondary lysosome (GO:0005767),GO_Cellular_Component_2021,1/16,0.0268657072594049,0.0845131236116694,0,0,40.3050505050505,145.77952373263088,PIK3C3
chromosome (GO:0005694),GO_Cellular_Component_2021,2/160,0.030183258432739,0.0845131236116694,0,0,7.8354430379746836,27.427716561257967,JUN;H3C1
phagocytic vesicle membrane (GO:0030670),GO_Cellular_Component_2021,1/45,0.0737852976826964,0.1721656945929584,0,0,13.72038567493113,35.76349947727387,PIK3C3
autophagosome (GO:0005776),GO_Cellular_Component_2021,1/69,0.1109480843223666,0.2218961686447333,0,0,8.867201426024955,19.49625278180184,PIK3C3
phagocytic vesicle (GO:0045335),GO_Cellular_Component_2021,1/100,0.1568134700259566,0.274423572545424,0,0,6.081114172023263,11.266469699963473,PIK3C3
peroxisome (GO:0005777),GO_Cellular_Component_2021,1/128,0.1962601701467337,0.3052935980060302,0,0,4.733715103793844,7.707975054848403,PIK3C3
endocytic vesicle membrane (GO:0030666),GO_Cellular_Component_2021,1/158,0.2365362241864841,0.3311507138610778,0,0,3.823393167342212,5.512009728174552,PIK3C3
late endosome (GO:0005770),GO_Cellular_Component_2021,1/189,0.2760949183840337,0.3513935324887702,0,0,3.1879432624113475,4.102916659978313,PIK3C3
nuclear lumen (GO:0031981),GO_Cellular_Component_2021,2/745,0.3631205807344522,0.4236406775235276,0,0,1.6170087483176312,1.6380627221609465,JUN;H3C1
nucleus (GO:0005634),GO_Cellular_Component_2021,3/4484,0.9897517352401992,0.9970290873411338,0,0,0.3344227598966244,0.0034449355975912,JUN;H2BC10;H3C1
intracellular membrane-bounded organelle (GO:0043231),GO_Cellular_Component_2021,3/5192,0.9970290873411338,0.9970290873411338,0,0,0.275589180586725,0.0008199700189137348,JUN;H2BC10;H3C1
1-phosphatidylinositol-3-kinase activity (GO:0016303),GO_Molecular_Function_2021,1/10,0.0168741674533513,0.1953567445579196,0,0,67.1952861952862,274.2892350890436,PIK3C3
cAMP response element binding (GO:0035497),GO_Molecular_Function_2021,1/10,0.0168741674533513,0.1953567445579196,0,0,67.1952861952862,274.2892350890436,JUN
phosphatidylinositol 3-kinase activity (GO:0035004),GO_Molecular_Function_2021,1/12,0.020215692219209,0.1953567445579196,0,0,54.972451790633606,214.4638136267328,PIK3C3
phosphatidylinositol kinase activity (GO:0052742),GO_Molecular_Function_2021,1/15,0.0252073218784412,0.1953567445579196,0,0,43.18614718614719,158.95183056590523,PIK3C3
R-SMAD binding (GO:0070412),GO_Molecular_Function_2021,1/19,0.0318244510525941,0.1973115965260834,0,0,33.582491582491585,115.77632426352072,JUN
endonuclease activity (GO:0004519),GO_Molecular_Function_2021,1/51,0.0832149096803673,0.4299437000152311,0,0,12.07030303030303,30.01074137690565,N4BP2
nuclease activity (GO:0004518),GO_Molecular_Function_2021,1/60,0.0971848488620792,0.4303900449606366,0,0,10.224447868515664,23.834624062165258,N4BP2
"phosphotransferase activity, alcohol group as acceptor (GO:0016773)",GO_Molecular_Function_2021,1/75,0.1200102059268166,0.4650395479664143,0,0,8.145782145782146,17.270512093187097,PIK3C3
kinase activity (GO:0016301),GO_Molecular_Function_2021,1/112,0.1739440504237815,0.5991406181263588,0,0,5.42042042042042,9.48043229213069,PIK3C3
RNA polymerase II-specific DNA-binding transcription factor binding (GO:0061629),GO_Molecular_Function_2021,1/190,0.2773372956282935,0.6174017754546322,0,0,3.1709155042488377,4.066765215475286,JUN
DNA-binding transcription factor binding (GO:0140297),GO_Molecular_Function_2021,1/208,0.2993494070747814,0.6174017754546322,0,0,2.892548675157371,3.4888296574548168,JUN
transcription regulatory region nucleic acid binding (GO:0001067),GO_Molecular_Function_2021,1/212,0.3041518657164141,0.6174017754546322,0,0,2.837139164153382,3.3768428817219376,JUN
GTPase regulator activity (GO:0030695),GO_Molecular_Function_2021,1/233,0.3288452684808159,0.6174017754546322,0,0,2.577586206896552,2.8667087610105826,JUN
"DNA-binding transcription repressor activity, RNA polymerase II-specific (GO:0001227)",GO_Molecular_Function_2021,1/256,0.3549145699062718,0.6174017754546322,0,0,2.342364824717766,2.4264045801802587,JUN
ubiquitin protein ligase binding (GO:0031625),GO_Molecular_Function_2021,1/265,0.3648457397257143,0.6174017754546322,0,0,2.261478420569329,2.280204921951196,JUN
ATP binding (GO:0005524),GO_Molecular_Function_2021,1/278,0.3789292269047524,0.6174017754546322,0,0,2.1539218903839843,2.090178354917176,N4BP2
ubiquitin-like protein ligase binding (GO:0044389),GO_Molecular_Function_2021,1/282,0.3832012934391136,0.6174017754546322,0,0,2.1228297206944893,2.03620735149796,JUN
DNA binding (GO:0003677),GO_Molecular_Function_2021,2/811,0.4036023679196159,0.6174017754546322,0,0,1.4799907292954264,1.3428327712720796,JUN;H2BC10
adenyl ribonucleotide binding (GO:0032559),GO_Molecular_Function_2021,1/306,0.4082410480961063,0.6174017754546322,0,0,1.9534028812717337,1.7500487087486432,N4BP2
cadherin binding (GO:0045296),GO_Molecular_Function_2021,1/322,0.4243830697834764,0.6174017754546322,0,0,1.8545265741527424,1.58954952719401,H3C1
"DNA-binding transcription activator activity, RNA polymerase II-specific (GO:0001228)",GO_Molecular_Function_2021,1/333,0.4352319304338592,0.6174017754546322,0,0,1.7920774005111355,1.4907865677355157,JUN
GTPase activator activity (GO:0005096),GO_Molecular_Function_2021,1/336,0.4381560987097389,0.6174017754546322,0,0,1.775757575757576,1.465319711565496,JUN
purine ribonucleoside triphosphate binding (GO:0035639),GO_Molecular_Function_2021,1/460,0.546968126228506,0.737217909264508,0,0,1.2878457780418564,0.7770407438551266,N4BP2
transcription cis-regulatory region binding (GO:0000976),GO_Molecular_Function_2021,1/549,0.612151095105431,0.7906951645111817,0,0,1.0737668657376689,0.5269791571051261,JUN
double-stranded DNA binding (GO:0003690),GO_Molecular_Function_2021,1/651,0.6756896336940779,0.8137268183253695,0,0,0.9005128205128206,0.3530203237407752,JUN
sequence-specific DNA binding (GO:0043565),GO_Molecular_Function_2021,1/707,0.7061494045784109,0.8137268183253695,0,0,0.8266804017512233,0.2876256247601908,JUN
sequence-specific double-stranded DNA binding (GO:1990837),GO_Molecular_Function_2021,1/712,0.7087298095091928,0.8137268183253695,0,0,0.8206537953373396,0.2825354369398432,JUN
RNA polymerase II cis-regulatory region sequence-specific DNA binding (GO:0000978),GO_Molecular_Function_2021,1/1149,0.8664603382038416,0.9162968875512296,0,0,0.496726850385387,0.0712003018367219,JUN
cis-regulatory region sequence-specific DNA binding (GO:0000987),GO_Molecular_Function_2021,1/1149,0.8664603382038416,0.9162968875512296,0,0,0.496726850385387,0.0712003018367219,JUN
RNA polymerase II transcription regulatory region sequence-specific DNA binding (GO:0000977),GO_Molecular_Function_2021,1/1359,0.9087882456550098,0.9162968875512296,0,0,0.4152273842995492,0.0397136612362375,JUN
RNA binding (GO:0003723),GO_Molecular_Function_2021,1/1406,0.9162968875512296,0.9162968875512296,0,0,0.4003235198964736,0.0349942219540832,JUN
