Term,Gene_set,Overlap,P-value,Adjusted P-value,Old P-value,Old Adjusted P-value,Odds Ratio,Combined Score,Genes
actin-myosin filament sliding (GO:0033275),GO_Biological_Process_2021,11/38,7.577489541349353e-20,1.0115948537701387e-17,0,0,165.56538170823885,7289.267574210435,ACTA1;ACTC1;DES;MYH3;TNNC1;MYL2;TNNT2;MYL3;TNNI3;MYH6;MYH7
muscle filament sliding (GO:0030049),GO_Biological_Process_2021,11/38,7.577489541349353e-20,1.0115948537701387e-17,0,0,165.56538170823885,7289.267574210435,ACTA1;ACTC1;DES;MYH3;TNNC1;MYL2;TNNT2;MYL3;TNNI3;MYH6;MYH7
cardiac muscle tissue morphogenesis (GO:0055008),GO_Biological_Process_2021,10/32,1.6417807634567685e-18,1.4611848794765238e-16,0,0,181.0727272727273,7415.06402072565,TGFBR3;ACTC1;TNNC1;MYL2;TNNT2;MYL3;ANKRD1;TNNI3;MYH6;MYH7
ventricular cardiac muscle tissue development (GO:0003229),GO_Biological_Process_2021,8/25,4.194035315595889e-15,2.7995185731602563e-13,0,0,180.29864253393663,5968.806942398254,TGFBR3;TNNC1;MYL2;TNNT2;MYL3;TNNI3;MYH6;MYH7
ventricular cardiac muscle tissue morphogenesis (GO:0055010),GO_Biological_Process_2021,8/34,6.895832337093812e-14,3.682374468008095e-12,0,0,117.8343195266272,3571.0013495106523,TGFBR3;TNNC1;MYL2;TNNT2;MYL3;TNNI3;MYH6;MYH7
muscle contraction (GO:0006936),GO_Biological_Process_2021,11/129,1.3651833173328866e-13,6.075065762131344e-12,0,0,37.71048080249049,1117.0718350655052,ACTA1;DES;MYH3;ACTC1;MYL2;TNNC1;TNNT2;MYL3;TNNI3;MYH6;MYH7
heart contraction (GO:0060047),GO_Biological_Process_2021,8/41,3.570789395945435e-13,1.362001098167759e-11,0,0,92.8065268065268,2659.911114918597,ACTC1;TNNC1;MYL2;TNNT2;MYL3;TNNI3;MYH6;MYH7
cardiac ventricle morphogenesis (GO:0003208),GO_Biological_Process_2021,8/44,6.577712858014864e-13,2.1953116663624605e-11,0,0,85.05982905982906,2385.9213249768395,TGFBR3;TNNC1;MYL2;TNNT2;MYL3;TNNI3;MYH6;MYH7
striated muscle contraction (GO:0006941),GO_Biological_Process_2021,7/54,2.41660032046215e-10,7.169247617371045e-09,0,0,55.9016459253312,1237.857493017789,MYH3;TNNC1;TNNT2;MYL3;TNNI3;MYH6;MYH7
cardiac muscle contraction (GO:0060048),GO_Biological_Process_2021,6/34,7.102641618461052e-10,1.8964053121291013e-08,0,0,79.01587301587301,1664.499719513072,TNNC1;TNNT2;MYL3;TNNI3;MYH6;MYH7
myofibril assembly (GO:0030239),GO_Biological_Process_2021,6/43,3.1532680348603366e-09,7.653841502797362e-08,0,0,59.768768768768766,1169.9632758102753,ACTC1;MYH3;MYL2;TNNT2;ANKRD1;MYH6
skeletal muscle contraction (GO:0003009),GO_Biological_Process_2021,4/20,3.419671231799946e-07,7.60876849075488e-06,0,0,88.94642857142857,1324.2834590055554,MYH3;TNNC1;TNNI3;MYH7
sarcomere organization (GO:0045214),GO_Biological_Process_2021,4/28,1.4195081287021852e-06,2.9154513104883345e-05,0,0,59.273809523809526,798.1337079779742,MYH3;TNNT2;ANKRD1;MYH6
actomyosin structure organization (GO:0031032),GO_Biological_Process_2021,5/76,3.2166571907766915e-06,6.134624785266976e-05,0,0,25.4404609475032,321.7497804753642,MYH3;ACTC1;TNNT2;ANKRD1;MYH6
heart process (GO:0003015),GO_Biological_Process_2021,3/14,9.12559342754515e-06,0.0001624355630103037,0,0,95.35406698564591,1106.529369318391,ACTC1;MYL2;TNNI3
muscle tissue morphogenesis (GO:0060415),GO_Biological_Process_2021,3/17,1.693895628023485e-05,0.0002826688329264191,0,0,74.90977443609023,822.9508777283489,TGFBR3;ACTC1;ANKRD1
cardiac muscle cell development (GO:0055013),GO_Biological_Process_2021,3/24,4.96704652216321e-05,0.00078011848318681,0,0,49.92230576441103,494.7350454829724,ACTC1;MYL2;MYH6
regulation of muscle contraction (GO:0006937),GO_Biological_Process_2021,3/28,7.971213047691688e-05,0.0011823966020742,0,0,41.92631578947368,395.662364408761,TNNC1;MYL2;MYL3
skeletal muscle thin filament assembly (GO:0030240),GO_Biological_Process_2021,2/6,0.00013172812087927085,0.0017667782392768,0,0,171.86206896551724,1535.5481352286934,ACTA1;ACTC1
heart development (GO:0007507),GO_Biological_Process_2021,5/164,0.0001323429392716706,0.0017667782392768,0,0,11.30989136649514,100.99861899997782,TGFBR3;MYL2;TNNI3;MYH6;MYH7
regulation of blood circulation (GO:1903522),GO_Biological_Process_2021,3/35,0.00015689373211647583,0.0019947917369094,0,0,32.74342105263158,286.83046430248174,DES;TNNT2;MYH6
regulation of heart contraction (GO:0008016),GO_Biological_Process_2021,4/93,0.00017504641164192648,0.002124426904927,0,0,15.931781701444622,137.81723093446155,DES;TNNT2;ATP2A2;MYH6
skeletal myofibril assembly (GO:0014866),GO_Biological_Process_2021,2/8,0.0002449446364057232,0.0028434877356664,0,0,114.5632183908046,952.533398651173,ACTA1;ACTC1
adult heart development (GO:0007512),GO_Biological_Process_2021,2/9,0.0003143212446421759,0.0034968238466442,0,0,98.19211822660098,791.9287640001941,MYH6;MYH7
blood circulation (GO:0008015),GO_Biological_Process_2021,3/51,0.00048247544820875137,0.0051528377868694,0,0,21.81140350877193,166.56453921484714,ACTC1;MYL2;TNNI3
heart morphogenesis (GO:0003007),GO_Biological_Process_2021,3/53,0.0005404298149413073,0.0055497984842049,0,0,20.93684210526316,157.5109153603418,TGFBR3;ACTC1;ANKRD1
cardiac myofibril assembly (GO:0055003),GO_Biological_Process_2021,2/15,0.0009062132520838294,0.0089614421594956,0,0,52.856763925729446,370.3269570822188,ACTC1;MYL2
negative regulation of ATPase activity (GO:0032780),GO_Biological_Process_2021,2/17,0.0011692417829019,0.0111495555726718,0,0,45.80459770114943,309.24515125699804,TNNT2;TNNI3
regulation of cardiac muscle contraction by calcium ion signaling (GO:0010882),GO_Biological_Process_2021,2/21,0.0017915755394904,0.0164948506566881,0,0,36.15426497277677,228.66342831855343,ATP2A2;TNNI3
triglyceride catabolic process (GO:0019433),GO_Biological_Process_2021,2/23,0.0021501189989173,0.0191360590903644,0,0,32.70771756978654,200.89839244912685,FABP3;LPL
regulation of striated muscle contraction (GO:0006942),GO_Biological_Process_2021,2/30,0.0036473537827288,0.0314143051609222,0,0,24.52216748768473,137.66140025976537,MYL2;MYL3
vasculogenesis (GO:0001570),GO_Biological_Process_2021,2/33,0.004401659958467,0.0367263502784591,0,0,22.14571746384872,120.15764797067736,TGFBR3;TNNI3
acylglycerol catabolic process (GO:0046464),GO_Biological_Process_2021,2/35,0.0049411685635525,0.0399785456505616,0,0,20.80146290491118,110.45895947766212,FABP3;LPL
regulation of cardiac muscle contraction (GO:0055117),GO_Biological_Process_2021,2/36,0.0052217800953762,0.0410063319254547,0,0,20.188640973630832,106.0896310598831,ATP2A2;TNNI3
positive regulation of ATPase activity (GO:0032781),GO_Biological_Process_2021,2/42,0.007054670632329,0.0538170588237672,0,0,17.155172413793103,84.98784575125757,TNNT2;MYL3
cardiac muscle tissue development (GO:0048738),GO_Biological_Process_2021,2/53,0.0110551402595005,0.0819922902579623,0,0,13.447599729546992,60.57955112322511,ACTC1;ANKRD1
triglyceride metabolic process (GO:0006641),GO_Biological_Process_2021,2/55,0.0118680285263518,0.0847107085041004,0,0,12.938841899804814,57.36962390882845,FABP3;LPL
blood vessel morphogenesis (GO:0048514),GO_Biological_Process_2021,2/56,0.0122840523191902,0.0847107085041004,0,0,12.698595146871009,55.86687781355166,TGFBR3;TNNI3
muscle organ development (GO:0007517),GO_Biological_Process_2021,2/58,0.0131350562642909,0.0847107085041004,0,0,12.24384236453202,53.0460867363906,MYH3;MYH6
cellular response to nutrient (GO:0031670),GO_Biological_Process_2021,1/5,0.014911622845291,0.0847107085041004,0,0,84.47457627118644,355.26748708331087,LPL
ADP transport (GO:0015866),GO_Biological_Process_2021,1/5,0.014911622845291,0.0847107085041004,0,0,84.47457627118644,355.26748708331087,SLC25A4
striated muscle cell proliferation (GO:0014855),GO_Biological_Process_2021,1/5,0.014911622845291,0.0847107085041004,0,0,84.47457627118644,355.26748708331087,TGFBR3
atrial cardiac muscle tissue morphogenesis (GO:0055009),GO_Biological_Process_2021,1/5,0.014911622845291,0.0847107085041004,0,0,84.47457627118644,355.26748708331087,MYH6
positive regulation of the force of heart contraction (GO:0098735),GO_Biological_Process_2021,1/5,0.014911622845291,0.0847107085041004,0,0,84.47457627118644,355.26748708331087,MYL2
regulation of mitophagy (GO:1901524),GO_Biological_Process_2021,1/5,0.014911622845291,0.0847107085041004,0,0,84.47457627118644,355.26748708331087,SLC25A4
cardiac muscle cell proliferation (GO:0060038),GO_Biological_Process_2021,1/5,0.014911622845291,0.0847107085041004,0,0,84.47457627118644,355.26748708331087,TGFBR3
response to prostaglandin (GO:0034694),GO_Biological_Process_2021,1/5,0.014911622845291,0.0847107085041004,0,0,84.47457627118644,355.26748708331087,TGFBR3
positive regulation of cholesterol storage (GO:0010886),GO_Biological_Process_2021,1/6,0.0178676130920248,0.09262622417459,0,0,67.57627118644068,271.9786468771055,LPL
response to gonadotropin (GO:0034698),GO_Biological_Process_2021,1/6,0.0178676130920248,0.09262622417459,0,0,67.57627118644068,271.9786468771055,TGFBR3
ventricular compact myocardium morphogenesis (GO:0003223),GO_Biological_Process_2021,1/6,0.0178676130920248,0.09262622417459,0,0,67.57627118644068,271.9786468771055,TGFBR3
cholesterol homeostasis (GO:0042632),GO_Biological_Process_2021,2/71,0.0192619716562531,0.09262622417459,0,0,9.930534732633683,39.22186348982923,FABP3;LPL
sterol homeostasis (GO:0055092),GO_Biological_Process_2021,2/72,0.0197745609108739,0.09262622417459,0,0,9.78817733990148,38.4025333647804,FABP3;LPL
positive regulation of phospholipid biosynthetic process (GO:0071073),GO_Biological_Process_2021,1/7,0.0208148818369865,0.09262622417459,0,0,56.31073446327684,218.040067108672,FABP3
positive regulation of chemokine (C-X-C motif) ligand 2 production (GO:2000343),GO_Biological_Process_2021,1/7,0.0208148818369865,0.09262622417459,0,0,56.31073446327684,218.040067108672,LPL
autophagosome membrane docking (GO:0016240),GO_Biological_Process_2021,1/7,0.0208148818369865,0.09262622417459,0,0,56.31073446327684,218.040067108672,ATP2A2
creatine metabolic process (GO:0006600),GO_Biological_Process_2021,1/7,0.0208148818369865,0.09262622417459,0,0,56.31073446327684,218.040067108672,CKM
regulation of cardiac muscle cell membrane potential (GO:0086036),GO_Biological_Process_2021,1/7,0.0208148818369865,0.09262622417459,0,0,56.31073446327684,218.040067108672,ATP2A2
definitive hemopoiesis (GO:0060216),GO_Biological_Process_2021,1/7,0.0208148818369865,0.09262622417459,0,0,56.31073446327684,218.040067108672,TGFBR3
heart trabecula formation (GO:0060347),GO_Biological_Process_2021,1/7,0.0208148818369865,0.09262622417459,0,0,56.31073446327684,218.040067108672,TGFBR3
mitochondrion-endoplasmic reticulum membrane tethering (GO:1990456),GO_Biological_Process_2021,1/7,0.0208148818369865,0.09262622417459,0,0,56.31073446327684,218.040067108672,ATP2A2
coronary vasculature morphogenesis (GO:0060977),GO_Biological_Process_2021,1/8,0.0237534541210961,0.102293100811817,0,0,48.26392251815981,180.50838890404887,TGFBR3
regulation of cardiac muscle cell action potential involved in regulation of contraction (GO:0098909),GO_Biological_Process_2021,1/8,0.0237534541210961,0.102293100811817,0,0,48.26392251815981,180.50838890404887,ATP2A2
skeletal muscle fiber development (GO:0048741),GO_Biological_Process_2021,1/9,0.0266833549945496,0.1032529823702138,0,0,42.22881355932204,153.0251984891433,ACTA1
actin-mediated cell contraction (GO:0070252),GO_Biological_Process_2021,1/9,0.0266833549945496,0.1032529823702138,0,0,42.22881355932204,153.0251984891433,ACTC1
positive regulation of autophagy of mitochondrion (GO:1903599),GO_Biological_Process_2021,1/9,0.0266833549945496,0.1032529823702138,0,0,42.22881355932204,153.0251984891433,SLC25A4
chylomicron remodeling (GO:0034371),GO_Biological_Process_2021,1/9,0.0266833549945496,0.1032529823702138,0,0,42.22881355932204,153.0251984891433,LPL
positive regulation of sequestering of triglyceride (GO:0010890),GO_Biological_Process_2021,1/9,0.0266833549945496,0.1032529823702138,0,0,42.22881355932204,153.0251984891433,LPL
very-low-density lipoprotein particle remodeling (GO:0034372),GO_Biological_Process_2021,1/9,0.0266833549945496,0.1032529823702138,0,0,42.22881355932204,153.0251984891433,LPL
negative regulation of necroptotic process (GO:0060546),GO_Biological_Process_2021,1/9,0.0266833549945496,0.1032529823702138,0,0,42.22881355932204,153.0251984891433,SLC25A4
regulation of receptor binding (GO:1900120),GO_Biological_Process_2021,1/10,0.0296046094730556,0.109783760129248,0,0,37.53483992467044,132.1160756075347,ATP2A2
sarcoplasmic reticulum calcium ion transport (GO:0070296),GO_Biological_Process_2021,1/10,0.0296046094730556,0.109783760129248,0,0,37.53483992467044,132.1160756075347,ATP2A2
negative regulation of receptor binding (GO:1900121),GO_Biological_Process_2021,1/10,0.0296046094730556,0.109783760129248,0,0,37.53483992467044,132.1160756075347,ATP2A2
response to prostaglandin E (GO:0034695),GO_Biological_Process_2021,1/11,0.03251724254582,0.1142382073649203,0,0,33.77966101694916,115.72860487101576,TGFBR3
positive regulation of lipid localization (GO:1905954),GO_Biological_Process_2021,1/11,0.03251724254582,0.1142382073649203,0,0,33.77966101694916,115.72860487101576,LPL
negative regulation of programmed necrotic cell death (GO:0062099),GO_Biological_Process_2021,1/11,0.03251724254582,0.1142382073649203,0,0,33.77966101694916,115.72860487101576,SLC25A4
myotube cell development (GO:0014904),GO_Biological_Process_2021,1/11,0.03251724254582,0.1142382073649203,0,0,33.77966101694916,115.72860487101576,ACTA1
calcium ion homeostasis (GO:0055074),GO_Biological_Process_2021,2/97,0.0343485833311685,0.1167590312544666,0,0,7.203266787658802,24.283613400666805,ATP2A2;TNNI3
ATP transport (GO:0015867),GO_Biological_Process_2021,1/12,0.0354212791446134,0.1167590312544666,0,0,30.70724191063174,102.57577696947943,SLC25A4
mitochondrial genome maintenance (GO:0000002),GO_Biological_Process_2021,1/12,0.0354212791446134,0.1167590312544666,0,0,30.70724191063174,102.57577696947943,SLC25A4
regulation of muscle system process (GO:0090257),GO_Biological_Process_2021,1/12,0.0354212791446134,0.1167590312544666,0,0,30.70724191063174,102.57577696947943,TNNC1
phospholipid homeostasis (GO:0055091),GO_Biological_Process_2021,1/12,0.0354212791446134,0.1167590312544666,0,0,30.70724191063174,102.57577696947943,FABP3
calcium-mediated signaling (GO:0019722),GO_Biological_Process_2021,2/102,0.037641852242917,0.1175927665008518,0,0,6.841379310344828,22.437252731021232,ATP2A2;TNNI3
triglyceride-rich lipoprotein particle remodeling (GO:0034370),GO_Biological_Process_2021,1/13,0.038316744140727,0.1175927665008518,0,0,28.146892655367232,91.81145674128096,LPL
pathway-restricted SMAD protein phosphorylation (GO:0060389),GO_Biological_Process_2021,1/13,0.038316744140727,0.1175927665008518,0,0,28.146892655367232,91.81145674128096,TGFBR3
cardiac cell development (GO:0055006),GO_Biological_Process_2021,1/13,0.038316744140727,0.1175927665008518,0,0,28.146892655367232,91.81145674128096,MYH6
regulation of chemokine (C-X-C motif) ligand 2 production (GO:2000341),GO_Biological_Process_2021,1/13,0.038316744140727,0.1175927665008518,0,0,28.146892655367232,91.81145674128096,LPL
embryonic appendage morphogenesis (GO:0035113),GO_Biological_Process_2021,1/13,0.038316744140727,0.1175927665008518,0,0,28.146892655367232,91.81145674128096,MYH3
cellular metal ion homeostasis (GO:0006875),GO_Biological_Process_2021,2/104,0.0389919283697526,0.1182943854887207,0,0,6.706558485463151,21.758762502607787,ATP2A2;TNNI3
cellular response to low-density lipoprotein particle stimulus (GO:0071404),GO_Biological_Process_2021,1/14,0.0412036623612398,0.1182943854887207,0,0,25.980443285528036,82.85756066816143,LPL
positive regulation of cardiac muscle cell proliferation (GO:0060045),GO_Biological_Process_2021,1/14,0.0412036623612398,0.1182943854887207,0,0,25.980443285528036,82.85756066816143,TGFBR3
striated muscle cell development (GO:0055002),GO_Biological_Process_2021,1/14,0.0412036623612398,0.1182943854887207,0,0,25.980443285528036,82.85756066816143,MYH6
regulation of lipase activity (GO:0060191),GO_Biological_Process_2021,1/14,0.0412036623612398,0.1182943854887207,0,0,25.980443285528036,82.85756066816143,LPL
secondary palate development (GO:0062009),GO_Biological_Process_2021,1/14,0.0412036623612398,0.1182943854887207,0,0,25.980443285528036,82.85756066816143,TGFBR3
cellular divalent inorganic cation homeostasis (GO:0072503),GO_Biological_Process_2021,2/111,0.0438598428620982,0.1201011187392925,0,0,6.273647579879785,19.616165957046345,ATP2A2;TNNI3
regulation of sequestering of triglyceride (GO:0010889),GO_Biological_Process_2021,1/15,0.0440820585634856,0.1201011187392925,0,0,24.12348668280872,75.30634662640054,LPL
negative regulation of cellular component movement (GO:0051271),GO_Biological_Process_2021,1/15,0.0440820585634856,0.1201011187392925,0,0,24.12348668280872,75.30634662640054,TGFBR3
"positive regulation of DNA damage response, signal transduction by p53 class mediator (GO:0043517)",GO_Biological_Process_2021,1/15,0.0440820585634856,0.1201011187392925,0,0,24.12348668280872,75.30634662640054,ANKRD1
response to muscle stretch (GO:0035994),GO_Biological_Process_2021,1/15,0.0440820585634856,0.1201011187392925,0,0,24.12348668280872,75.30634662640054,ANKRD1
cellular response to transforming growth factor beta stimulus (GO:0071560),GO_Biological_Process_2021,2/114,0.046012093837942,0.1240932227750559,0,0,6.104679802955665,18.79539956196108,TGFBR3;ANKRD1
regulation of fatty acid oxidation (GO:0046320),GO_Biological_Process_2021,1/16,0.0469519574385199,0.1241205211493547,0,0,22.51412429378531,68.86238459395226,FABP3
regulation of cholesterol storage (GO:0010885),GO_Biological_Process_2021,1/16,0.0469519574385199,0.1241205211493547,0,0,22.51412429378531,68.86238459395226,LPL
cellular response to fatty acid (GO:0071398),GO_Biological_Process_2021,1/17,0.0498133836138164,0.125473334197066,0,0,21.10593220338983,63.30664389351284,LPL
positive regulation of cardiac muscle tissue growth (GO:0055023),GO_Biological_Process_2021,1/17,0.0498133836138164,0.125473334197066,0,0,21.10593220338983,63.30664389351284,TGFBR3
purine ribonucleotide transport (GO:0015868),GO_Biological_Process_2021,1/17,0.0498133836138164,0.125473334197066,0,0,21.10593220338983,63.30664389351284,SLC25A4
"mitochondrial electron transport, cytochrome c to oxygen (GO:0006123)",GO_Biological_Process_2021,1/17,0.0498133836138164,0.125473334197066,0,0,21.10593220338983,63.30664389351284,COX6A2
positive regulation of heart rate (GO:0010460),GO_Biological_Process_2021,1/17,0.0498133836138164,0.125473334197066,0,0,21.10593220338983,63.30664389351284,ATP2A2
regulation of fatty acid metabolic process (GO:0019217),GO_Biological_Process_2021,1/18,0.0526663616642541,0.127835623312326,0,0,19.863409770687937,58.47347515993359,FABP3
adenine nucleotide transport (GO:0051503),GO_Biological_Process_2021,1/18,0.0526663616642541,0.127835623312326,0,0,19.863409770687937,58.47347515993359,SLC25A4
positive regulation of macrophage derived foam cell differentiation (GO:0010744),GO_Biological_Process_2021,1/18,0.0526663616642541,0.127835623312326,0,0,19.863409770687937,58.47347515993359,LPL
intermediate filament organization (GO:0045109),GO_Biological_Process_2021,1/18,0.0526663616642541,0.127835623312326,0,0,19.863409770687937,58.47347515993359,DES
circulatory system development (GO:0072359),GO_Biological_Process_2021,2/126,0.0549964995898962,0.128881866019167,0,0,5.510567296996663,15.983321862017869,MYL2;TNNI3
regulation of mitochondrial membrane permeability (GO:0046902),GO_Biological_Process_2021,1/19,0.0555109160756712,0.128881866019167,0,0,18.75894538606403,54.2354050228785,SLC25A4
heart trabecula morphogenesis (GO:0061384),GO_Biological_Process_2021,1/19,0.0555109160756712,0.128881866019167,0,0,18.75894538606403,54.2354050228785,TGFBR3
response to fatty acid (GO:0070542),GO_Biological_Process_2021,1/19,0.0555109160756712,0.128881866019167,0,0,18.75894538606403,54.2354050228785,LPL
cardiac atrium morphogenesis (GO:0003209),GO_Biological_Process_2021,1/19,0.0555109160756712,0.128881866019167,0,0,18.75894538606403,54.2354050228785,MYH6
fatty acid transport (GO:0015908),GO_Biological_Process_2021,1/20,0.058347071283324,0.129822233605396,0,0,17.770740410347905,50.492824203227855,FABP3
positive regulation of heart contraction (GO:0045823),GO_Biological_Process_2021,1/20,0.058347071283324,0.129822233605396,0,0,17.770740410347905,50.492824203227855,ATP2A2
hepaticobiliary system development (GO:0061008),GO_Biological_Process_2021,1/20,0.058347071283324,0.129822233605396,0,0,17.770740410347905,50.492824203227855,TGFBR3
cardiac epithelial to mesenchymal transition (GO:0060317),GO_Biological_Process_2021,1/20,0.058347071283324,0.129822233605396,0,0,17.770740410347905,50.492824203227855,TGFBR3
endoplasmic reticulum calcium ion homeostasis (GO:0032469),GO_Biological_Process_2021,1/20,0.058347071283324,0.129822233605396,0,0,17.770740410347905,50.492824203227855,ATP2A2
regulation of lipoprotein lipase activity (GO:0051004),GO_Biological_Process_2021,1/21,0.061174851663758,0.1317232693082532,0,0,16.88135593220339,47.16683081464229,LPL
regulation of cardiac muscle cell proliferation (GO:0060043),GO_Biological_Process_2021,1/21,0.061174851663758,0.1317232693082532,0,0,16.88135593220339,47.16683081464229,TGFBR3
positive regulation of lipid storage (GO:0010884),GO_Biological_Process_2021,1/21,0.061174851663758,0.1317232693082532,0,0,16.88135593220339,47.16683081464229,LPL
intracellular lipid transport (GO:0032365),GO_Biological_Process_2021,1/21,0.061174851663758,0.1317232693082532,0,0,16.88135593220339,47.16683081464229,FABP3
cellular calcium ion homeostasis (GO:0006874),GO_Biological_Process_2021,2/136,0.0629147383516389,0.1334880715411567,0,0,5.096757591353577,14.09750320570259,ATP2A2;TNNI3
limb morphogenesis (GO:0035108),GO_Biological_Process_2021,1/22,0.0639942814878953,0.1334880715411567,0,0,16.076674737691686,44.19416072773483,MYH3
regulation of lipid storage (GO:0010883),GO_Biological_Process_2021,1/22,0.0639942814878953,0.1334880715411567,0,0,16.076674737691686,44.19416072773483,LPL
positive regulation of signal transduction by p53 class mediator (GO:1901798),GO_Biological_Process_2021,1/22,0.0639942814878953,0.1334880715411567,0,0,16.076674737691686,44.19416072773483,ANKRD1
regulation of necroptotic process (GO:0060544),GO_Biological_Process_2021,1/23,0.0668053849974009,0.1382716108085739,0,0,15.345146379044683,41.52353011470704,SLC25A4
monocarboxylic acid metabolic process (GO:0032787),GO_Biological_Process_2021,2/143,0.0686740815181707,0.1407983769687551,0,0,4.8420151626314505,12.968773137837502,CKM;LPL
regulation of cellular response to transforming growth factor beta stimulus (GO:1903844),GO_Biological_Process_2021,1/24,0.0696081863665755,0.1407983769687551,0,0,14.67722918201916,39.11295320546662,TGFBR3
cardiac muscle cell differentiation (GO:0055007),GO_Biological_Process_2021,1/24,0.0696081863665755,0.1407983769687551,0,0,14.67722918201916,39.11295320546662,MYH6
acylglycerol homeostasis (GO:0055090),GO_Biological_Process_2021,1/25,0.0724027096697759,0.1421435550134571,0,0,14.064971751412427,36.927745838789015,LPL
regulation of cardiac muscle cell action potential (GO:0098901),GO_Biological_Process_2021,1/25,0.0724027096697759,0.1421435550134571,0,0,14.064971751412427,36.927745838789015,ATP2A2
response to hexose (GO:0009746),GO_Biological_Process_2021,1/25,0.0724027096697759,0.1421435550134571,0,0,14.064971751412427,36.927745838789015,LPL
in utero embryonic development (GO:0001701),GO_Biological_Process_2021,1/25,0.0724027096697759,0.1421435550134571,0,0,14.064971751412427,36.927745838789015,MYH6
actin filament organization (GO:0007015),GO_Biological_Process_2021,2/152,0.076323713214089,0.1487476746581151,0,0,4.549425287356322,11.704632174727754,ACTA1;ACTC1
regulation of cardiac muscle cell contraction (GO:0086004),GO_Biological_Process_2021,1/27,0.0779670181418841,0.1507464283847971,0,0,12.98174706649283,33.12253021761694,ATP2A2
cytosolic calcium ion transport (GO:0060401),GO_Biological_Process_2021,1/28,0.0807368511574007,0.1507464283847971,0,0,12.500313873195228,31.45779193205892,ATP2A2
calcium ion import (GO:0070509),GO_Biological_Process_2021,1/28,0.0807368511574007,0.1507464283847971,0,0,12.500313873195228,31.45779193205892,ATP2A2
response to ketone (GO:1901654),GO_Biological_Process_2021,1/28,0.0807368511574007,0.1507464283847971,0,0,12.500313873195228,31.45779193205892,TGFBR3
ventricular septum morphogenesis (GO:0060412),GO_Biological_Process_2021,1/28,0.0807368511574007,0.1507464283847971,0,0,12.500313873195228,31.45779193205892,TGFBR3
"regulation of DNA damage response, signal transduction by p53 class mediator (GO:0043516)",GO_Biological_Process_2021,1/28,0.0807368511574007,0.1507464283847971,0,0,12.500313873195228,31.45779193205892,ANKRD1
lipid catabolic process (GO:0016042),GO_Biological_Process_2021,1/29,0.0834985018208404,0.1537524136976854,0,0,12.053268765133172,29.927381507961847,LPL
regulation of DNA biosynthetic process (GO:2000278),GO_Biological_Process_2021,1/29,0.0834985018208404,0.1537524136976854,0,0,12.053268765133172,29.927381507961847,ANKRD1
response to alcohol (GO:0097305),GO_Biological_Process_2021,1/30,0.0862519938757385,0.1577348107179601,0,0,11.637054354178844,28.516393460743195,TGFBR3
supramolecular fiber organization (GO:0097435),GO_Biological_Process_2021,3/351,0.0883903748563167,0.1584152848034623,0,0,2.9630973986690865,7.188451168070221,DES;ACTC1;MYH6
regulation of transmembrane receptor protein serine/threonine kinase signaling pathway (GO:0090092),GO_Biological_Process_2021,1/31,0.0889973510131811,0.1584152848034623,0,0,11.248587570621469,27.21200570122755,TGFBR3
regulation of macrophage derived foam cell differentiation (GO:0010743),GO_Biological_Process_2021,1/31,0.0889973510131811,0.1584152848034623,0,0,11.248587570621469,27.21200570122755,LPL
triglyceride homeostasis (GO:0070328),GO_Biological_Process_2021,1/31,0.0889973510131811,0.1584152848034623,0,0,11.248587570621469,27.21200570122755,LPL
liver development (GO:0001889),GO_Biological_Process_2021,1/32,0.0917345968770788,0.1590463465336366,0,0,10.88518316019683,26.003131702693533,TGFBR3
long-chain fatty acid transport (GO:0015909),GO_Biological_Process_2021,1/32,0.0917345968770788,0.1590463465336366,0,0,10.88518316019683,26.003131702693533,FABP3
negative regulation of DNA biosynthetic process (GO:2000279),GO_Biological_Process_2021,1/32,0.0917345968770788,0.1590463465336366,0,0,10.88518316019683,26.003131702693533,ANKRD1
mitochondrial membrane organization (GO:0007006),GO_Biological_Process_2021,1/32,0.0917345968770788,0.1590463465336366,0,0,10.88518316019683,26.003131702693533,SLC25A4
muscle cell development (GO:0055001),GO_Biological_Process_2021,1/33,0.09446375498836,0.1627214360122073,0,0,10.544491525423728,24.880139655306092,MYH6
autophagosome maturation (GO:0097352),GO_Biological_Process_2021,1/34,0.0971848488620792,0.1663356067062509,0,0,10.224447868515664,23.834624062165258,ATP2A2
positive regulation of lipid biosynthetic process (GO:0046889),GO_Biological_Process_2021,1/35,0.0998979019015595,0.1698900624695312,0,0,9.923230309072782,22.85921878898856,FABP3
negative regulation of DNA metabolic process (GO:0051053),GO_Biological_Process_2021,1/36,0.1026029374863953,0.1722954987979092,0,0,9.639225181598064,21.947443048733657,ANKRD1
embryonic limb morphogenesis (GO:0030326),GO_Biological_Process_2021,1/36,0.1026029374863953,0.1722954987979092,0,0,9.639225181598064,21.947443048733657,MYH3
skeletal muscle tissue development (GO:0007519),GO_Biological_Process_2021,1/37,0.1052999788759501,0.1757193397492418,0,0,9.370998116760829,21.09357380941926,ACTA1
ventricular septum development (GO:0003281),GO_Biological_Process_2021,1/38,0.1079890493135275,0.1790874296069058,0,0,9.117269812185066,20.292539475955067,TGFBR3
acylglycerol metabolic process (GO:0006639),GO_Biological_Process_2021,1/41,0.1160086660925291,0.1911994681895387,0,0,8.432203389830509,18.163728229298105,LPL
regulation of chemokine production (GO:0032642),GO_Biological_Process_2021,1/42,0.1186660835892662,0.1943794129959145,0,0,8.226126498553121,17.533509462955344,LPL
erythrocyte differentiation (GO:0030218),GO_Biological_Process_2021,1/46,0.1292174232451343,0.2103722683320174,0,0,7.493408662900189,15.333453732333885,TGFBR3
epithelial to mesenchymal transition (GO:0001837),GO_Biological_Process_2021,1/47,0.1318357892142466,0.2133342770921446,0,0,7.330140014738394,14.852316151299132,TGFBR3
cellular response to mechanical stimulus (GO:0071260),GO_Biological_Process_2021,1/49,0.1370493166479286,0.2178105211011722,0,0,7.0240112994350286,13.95962150005924,ANKRD1
regulation of stress-activated MAPK cascade (GO:0032872),GO_Biological_Process_2021,1/49,0.1370493166479286,0.2178105211011722,0,0,7.0240112994350286,13.95962150005924,TGFBR3
response to glucose (GO:0009749),GO_Biological_Process_2021,1/49,0.1370493166479286,0.2178105211011722,0,0,7.0240112994350286,13.95962150005924,LPL
regulation of cellular component movement (GO:0051270),GO_Biological_Process_2021,1/50,0.1396445230534406,0.2201519917093254,0,0,6.88031822898651,13.544974303558986,TGFBR3
cellular response to lipid (GO:0071396),GO_Biological_Process_2021,2/219,0.1401716801145518,0.2201519917093254,0,0,3.134117273160655,6.1581872929225385,ANKRD1;LPL
mesenchymal cell differentiation (GO:0048762),GO_Biological_Process_2021,1/51,0.1422320544478961,0.2207904566138853,0,0,6.742372881355932,13.14961860629303,TGFBR3
positive regulation of fat cell differentiation (GO:0045600),GO_Biological_Process_2021,1/51,0.1422320544478961,0.2207904566138853,0,0,6.742372881355932,13.14961860629303,LPL
response to peptide hormone (GO:0043434),GO_Biological_Process_2021,1/52,0.1448119331189623,0.2234958736575893,0,0,6.609837155201063,12.772316508882604,TGFBR3
positive regulation of chemokine production (GO:0032722),GO_Biological_Process_2021,1/53,0.1473841813494661,0.2248661509731854,0,0,6.482398956975228,12.41193110915411,LPL
positive regulation of macroautophagy (GO:0016239),GO_Biological_Process_2021,1/53,0.1473841813494661,0.2248661509731854,0,0,6.482398956975228,12.41193110915411,SLC25A4
positive regulation of response to DNA damage stimulus (GO:2001022),GO_Biological_Process_2021,1/55,0.1525058751374526,0.2299987912251411,0,0,6.241682360326428,11.73780923341877,ANKRD1
regulation of cardiac conduction (GO:1903779),GO_Biological_Process_2021,1/55,0.1525058751374526,0.2299987912251411,0,0,6.241682360326428,11.73780923341877,ATP2A2
autophagosome organization (GO:1905037),GO_Biological_Process_2021,1/56,0.1550553648708816,0.2299987912251411,0,0,6.12788906009245,11.422219957998047,ATP2A2
mitochondrial transport (GO:0006839),GO_Biological_Process_2021,1/56,0.1550553648708816,0.2299987912251411,0,0,6.12788906009245,11.422219957998047,SLC25A4
positive regulation of interleukin-1 beta production (GO:0032731),GO_Biological_Process_2021,1/56,0.1550553648708816,0.2299987912251411,0,0,6.12788906009245,11.422219957998047,LPL
chordate embryonic development (GO:0043009),GO_Biological_Process_2021,1/58,0.1601317399952158,0.2349185416413331,0,0,5.912280701754386,10.829870001571042,MYH6
autophagosome assembly (GO:0000045),GO_Biological_Process_2021,1/58,0.1601317399952158,0.2349185416413331,0,0,5.912280701754386,10.829870001571042,ATP2A2
positive regulation of interleukin-1 production (GO:0032732),GO_Biological_Process_2021,1/62,0.1701946848493095,0.2483168352719434,0,0,5.523478744095582,9.78104405565578,LPL
monocarboxylic acid biosynthetic process (GO:0072330),GO_Biological_Process_2021,1/63,0.1726918383694235,0.2505908741556308,0,0,5.434117003827228,9.543649261752437,LPL
lipid homeostasis (GO:0055088),GO_Biological_Process_2021,1/64,0.1751816020210316,0.2514703641914809,0,0,5.347592144202314,9.315142506150496,FABP3
diterpenoid metabolic process (GO:0016101),GO_Biological_Process_2021,1/64,0.1751816020210316,0.2514703641914809,0,0,5.347592144202314,9.315142506150496,LPL
BMP signaling pathway (GO:0030509),GO_Biological_Process_2021,1/65,0.17766399732423,0.2536699854843284,0,0,5.263771186440678,9.09506583049212,TGFBR3
cellular response to nutrient levels (GO:0031669),GO_Biological_Process_2021,1/66,0.1801390456585259,0.2558357722916299,0,0,5.182529335071708,8.88299132386989,LPL
anion transmembrane transport (GO:0098656),GO_Biological_Process_2021,1/67,0.1826067684788564,0.257968291978067,0,0,5.103749357986646,8.678518729968271,SLC25A4
positive regulation of protein transport (GO:0051222),GO_Biological_Process_2021,1/69,0.1875203226168755,0.2614134518054584,0,0,4.953140578265204,8.290903771791394,ANKRD1
aerobic electron transport chain (GO:0019646),GO_Biological_Process_2021,1/70,0.1899661964295428,0.2614134518054584,0,0,4.881110292311472,8.107080679196798,COX6A2
fatty acid biosynthetic process (GO:0006633),GO_Biological_Process_2021,1/71,0.1924048295659681,0.2614134518054584,0,0,4.811138014527845,7.929494628161929,LPL
gland development (GO:0048732),GO_Biological_Process_2021,1/71,0.1924048295659681,0.2614134518054584,0,0,4.811138014527845,7.929494628161929,TGFBR3
mitochondrial ATP synthesis coupled electron transport (GO:0042775),GO_Biological_Process_2021,1/71,0.1924048295659681,0.2614134518054584,0,0,4.811138014527845,7.929494628161929,COX6A2
response to metal ion (GO:0010038),GO_Biological_Process_2021,1/71,0.1924048295659681,0.2614134518054584,0,0,4.811138014527845,7.929494628161929,TNNT2
cellular response to BMP stimulus (GO:0071773),GO_Biological_Process_2021,1/71,0.1924048295659681,0.2614134518054584,0,0,4.811138014527845,7.929494628161929,TGFBR3
positive regulation of protein secretion (GO:0050714),GO_Biological_Process_2021,1/72,0.1948362431059409,0.2614134518054584,0,0,4.743136786822631,7.757854854821752,ANKRD1
negative regulation of epithelial cell proliferation (GO:0050680),GO_Biological_Process_2021,1/72,0.1948362431059409,0.2614134518054584,0,0,4.743136786822631,7.757854854821752,TGFBR3
positive regulation of secretion by cell (GO:1903532),GO_Biological_Process_2021,1/72,0.1948362431059409,0.2614134518054584,0,0,4.743136786822631,7.757854854821752,ANKRD1
negative regulation of protein binding (GO:0032091),GO_Biological_Process_2021,1/74,0.1996774954269293,0.2665694563949506,0,0,4.61272347341537,7.431336163287547,ATP2A2
positive regulation of interleukin-6 production (GO:0032755),GO_Biological_Process_2021,1/76,0.2044901207943848,0.2702913972876274,0,0,4.489265536723164,7.125522139423135,LPL
phospholipid metabolic process (GO:0006644),GO_Biological_Process_2021,1/76,0.2044901207943848,0.2702913972876274,0,0,4.489265536723164,7.125522139423135,LPL
positive regulation of tumor necrosis factor production (GO:0032760),GO_Biological_Process_2021,1/77,0.2068857503807849,0.2721108145402443,0,0,4.429973238180196,6.979815193343096,LPL
regulation of fat cell differentiation (GO:0045598),GO_Biological_Process_2021,1/80,0.2140301552862125,0.2787612266410671,0,0,4.261102767646428,6.569079488195031,LPL
lipid biosynthetic process (GO:0008610),GO_Biological_Process_2021,1/80,0.2140301552862125,0.2787612266410671,0,0,4.261102767646428,6.569079488195031,LPL
positive regulation of tumor necrosis factor superfamily cytokine production (GO:1903557),GO_Biological_Process_2021,1/81,0.2163975309139009,0.2804764114272405,0,0,4.207627118644068,6.440354554688398,LPL
epidermis development (GO:0008544),GO_Biological_Process_2021,1/83,0.2211112661510016,0.28383032722268,0,0,4.104588673005374,6.194190590446407,ATP2A2
regulation of interleukin-1 beta production (GO:0032651),GO_Biological_Process_2021,1/83,0.2211112661510016,0.28383032722268,0,0,4.104588673005374,6.194190590446407,LPL
response to interleukin-1 (GO:0070555),GO_Biological_Process_2021,1/86,0.228129634375795,0.2914383367384558,0,0,3.9591226321036888,5.850954699068187,ANKRD1
calcium ion transmembrane transport (GO:0070588),GO_Biological_Process_2021,1/87,0.2304552422279682,0.2930073794041309,0,0,3.912889239258967,5.742942106486769,ATP2A2
transforming growth factor beta receptor signaling pathway (GO:0007179),GO_Biological_Process_2021,1/89,0.2350858064592527,0.29607504870104,0,0,3.823574730354392,5.535789456285142,TGFBR3
positive regulation of inflammatory response (GO:0050729),GO_Biological_Process_2021,1/89,0.2350858064592527,0.29607504870104,0,0,3.823574730354392,5.535789456285142,LPL
negative regulation of cellular process (GO:0048523),GO_Biological_Process_2021,3/566,0.2409418882682926,0.3019100308731635,0,0,1.8114424605029449,2.578044007843153,TGFBR3;FABP3;MYL2
retinoid metabolic process (GO:0001523),GO_Biological_Process_2021,1/92,0.2419803243702508,0.3019100308731635,0,0,3.696964052896256,5.245618081542441,LPL
regulation of epithelial cell proliferation (GO:0050678),GO_Biological_Process_2021,1/93,0.2442648890533911,0.3033429087314206,0,0,3.6565954310980096,5.153978689104962,TGFBR3
hemopoiesis (GO:0030097),GO_Biological_Process_2021,1/94,0.2465426828320222,0.3047541496118053,0,0,3.617094951704028,5.064729217695601,TGFBR3
cellular response to oxygen-containing compound (GO:1901701),GO_Biological_Process_2021,2/323,0.2527099512808135,0.3109380506542728,0,0,2.1075303469760445,2.898935148936706,ANKRD1;LPL
positive regulation of defense response (GO:0031349),GO_Biological_Process_2021,1/98,0.2555865420581644,0.3130348932547244,0,0,3.4672374628691247,4.729985272302349,LPL
organic anion transport (GO:0015711),GO_Biological_Process_2021,1/99,0.25783077585673,0.314341630839027,0,0,3.4316845382220684,4.65148304199707,SLC25A4
regulation of transforming growth factor beta receptor signaling pathway (GO:0017015),GO_Biological_Process_2021,1/100,0.2600683562676618,0.3156284141975714,0,0,3.396849854476973,4.574913980988086,TGFBR3
regulation of JNK cascade (GO:0046328),GO_Biological_Process_2021,1/105,0.2711571337015696,0.3275970800828917,0,0,3.2327249022164275,4.218889606408344,TGFBR3
response to calcium ion (GO:0051592),GO_Biological_Process_2021,1/107,0.2755467451161427,0.3314008150721176,0,0,3.1714102974096576,4.087941502122476,TNNT2
lipid transport (GO:0006869),GO_Biological_Process_2021,1/109,0.2799103572332033,0.3332567125328936,0,0,3.112366603892028,3.962932449531894,FABP3
regulation of interleukin-6 production (GO:0032675),GO_Biological_Process_2021,1/110,0.2820824607956327,0.3332567125328936,0,0,3.083657285025657,3.902540475199397,LPL
response to endoplasmic reticulum stress (GO:0034976),GO_Biological_Process_2021,1/110,0.2820824607956327,0.3332567125328936,0,0,3.083657285025657,3.902540475199397,ATP2A2
response to tumor necrosis factor (GO:0034612),GO_Biological_Process_2021,1/110,0.2820824607956327,0.3332567125328936,0,0,3.083657285025657,3.902540475199397,ANKRD1
cellular response to molecule of bacterial origin (GO:0071219),GO_Biological_Process_2021,1/115,0.2928467067444856,0.3429389065823582,0,0,2.9476657746060067,3.620046000344292,ANKRD1
calcium ion transport (GO:0006816),GO_Biological_Process_2021,1/115,0.2928467067444856,0.3429389065823582,0,0,2.9476657746060067,3.620046000344292,ATP2A2
cellular response to lipopolysaccharide (GO:0071222),GO_Biological_Process_2021,1/120,0.3034522066694303,0.3522684312205995,0,0,2.8231021222048143,3.366637233880824,ANKRD1
cytoskeleton organization (GO:0007010),GO_Biological_Process_2021,1/120,0.3034522066694303,0.3522684312205995,0,0,2.8231021222048143,3.366637233880824,DES
fatty acid metabolic process (GO:0006631),GO_Biological_Process_2021,1/124,0.3118238575505706,0.3574773631844495,0,0,2.730742731156125,3.182180407661386,LPL
regulation of tumor necrosis factor production (GO:0032680),GO_Biological_Process_2021,1/124,0.3118238575505706,0.3574773631844495,0,0,2.730742731156125,3.182180407661386,LPL
regulation of protein secretion (GO:0050708),GO_Biological_Process_2021,1/125,0.3139012626235478,0.3574773631844495,0,0,2.708583925642428,3.138373335904178,ANKRD1
negative regulation of cell population proliferation (GO:0008285),GO_Biological_Process_2021,2/379,0.315028140491505,0.3574773631844495,0,0,1.789353333943108,2.066870063927164,TGFBR3;FABP3
negative regulation of cell growth (GO:0030308),GO_Biological_Process_2021,1/126,0.3159725007922475,0.3574773631844495,0,0,2.686779661016949,3.095439094617908,MYL2
negative regulation of growth (GO:0045926),GO_Biological_Process_2021,1/126,0.3159725007922475,0.3574773631844495,0,0,2.686779661016949,3.095439094617908,MYL2
positive regulation of macromolecule metabolic process (GO:0010604),GO_Biological_Process_2021,2/384,0.320560538026685,0.3611378213212021,0,0,1.7654811337786604,2.008559875234384,ACTA1;ACTC1
transmembrane receptor protein serine/threonine kinase signaling pathway (GO:0007178),GO_Biological_Process_2021,1/133,0.3303000004487687,0.3705466391589128,0,0,2.5434001027221367,2.8174614980805,TGFBR3
positive regulation of response to external stimulus (GO:0032103),GO_Biological_Process_2021,1/139,0.3423455290022572,0.3824529549941535,0,0,2.4320805698845493,2.607031636868053,LPL
organelle assembly (GO:0070925),GO_Biological_Process_2021,2/425,0.3654775680863217,0.4065937944960329,0,0,1.591016548463357,1.6014383033287791,ATP2A2;MYH6
cellular response to interleukin-1 (GO:0071347),GO_Biological_Process_2021,1/155,0.3734351095815957,0.4137227147646725,0,0,2.1776359233986358,2.1449953942099538,ANKRD1
cellular response to growth factor stimulus (GO:0071363),GO_Biological_Process_2021,1/158,0.379101347277835,0.4182647095999254,0,0,2.1357011767246035,2.0715269925684447,ANKRD1
response to lipopolysaccharide (GO:0032496),GO_Biological_Process_2021,1/159,0.3809788723713768,0.4186064153216362,0,0,2.1220768075520278,2.0478282228685085,ANKRD1
regulation of MAPK cascade (GO:0043408),GO_Biological_Process_2021,1/166,0.3939661323383511,0.4311022841571301,0,0,2.031330251669235,1.892164490348136,TGFBR3
mitochondrion organization (GO:0007005),GO_Biological_Process_2021,1/175,0.4102709618529199,0.4471116196519576,0,0,1.9253847652444964,1.7153974026473275,SLC25A4
positive regulation of cellular biosynthetic process (GO:0031328),GO_Biological_Process_2021,1/180,0.4191420018454643,0.4549224166371504,0,0,1.871129627876148,1.6270323664044068,FABP3
positive regulation of gene expression (GO:0010628),GO_Biological_Process_2021,2/482,0.4260090716342188,0.4605037333050059,0,0,1.3979885057471264,1.1928960959724986,ACTA1;ACTC1
cellular response to tumor necrosis factor (GO:0071356),GO_Biological_Process_2021,1/194,0.4432887284347379,0.4772503648873992,0,0,1.7341705453587424,1.4108066381034987,ANKRD1
regulation of inflammatory response (GO:0050727),GO_Biological_Process_2021,1/206,0.4631982242551198,0.4966824332374176,0,0,1.631665977676726,1.2557304405247154,LPL
phosphate-containing compound metabolic process (GO:0006796),GO_Biological_Process_2021,1/212,0.4728887228523605,0.505045156006321,0,0,1.5847859265804485,1.186838536055408,LPL
regulation of cell growth (GO:0001558),GO_Biological_Process_2021,1/217,0.4808325660487362,0.5114832475498509,0,0,1.5477087256748274,1.1332883018382696,MYL2
regulation of ERK1 and ERK2 cascade (GO:0070372),GO_Biological_Process_2021,1/238,0.51293068427357,0.5434622726231872,0,0,1.4090681541872274,0.9407144176217482,TGFBR3
positive regulation of cell differentiation (GO:0045597),GO_Biological_Process_2021,1/258,0.5416824277583494,0.5716569494524872,0,0,1.2980940447141067,0.7958294944292443,LPL
inorganic cation transmembrane transport (GO:0098662),GO_Biological_Process_2021,1/274,0.5634763349520957,0.5923156749299588,0,0,1.2210219159371702,0.7004147319430488,ATP2A2
positive regulation of programmed cell death (GO:0043068),GO_Biological_Process_2021,1/286,0.5791498600794559,0.6064039711420186,0,0,1.1688968183169788,0.6384444395378993,ANKRD1
positive regulation of apoptotic process (GO:0043065),GO_Biological_Process_2021,1/310,0.6088549977264024,0.6350167359099588,0,0,1.07679227689101,0.5342775572230495,ANKRD1
positive regulation of cytokine production (GO:0001819),GO_Biological_Process_2021,1/335,0.637604961326833,0.6624144928959705,0,0,0.9949254034304272,0.447752617262707,LPL
organelle organization (GO:0006996),GO_Biological_Process_2021,1/420,0.7206575795490398,0.7457967974402854,0,0,0.7896525221471623,0.2586832006136422,DES
positive regulation of cell population proliferation (GO:0008284),GO_Biological_Process_2021,1/474,0.7633729683357545,0.7869520561607971,0,0,0.6975669186942344,0.1883490314535475,TGFBR3
cellular response to cytokine stimulus (GO:0071345),GO_Biological_Process_2021,1/482,0.7691286850066313,0.7898359957568098,0,0,0.685683075513584,0.1799897384557213,ANKRD1
protein phosphorylation (GO:0006468),GO_Biological_Process_2021,1/496,0.7788717389684306,0.7967768364159807,0,0,0.6658106488614963,0.1663920035195269,TGFBR3
negative regulation of cellular macromolecule biosynthetic process (GO:2000113),GO_Biological_Process_2021,1/547,0.811063814413977,0.826542131482946,0,0,0.6020363816973986,0.126071560849056,ANKRD1
regulation of gene expression (GO:0010468),GO_Biological_Process_2021,2/1079,0.841772359615634,0.854574981054655,0,0,0.6039445458329331,0.1040268257189657,ACTA1;ACTC1
regulation of apoptotic process (GO:0042981),GO_Biological_Process_2021,1/742,0.8968680473849906,0.9070597297416384,0,0,0.4391454516343008,0.0477994595017499,ANKRD1
regulation of cell population proliferation (GO:0042127),GO_Biological_Process_2021,1/764,0.9037139852704767,0.9105344681781786,0,0,0.4259946242530599,0.0431286996695284,FABP3
regulation of transcription by RNA polymerase II (GO:0006357),GO_Biological_Process_2021,1/2206,0.9991063590311215,0.9992137602043796,0,0,0.1363234559360467,0.00012187869125401052,ANKRD1
"regulation of transcription, DNA-templated (GO:0006355)",GO_Biological_Process_2021,1/2244,0.9992137602043796,0.9992137602043796,0,0,0.1337267733135857,0.00010518266573842886,ANKRD1
myofibril (GO:0030016),GO_Cellular_Component_2021,6/27,1.5887902555327614e-10,5.401886868811389e-09,0,0,105.3915343915344,2377.936337860016,DES;MYL2;TNNT2;TNNI3;MYH6;MYH7
cardiac myofibril (GO:0097512),GO_Cellular_Component_2021,4/5,3.6493412591189065e-10,6.203880140502142e-09,0,0,1424.2142857142858,30950.033968011663,DES;MYL2;TNNT2;TNNI3
muscle myosin complex (GO:0005859),GO_Cellular_Component_2021,4/15,9.742769899857604e-08,1.1041805886505283e-06,0,0,129.4090909090909,2089.2004586369653,MYH3;MYL3;MYH6;MYH7
filopodium (GO:0030175),GO_Cellular_Component_2021,2/58,0.0131350562642909,0.1094839537197143,0,0,12.24384236453202,53.0460867363906,ACTA1;ACTC1
myosin filament (GO:0032982),GO_Cellular_Component_2021,1/6,0.0178676130920248,0.1094839537197143,0,0,67.57627118644068,271.9786468771055,MYH7
actin filament (GO:0005884),GO_Cellular_Component_2021,2/72,0.0197745609108739,0.1094839537197143,0,0,9.78817733990148,38.4025333647804,ACTA1;ACTC1
actin-based cell projection (GO:0098858),GO_Cellular_Component_2021,2/83,0.0257814879353942,0.1094839537197143,0,0,8.454235845040444,30.926428025430827,ACTA1;ACTC1
platelet dense tubular network membrane (GO:0031095),GO_Cellular_Component_2021,1/9,0.0266833549945496,0.1094839537197143,0,0,42.22881355932204,153.0251984891433,ATP2A2
mitochondrial respiratory chain complex IV (GO:0005751),GO_Cellular_Component_2021,1/10,0.0296046094730556,0.1094839537197143,0,0,37.53483992467044,132.1160756075347,COX6A2
platelet dense tubular network (GO:0031094),GO_Cellular_Component_2021,1/11,0.03251724254582,0.1094839537197143,0,0,33.77966101694916,115.72860487101576,ATP2A2
intrinsic component of mitochondrial membrane (GO:0098573),GO_Cellular_Component_2021,1/12,0.0354212791446134,0.1094839537197143,0,0,30.70724191063174,102.57577696947943,SLC25A4
supramolecular fiber (GO:0099512),GO_Cellular_Component_2021,1/19,0.0555109160756712,0.1572809288810684,0,0,18.75894538606403,54.2354050228785,MYH7
actin cytoskeleton (GO:0015629),GO_Cellular_Component_2021,3/316,0.0692447529257103,0.1811016614980117,0,0,3.3003194888178915,8.812209162095835,ACTA1;ACTC1;MYL2
sarcoplasmic reticulum membrane (GO:0033017),GO_Cellular_Component_2021,1/28,0.0807368511574007,0.1960752099536874,0,0,12.500313873195228,31.45779193205892,ATP2A2
intercalated disc (GO:0014704),GO_Cellular_Component_2021,1/31,0.0889973510131811,0.2017273289632105,0,0,11.248587570621469,27.21200570122755,DES
sarcoplasmic reticulum (GO:0016529),GO_Cellular_Component_2021,1/45,0.1265912923641668,0.2636715784284933,0,0,7.664098613251156,15.840094270101874,ATP2A2
cell-cell contact zone (GO:0044291),GO_Cellular_Component_2021,1/47,0.1318357892142466,0.2636715784284933,0,0,7.330140014738394,14.852316151299132,DES
sarcolemma (GO:0042383),GO_Cellular_Component_2021,1/52,0.1448119331189623,0.2735336514469289,0,0,6.609837155201063,12.772316508882604,DES
polymeric cytoskeletal fiber (GO:0099513),GO_Cellular_Component_2021,2/256,0.1790808413948686,0.3062363776194941,0,0,2.672549551995656,4.596565939232656,ACTA1;ACTC1
integral component of mitochondrial membrane (GO:0032592),GO_Cellular_Component_2021,1/66,0.1801390456585259,0.3062363776194941,0,0,5.182529335071708,8.88299132386989,SLC25A4
intermediate filament cytoskeleton (GO:0045111),GO_Cellular_Component_2021,1/84,0.2234576665526605,0.3617886029900217,0,0,4.05493159076986,6.076449994742102,DES
cytoskeleton (GO:0005856),GO_Cellular_Component_2021,3/600,0.2684390791055561,0.4148603949813139,0,0,1.7052807899144846,2.2426681152284167,ACTA1;DES;MYL2
integral component of organelle membrane (GO:0031301),GO_Cellular_Component_2021,1/214,0.4760805013412824,0.7037711758958087,0,0,1.569746160579295,1.1650158686025387,SLC25A4
mitochondrial inner membrane (GO:0005743),GO_Cellular_Component_2021,1/328,0.6297713296406828,0.8782963477971895,0,0,1.0165863266469704,0.4700679867776925,SLC25A4
organelle inner membrane (GO:0019866),GO_Cellular_Component_2021,1/346,0.6495868197564371,0.8782963477971895,0,0,0.962662736428396,0.4153107834210776,SLC25A4
focal adhesion (GO:0005925),GO_Cellular_Component_2021,1/387,0.6909111590672657,0.8782963477971895,0,0,0.8586106964081848,0.3174661809145289,ACTC1
cell-substrate junction (GO:0030055),GO_Cellular_Component_2021,1/394,0.6974706291330622,0.8782963477971895,0,0,0.8430154828136456,0.303734157955371,ACTC1
mitochondrial membrane (GO:0031966),GO_Cellular_Component_2021,1/469,0.7597042356201661,0.922498000395916,0,0,0.7052006374040273,0.1938075303900755,SLC25A4
integral component of plasma membrane (GO:0005887),GO_Cellular_Component_2021,3/1454,0.8214053480878172,0.963026959827096,0,0,0.6706445645471363,0.1319416502860439,TGFBR3;ATP2A2;SLC25A4
endoplasmic reticulum membrane (GO:0005789),GO_Cellular_Component_2021,1/712,0.8867558784985653,0.992155315120978,0,0,0.4583899497008272,0.0550918510098664,ATP2A2
bounding membrane of organelle (GO:0098588),GO_Cellular_Component_2021,1/767,0.9046121990808916,0.992155315120978,0,0,0.4242598575032084,0.0425315994810085,ATP2A2
intracellular non-membrane-bounded organelle (GO:0043232),GO_Cellular_Component_2021,1/1158,0.9722359197106906,0.9999961317422982,0,0,0.2751563804696541,0.0077475199324477,MYL2
nucleus (GO:0005634),GO_Cellular_Component_2021,2/4484,0.9999922215419408,0.9999961317422982,0,0,0.1189278185539091,9.250786465297616e-07,DES;ANKRD1
intracellular membrane-bounded organelle (GO:0043231),GO_Cellular_Component_2021,2/5192,0.9999961317422982,0.9999961317422982,0,0,0.0980001328815361,3.790905020089615e-07,DES;ANKRD1
troponin I binding (GO:0031013),GO_Molecular_Function_2021,2/5,8.798846632227916e-05,0.0049273541140476,0,0,229.16091954022988,2139.974518717943,TNNC1;TNNT2
myosin heavy chain binding (GO:0032036),GO_Molecular_Function_2021,2/7,0.00018406358843857908,0.0051537804762802,0,0,137.48275862068965,1182.3832449086335,MYL2;MYL3
myosin binding (GO:0017022),GO_Molecular_Function_2021,3/56,0.0006354209557577358,0.0118611911741444,0,0,19.74875868917577,145.37501384541497,ACTA1;ACTC1;MYL2
actin binding (GO:0003779),GO_Molecular_Function_2021,4/177,0.0019654145411167,0.0275158035756345,0,0,8.161436829066886,50.86249947663564,MYL2;TNNT2;MYL3;TNNI3
actin monomer binding (GO:0003785),GO_Molecular_Function_2021,2/25,0.0025397444622594,0.0284451379773057,0,0,29.86056971514243,178.43756184160333,MYL2;MYL3
"phosphotransferase activity, nitrogenous group as acceptor (GO:0016775)",GO_Molecular_Function_2021,1/5,0.014911622845291,0.095840293819259,0,0,84.47457627118644,355.26748708331087,CKM
creatine kinase activity (GO:0004111),GO_Molecular_Function_2021,1/5,0.014911622845291,0.095840293819259,0,0,84.47457627118644,355.26748708331087,CKM
lipoprotein lipase activity (GO:0004465),GO_Molecular_Function_2021,1/5,0.014911622845291,0.095840293819259,0,0,84.47457627118644,355.26748708331087,LPL
purine nucleobase transmembrane transporter activity (GO:0005345),GO_Molecular_Function_2021,1/6,0.0178676130920248,0.095840293819259,0,0,67.57627118644068,271.9786468771055,SLC25A4
calcium ion binding (GO:0005509),GO_Molecular_Function_2021,4/348,0.020474837432878,0.095840293819259,0,0,4.068936877076412,15.82229944170131,MYL2;TNNC1;LPL;ATP2A2
ADP transmembrane transporter activity (GO:0015217),GO_Molecular_Function_2021,1/7,0.0208148818369865,0.095840293819259,0,0,56.31073446327684,218.040067108672,SLC25A4
long-chain fatty acid binding (GO:0036041),GO_Molecular_Function_2021,1/7,0.0208148818369865,0.095840293819259,0,0,56.31073446327684,218.040067108672,FABP3
type II transforming growth factor beta receptor binding (GO:0005114),GO_Molecular_Function_2021,1/8,0.0237534541210961,0.095840293819259,0,0,48.26392251815981,180.50838890404887,TGFBR3
P-type calcium transporter activity (GO:0005388),GO_Molecular_Function_2021,1/9,0.0266833549945496,0.095840293819259,0,0,42.22881355932204,153.0251984891433,ATP2A2
phospholipase A1 activity (GO:0008970),GO_Molecular_Function_2021,1/10,0.0296046094730556,0.095840293819259,0,0,37.53483992467044,132.1160756075347,LPL
ATP transmembrane transporter activity (GO:0005347),GO_Molecular_Function_2021,1/10,0.0296046094730556,0.095840293819259,0,0,37.53483992467044,132.1160756075347,SLC25A4
P-type proton-exporting transporter activity (GO:0008553),GO_Molecular_Function_2021,1/10,0.0296046094730556,0.095840293819259,0,0,37.53483992467044,132.1160756075347,ATP2A2
calcium channel inhibitor activity (GO:0019855),GO_Molecular_Function_2021,1/11,0.03251724254582,0.095840293819259,0,0,33.77966101694916,115.72860487101576,TNNI3
myosin II binding (GO:0045159),GO_Molecular_Function_2021,1/11,0.03251724254582,0.095840293819259,0,0,33.77966101694916,115.72860487101576,MYL3
transforming growth factor beta-activated receptor activity (GO:0005024),GO_Molecular_Function_2021,1/12,0.0354212791446134,0.0975335305400324,0,0,30.70724191063174,102.57577696947943,TGFBR3
titin binding (GO:0031432),GO_Molecular_Function_2021,1/13,0.038316744140727,0.0975335305400324,0,0,28.146892655367232,91.81145674128096,ANKRD1
P-type ion transporter activity (GO:0015662),GO_Molecular_Function_2021,1/13,0.038316744140727,0.0975335305400324,0,0,28.146892655367232,91.81145674128096,ATP2A2
cytochrome-c oxidase activity (GO:0004129),GO_Molecular_Function_2021,1/15,0.0440820585634856,0.107330229545878,0,0,24.12348668280872,75.30634662640054,COX6A2
tropomyosin binding (GO:0005523),GO_Molecular_Function_2021,1/16,0.0469519574385199,0.1095545673565465,0,0,22.51412429378531,68.86238459395226,TNNT2
transforming growth factor beta receptor binding (GO:0005160),GO_Molecular_Function_2021,1/18,0.0526663616642541,0.1110218321513424,0,0,19.863409770687937,58.47347515993359,TGFBR3
transmembrane receptor protein serine/threonine kinase activity (GO:0004675),GO_Molecular_Function_2021,1/18,0.0526663616642541,0.1110218321513424,0,0,19.863409770687937,58.47347515993359,TGFBR3
R-SMAD binding (GO:0070412),GO_Molecular_Function_2021,1/19,0.0555109160756712,0.1110218321513424,0,0,18.75894538606403,54.2354050228785,ANKRD1
anion:anion antiporter activity (GO:0015301),GO_Molecular_Function_2021,1/19,0.0555109160756712,0.1110218321513424,0,0,18.75894538606403,54.2354050228785,SLC25A4
triglyceride lipase activity (GO:0004806),GO_Molecular_Function_2021,1/23,0.0668053849974009,0.1181229829250979,0,0,15.345146379044683,41.52353011470704,LPL
pyrophosphate hydrolysis-driven proton transmembrane transporter activity (GO:0009678),GO_Molecular_Function_2021,1/23,0.0668053849974009,0.1181229829250979,0,0,15.345146379044683,41.52353011470704,ATP2A2
metal ion binding (GO:0046872),GO_Molecular_Function_2021,4/517,0.069402655425849,0.1181229829250979,0,0,2.704956836535784,7.2163654018256,MYL2;TNNC1;LPL;ATP2A2
transforming growth factor beta binding (GO:0050431),GO_Molecular_Function_2021,1/24,0.0696081863665755,0.1181229829250979,0,0,14.67722918201916,39.11295320546662,TGFBR3
lipoprotein particle binding (GO:0071813),GO_Molecular_Function_2021,1/24,0.0696081863665755,0.1181229829250979,0,0,14.67722918201916,39.11295320546662,LPL
ADP binding (GO:0043531),GO_Molecular_Function_2021,1/27,0.0779670181418841,0.1284162651748679,0,0,12.98174706649283,33.12253021761694,ACTA1
calcium channel regulator activity (GO:0005246),GO_Molecular_Function_2021,1/37,0.1052999788759501,0.1637999671403669,0,0,9.370998116760829,21.09357380941926,TNNI3
ion channel inhibitor activity (GO:0008200),GO_Molecular_Function_2021,1/37,0.1052999788759501,0.1637999671403669,0,0,9.370998116760829,21.09357380941926,TNNI3
proton transmembrane transporter activity (GO:0015078),GO_Molecular_Function_2021,1/40,0.1133433698574306,0.1715467219463815,0,0,8.648848326814429,18.83142630233209,COX6A2
active ion transmembrane transporter activity (GO:0022853),GO_Molecular_Function_2021,1/42,0.1186660835892662,0.1748763337104975,0,0,8.226126498553121,17.533509462955344,COX6A2
lipase activity (GO:0016298),GO_Molecular_Function_2021,1/49,0.1370493166479286,0.1967887623662565,0,0,7.0240112994350286,13.95962150005924,LPL
calcium ion transmembrane transporter activity (GO:0015085),GO_Molecular_Function_2021,1/55,0.1525058751374526,0.2135082251924336,0,0,6.241682360326428,11.73780923341877,ATP2A2
oxidoreduction-driven active transmembrane transporter activity (GO:0015453),GO_Molecular_Function_2021,1/58,0.1601317399952158,0.2187165229202948,0,0,5.912280701754386,10.829870001571042,COX6A2
PDZ domain binding (GO:0030165),GO_Molecular_Function_2021,1/63,0.1726918383694235,0.2302557844925646,0,0,5.434117003827228,9.543649261752437,TGFBR3
phospholipase activity (GO:0004620),GO_Molecular_Function_2021,1/73,0.1972604581015887,0.2568973407834644,0,0,4.677024482109228,7.591887858510897,LPL
ATP binding (GO:0005524),GO_Molecular_Function_2021,2/278,0.2029492453997601,0.2582990395996946,0,0,2.4567716141929035,3.9180577829025895,ACTA1;ACTC1
adenyl ribonucleotide binding (GO:0032559),GO_Molecular_Function_2021,2/306,0.23381475868054,0.2909694774691165,0,0,2.2273139745916515,3.236790815691944,ACTA1;ACTC1
histone deacetylase binding (GO:0042826),GO_Molecular_Function_2021,1/93,0.2442648890533911,0.2973659518910849,0,0,3.6565954310980096,5.153978689104962,ANKRD1
carboxylic ester hydrolase activity (GO:0052689),GO_Molecular_Function_2021,1/96,0.2510780363139976,0.2991568092251886,0,0,3.5405887600356825,4.893063523640772,LPL
cytokine receptor binding (GO:0005126),GO_Molecular_Function_2021,1/105,0.2711571337015696,0.3163499893184978,0,0,3.2327249022164275,4.218889606408344,TGFBR3
kinase activity (GO:0016301),GO_Molecular_Function_2021,1/112,0.2864073574165455,0.3273226941903377,0,0,3.027790502366773,3.785768045800723,CKM
purine ribonucleoside triphosphate binding (GO:0035639),GO_Molecular_Function_2021,2/460,0.4029616579891139,0.44362810847701,0,0,1.466797169101039,1.3331922812460264,ACTA1;ACTC1
kinase binding (GO:0019900),GO_Molecular_Function_2021,2/461,0.4040184559344198,0.44362810847701,0,0,1.463526406731275,1.3263862536231203,TNNI3;MYH6
RNA polymerase II-specific DNA-binding transcription factor binding (GO:0061629),GO_Molecular_Function_2021,1/190,0.4364922339106399,0.4700685595960738,0,0,1.771231279705856,1.4683236232245969,ANKRD1
protein kinase binding (GO:0019901),GO_Molecular_Function_2021,2/506,0.4506359943358443,0.4761436921284392,0,0,1.329775588396278,1.0599579689969862,TNNI3;MYH6
DNA-binding transcription factor binding (GO:0140297),GO_Molecular_Function_2021,1/208,0.4664476972565128,0.4837235378956429,0,0,1.6157373290755752,1.2321764465334306,ANKRD1
protein homodimerization activity (GO:0042803),GO_Molecular_Function_2021,2/636,0.5730525366185221,0.5834716736479497,0,0,1.0500380724464269,0.5846379713994122,TNNC1;LPL
DNA binding (GO:0003677),GO_Molecular_Function_2021,1/811,0.9168770494296274,0.9168770494296274,0,0,0.4002929483155472,0.0347381805515114,ANKRD1
