Term,Gene_set,Overlap,P-value,Adjusted P-value,Old P-value,Old Adjusted P-value,Odds Ratio,Combined Score,Genes
proteolysis (GO:0006508),GO_Biological_Process_2021,5/287,7.35327404748614e-05,0.0284571705637713,0,0,13.425395526459356,127.77995837949884,CPA3;PRSS57;PRTN3;CPXM1;TPSAB1
cellular biogenic amine biosynthetic process (GO:0042401),GO_Biological_Process_2021,2/17,0.0003116539576784677,0.0603050408107834,0,0,91.74252873563218,740.6940484006719,PNMT;PRG3
positive regulation of cytokine production (GO:0001819),GO_Biological_Process_2021,4/335,0.0017020438406338,0.0861713281822443,0,0,8.789526686807653,56.04136725499765,C1QTNF4;MDK;PRG3;CD34
vesicle organization (GO:0016050),GO_Biological_Process_2021,2/46,0.0023063632118604,0.0861713281822443,0,0,31.230407523510973,189.63363791906963,LAPTM4B;CD34
positive regulation of endothelial cell proliferation (GO:0001938),GO_Biological_Process_2021,2/77,0.0063285917152504,0.0861713281822443,0,0,18.293333333333333,92.61324789757649,EGFL7;MDK
cell-cell junction organization (GO:0045216),GO_Biological_Process_2021,2/82,0.0071485066094893,0.0861713281822443,0,0,17.145689655172415,84.71431176469774,GJA4;PRTN3
extracellular exosome biogenesis (GO:0097734),GO_Biological_Process_2021,1/5,0.0077266942890359,0.0861713281822443,0,0,166.375,809.0939625056958,CD34
response to cocaine (GO:0042220),GO_Biological_Process_2021,1/5,0.0077266942890359,0.0861713281822443,0,0,166.375,809.0939625056958,CRHBP
catechol-containing compound biosynthetic process (GO:0009713),GO_Biological_Process_2021,1/5,0.0077266942890359,0.0861713281822443,0,0,166.375,809.0939625056958,PNMT
negative regulation of regulatory T cell differentiation (GO:0045590),GO_Biological_Process_2021,1/5,0.0077266942890359,0.0861713281822443,0,0,166.375,809.0939625056958,MDK
positive regulation of neutrophil extravasation (GO:2000391),GO_Biological_Process_2021,1/5,0.0077266942890359,0.0861713281822443,0,0,166.375,809.0939625056958,MDK
regulation of granulocyte colony-stimulating factor production (GO:0071655),GO_Biological_Process_2021,1/5,0.0077266942890359,0.0861713281822443,0,0,166.375,809.0939625056958,CD34
negative regulation of transforming growth factor beta1 production (GO:0032911),GO_Biological_Process_2021,1/5,0.0077266942890359,0.0861713281822443,0,0,166.375,809.0939625056958,LAPTM4B
regulation of inflammatory response to wounding (GO:0106014),GO_Biological_Process_2021,1/5,0.0077266942890359,0.0861713281822443,0,0,166.375,809.0939625056958,MDK
mature conventional dendritic cell differentiation (GO:0097029),GO_Biological_Process_2021,1/5,0.0077266942890359,0.0861713281822443,0,0,166.375,809.0939625056958,PRTN3
negative regulation of signal transduction (GO:0009968),GO_Biological_Process_2021,3/267,0.0080238967405663,0.0861713281822443,0,0,7.997159090909091,38.5889404508436,CRHBP;EGFL7;EMILIN1
positive regulation of animal organ morphogenesis (GO:0110110),GO_Biological_Process_2021,1/6,0.0092650922497144,0.0861713281822443,0,0,133.09333333333333,623.0766346487915,CD34
negative regulation of cardiac muscle cell apoptotic process (GO:0010667),GO_Biological_Process_2021,1/6,0.0092650922497144,0.0861713281822443,0,0,133.09333333333333,623.0766346487915,MDK
negative regulation of cellular response to hypoxia (GO:1900038),GO_Biological_Process_2021,1/6,0.0092650922497144,0.0861713281822443,0,0,133.09333333333333,623.0766346487915,CD34
glomerulus vasculature development (GO:0072012),GO_Biological_Process_2021,1/6,0.0092650922497144,0.0861713281822443,0,0,133.09333333333333,623.0766346487915,CD34
regulation of cellular response to hypoxia (GO:1900037),GO_Biological_Process_2021,1/6,0.0092650922497144,0.0861713281822443,0,0,133.09333333333333,623.0766346487915,CD34
histamine metabolic process (GO:0001692),GO_Biological_Process_2021,1/6,0.0092650922497144,0.0861713281822443,0,0,133.09333333333333,623.0766346487915,PRG3
regulation of collagen fibril organization (GO:1904026),GO_Biological_Process_2021,1/6,0.0092650922497144,0.0861713281822443,0,0,133.09333333333333,623.0766346487915,EMILIN1
leukocyte chemotaxis involved in inflammatory response (GO:0002232),GO_Biological_Process_2021,1/6,0.0092650922497144,0.0861713281822443,0,0,133.09333333333333,623.0766346487915,MDK
regulation of hepatocyte proliferation (GO:2000345),GO_Biological_Process_2021,1/6,0.0092650922497144,0.0861713281822443,0,0,133.09333333333333,623.0766346487915,MDK
neutrophil extravasation (GO:0072672),GO_Biological_Process_2021,1/6,0.0092650922497144,0.0861713281822443,0,0,133.09333333333333,623.0766346487915,PRTN3
regulation of neutrophil extravasation (GO:2000389),GO_Biological_Process_2021,1/6,0.0092650922497144,0.0861713281822443,0,0,133.09333333333333,623.0766346487915,MDK
negative regulation of neuron death (GO:1901215),GO_Biological_Process_2021,2/98,0.0100749775421434,0.0861713281822443,0,0,14.276580459770114,65.6394396936512,MDK;CD34
cell-matrix adhesion (GO:0007160),GO_Biological_Process_2021,2/100,0.0104724512850622,0.0861713281822443,0,0,13.983814215341308,63.75230908786907,EMILIN1;CD34
regulation of transforming growth factor beta1 production (GO:0032908),GO_Biological_Process_2021,1/7,0.0108011827726926,0.0861713281822443,0,0,110.90555555555557,502.1914056148727,LAPTM4B
regulation of bone remodeling (GO:0046850),GO_Biological_Process_2021,1/7,0.0108011827726926,0.0861713281822443,0,0,110.90555555555557,502.1914056148727,MDK
hemostasis (GO:0007599),GO_Biological_Process_2021,1/7,0.0108011827726926,0.0861713281822443,0,0,110.90555555555557,502.1914056148727,VWF
regulation of extracellular matrix assembly (GO:1901201),GO_Biological_Process_2021,1/7,0.0108011827726926,0.0861713281822443,0,0,110.90555555555557,502.1914056148727,EMILIN1
"synaptic transmission, dopaminergic (GO:0001963)",GO_Biological_Process_2021,1/7,0.0108011827726926,0.0861713281822443,0,0,110.90555555555557,502.1914056148727,CRHBP
regulation of lysosomal protein catabolic process (GO:1905165),GO_Biological_Process_2021,1/7,0.0108011827726926,0.0861713281822443,0,0,110.90555555555557,502.1914056148727,LAPTM4B
creatine metabolic process (GO:0006600),GO_Biological_Process_2021,1/7,0.0108011827726926,0.0861713281822443,0,0,110.90555555555557,502.1914056148727,CKB
vascular wound healing (GO:0061042),GO_Biological_Process_2021,1/7,0.0108011827726926,0.0861713281822443,0,0,110.90555555555557,502.1914056148727,CD34
negative regulation of cellular process (GO:0048523),GO_Biological_Process_2021,4/566,0.0108939049933281,0.0861713281822443,0,0,5.115856069592724,23.12137661564786,MDK;PRTN3;EMILIN1;CD34
aromatic compound biosynthetic process (GO:0019438),GO_Biological_Process_2021,1/8,0.0123349690429111,0.0861713281822443,0,0,95.05714285714286,417.8062796500496,PRG3
negative regulation of macrophage migration (GO:1905522),GO_Biological_Process_2021,1/8,0.0123349690429111,0.0861713281822443,0,0,95.05714285714286,417.8062796500496,EMILIN1
response to potassium ion (GO:0035864),GO_Biological_Process_2021,1/8,0.0123349690429111,0.0861713281822443,0,0,95.05714285714286,417.8062796500496,CRHBP
negative regulation of striated muscle cell apoptotic process (GO:0010664),GO_Biological_Process_2021,1/8,0.0123349690429111,0.0861713281822443,0,0,95.05714285714286,417.8062796500496,MDK
positive regulation of oligodendrocyte differentiation (GO:0048714),GO_Biological_Process_2021,1/8,0.0123349690429111,0.0861713281822443,0,0,95.05714285714286,417.8062796500496,MDK
cellular response to potassium ion (GO:0035865),GO_Biological_Process_2021,1/8,0.0123349690429111,0.0861713281822443,0,0,95.05714285714286,417.8062796500496,CRHBP
elastic fiber assembly (GO:0048251),GO_Biological_Process_2021,1/8,0.0123349690429111,0.0861713281822443,0,0,95.05714285714286,417.8062796500496,EMILIN1
negative regulation of gene expression (GO:0010629),GO_Biological_Process_2021,3/322,0.0133171211942697,0.0861713281822443,0,0,6.5998656515897896,28.50287122986136,EMILIN1;PRG3;CD34
cellular amide metabolic process (GO:0043603),GO_Biological_Process_2021,2/115,0.0136701118858857,0.0861713281822443,0,0,12.1184009765029,52.018762657439176,ACSM3;CPXM1
glomerular filtration (GO:0003094),GO_Biological_Process_2021,1/9,0.01386645428907,0.0861713281822443,0,0,83.17083333333333,355.82833874131705,CD34
positive regulation of extracellular matrix assembly (GO:1901203),GO_Biological_Process_2021,1/9,0.01386645428907,0.0861713281822443,0,0,83.17083333333333,355.82833874131705,EMILIN1
negative regulation of nitric oxide biosynthetic process (GO:0045019),GO_Biological_Process_2021,1/9,0.01386645428907,0.0861713281822443,0,0,83.17083333333333,355.82833874131705,CD34
negative regulation of nitric oxide metabolic process (GO:1904406),GO_Biological_Process_2021,1/9,0.01386645428907,0.0861713281822443,0,0,83.17083333333333,355.82833874131705,CD34
negative regulation of pathway-restricted SMAD protein phosphorylation (GO:0060394),GO_Biological_Process_2021,1/9,0.01386645428907,0.0861713281822443,0,0,83.17083333333333,355.82833874131705,EMILIN1
"complement activation, classical pathway (GO:0006958)",GO_Biological_Process_2021,1/9,0.01386645428907,0.0861713281822443,0,0,83.17083333333333,355.82833874131705,IGLL1
positive regulation of angiogenesis (GO:0045766),GO_Biological_Process_2021,2/116,0.0138966221083438,0.0861713281822443,0,0,12.011494252873565,51.36246446969909,MDK;CD34
adrenal gland development (GO:0030325),GO_Biological_Process_2021,1/10,0.0153956417644848,0.0861713281822443,0,0,73.92592592592592,308.5424792813036,MDK
negative regulation of extracellular matrix organization (GO:1903054),GO_Biological_Process_2021,1/10,0.0153956417644848,0.0861713281822443,0,0,73.92592592592592,308.5424792813036,EMILIN1
renal filtration (GO:0097205),GO_Biological_Process_2021,1/10,0.0153956417644848,0.0861713281822443,0,0,73.92592592592592,308.5424792813036,CD34
regulation of cell activation (GO:0050865),GO_Biological_Process_2021,1/10,0.0153956417644848,0.0861713281822443,0,0,73.92592592592592,308.5424792813036,EMILIN1
granulocyte activation (GO:0036230),GO_Biological_Process_2021,1/10,0.0153956417644848,0.0861713281822443,0,0,73.92592592592592,308.5424792813036,PRG3
negative regulation of leukocyte migration (GO:0002686),GO_Biological_Process_2021,1/10,0.0153956417644848,0.0861713281822443,0,0,73.92592592592592,308.5424792813036,EMILIN1
regulation of epithelial cell apoptotic process (GO:1904035),GO_Biological_Process_2021,1/10,0.0153956417644848,0.0861713281822443,0,0,73.92592592592592,308.5424792813036,MDK
negative regulation of transforming growth factor beta production (GO:0071635),GO_Biological_Process_2021,1/10,0.0153956417644848,0.0861713281822443,0,0,73.92592592592592,308.5424792813036,LAPTM4B
regulation of macrophage migration (GO:1905521),GO_Biological_Process_2021,1/10,0.0153956417644848,0.0861713281822443,0,0,73.92592592592592,308.5424792813036,EMILIN1
positive regulation of vasculogenesis (GO:2001214),GO_Biological_Process_2021,1/10,0.0153956417644848,0.0861713281822443,0,0,73.92592592592592,308.5424792813036,CD34
endothelium development (GO:0003158),GO_Biological_Process_2021,1/10,0.0153956417644848,0.0861713281822443,0,0,73.92592592592592,308.5424792813036,CD34
positive regulation of epithelial cell proliferation (GO:0050679),GO_Biological_Process_2021,2/123,0.0155277194513934,0.0861713281822443,0,0,11.31262467939584,47.11853546818924,EGFL7;MDK
regulation of tumor necrosis factor production (GO:0032680),GO_Biological_Process_2021,2/124,0.015767174190479,0.0861713281822443,0,0,11.219332956472584,46.5582693172924,C1QTNF4;CD34
angiogenesis involved in wound healing (GO:0060055),GO_Biological_Process_2021,1/11,0.016922534733464,0.0861713281822443,0,0,66.53,271.3831303578043,CD34
positive regulation of cellular extravasation (GO:0002693),GO_Biological_Process_2021,1/11,0.016922534733464,0.0861713281822443,0,0,66.53,271.3831303578043,MDK
regulation of cardiac muscle cell apoptotic process (GO:0010665),GO_Biological_Process_2021,1/11,0.016922534733464,0.0861713281822443,0,0,66.53,271.3831303578043,MDK
hematopoietic stem cell proliferation (GO:0071425),GO_Biological_Process_2021,1/11,0.016922534733464,0.0861713281822443,0,0,66.53,271.3831303578043,CD34
positive regulation of keratinocyte proliferation (GO:0010838),GO_Biological_Process_2021,1/11,0.016922534733464,0.0861713281822443,0,0,66.53,271.3831303578043,MDK
humoral immune response mediated by circulating immunoglobulin (GO:0002455),GO_Biological_Process_2021,1/11,0.016922534733464,0.0861713281822443,0,0,66.53,271.3831303578043,IGLL1
cell-cell junction maintenance (GO:0045217),GO_Biological_Process_2021,1/11,0.016922534733464,0.0861713281822443,0,0,66.53,271.3831303578043,PRTN3
positive regulation of transforming growth factor beta production (GO:0071636),GO_Biological_Process_2021,1/11,0.016922534733464,0.0861713281822443,0,0,66.53,271.3831303578043,CD34
protein kinase C signaling (GO:0070528),GO_Biological_Process_2021,1/11,0.016922534733464,0.0861713281822443,0,0,66.53,271.3831303578043,AVP
angiotensin maturation (GO:0002003),GO_Biological_Process_2021,1/12,0.0184471364708874,0.0878473976041852,0,0,60.47878787878788,241.4824938489569,CPA3
regulation of angiotensin levels in blood (GO:0002002),GO_Biological_Process_2021,1/12,0.0184471364708874,0.0878473976041852,0,0,60.47878787878788,241.4824938489569,CPA3
negative regulation of hemostasis (GO:1900047),GO_Biological_Process_2021,1/12,0.0184471364708874,0.0878473976041852,0,0,60.47878787878788,241.4824938489569,CD34
catecholamine biosynthetic process (GO:0042423),GO_Biological_Process_2021,1/12,0.0184471364708874,0.0878473976041852,0,0,60.47878787878788,241.4824938489569,PNMT
regulation of leukocyte cell-cell adhesion (GO:1903037),GO_Biological_Process_2021,1/12,0.0184471364708874,0.0878473976041852,0,0,60.47878787878788,241.4824938489569,MDK
regulation of response to stress (GO:0080134),GO_Biological_Process_2021,1/13,0.0199694502608653,0.0878473976041852,0,0,55.43611111111111,216.95208467294643,CRHBP
positive regulation of neuron migration (GO:2001224),GO_Biological_Process_2021,1/13,0.0199694502608653,0.0878473976041852,0,0,55.43611111111111,216.95208467294643,MDK
negative regulation of vascular endothelial growth factor receptor signaling pathway (GO:0030948),GO_Biological_Process_2021,1/13,0.0199694502608653,0.0878473976041852,0,0,55.43611111111111,216.95208467294643,EMILIN1
regulation of leukocyte adhesion to vascular endothelial cell (GO:1904994),GO_Biological_Process_2021,1/13,0.0199694502608653,0.0878473976041852,0,0,55.43611111111111,216.95208467294643,MDK
positive regulation of vascular endothelial cell proliferation (GO:1905564),GO_Biological_Process_2021,1/13,0.0199694502608653,0.0878473976041852,0,0,55.43611111111111,216.95208467294643,MDK
positive regulation of macromolecule metabolic process (GO:0010604),GO_Biological_Process_2021,3/384,0.02121035522774,0.0878473976041852,0,0,5.508436445444319,21.225469559699217,EMILIN1;AVP;CD34
negative regulation of cell activation (GO:0050866),GO_Biological_Process_2021,1/14,0.0214894793855565,0.0878473976041852,0,0,51.16923076923077,196.4996601316088,EMILIN1
negative regulation of coagulation (GO:0050819),GO_Biological_Process_2021,1/14,0.0214894793855565,0.0878473976041852,0,0,51.16923076923077,196.4996601316088,CD34
regulation of vasculogenesis (GO:2001212),GO_Biological_Process_2021,1/14,0.0214894793855565,0.0878473976041852,0,0,51.16923076923077,196.4996601316088,CD34
cell junction maintenance (GO:0034331),GO_Biological_Process_2021,1/14,0.0214894793855565,0.0878473976041852,0,0,51.16923076923077,196.4996601316088,PRTN3
positive regulation of macrophage chemotaxis (GO:0010759),GO_Biological_Process_2021,1/14,0.0214894793855565,0.0878473976041852,0,0,51.16923076923077,196.4996601316088,MDK
negative regulation of T cell differentiation (GO:0045581),GO_Biological_Process_2021,1/14,0.0214894793855565,0.0878473976041852,0,0,51.16923076923077,196.4996601316088,MDK
ncRNA transcription (GO:0098781),GO_Biological_Process_2021,1/14,0.0214894793855565,0.0878473976041852,0,0,51.16923076923077,196.4996601316088,CAVIN1
heterocycle biosynthetic process (GO:0018130),GO_Biological_Process_2021,1/15,0.0230072271319287,0.0878473976041852,0,0,47.51190476190476,179.21238137059572,PRG3
catecholamine metabolic process (GO:0006584),GO_Biological_Process_2021,1/15,0.0230072271319287,0.0878473976041852,0,0,47.51190476190476,179.21238137059572,PNMT
icosanoid biosynthetic process (GO:0046456),GO_Biological_Process_2021,1/15,0.0230072271319287,0.0878473976041852,0,0,47.51190476190476,179.21238137059572,PRG3
cellular response to estrogen stimulus (GO:0071391),GO_Biological_Process_2021,1/15,0.0230072271319287,0.0878473976041852,0,0,47.51190476190476,179.21238137059572,CRHBP
superoxide anion generation (GO:0042554),GO_Biological_Process_2021,1/15,0.0230072271319287,0.0878473976041852,0,0,47.51190476190476,179.21238137059572,PRG3
positive regulation of leukocyte adhesion to vascular endothelial cell (GO:1904996),GO_Biological_Process_2021,1/16,0.0245226967845343,0.0878473976041852,0,0,44.34222222222222,164.42788585185278,MDK
negative regulation of release of cytochrome c from mitochondria (GO:0090201),GO_Biological_Process_2021,1/16,0.0245226967845343,0.0878473976041852,0,0,44.34222222222222,164.42788585185278,AVP
neutrophil activation (GO:0042119),GO_Biological_Process_2021,1/16,0.0245226967845343,0.0878473976041852,0,0,44.34222222222222,164.42788585185278,PRG3
oogenesis (GO:0048477),GO_Biological_Process_2021,1/16,0.0245226967845343,0.0878473976041852,0,0,44.34222222222222,164.42788585185278,MDK
negative regulation of phagocytosis (GO:0050765),GO_Biological_Process_2021,1/17,0.026035891626597,0.0878473976041852,0,0,41.56875,151.6544078957345,PRTN3
positive regulation of smooth muscle cell migration (GO:0014911),GO_Biological_Process_2021,1/17,0.026035891626597,0.0878473976041852,0,0,41.56875,151.6544078957345,MDK
negative regulation of canonical Wnt signaling pathway (GO:0090090),GO_Biological_Process_2021,2/165,0.0268995274957291,0.0878473976041852,0,0,8.37994499682674,30.29891928185348,MDK;IGFBP2
epithelial structure maintenance (GO:0010669),GO_Biological_Process_2021,1/18,0.0275468149406694,0.0878473976041852,0,0,39.12156862745098,140.51952455455398,TFF3
negative regulation of biosynthetic process (GO:0009890),GO_Biological_Process_2021,1/18,0.0275468149406694,0.0878473976041852,0,0,39.12156862745098,140.51952455455398,EMILIN1
positive regulation of cartilage development (GO:0061036),GO_Biological_Process_2021,1/18,0.0275468149406694,0.0878473976041852,0,0,39.12156862745098,140.51952455455398,MDK
fluid transport (GO:0042044),GO_Biological_Process_2021,1/18,0.0275468149406694,0.0878473976041852,0,0,39.12156862745098,140.51952455455398,AVP
regulation of transforming growth factor beta production (GO:0071634),GO_Biological_Process_2021,1/18,0.0275468149406694,0.0878473976041852,0,0,39.12156862745098,140.51952455455398,CD34
regulation of vascular endothelial cell proliferation (GO:1905562),GO_Biological_Process_2021,1/18,0.0275468149406694,0.0878473976041852,0,0,39.12156862745098,140.51952455455398,MDK
positive regulation of extracellular matrix organization (GO:1903055),GO_Biological_Process_2021,1/18,0.0275468149406694,0.0878473976041852,0,0,39.12156862745098,140.51952455455398,EMILIN1
regulation of cartilage development (GO:0061035),GO_Biological_Process_2021,1/18,0.0275468149406694,0.0878473976041852,0,0,39.12156862745098,140.51952455455398,MDK
positive regulation of glial cell differentiation (GO:0045687),GO_Biological_Process_2021,1/18,0.0275468149406694,0.0878473976041852,0,0,39.12156862745098,140.51952455455398,MDK
negative regulation of peptide hormone secretion (GO:0090278),GO_Biological_Process_2021,1/18,0.0275468149406694,0.0878473976041852,0,0,39.12156862745098,140.51952455455398,CRHBP
rRNA transcription (GO:0009303),GO_Biological_Process_2021,1/18,0.0275468149406694,0.0878473976041852,0,0,39.12156862745098,140.51952455455398,CAVIN1
cellular response to alkaloid (GO:0071312),GO_Biological_Process_2021,1/18,0.0275468149406694,0.0878473976041852,0,0,39.12156862745098,140.51952455455398,CRHBP
maintenance of gastrointestinal epithelium (GO:0030277),GO_Biological_Process_2021,1/18,0.0275468149406694,0.0878473976041852,0,0,39.12156862745098,140.51952455455398,TFF3
water transport (GO:0006833),GO_Biological_Process_2021,1/18,0.0275468149406694,0.0878473976041852,0,0,39.12156862745098,140.51952455455398,AVP
endothelial cell proliferation (GO:0001935),GO_Biological_Process_2021,1/18,0.0275468149406694,0.0878473976041852,0,0,39.12156862745098,140.51952455455398,CD34
regulation of collagen biosynthetic process (GO:0032965),GO_Biological_Process_2021,1/19,0.0290554700086194,0.0878473976041852,0,0,36.946296296296296,130.736261970552,EMILIN1
positive regulation of macrophage migration (GO:1905523),GO_Biological_Process_2021,1/19,0.0290554700086194,0.0878473976041852,0,0,36.946296296296296,130.736261970552,MDK
positive regulation of neutrophil chemotaxis (GO:0090023),GO_Biological_Process_2021,1/19,0.0290554700086194,0.0878473976041852,0,0,36.946296296296296,130.736261970552,MDK
leukotriene biosynthetic process (GO:0019370),GO_Biological_Process_2021,1/19,0.0290554700086194,0.0878473976041852,0,0,36.946296296296296,130.736261970552,PRG3
regulation of insulin-like growth factor receptor signaling pathway (GO:0043567),GO_Biological_Process_2021,1/19,0.0290554700086194,0.0878473976041852,0,0,36.946296296296296,130.736261970552,IGFBP2
regulation of leukocyte chemotaxis (GO:0002688),GO_Biological_Process_2021,1/19,0.0290554700086194,0.0878473976041852,0,0,36.946296296296296,130.736261970552,MDK
regulation of oligodendrocyte differentiation (GO:0048713),GO_Biological_Process_2021,1/19,0.0290554700086194,0.0878473976041852,0,0,36.946296296296296,130.736261970552,MDK
defense response to bacterium (GO:0042742),GO_Biological_Process_2021,2/176,0.0302980453723305,0.0889281192599319,0,0,7.845818470075307,27.43425437110648,IGLL1;EPX
positive regulation of activated T cell proliferation (GO:0042104),GO_Biological_Process_2021,1/20,0.0305618601074184,0.0889281192599319,0,0,35.0,122.08008572013848,IGFBP2
regulation of tissue remodeling (GO:0034103),GO_Biological_Process_2021,1/20,0.0305618601074184,0.0889281192599319,0,0,35.0,122.08008572013848,MDK
positive regulation of lymphocyte differentiation (GO:0045621),GO_Biological_Process_2021,1/20,0.0305618601074184,0.0889281192599319,0,0,35.0,122.08008572013848,MDK
regulation of granulocyte chemotaxis (GO:0071622),GO_Biological_Process_2021,1/20,0.0305618601074184,0.0889281192599319,0,0,35.0,122.08008572013848,MDK
regulation of immune response (GO:0050776),GO_Biological_Process_2021,2/179,0.0312533091680693,0.0889938439560144,0,0,7.711669588934346,26.725793593388094,FCER1A;CD34
regulated exocytosis (GO:0045055),GO_Biological_Process_2021,2/180,0.0315743883996155,0.0889938439560144,0,0,7.667958155753584,26.495931475022022,CRHBP;VWF
cellular response to estradiol stimulus (GO:0071392),GO_Biological_Process_2021,1/21,0.032065988516399,0.0889938439560144,0,0,33.248333333333335,114.37291539918964,CRHBP
negative regulation of response to wounding (GO:1903035),GO_Biological_Process_2021,1/21,0.032065988516399,0.0889938439560144,0,0,33.248333333333335,114.37291539918964,MDK
regulation of vacuole organization (GO:0044088),GO_Biological_Process_2021,1/22,0.0335678584979562,0.0889938439560144,0,0,31.663492063492065,107.4717897739846,LAPTM4B
negative regulation of interleukin-2 production (GO:0032703),GO_Biological_Process_2021,1/22,0.0335678584979562,0.0889938439560144,0,0,31.663492063492065,107.4717897739846,CD34
positive regulation of granulocyte chemotaxis (GO:0071624),GO_Biological_Process_2021,1/22,0.0335678584979562,0.0889938439560144,0,0,31.663492063492065,107.4717897739846,MDK
positive regulation of neural precursor cell proliferation (GO:2000179),GO_Biological_Process_2021,1/22,0.0335678584979562,0.0889938439560144,0,0,31.663492063492065,107.4717897739846,MDK
positive regulation of neutrophil migration (GO:1902624),GO_Biological_Process_2021,1/22,0.0335678584979562,0.0889938439560144,0,0,31.663492063492065,107.4717897739846,MDK
regulation of macrophage chemotaxis (GO:0010758),GO_Biological_Process_2021,1/22,0.0335678584979562,0.0889938439560144,0,0,31.663492063492065,107.4717897739846,MDK
ERK1 and ERK2 cascade (GO:0070371),GO_Biological_Process_2021,1/23,0.0350674733320936,0.0889938439560144,0,0,30.222727272727276,101.2606814695486,AVP
positive regulation of morphogenesis of an epithelium (GO:1905332),GO_Biological_Process_2021,1/23,0.0350674733320936,0.0889938439560144,0,0,30.222727272727276,101.2606814695486,MDK
membrane protein ectodomain proteolysis (GO:0006509),GO_Biological_Process_2021,1/23,0.0350674733320936,0.0889938439560144,0,0,30.222727272727276,101.2606814695486,PRTN3
regulation of mononuclear cell migration (GO:0071675),GO_Biological_Process_2021,1/23,0.0350674733320936,0.0889938439560144,0,0,30.222727272727276,101.2606814695486,MDK
regulation of neural precursor cell proliferation (GO:2000177),GO_Biological_Process_2021,1/23,0.0350674733320936,0.0889938439560144,0,0,30.222727272727276,101.2606814695486,MDK
negative regulation of Wnt signaling pathway (GO:0030178),GO_Biological_Process_2021,2/191,0.0351924655095494,0.0889938439560144,0,0,7.217661010764459,24.156957572511192,MDK;IGFBP2
negative regulation of macromolecule metabolic process (GO:0010605),GO_Biological_Process_2021,2/194,0.0362061680228954,0.0889938439560144,0,0,7.103807471264368,23.574168281347596,EMILIN1;CD34
extracellular matrix assembly (GO:0085029),GO_Biological_Process_2021,1/24,0.036564836271725,0.0889938439560144,0,0,28.9072463768116,95.64448851318151,EMILIN1
regulation of vascular endothelial growth factor receptor signaling pathway (GO:0030947),GO_Biological_Process_2021,1/24,0.036564836271725,0.0889938439560144,0,0,28.9072463768116,95.64448851318151,EMILIN1
negative regulation of ossification (GO:0030279),GO_Biological_Process_2021,1/24,0.036564836271725,0.0889938439560144,0,0,28.9072463768116,95.64448851318151,MDK
leukotriene metabolic process (GO:0006691),GO_Biological_Process_2021,1/24,0.036564836271725,0.0889938439560144,0,0,28.9072463768116,95.64448851318151,PRG3
lymphocyte activation involved in immune response (GO:0002285),GO_Biological_Process_2021,1/24,0.036564836271725,0.0889938439560144,0,0,28.9072463768116,95.64448851318151,MDK
regulation of keratinocyte proliferation (GO:0010837),GO_Biological_Process_2021,1/24,0.036564836271725,0.0889938439560144,0,0,28.9072463768116,95.64448851318151,MDK
dendritic cell differentiation (GO:0097028),GO_Biological_Process_2021,1/24,0.036564836271725,0.0889938439560144,0,0,28.9072463768116,95.64448851318151,PRTN3
endocrine system development (GO:0035270),GO_Biological_Process_2021,1/24,0.036564836271725,0.0889938439560144,0,0,28.9072463768116,95.64448851318151,MDK
neutrophil degranulation (GO:0043312),GO_Biological_Process_2021,3/481,0.0377660131801081,0.0889938439560144,0,0,4.368873281530186,14.313939203018723,PRTN3;PRG3;EPX
positive regulation of gene expression (GO:0010628),GO_Biological_Process_2021,3/482,0.0379633381485583,0.0889938439560144,0,0,4.359528780196839,14.260604432195496,EMILIN1;AVP;CD34
regulation of neutrophil chemotaxis (GO:0090022),GO_Biological_Process_2021,1/25,0.0380599505912853,0.0889938439560144,0,0,27.70138888888889,90.5445579257637,MDK
endosome transport via multivesicular body sorting pathway (GO:0032509),GO_Biological_Process_2021,1/25,0.0380599505912853,0.0889938439560144,0,0,27.70138888888889,90.5445579257637,LAPTM4B
negative regulation of apoptotic process (GO:0043066),GO_Biological_Process_2021,3/485,0.0385585396090608,0.0889938439560144,0,0,4.331727919383521,14.102276743892098,KRT18;MDK;AVP
neutrophil activation involved in immune response (GO:0002283),GO_Biological_Process_2021,3/485,0.0385585396090608,0.0889938439560144,0,0,4.331727919383521,14.102276743892098,PRTN3;PRG3;EPX
neutrophil mediated immunity (GO:0002446),GO_Biological_Process_2021,3/488,0.0391585753619939,0.0889938439560144,0,0,4.304270986745213,13.946422697447543,PRTN3;PRG3;EPX
regulation of angiogenesis (GO:0045765),GO_Biological_Process_2021,2/203,0.039314739175444,0.0889938439560144,0,0,6.782638531480528,21.94967494010879,EMILIN1;CD34
regulation of regulatory T cell differentiation (GO:0045589),GO_Biological_Process_2021,1/26,0.0395528195360064,0.0889938439560144,0,0,26.592,85.8953057509563,MDK
regulation of synapse organization (GO:0050807),GO_Biological_Process_2021,1/26,0.0395528195360064,0.0889938439560144,0,0,26.592,85.8953057509563,ARHGAP22
glial cell development (GO:0021782),GO_Biological_Process_2021,1/26,0.0395528195360064,0.0889938439560144,0,0,26.592,85.8953057509563,MDK
regulation of chondrocyte differentiation (GO:0032330),GO_Biological_Process_2021,1/26,0.0395528195360064,0.0889938439560144,0,0,26.592,85.8953057509563,MDK
cellular response to drug (GO:0035690),GO_Biological_Process_2021,1/26,0.0395528195360064,0.0889938439560144,0,0,26.592,85.8953057509563,CRHBP
negative regulation of signaling receptor activity (GO:2000272),GO_Biological_Process_2021,1/26,0.0395528195360064,0.0889938439560144,0,0,26.592,85.8953057509563,CRHBP
positive regulation of cellular component movement (GO:0051272),GO_Biological_Process_2021,1/27,0.0410434463585474,0.0912862858664244,0,0,25.56794871794872,81.6416333934617,CAVIN1
regulation of blood coagulation (GO:0030193),GO_Biological_Process_2021,1/27,0.0410434463585474,0.0912862858664244,0,0,25.56794871794872,81.6416333934617,CD34
negative regulation of inflammatory response (GO:0050728),GO_Biological_Process_2021,2/212,0.0425220208708965,0.0914434437857024,0,0,6.488998357963875,20.49052554384947,MDK;AVP
regulation of B cell activation (GO:0050864),GO_Biological_Process_2021,1/28,0.0425318343189313,0.0914434437857024,0,0,24.619753086419752,77.73693045847051,IGLL1
T cell activation involved in immune response (GO:0002286),GO_Biological_Process_2021,1/28,0.0425318343189313,0.0914434437857024,0,0,24.619753086419752,77.73693045847051,MDK
positive regulation of response to wounding (GO:1903036),GO_Biological_Process_2021,1/28,0.0425318343189313,0.0914434437857024,0,0,24.619753086419752,77.73693045847051,MDK
regulation of neuron migration (GO:2001222),GO_Biological_Process_2021,1/28,0.0425318343189313,0.0914434437857024,0,0,24.619753086419752,77.73693045847051,MDK
regulation of postsynapse organization (GO:0099175),GO_Biological_Process_2021,1/28,0.0425318343189313,0.0914434437857024,0,0,24.619753086419752,77.73693045847051,ARHGAP22
positive regulation of GTPase activity (GO:0043547),GO_Biological_Process_2021,2/214,0.0432478380134877,0.091961062149559,0,0,6.427130774235524,20.186383977593543,ARHGAP22;PRTN3
negative regulation of multicellular organismal process (GO:0051241),GO_Biological_Process_2021,2/214,0.0432478380134877,0.091961062149559,0,0,6.427130774235524,20.186383977593543,CRHBP;MDK
positive regulation of leukocyte migration (GO:0002687),GO_Biological_Process_2021,1/29,0.044017986659766,0.0925813088985297,0,0,23.739285714285717,74.14151494993529,MDK
negative regulation of wound healing (GO:0061045),GO_Biological_Process_2021,1/29,0.044017986659766,0.0925813088985297,0,0,23.739285714285717,74.14151494993529,CD34
Golgi to plasma membrane protein transport (GO:0043001),GO_Biological_Process_2021,1/30,0.0455019066193127,0.0932443702876518,0,0,22.919540229885055,70.82140338003367,KRT18
negative regulation of Notch signaling pathway (GO:0045746),GO_Biological_Process_2021,1/30,0.0455019066193127,0.0932443702876518,0,0,22.919540229885055,70.82140338003367,EGFL7
termination of RNA polymerase I transcription (GO:0006363),GO_Biological_Process_2021,1/30,0.0455019066193127,0.0932443702876518,0,0,22.919540229885055,70.82140338003367,CAVIN1
plasma membrane invagination (GO:0099024),GO_Biological_Process_2021,1/30,0.0455019066193127,0.0932443702876518,0,0,22.919540229885055,70.82140338003367,IGLL1
positive regulation of cell motility (GO:2000147),GO_Biological_Process_2021,2/221,0.0458248716864863,0.0932443702876518,0,0,6.219492993229412,19.17425086928201,CAVIN1;MDK
purine nucleoside bisphosphate metabolic process (GO:0034032),GO_Biological_Process_2021,1/31,0.0469835974317625,0.0932443702876518,0,0,22.154444444444444,67.74733246608147,ACSM3
renal water homeostasis (GO:0003091),GO_Biological_Process_2021,1/31,0.0469835974317625,0.0932443702876518,0,0,22.154444444444444,67.74733246608147,AVP
positive regulation of leukocyte cell-cell adhesion (GO:1903039),GO_Biological_Process_2021,1/31,0.0469835974317625,0.0932443702876518,0,0,22.154444444444444,67.74733246608147,MDK
ribonucleoside bisphosphate metabolic process (GO:0033875),GO_Biological_Process_2021,1/31,0.0469835974317625,0.0932443702876518,0,0,22.154444444444444,67.74733246608147,ACSM3
positive regulation of locomotion (GO:0040017),GO_Biological_Process_2021,1/31,0.0469835974317625,0.0932443702876518,0,0,22.154444444444444,67.74733246608147,CAVIN1
cellular response to cAMP (GO:0071320),GO_Biological_Process_2021,1/31,0.0469835974317625,0.0932443702876518,0,0,22.154444444444444,67.74733246608147,CRHBP
aortic valve morphogenesis (GO:0003180),GO_Biological_Process_2021,1/32,0.0484630623370423,0.0937760256221769,0,0,21.438709677419357,64.89397456016435,EMILIN1
positive regulation of interleukin-10 production (GO:0032733),GO_Biological_Process_2021,1/32,0.0484630623370423,0.0937760256221769,0,0,21.438709677419357,64.89397456016435,CD34
superoxide metabolic process (GO:0006801),GO_Biological_Process_2021,1/32,0.0484630623370423,0.0937760256221769,0,0,21.438709677419357,64.89397456016435,PRG3
transcription initiation from RNA polymerase I promoter (GO:0006361),GO_Biological_Process_2021,1/32,0.0484630623370423,0.0937760256221769,0,0,21.438709677419357,64.89397456016435,CAVIN1
regulation of NMDA receptor activity (GO:2000310),GO_Biological_Process_2021,1/32,0.0484630623370423,0.0937760256221769,0,0,21.438709677419357,64.89397456016435,CRHBP
vasculogenesis (GO:0001570),GO_Biological_Process_2021,1/33,0.0499403045580293,0.0956621715197496,0,0,20.76770833333333,62.2393036656038,EGFL7
female gamete generation (GO:0007292),GO_Biological_Process_2021,1/34,0.0514153273284442,0.0956621715197496,0,0,20.13737373737374,59.76407945997836,MDK
regulation of activated T cell proliferation (GO:0046006),GO_Biological_Process_2021,1/34,0.0514153273284442,0.0956621715197496,0,0,20.13737373737374,59.76407945997836,IGFBP2
B cell receptor signaling pathway (GO:0050853),GO_Biological_Process_2021,1/34,0.0514153273284442,0.0956621715197496,0,0,20.13737373737374,59.76407945997836,IGLL1
negative regulation of mitochondrion organization (GO:0010823),GO_Biological_Process_2021,1/34,0.0514153273284442,0.0956621715197496,0,0,20.13737373737374,59.76407945997836,AVP
positive regulation of interleukin-12 production (GO:0032735),GO_Biological_Process_2021,1/34,0.0514153273284442,0.0956621715197496,0,0,20.13737373737374,59.76407945997836,MDK
transcription by RNA polymerase I (GO:0006360),GO_Biological_Process_2021,1/34,0.0514153273284442,0.0956621715197496,0,0,20.13737373737374,59.76407945997836,CAVIN1
organic cyclic compound biosynthetic process (GO:1901362),GO_Biological_Process_2021,1/34,0.0514153273284442,0.0956621715197496,0,0,20.13737373737374,59.76407945997836,PRG3
response to estrogen (GO:0043627),GO_Biological_Process_2021,1/35,0.0528881338521174,0.0974652752417592,0,0,19.544117647058822,57.45142461157597,CRHBP
positive regulation of lymphocyte activation (GO:0051251),GO_Biological_Process_2021,1/35,0.0528881338521174,0.0974652752417592,0,0,19.544117647058822,57.45142461157597,IGLL1
aortic valve development (GO:0003176),GO_Biological_Process_2021,1/36,0.054358727363695,0.0983029321950933,0,0,18.984761904761903,55.2864763029152,EMILIN1
positive regulation of cytokine-mediated signaling pathway (GO:0001961),GO_Biological_Process_2021,1/36,0.054358727363695,0.0983029321950933,0,0,18.984761904761903,55.2864763029152,C1QTNF4
positive regulation of substrate adhesion-dependent cell spreading (GO:1900026),GO_Biological_Process_2021,1/36,0.054358727363695,0.0983029321950933,0,0,18.984761904761903,55.2864763029152,MDK
regulation of ossification (GO:0030278),GO_Biological_Process_2021,1/36,0.054358727363695,0.0983029321950933,0,0,18.984761904761903,55.2864763029152,MDK
acyl-CoA metabolic process (GO:0006637),GO_Biological_Process_2021,1/37,0.0558271110621512,0.0991059265185895,0,0,18.45648148148148,53.25609732919314,ACSM3
regulation of actin cytoskeleton reorganization (GO:2000249),GO_Biological_Process_2021,1/37,0.0558271110621512,0.0991059265185895,0,0,18.45648148148148,53.25609732919314,MDK
negative regulation of epithelial cell apoptotic process (GO:1904036),GO_Biological_Process_2021,1/37,0.0558271110621512,0.0991059265185895,0,0,18.45648148148148,53.25609732919314,MDK
"phagocytosis, engulfment (GO:0006911)",GO_Biological_Process_2021,1/37,0.0558271110621512,0.0991059265185895,0,0,18.45648148148148,53.25609732919314,IGLL1
response to cAMP (GO:0051591),GO_Biological_Process_2021,1/38,0.0572932881600048,0.1007841023541903,0,0,17.956756756756757,51.348635190815486,CRHBP
response to estradiol (GO:0032355),GO_Biological_Process_2021,1/38,0.0572932881600048,0.1007841023541903,0,0,17.956756756756757,51.348635190815486,CRHBP
regulation of canonical Wnt signaling pathway (GO:0060828),GO_Biological_Process_2021,2/253,0.0582967590381917,0.1019688804495015,0,0,5.417777167193296,15.39845382337564,MDK;IGFBP2
regulation of T cell differentiation (GO:0045580),GO_Biological_Process_2021,1/39,0.0587572618610822,0.1019688804495015,0,0,17.483333333333334,49.55372022159112,MDK
membrane protein proteolysis (GO:0033619),GO_Biological_Process_2021,1/39,0.0587572618610822,0.1019688804495015,0,0,17.483333333333334,49.55372022159112,PRTN3
negative regulation of blood coagulation (GO:0030195),GO_Biological_Process_2021,1/40,0.0602190353597648,0.103329808990672,0,0,17.034188034188034,47.86209557175929,CD34
regulation of nitric oxide biosynthetic process (GO:0045428),GO_Biological_Process_2021,1/40,0.0602190353597648,0.103329808990672,0,0,17.034188034188034,47.86209557175929,CD34
positive regulation of cell differentiation (GO:0045597),GO_Biological_Process_2021,2/258,0.0603424724338291,0.103329808990672,0,0,5.310614224137931,14.910712836112491,MDK;CD34
regulation of release of cytochrome c from mitochondria (GO:0090199),GO_Biological_Process_2021,1/41,0.0616786118590254,0.104691328023872,0,0,16.6075,46.2654733568564,AVP
endosome organization (GO:0007032),GO_Biological_Process_2021,1/41,0.0616786118590254,0.104691328023872,0,0,16.6075,46.2654733568564,LAPTM4B
positive regulation of epithelial to mesenchymal transition (GO:0010718),GO_Biological_Process_2021,1/42,0.0631359945348628,0.1066970737335892,0,0,16.201626016260164,44.75641243015854,MDK
substantia nigra development (GO:0021762),GO_Biological_Process_2021,1/43,0.0645911865897151,0.10821120870225,0,0,15.815079365079365,43.328214060740166,CKB
positive regulation of T cell differentiation (GO:0045582),GO_Biological_Process_2021,1/43,0.0645911865897151,0.10821120870225,0,0,15.815079365079365,43.328214060740166,MDK
positive regulation of chemotaxis (GO:0050921),GO_Biological_Process_2021,1/45,0.0674950115208685,0.1125886614593798,0,0,15.094696969696969,40.69079857995566,MDK
negative regulation of tumor necrosis factor production (GO:0032720),GO_Biological_Process_2021,1/46,0.0689436507552879,0.1145115572630748,0,0,14.75851851851852,39.471152501452366,CD34
positive regulation of cell-cell adhesion (GO:0022409),GO_Biological_Process_2021,1/47,0.0703901120585572,0.1164144160968446,0,0,14.43695652173913,38.311387316676615,MDK
negative regulation of tumor necrosis factor superfamily cytokine production (GO:1903556),GO_Biological_Process_2021,1/48,0.0718343985928686,0.1172992078288614,0,0,14.129078014184396,37.20739858844958,CD34
regulation of interleukin-10 production (GO:0032653),GO_Biological_Process_2021,1/48,0.0718343985928686,0.1172992078288614,0,0,14.129078014184396,37.20739858844958,CD34
regulation of interleukin-2 production (GO:0032663),GO_Biological_Process_2021,1/48,0.0718343985928686,0.1172992078288614,0,0,14.129078014184396,37.20739858844958,CD34
positive regulation of cell morphogenesis involved in differentiation (GO:0010770),GO_Biological_Process_2021,1/50,0.0747164600026276,0.1209843933933761,0,0,13.551020408163266,35.15209038871121,MDK
negative regulation of ERK1 and ERK2 cascade (GO:0070373),GO_Biological_Process_2021,1/50,0.0747164600026276,0.1209843933933761,0,0,13.551020408163266,35.15209038871121,EMILIN1
regulation of substrate adhesion-dependent cell spreading (GO:1900024),GO_Biological_Process_2021,1/51,0.0761542411780185,0.1217838484954262,0,0,13.279333333333334,34.194210378566844,MDK
negative regulation of transport (GO:0051051),GO_Biological_Process_2021,1/51,0.0761542411780185,0.1217838484954262,0,0,13.279333333333334,34.194210378566844,PRTN3
regulation of interleukin-12 production (GO:0032655),GO_Biological_Process_2021,1/51,0.0761542411780185,0.1217838484954262,0,0,13.279333333333334,34.194210378566844,MDK
negative regulation of cellular biosynthetic process (GO:0031327),GO_Biological_Process_2021,1/52,0.0775898601982381,0.1235690366120088,0,0,13.018300653594771,33.27892316228608,CD34
extracellular matrix organization (GO:0030198),GO_Biological_Process_2021,2/300,0.0784614089915718,0.1238138660970222,0,0,4.552418421661653,11.586580372222294,VWF;TPSAB1
positive regulation of B cell activation (GO:0050871),GO_Biological_Process_2021,1/53,0.0790233202221304,0.1238138660970222,0,0,12.767307692307693,32.40358367230175,IGLL1
negative regulation of cysteine-type endopeptidase activity (GO:2000117),GO_Biological_Process_2021,1/53,0.0790233202221304,0.1238138660970222,0,0,12.767307692307693,32.40358367230175,AVP
positive regulation of NIK/NF-kappaB signaling (GO:1901224),GO_Biological_Process_2021,1/53,0.0790233202221304,0.1238138660970222,0,0,12.767307692307693,32.40358367230175,C1QTNF4
positive regulation of leukocyte chemotaxis (GO:0002690),GO_Biological_Process_2021,1/54,0.0804546243589149,0.1255481436568551,0,0,12.525786163522012,31.56575680442027,MDK
negative regulation of cysteine-type endopeptidase activity involved in apoptotic process (GO:0043154),GO_Biological_Process_2021,1/55,0.0818837757604707,0.1272651454590449,0,0,12.29320987654321,30.763197218330607,AVP
blood vessel morphogenesis (GO:0048514),GO_Biological_Process_2021,1/56,0.0833107775481581,0.1289650836445487,0,0,12.069090909090908,29.99383143293984,EGFL7
regulation of neurotransmitter receptor activity (GO:0099601),GO_Biological_Process_2021,1/58,0.0861583447782449,0.1317916182971573,0,0,11.644444444444444,28.547152703267717,CRHBP
regulation of pathway-restricted SMAD protein phosphorylation (GO:0060393),GO_Biological_Process_2021,1/58,0.0861583447782449,0.1317916182971573,0,0,11.644444444444444,28.547152703267717,EMILIN1
regulation of phagocytosis (GO:0050764),GO_Biological_Process_2021,1/58,0.0861583447782449,0.1317916182971573,0,0,11.644444444444444,28.547152703267717,PRTN3
Notch signaling pathway (GO:0007219),GO_Biological_Process_2021,1/60,0.0889973510131811,0.1355983261500042,0,0,11.248587570621469,27.21200570122755,MDK
positive regulation of interleukin-8 production (GO:0032757),GO_Biological_Process_2021,1/61,0.0904136515333159,0.1366800122788799,0,0,11.060555555555556,26.582496915567003,PRG3
negative regulation of response to stimulus (GO:0048585),GO_Biological_Process_2021,1/61,0.0904136515333159,0.1366800122788799,0,0,11.060555555555556,26.582496915567003,CD34
monocarboxylic acid biosynthetic process (GO:0072330),GO_Biological_Process_2021,1/63,0.0932398628808903,0.1404039958556598,0,0,10.702688172043011,25.39298321204175,ACSM3
extracellular matrix disassembly (GO:0022617),GO_Biological_Process_2021,1/66,0.0974632521020976,0.1445144772548344,0,0,10.207179487179488,23.765170565615563,TPSAB1
cell-cell junction assembly (GO:0007043),GO_Biological_Process_2021,1/66,0.0974632521020976,0.1445144772548344,0,0,10.207179487179488,23.765170565615563,GJA4
cellular component disassembly (GO:0022411),GO_Biological_Process_2021,1/66,0.0974632521020976,0.1445144772548344,0,0,10.207179487179488,23.765170565615563,TPSAB1
positive regulation of T cell proliferation (GO:0042102),GO_Biological_Process_2021,1/66,0.0974632521020976,0.1445144772548344,0,0,10.207179487179488,23.765170565615563,IGFBP2
negative regulation of transforming growth factor beta receptor signaling pathway (GO:0030512),GO_Biological_Process_2021,1/68,0.1002682623878204,0.1481061738323912,0,0,9.901492537313432,22.77250269881097,EMILIN1
cellular response to calcium ion (GO:0071277),GO_Biological_Process_2021,1/69,0.1016676020042294,0.1496021367894935,0,0,9.755392156862746,22.301280984489107,CRHBP
positive regulation of cell-substrate adhesion (GO:0010811),GO_Biological_Process_2021,1/70,0.1030648353585769,0.1497259505796104,0,0,9.61352657004831,21.8457491225909,MDK
"DNA-templated transcription, termination (GO:0006353)",GO_Biological_Process_2021,1/70,0.1030648353585769,0.1497259505796104,0,0,9.61352657004831,21.8457491225909,CAVIN1
fatty acid biosynthetic process (GO:0006633),GO_Biological_Process_2021,1/71,0.1044599655206584,0.1497259505796104,0,0,9.475714285714286,21.405177919492388,ACSM3
gland development (GO:0048732),GO_Biological_Process_2021,1/71,0.1044599655206584,0.1497259505796104,0,0,9.475714285714286,21.405177919492388,MDK
negative regulation of neuron apoptotic process (GO:0043524),GO_Biological_Process_2021,1/71,0.1044599655206584,0.1497259505796104,0,0,9.475714285714286,21.405177919492388,MDK
cholesterol homeostasis (GO:0042632),GO_Biological_Process_2021,1/71,0.1044599655206584,0.1497259505796104,0,0,9.475714285714286,21.405177919492388,ACSM3
myeloid leukocyte differentiation (GO:0002573),GO_Biological_Process_2021,1/71,0.1044599655206584,0.1497259505796104,0,0,9.475714285714286,21.405177919492388,PRTN3
negative regulation of supramolecular fiber organization (GO:1902904),GO_Biological_Process_2021,1/72,0.1058529955609793,0.1506070194194815,0,0,9.341784037558686,20.97888160974941,EMILIN1
sterol homeostasis (GO:0055092),GO_Biological_Process_2021,1/72,0.1058529955609793,0.1506070194194815,0,0,9.341784037558686,20.97888160974941,ACSM3
negative regulation of cell adhesion (GO:0007162),GO_Biological_Process_2021,1/73,0.107243928503136,0.1520271074385115,0,0,9.211574074074074,20.566214716689423,MDK
regulation of peptide hormone secretion (GO:0090276),GO_Biological_Process_2021,1/74,0.1086327674174716,0.1534338722283267,0,0,9.084931506849315,20.166569167475306,CRHBP
positive regulation of T cell activation (GO:0050870),GO_Biological_Process_2021,1/75,0.1100195153566116,0.1548274634291225,0,0,8.961711711711711,19.77937166333769,MDK
positive regulation of interleukin-6 production (GO:0032755),GO_Biological_Process_2021,1/76,0.1114041753771805,0.1550842297516865,0,0,8.841777777777779,19.40408125999615,C1QTNF4
regulation of epithelial to mesenchymal transition (GO:0010717),GO_Biological_Process_2021,1/76,0.1114041753771805,0.1550842297516865,0,0,8.841777777777779,19.40408125999615,MDK
cellular response to hormone stimulus (GO:0032870),GO_Biological_Process_2021,1/76,0.1114041753771805,0.1550842297516865,0,0,8.841777777777779,19.40408125999615,CRHBP
purine ribonucleotide metabolic process (GO:0009150),GO_Biological_Process_2021,1/77,0.1127867504640337,0.1553326420981532,0,0,8.725,19.04018715319017,ACSM3
neutrophil migration (GO:1990266),GO_Biological_Process_2021,1/77,0.1127867504640337,0.1553326420981532,0,0,8.725,19.04018715319017,PRTN3
positive regulation of tumor necrosis factor production (GO:0032760),GO_Biological_Process_2021,1/77,0.1127867504640337,0.1553326420981532,0,0,8.725,19.04018715319017,C1QTNF4
negative regulation of apoptotic signaling pathway (GO:2001234),GO_Biological_Process_2021,1/78,0.1141672437122831,0.1561226972319914,0,0,8.611255411255412,18.687206622741385,AVP
negative regulation of blood vessel morphogenesis (GO:2000181),GO_Biological_Process_2021,1/78,0.1141672437122831,0.1561226972319914,0,0,8.611255411255412,18.687206622741385,EMILIN1
regulation of cellular response to heat (GO:1900034),GO_Biological_Process_2021,1/79,0.1155456581169776,0.1571139330918355,0,0,8.500427350427351,18.344683169954745,CD34
positive regulation of cell adhesion (GO:0045785),GO_Biological_Process_2021,1/80,0.1169219967195055,0.1571139330918355,0,0,8.39240506329114,18.01218477461978,MDK
negative regulation of cellular response to growth factor stimulus (GO:0090288),GO_Biological_Process_2021,1/80,0.1169219967195055,0.1571139330918355,0,0,8.39240506329114,18.01218477461978,EMILIN1
lipid biosynthetic process (GO:0008610),GO_Biological_Process_2021,1/80,0.1169219967195055,0.1571139330918355,0,0,8.39240506329114,18.01218477461978,ACSM3
regulation of NIK/NF-kappaB signaling (GO:1901222),GO_Biological_Process_2021,1/80,0.1169219967195055,0.1571139330918355,0,0,8.39240506329114,18.01218477461978,C1QTNF4
negative regulation of programmed cell death (GO:0043069),GO_Biological_Process_2021,2/381,0.1173788603429406,0.1571820725007544,0,0,3.564734783004276,7.636904047809343,KRT18;AVP
regulation of interleukin-8 production (GO:0032677),GO_Biological_Process_2021,1/81,0.1182962625352098,0.157321833680846,0,0,8.287083333333333,17.689302303265983,PRG3
positive regulation of tumor necrosis factor superfamily cytokine production (GO:1903557),GO_Biological_Process_2021,1/81,0.1182962625352098,0.157321833680846,0,0,8.287083333333333,17.689302303265983,C1QTNF4
peptide metabolic process (GO:0006518),GO_Biological_Process_2021,1/83,0.121038587865389,0.1598700802181077,0,0,8.084146341463414,17.070854284931038,CPXM1
regulation of Notch signaling pathway (GO:0008593),GO_Biological_Process_2021,1/83,0.121038587865389,0.1598700802181077,0,0,8.084146341463414,17.070854284931038,EGFL7
negative regulation of cellular amide metabolic process (GO:0034249),GO_Biological_Process_2021,1/86,0.125136605265329,0.1641622584328215,0,0,7.79764705882353,16.206234277302418,PRG3
regulation of neuron death (GO:1901214),GO_Biological_Process_2021,1/86,0.125136605265329,0.1641622584328215,0,0,7.79764705882353,16.206234277302418,CD34
negative regulation of angiogenesis (GO:0016525),GO_Biological_Process_2021,1/87,0.126498497582516,0.1653882383933571,0,0,7.706589147286822,15.93356455305491,EMILIN1
positive regulation of neuron projection development (GO:0010976),GO_Biological_Process_2021,1/88,0.1278583381345715,0.1666032890844417,0,0,7.617624521072797,15.668176630929226,MDK
regulation of cation channel activity (GO:2001257),GO_Biological_Process_2021,1/89,0.1292161299361437,0.1666888076176254,0,0,7.530681818181818,15.409799629222077,CRHBP
positive regulation of inflammatory response (GO:0050729),GO_Biological_Process_2021,1/89,0.1292161299361437,0.1666888076176254,0,0,7.530681818181818,15.409799629222077,MDK
regulation of cysteine-type endopeptidase activity involved in apoptotic process (GO:0043281),GO_Biological_Process_2021,1/89,0.1292161299361437,0.1666888076176254,0,0,7.530681818181818,15.409799629222077,AVP
negative regulation of translation (GO:0017148),GO_Biological_Process_2021,1/90,0.1305718759262102,0.1678781261908417,0,0,7.4456928838951315,15.158175594574578,PRG3
regulation of actin cytoskeleton organization (GO:0032956),GO_Biological_Process_2021,1/91,0.1319255791544341,0.1690569507707483,0,0,7.362592592592593,14.91305874036,MDK
positive regulation of cellular component biogenesis (GO:0044089),GO_Biological_Process_2021,1/92,0.1332772425291747,0.1691091569140676,0,0,7.281318681318681,14.674214761648551,EMILIN1
regulation of endothelial cell proliferation (GO:0001936),GO_Biological_Process_2021,1/92,0.1332772425291747,0.1691091569140676,0,0,7.281318681318681,14.674214761648551,EGFL7
T cell activation (GO:0042110),GO_Biological_Process_2021,1/92,0.1332772425291747,0.1691091569140676,0,0,7.281318681318681,14.674214761648551,MDK
positive regulation of peptidyl-serine phosphorylation (GO:0033138),GO_Biological_Process_2021,1/93,0.1346268690574452,0.1697487634812013,0,0,7.201811594202899,14.441420169325143,AVP
negative regulation of cell death (GO:0060548),GO_Biological_Process_2021,1/94,0.1359744617032879,0.1697487634812013,0,0,7.124014336917563,14.21446168945804,CD34
negative regulation of cellular protein metabolic process (GO:0032269),GO_Biological_Process_2021,1/94,0.1359744617032879,0.1697487634812013,0,0,7.124014336917563,14.21446168945804,PRG3
hemopoiesis (GO:0030097),GO_Biological_Process_2021,1/94,0.1359744617032879,0.1697487634812013,0,0,7.124014336917563,14.21446168945804,CD34
negative regulation of MAPK cascade (GO:0043409),GO_Biological_Process_2021,1/94,0.1359744617032879,0.1697487634812013,0,0,7.124014336917563,14.21446168945804,EMILIN1
protein maturation (GO:0051604),GO_Biological_Process_2021,1/97,0.1400050658887811,0.1742049103285014,0,0,6.900347222222222,13.566611703053766,CPXM1
positive regulation of defense response (GO:0031349),GO_Biological_Process_2021,1/98,0.1413445525662776,0.1742049103285014,0,0,6.828865979381443,13.361050061201013,MDK
regulation of neuron apoptotic process (GO:0043523),GO_Biological_Process_2021,1/98,0.1413445525662776,0.1742049103285014,0,0,6.828865979381443,13.361050061201013,MDK
regulation of peptidyl-serine phosphorylation (GO:0033135),GO_Biological_Process_2021,1/98,0.1413445525662776,0.1742049103285014,0,0,6.828865979381443,13.361050061201013,AVP
regulation of transforming growth factor beta receptor signaling pathway (GO:0017015),GO_Biological_Process_2021,1/100,0.1440174715013112,0.1769357507016109,0,0,6.69023569023569,12.964476920040203,EMILIN1
regulation of intracellular signal transduction (GO:1902531),GO_Biological_Process_2021,2/437,0.146624341318589,0.17850963714034,0,0,3.096948077685296,5.945773210261221,ARHGAP22;VWF
cell junction assembly (GO:0034329),GO_Biological_Process_2021,1/102,0.1466823374951631,0.17850963714034,0,0,6.557095709570957,12.586253414445132,GJA4
positive regulation of vasculature development (GO:1904018),GO_Biological_Process_2021,1/102,0.1466823374951631,0.17850963714034,0,0,6.557095709570957,12.586253414445132,CD34
cellular response to organonitrogen compound (GO:0071417),GO_Biological_Process_2021,1/103,0.1480117579678507,0.1795628537102139,0,0,6.492483660130719,12.40365346374743,CRHBP
activation of GTPase activity (GO:0090630),GO_Biological_Process_2021,1/105,0.1506645884907166,0.1822099867059604,0,0,6.36698717948718,12.05079142079369,ARHGAP22
protein processing (GO:0016485),GO_Biological_Process_2021,1/106,0.1519880043814253,0.1826688127192907,0,0,6.306031746031746,11.880271712830174,CPXM1
cellular response to peptide hormone stimulus (GO:0071375),GO_Biological_Process_2021,1/106,0.1519880043814253,0.1826688127192907,0,0,6.306031746031746,11.880271712830174,CRHBP
response to calcium ion (GO:0051592),GO_Biological_Process_2021,1/107,0.1533094245816639,0.1836865241891762,0,0,6.246226415094339,11.713529763522214,CRHBP
negative regulation of transmembrane receptor protein serine/threonine kinase signaling pathway (GO:0090101),GO_Biological_Process_2021,1/108,0.1546288520007175,0.1846955732230793,0,0,6.187538940809969,11.55044932516124,EMILIN1
response to tumor necrosis factor (GO:0034612),GO_Biological_Process_2021,1/110,0.1572617400799925,0.1866880165980279,0,0,6.073394495412844,11.234830711924577,CRHBP
regulation of interleukin-6 production (GO:0032675),GO_Biological_Process_2021,1/110,0.1572617400799925,0.1866880165980279,0,0,6.073394495412844,11.234830711924577,C1QTNF4
Fc-epsilon receptor signaling pathway (GO:0038095),GO_Biological_Process_2021,1/111,0.1585752065631873,0.1876715747399189,0,0,6.017878787878788,11.08208211129878,FCER1A
Fc receptor signaling pathway (GO:0038093),GO_Biological_Process_2021,1/112,0.1598866918284124,0.1886467979804744,0,0,5.963363363363364,10.932573768600095,FCER1A
positive regulation of cell projection organization (GO:0031346),GO_Biological_Process_2021,1/117,0.16641450137197,0.1955182176514374,0,0,5.704885057471264,10.230419802957789,MDK
positive regulation of cell population proliferation (GO:0008284),GO_Biological_Process_2021,2/474,0.1667209607880475,0.1955182176514374,0,0,2.848772647574518,5.103387488448879,MDK;PRTN3
regulation of cellular response to stress (GO:0080135),GO_Biological_Process_2021,1/118,0.1677141600275841,0.1960887611198642,0,0,5.655840455840456,10.098470200279683,CRHBP
cytoskeleton organization (GO:0007010),GO_Biological_Process_2021,1/120,0.1703075970571497,0.1985212050033643,0,0,5.560224089635854,9.842425570542432,MDK
cellular response to cytokine stimulus (GO:0071345),GO_Biological_Process_2021,2/482,0.1711321867365231,0.1988833521532566,0,0,2.80014367816092,4.943146835703962,CRHBP;PRTN3
epithelium development (GO:0060429),GO_Biological_Process_2021,1/122,0.172893212750497,0.2003283632767735,0,0,5.467768595041322,9.596377552221062,CD34
fatty acid metabolic process (GO:0006631),GO_Biological_Process_2021,1/124,0.1754710298811658,0.2027083240716751,0,0,5.378319783197832,9.359789460313923,ACSM3
platelet degranulation (GO:0002576),GO_Biological_Process_2021,1/125,0.1767570211186702,0.2035862118241826,0,0,5.334677419354839,9.244885281458137,VWF
cellular response to metal ion (GO:0071248),GO_Biological_Process_2021,1/131,0.1844323040266989,0.2117961473541023,0,0,5.086923076923077,8.599305090496161,CRHBP
regulation of cell adhesion (GO:0030155),GO_Biological_Process_2021,1/133,0.1869753081714116,0.2134496880894876,0,0,5.009343434343434,8.399560435360442,MDK
regulation of cell motility (GO:2000145),GO_Biological_Process_2021,1/133,0.1869753081714116,0.2134496880894876,0,0,5.009343434343434,8.399560435360442,CAVIN1
negative regulation of inflammatory response to antigenic stimulus (GO:0002862),GO_Biological_Process_2021,1/136,0.1907754321327925,0.2171473301040903,0,0,4.897283950617284,8.113126058532183,AVP
regulation of inflammatory response to antigenic stimulus (GO:0002861),GO_Biological_Process_2021,1/137,0.1920383160280386,0.2179437780142256,0,0,4.861029411764706,8.020991961652324,AVP
positive regulation of response to external stimulus (GO:0032103),GO_Biological_Process_2021,1/139,0.1945583644683707,0.2201581492668405,0,0,4.790096618357488,7.841498751053612,MDK
regulation of small GTPase mediated signal transduction (GO:0051056),GO_Biological_Process_2021,1/141,0.1970708056032975,0.2223510255640704,0,0,4.721190476190476,7.668120724962255,ARHGAP22
monocarboxylic acid metabolic process (GO:0032787),GO_Biological_Process_2021,1/143,0.1995756616597384,0.2245226193672057,0,0,4.654225352112676,7.500572056522554,CKB
positive regulation of hydrolase activity (GO:0051345),GO_Biological_Process_2021,1/149,0.2070449402747992,0.2316196119012187,0,0,4.464189189189189,7.030291769437623,PRTN3
positive regulation of intracellular signal transduction (GO:1902533),GO_Biological_Process_2021,2/546,0.2070811000460508,0.2316196119012187,0,0,2.462601419878296,3.87772245818562,C1QTNF4;VWF
cellular response to organic cyclic compound (GO:0071407),GO_Biological_Process_2021,1/150,0.2082832442433382,0.2322928401215328,0,0,4.434004474272931,6.956316183817003,CRHBP
negative regulation of protein phosphorylation (GO:0001933),GO_Biological_Process_2021,1/152,0.2107542404200593,0.2343732501223074,0,0,4.3748344370860925,6.811890915559051,EMILIN1
regulation of cell differentiation (GO:0045595),GO_Biological_Process_2021,1/156,0.2156738622711116,0.2391569762146711,0,0,4.261075268817204,6.536437942701622,MDK
regulation of neuron projection development (GO:0010975),GO_Biological_Process_2021,1/165,0.2266347490418343,0.2505932796548282,0,0,4.025406504065041,5.97537618056734,MDK
"DNA-templated transcription, initiation (GO:0006352)",GO_Biological_Process_2021,1/168,0.2302553253538087,0.2538712561593276,0,0,3.95249500998004,5.804501666402634,CAVIN1
regulation of gene expression (GO:0010468),GO_Biological_Process_2021,3/1079,0.2329427112947122,0.2561046286109478,0,0,1.8812732342007437,2.740944987026716,EMILIN1;AVP;CD34
positive regulation of developmental process (GO:0051094),GO_Biological_Process_2021,1/177,0.2410189069268558,0.2640384684303154,0,0,3.7486742424242414,5.333913218410286,MDK
regulation of translation (GO:0006417),GO_Biological_Process_2021,1/178,0.2422058302138552,0.2640384684303154,0,0,3.727306967984934,5.28519968188763,PRG3
negative regulation of immune response (GO:0050777),GO_Biological_Process_2021,1/178,0.2422058302138552,0.2640384684303154,0,0,3.727306967984934,5.28519968188763,AVP
negative regulation of cytokine production (GO:0001818),GO_Biological_Process_2021,1/182,0.2469355858277213,0.268438403694742,0,0,3.644198895027624,5.096877746611394,CD34
antigen receptor-mediated signaling pathway (GO:0050851),GO_Biological_Process_2021,1/185,0.250464141594742,0.271511548451443,0,0,3.5842391304347827,4.962162287075467,IGLL1
positive regulation of cellular process (GO:0048522),GO_Biological_Process_2021,2/625,0.2525121979862326,0.2729670967057878,0,0,2.1415841036143246,2.947453041343703,MDK;PRTN3
regulation of GTPase activity (GO:0043087),GO_Biological_Process_2021,1/189,0.2551440019839143,0.2750438127236067,0,0,3.5072695035460995,4.790674740907671,PRTN3
cellular response to tumor necrosis factor (GO:0071356),GO_Biological_Process_2021,1/194,0.2609540743384321,0.2805256299138146,0,0,3.415544041450777,4.588478915506342,CRHBP
regulation of signal transduction (GO:0009966),GO_Biological_Process_2021,1/198,0.2655705309713454,0.2846974944208052,0,0,3.3455160744500847,4.435735523700054,IGFBP2
endomembrane system organization (GO:0010256),GO_Biological_Process_2021,1/199,0.266720277449934,0.2851401861136035,0,0,3.3284511784511785,4.39873069718801,LAPTM4B
regulation of inflammatory response (GO:0050727),GO_Biological_Process_2021,1/206,0.2747198708194591,0.2928831680637208,0,0,3.213658536585366,4.152057601642212,MDK
extracellular structure organization (GO:0043062),GO_Biological_Process_2021,1/216,0.2860015199971663,0.3040730446123719,0,0,3.0626356589147288,3.833679157249421,VWF
external encapsulating structure organization (GO:0045229),GO_Biological_Process_2021,1/217,0.2871202987823171,0.3044261798048129,0,0,3.0483024691358023,3.803836403486802,VWF
cellular response to lipid (GO:0071396),GO_Biological_Process_2021,1/219,0.2893527691140469,0.3059549771779676,0,0,3.020030581039755,3.745166140096708,CRHBP
inflammatory response (GO:0006954),GO_Biological_Process_2021,1/230,0.3015109363412466,0.3179420500383172,0,0,2.873362445414847,3.4450150028898907,CRHBP
regulation of ERK1 and ERK2 cascade (GO:0070372),GO_Biological_Process_2021,1/238,0.3102265487794759,0.3262436803740684,0,0,2.7752461322081574,3.248293623402664,EMILIN1
membrane organization (GO:0061024),GO_Biological_Process_2021,1/242,0.314544795434009,0.3298884439917655,0,0,2.728630705394191,3.156012801591166,AVP
regulation of apoptotic process (GO:0042981),GO_Biological_Process_2021,2/742,0.3203039151986463,0.3350205815726381,0,0,1.7920782851817334,2.040254244543744,KRT18;AVP
positive regulation of signal transduction (GO:0009967),GO_Biological_Process_2021,1/252,0.3252262659729961,0.3392521965809959,0,0,2.61859229747676,2.941292256518778,VWF
positive regulation of cell migration (GO:0030335),GO_Biological_Process_2021,1/269,0.3430161604107801,0.3568474572015374,0,0,2.450373134328358,2.621844654580471,MDK
innate immune response (GO:0045087),GO_Biological_Process_2021,1/302,0.3762627326155081,0.3903571174522086,0,0,2.178073089700997,2.128995924954682,IGLL1
MAPK cascade (GO:0000165),GO_Biological_Process_2021,1/303,0.3772443460649251,0.3903571174522086,0,0,2.17075055187638,2.116182590672607,AVP
chemical synaptic transmission (GO:0007268),GO_Biological_Process_2021,1/306,0.380180224758969,0.3923459919512561,0,0,2.1490710382513663,2.078387797409282,CRHBP
cellular response to oxygen-containing compound (GO:1901701),GO_Biological_Process_2021,1/323,0.3965655590900269,0.4081672110846819,0,0,2.033850931677019,1.8811370116474428,CRHBP
positive regulation of multicellular organismal process (GO:0051240),GO_Biological_Process_2021,1/345,0.4171488457997587,0.4282138019217683,0,0,1.9016472868217051,1.6626333782933105,MDK
supramolecular fiber organization (GO:0097435),GO_Biological_Process_2021,1/351,0.4226434897628746,0.432706429995324,0,0,1.8684761904761904,1.6091807784305612,EMILIN1
positive regulation of protein phosphorylation (GO:0001934),GO_Biological_Process_2021,1/371,0.4405993010726419,0.4498995501718006,0,0,1.7656756756756755,1.4471820924923635,AVP
regulation of cell migration (GO:0030334),GO_Biological_Process_2021,1/408,0.4724032428225208,0.481105407821883,0,0,1.602129402129402,1.2014726143877903,MDK
cellular protein metabolic process (GO:0044267),GO_Biological_Process_2021,1/417,0.4798706098371811,0.487427627314932,0,0,1.5667467948717948,1.1503662462393154,IGFBP2
organelle organization (GO:0006996),GO_Biological_Process_2021,1/420,0.4823369253671772,0.4886502359086324,0,0,1.5552903739061257,1.133981487641737,MDK
organelle assembly (GO:0070925),GO_Biological_Process_2021,1/425,0.4864223225113615,0.4915024512059971,0,0,1.536556603773585,1.1073626262370684,CD34
nervous system development (GO:0007399),GO_Biological_Process_2021,1/447,0.5040303864998427,0.5079681238943727,0,0,1.459118086696562,0.9996691188832616,MDK
negative regulation of cellular macromolecule biosynthetic process (GO:2000113),GO_Biological_Process_2021,1/547,0.5769702785182785,0.5799675267183735,0,0,1.1857753357753358,0.6521343683094499,PRG3
cytokine-mediated signaling pathway (GO:0019221),GO_Biological_Process_2021,1/621,0.6241457971705304,0.6257627551942883,0,0,1.040268817204301,0.4903528528484071,PRTN3
regulation of cell population proliferation (GO:0042127),GO_Biological_Process_2021,1/764,0.7013050872510224,0.7013050872510224,0,0,0.8390563564875492,0.2977074900299578,PRTN3
collagen-containing extracellular matrix (GO:0062023),GO_Cellular_Component_2021,8/380,8.493607177486805e-08,4.416675732293138e-06,0,0,18.32351566152408,298.33188248604404,CPA3;EGFL7;VWF;MDK;PRTN3;EMILIN1;PRG3;TPSAB1
secretory granule lumen (GO:0034774),GO_Cellular_Component_2021,5/316,0.00011566832974598314,0.0030073765733955,0,0,12.155577541429633,110.18768102283944,VWF;PRSS57;PRTN3;PRG3;EPX
multivesicular body (GO:0005771),GO_Cellular_Component_2021,2/47,0.002406548654002,0.0417135100027016,0,0,30.534865900383146,184.11185647217312,CRHBP;LAPTM4B
plasma membrane raft (GO:0044853),GO_Cellular_Component_2021,2/82,0.0071485066094893,0.0889705077202251,0,0,17.145689655172415,84.71431176469774,CAVIN1;PRTN3
azurophil granule lumen (GO:0035578),GO_Cellular_Component_2021,2/90,0.0085548565115601,0.0889705077202251,0,0,15.580721003134796,74.18380360792477,PRSS57;PRTN3
multivesicular body membrane (GO:0032585),GO_Cellular_Component_2021,1/9,0.01386645428907,0.1139645760996655,0,0,83.17083333333333,355.82833874131705,LAPTM4B
keratin filament (GO:0045095),GO_Cellular_Component_2021,1/15,0.0230072271319287,0.1139645760996655,0,0,47.51190476190476,179.21238137059572,KRT18
azurophil granule (GO:0042582),GO_Cellular_Component_2021,2/155,0.0239558897463325,0.1139645760996655,0,0,8.932161370295244,33.330726969710895,PRSS57;PRTN3
dense core granule (GO:0031045),GO_Cellular_Component_2021,1/16,0.0245226967845343,0.1139645760996655,0,0,44.34222222222222,164.42788585185278,CRHBP
secondary lysosome (GO:0005767),GO_Cellular_Component_2021,1/16,0.0245226967845343,0.1139645760996655,0,0,44.34222222222222,164.42788585185278,CRHBP
vacuolar lumen (GO:0005775),GO_Cellular_Component_2021,2/161,0.0257051105747752,0.1139645760996655,0,0,8.592496204727825,31.457690999854982,PRSS57;PRTN3
membrane raft (GO:0045121),GO_Cellular_Component_2021,2/163,0.0262995175614612,0.1139645760996655,0,0,8.484900406939387,30.86980440072324,CAVIN1;PRTN3
connexin complex (GO:0005922),GO_Cellular_Component_2021,1/21,0.032065988516399,0.1201918176200539,0,0,33.248333333333335,114.37291539918964,GJA4
late endosome (GO:0005770),GO_Cellular_Component_2021,2/189,0.0345230140466318,0.1201918176200539,0,0,7.295592845288586,24.557907403989187,CRHBP;LAPTM4B
gap junction (GO:0005921),GO_Cellular_Component_2021,1/24,0.036564836271725,0.1201918176200539,0,0,28.9072463768116,95.64448851318151,GJA4
lysosome (GO:0005764),GO_Cellular_Component_2021,3/477,0.0369820977292473,0.1201918176200539,0,0,4.406645569620253,14.530126424220052,CRHBP;LAPTM4B;CD34
lytic vacuole (GO:0000323),GO_Cellular_Component_2021,2/219,0.0450828043989163,0.1379003428672735,0,0,6.2774511361830605,19.455417943891355,LAPTM4B;CD34
polymeric cytoskeletal fiber (GO:0099513),GO_Cellular_Component_2021,2/256,0.059521179634879,0.1719500745007617,0,0,5.352973119739343,15.103001850549305,CRHBP;KRT18
cell-cell junction (GO:0005911),GO_Cellular_Component_2021,2/271,0.0657763780625026,0.1800195610131652,0,0,5.050634534034098,13.745274111520157,KRT18;GJA4
intermediate filament (GO:0005882),GO_Cellular_Component_2021,1/50,0.0747164600026276,0.1942627960068318,0,0,13.551020408163266,35.15209038871121,KRT18
tertiary granule lumen (GO:1904724),GO_Cellular_Component_2021,1/55,0.0818837757604707,0.1958042705266641,0,0,12.29320987654321,30.763197218330607,PRG3
caveola (GO:0005901),GO_Cellular_Component_2021,1/60,0.0889973510131811,0.1958042705266641,0,0,11.248587570621469,27.21200570122755,CAVIN1
specific granule lumen (GO:0035580),GO_Cellular_Component_2021,1/62,0.091827821126534,0.1958042705266641,0,0,10.878688524590164,25.97656722459872,PRG3
platelet alpha granule lumen (GO:0031093),GO_Cellular_Component_2021,1/67,0.0988668134433671,0.1958042705266641,0,0,10.052020202020202,23.26019032662989,VWF
late endosome membrane (GO:0031902),GO_Cellular_Component_2021,1/68,0.1002682623878204,0.1958042705266641,0,0,9.901492537313432,22.77250269881097,LAPTM4B
glutamatergic synapse (GO:0098978),GO_Cellular_Component_2021,1/69,0.1016676020042294,0.1958042705266641,0,0,9.755392156862746,22.301280984489107,ARHGAP22
clathrin-coated endocytic vesicle membrane (GO:0030669),GO_Cellular_Component_2021,1/69,0.1016676020042294,0.1958042705266641,0,0,9.755392156862746,22.301280984489107,AVP
clathrin-coated vesicle (GO:0030136),GO_Cellular_Component_2021,1/80,0.1169219967195055,0.2121792983800916,0,0,8.39240506329114,18.01218477461978,VWF
intermediate filament cytoskeleton (GO:0045111),GO_Cellular_Component_2021,1/84,0.1224066534031683,0.2121792983800916,0,0,7.986345381526104,16.774572169983173,KRT18
clathrin-coated endocytic vesicle (GO:0045334),GO_Cellular_Component_2021,1/85,0.123772658199863,0.2121792983800916,0,0,7.890873015873016,16.486470413825213,AVP
clathrin-coated vesicle membrane (GO:0030665),GO_Cellular_Component_2021,1/90,0.1305718759262102,0.2121792983800916,0,0,7.4456928838951315,15.158175594574578,AVP
platelet alpha granule (GO:0031091),GO_Cellular_Component_2021,1/90,0.1305718759262102,0.2121792983800916,0,0,7.4456928838951315,15.158175594574578,VWF
cytoplasmic vesicle lumen (GO:0060205),GO_Cellular_Component_2021,1/115,0.1638092894121141,0.2581237287706041,0,0,5.805555555555555,10.502554195166498,EPX
adherens junction (GO:0005912),GO_Cellular_Component_2021,1/132,0.1857047667677268,0.2840190550565233,0,0,5.047837150127227,8.498524198062182,KRT18
endocytic vesicle membrane (GO:0030666),GO_Cellular_Component_2021,1/158,0.2181225314622797,0.3168124342454795,0,0,4.206369426751593,6.405031588611805,AVP
specific granule (GO:0042581),GO_Cellular_Component_2021,1/160,0.2205638017741729,0.3168124342454795,0,0,4.153039832285115,6.2776032573668665,PRG3
tertiary granule (GO:0070820),GO_Cellular_Component_2021,1/164,0.2254242320592835,0.3168124342454795,0,0,4.050306748466258,6.034030248783499,PRG3
microtubule (GO:0005874),GO_Cellular_Component_2021,1/182,0.2469355858277213,0.3379118542905661,0,0,3.644198895027624,5.096877746611394,CRHBP
early endosome (GO:0005769),GO_Cellular_Component_2021,1/266,0.339910100946478,0.4363540262854976,0,0,2.478490566037736,2.6744749900790725,LAPTM4B
lytic vacuole membrane (GO:0098852),GO_Cellular_Component_2021,1/267,0.3409470297572932,0.4363540262854976,0,0,2.469047619047619,2.6567647460323824,LAPTM4B
dendrite (GO:0030425),GO_Cellular_Component_2021,1/270,0.34404836687895,0.4363540262854976,0,0,2.4411400247831474,2.604630569140999,CRHBP
intracellular organelle lumen (GO:0070013),GO_Cellular_Component_2021,2/848,0.3807308388137126,0.4568431664147934,0,0,1.5588978560365208,1.505369377562732,ACSM3;PRG3
integral component of plasma membrane (GO:0005887),GO_Cellular_Component_2021,3/1454,0.3941726678119081,0.4568431664147934,0,0,1.367382101014079,1.272986549305126,GJA4;FCER1A;CD34
endosome membrane (GO:0010008),GO_Cellular_Component_2021,1/325,0.3984654597857374,0.4568431664147934,0,0,2.021090534979424,1.8596750481709408,LAPTM4B
lysosomal membrane (GO:0005765),GO_Cellular_Component_2021,1/330,0.403189919989759,0.4568431664147934,0,0,1.989868287740628,1.8074920089903777,LAPTM4B
microtubule cytoskeleton (GO:0015630),GO_Cellular_Component_2021,1/331,0.4041304933669326,0.4568431664147934,0,0,1.9837373737373736,1.797300676410323,CRHBP
mitochondrial matrix (GO:0005759),GO_Cellular_Component_2021,1/348,0.4199024634904568,0.4645729383298672,0,0,1.8849183477425555,1.6356055217609782,ACSM3
focal adhesion (GO:0005925),GO_Cellular_Component_2021,1/387,0.4545736968051375,0.4887795239396061,0,0,1.691105354058722,1.3332593934227173,ARHGAP22
cell-substrate junction (GO:0030055),GO_Cellular_Component_2021,1/394,0.4605807052507827,0.4887795239396061,0,0,1.66039016115352,1.2872460028191748,ARHGAP22
neuron projection (GO:0043005),GO_Cellular_Component_2021,1/556,0.5830001649741424,0.6063201715731081,0,0,1.166006006006006,0.629139306707765,CRHBP
intracellular membrane-bounded organelle (GO:0043231),GO_Cellular_Component_2021,4/5192,0.9764681820864336,0.9814160772947554,0,0,0.4220851537736657,0.0100511613886143,CRHBP;CAVIN1;PRTN3;INKA1
nucleus (GO:0005634),GO_Cellular_Component_2021,3/4484,0.9814160772947554,0.9814160772947554,0,0,0.3703255013230465,0.0069468521859884,CRHBP;CAVIN1;INKA1
metallocarboxypeptidase activity (GO:0004181),GO_Molecular_Function_2021,2/29,0.0009196678193718536,0.0216816932734518,0,0,50.93742017879949,356.128872274134,CPA3;CPXM1
serine-type peptidase activity (GO:0008236),GO_Molecular_Function_2021,3/125,0.0009426823162370384,0.0216816932734518,0,0,17.43003512880562,121.43124137090496,PRSS57;PRTN3;TPSAB1
carboxypeptidase activity (GO:0004180),GO_Molecular_Function_2021,2/38,0.0015786688417766,0.0242062555739092,0,0,38.18582375478927,246.343366349648,CPA3;CPXM1
metalloexopeptidase activity (GO:0008235),GO_Molecular_Function_2021,2/55,0.0032805707069433,0.0377265631298479,0,0,25.915419648666237,148.2294073291968,CPA3;CPXM1
"phosphotransferase activity, nitrogenous group as acceptor (GO:0016775)",GO_Molecular_Function_2021,1/5,0.0077266942890359,0.0480749419264253,0,0,166.375,809.0939625056958,CKB
creatine kinase activity (GO:0004111),GO_Molecular_Function_2021,1/5,0.0077266942890359,0.0480749419264253,0,0,166.375,809.0939625056958,CKB
immunoglobulin receptor binding (GO:0034987),GO_Molecular_Function_2021,1/6,0.0092650922497144,0.0480749419264253,0,0,133.09333333333333,623.0766346487915,IGLL1
fatty-acyl-CoA synthase activity (GO:0004321),GO_Molecular_Function_2021,1/7,0.0108011827726926,0.0480749419264253,0,0,110.90555555555557,502.1914056148727,ACSM3
insulin-like growth factor II binding (GO:0031995),GO_Molecular_Function_2021,1/7,0.0108011827726926,0.0480749419264253,0,0,110.90555555555557,502.1914056148727,IGFBP2
cell-matrix adhesion mediator activity (GO:0098634),GO_Molecular_Function_2021,1/7,0.0108011827726926,0.0480749419264253,0,0,110.90555555555557,502.1914056148727,EMILIN1
serine-type endopeptidase activity (GO:0004252),GO_Molecular_Function_2021,2/105,0.0114961817650147,0.0480749419264253,0,0,13.301640441914964,59.401672032660606,PRTN3;TPSAB1
C-acyltransferase activity (GO:0016408),GO_Molecular_Function_2021,1/11,0.016922534733464,0.0648697164782786,0,0,66.53,271.3831303578043,ACSM3
acid-thiol ligase activity (GO:0016878),GO_Molecular_Function_2021,1/13,0.0199694502608653,0.0656139079999862,0,0,55.43611111111111,216.95208467294643,ACSM3
insulin-like growth factor I binding (GO:0031994),GO_Molecular_Function_2021,1/13,0.0199694502608653,0.0656139079999862,0,0,55.43611111111111,216.95208467294643,IGFBP2
CoA-ligase activity (GO:0016405),GO_Molecular_Function_2021,1/14,0.0214894793855565,0.0659010701157068,0,0,51.16923076923077,196.4996601316088,ACSM3
insulin-like growth factor binding (GO:0005520),GO_Molecular_Function_2021,1/15,0.0230072271319287,0.0661457780042951,0,0,47.51190476190476,179.21238137059572,IGFBP2
cadherin binding involved in cell-cell adhesion (GO:0098641),GO_Molecular_Function_2021,1/18,0.0275468149406694,0.0745384404276939,0,0,39.12156862745098,140.51952455455398,KRT18
cysteine-type endopeptidase inhibitor activity involved in apoptotic process (GO:0043027),GO_Molecular_Function_2021,1/21,0.032065988516399,0.0819464150974642,0,0,33.248333333333335,114.37291539918964,AVP
N-methyltransferase activity (GO:0008170),GO_Molecular_Function_2021,1/23,0.0350674733320936,0.0827013499389225,0,0,30.222727272727276,101.2606814695486,PNMT
gap junction channel activity (GO:0005243),GO_Molecular_Function_2021,1/24,0.036564836271725,0.0827013499389225,0,0,28.9072463768116,95.64448851318151,GJA4
wide pore channel activity (GO:0022829),GO_Molecular_Function_2021,1/25,0.0380599505912853,0.0827013499389225,0,0,27.70138888888889,90.5445579257637,GJA4
neuropeptide hormone activity (GO:0005184),GO_Molecular_Function_2021,1/26,0.0395528195360064,0.0827013499389225,0,0,26.592,85.8953057509563,AVP
protein serine/threonine kinase inhibitor activity (GO:0030291),GO_Molecular_Function_2021,1/30,0.0455019066193127,0.0910038132386254,0,0,22.919540229885055,70.82140338003367,INKA1
cysteine-type endopeptidase inhibitor activity (GO:0004869),GO_Molecular_Function_2021,1/40,0.0602190353597648,0.1024549856250654,0,0,17.034188034188034,47.86209557175929,AVP
rRNA binding (GO:0019843),GO_Molecular_Function_2021,1/42,0.0631359945348628,0.1024549856250654,0,0,16.201626016260164,44.75641243015854,CAVIN1
cell-cell adhesion mediator activity (GO:0098632),GO_Molecular_Function_2021,1/42,0.0631359945348628,0.1024549856250654,0,0,16.201626016260164,44.75641243015854,KRT18
ubiquitin protein ligase binding (GO:0031625),GO_Molecular_Function_2021,2/265,0.063248091363195,0.1024549856250654,0,0,5.1674314933787855,14.26567814388654,LAPTM4B;CKB
S-adenosylmethionine-dependent methyltransferase activity (GO:0008757),GO_Molecular_Function_2021,1/43,0.0645911865897151,0.1024549856250654,0,0,15.815079365079365,43.328214060740166,PNMT
protein kinase inhibitor activity (GO:0004860),GO_Molecular_Function_2021,1/43,0.0645911865897151,0.1024549856250654,0,0,15.815079365079365,43.328214060740166,INKA1
ubiquitin-like protein ligase binding (GO:0044389),GO_Molecular_Function_2021,2/282,0.0704992870157834,0.1080989067575345,0,0,4.849507389162562,12.861634030807885,LAPTM4B;CKB
methyltransferase activity (GO:0008168),GO_Molecular_Function_2021,1/50,0.0747164600026276,0.1108695858103506,0,0,13.551020408163266,35.15209038871121,PNMT
endopeptidase activity (GO:0004175),GO_Molecular_Function_2021,2/315,0.0853052574431356,0.1226263075745074,0,0,4.330946347912306,10.66070755337543,PRTN3;TPSAB1
hormone activity (GO:0005179),GO_Molecular_Function_2021,1/78,0.1141672437122831,0.1591422185080311,0,0,8.611255411255412,18.687206622741385,AVP
growth factor activity (GO:0008083),GO_Molecular_Function_2021,1/87,0.126498497582516,0.1711450261410511,0,0,7.706589147286822,15.93356455305491,MDK
phosphatidylinositol bisphosphate binding (GO:1902936),GO_Molecular_Function_2021,1/94,0.1359744617032879,0.1787092925243212,0,0,7.124014336917563,14.21446168945804,LAPTM4B
phosphatidylinositol phosphate binding (GO:1901981),GO_Molecular_Function_2021,1/102,0.1466823374951631,0.1874274312438195,0,0,6.557095709570957,12.586253414445132,LAPTM4B
kinase binding (GO:0019900),GO_Molecular_Function_2021,2/461,0.1596002194619067,0.193547048002815,0,0,2.931410111937496,5.379381504109077,LAPTM4B;INKA1
kinase activity (GO:0016301),GO_Molecular_Function_2021,1/112,0.1598866918284124,0.193547048002815,0,0,5.963363363363364,10.932573768600095,CKB
protease binding (GO:0002020),GO_Molecular_Function_2021,1/118,0.1677141600275841,0.1978167015709967,0,0,5.655840455840456,10.098470200279683,VWF
G protein-coupled receptor binding (GO:0001664),GO_Molecular_Function_2021,1/143,0.1995756616597384,0.2295120109086992,0,0,4.654225352112676,7.500572056522554,NPW
GTPase regulator activity (GO:0030695),GO_Molecular_Function_2021,1/233,0.3047917078804674,0.3419614283536952,0,0,2.835775862068965,3.369260905369708,ARHGAP22
receptor ligand activity (GO:0048018),GO_Molecular_Function_2021,1/307,0.3811558711101732,0.417456430263523,0,0,2.1419389978213506,2.0660005710579727,MDK
cadherin binding (GO:0045296),GO_Molecular_Function_2021,1/322,0.3956134323621159,0.4232143695036588,0,0,2.0402907580477674,1.8919977849203244,KRT18
GTPase activator activity (GO:0005096),GO_Molecular_Function_2021,1/336,0.4088118835232734,0.4273942418652404,0,0,1.95363184079602,1.7475240161147811,ARHGAP22
protein kinase binding (GO:0019901),GO_Molecular_Function_2021,1/506,0.5484162729550532,0.5606033012429432,0,0,1.2847524752475248,0.7717773525808169,INKA1
RNA binding (GO:0003723),GO_Molecular_Function_2021,2/1406,0.6511534632467771,0.6511534632467771,0,0,0.9119265153747912,0.3912255304536255,KRT18;CAVIN1
