Term,Gene_set,Overlap,P-value,Adjusted P-value,Old P-value,Old Adjusted P-value,Odds Ratio,Combined Score,Genes
neutrophil degranulation (GO:0043312),GO_Biological_Process_2021,21/481,6.615330902874755e-29,9.626594566024175e-27,0,0,127.25217391304348,8256.830840503384,SERPINB10;ATP8B4;MS4A3;DEFA4;CRISP3;AZU1;RNASE3;MMP8;RNASE2;SLC2A5;MPO;ABCA13;TCN1;OLR1;BPI;PTX3;CPNE3;CTSG;CEACAM8;ELANE;LTF
neutrophil activation involved in immune response (GO:0002283),GO_Biological_Process_2021,21/485,7.890448308705372e-29,9.626594566024175e-27,0,0,126.1293103448276,8161.741241512097,SERPINB10;ATP8B4;MS4A3;DEFA4;CRISP3;AZU1;RNASE3;MMP8;RNASE2;SLC2A5;MPO;ABCA13;TCN1;OLR1;BPI;PTX3;CPNE3;CTSG;CEACAM8;ELANE;LTF
neutrophil mediated immunity (GO:0002446),GO_Biological_Process_2021,21/488,8.996817351424465e-29,9.626594566024175e-27,0,0,125.29978586723767,8091.62170196309,SERPINB10;ATP8B4;MS4A3;DEFA4;CRISP3;AZU1;RNASE3;MMP8;RNASE2;SLC2A5;MPO;ABCA13;TCN1;OLR1;BPI;PTX3;CPNE3;CTSG;CEACAM8;ELANE;LTF
defense response to Gram-negative bacterium (GO:0050829),GO_Biological_Process_2021,8/73,6.216117198302941e-14,4.988434051638109e-12,0,0,122.5046153846154,3725.248464197131,DEFA4;BPI;CTSG;AZU1;RNASE3;RNASE2;ELANE;LTF
defense response to bacterium (GO:0042742),GO_Biological_Process_2021,9/176,1.5406399320047629e-12,9.890908363470577e-11,0,0,56.175543649543016,1527.9086824467747,DEFA4;BPI;CTSG;AZU1;RNASE3;RNASE2;MPO;ELANE;LTF
antibacterial humoral response (GO:0019731),GO_Biological_Process_2021,5/44,3.856738038670546e-09,2.063354850688742e-07,0,0,111.1092530657748,2152.568900867316,DEFA4;CTSG;RNASE3;RNASE2;LTF
innate immune response in mucosa (GO:0002227),GO_Biological_Process_2021,4/21,1.808635201868416e-08,8.293884282853736e-07,0,0,195.6372549019608,3487.8421513200965,DEFA4;RNASE3;RNASE2;LTF
mucosal immune response (GO:0002385),GO_Biological_Process_2021,4/28,6.146089359665736e-08,2.466118355565876e-06,0,0,138.52777777777777,2300.235012852777,DEFA4;RNASE3;RNASE2;LTF
innate immune response (GO:0045087),GO_Biological_Process_2021,7/302,1.5061692364604986e-07,5.372003610042444e-06,0,0,22.233898305084747,349.26177301048773,DEFA4;CRISP3;BPI;PTX3;RNASE3;RNASE2;LTF
antifungal humoral response (GO:0019732),GO_Biological_Process_2021,2/5,1.885077741992872e-05,0.0006051099551797119,0,0,512.025641025641,5570.304625671955,DEFA4;LTF
regulation of tumor necrosis factor production (GO:0032680),GO_Biological_Process_2021,4/124,2.568114533764887e-05,0.0007494225139441171,0,0,27.572222222222223,291.43159177808644,BPI;AZU1;MMP8;LTF
induction of bacterial agglutination (GO:0043152),GO_Biological_Process_2021,2/6,2.825177841423845e-05,0.0007557350725808786,0,0,384.0,4022.151993460553,RNASE3;RNASE2
proteolysis (GO:0006508),GO_Biological_Process_2021,5/287,4.405665376408117e-05,0.0010878604506361,0,0,15.178846746839346,152.2443514822982,OLR1;CTSG;AZU1;MMP8;ELANE
antimicrobial humoral immune response mediated by antimicrobial peptide (GO:0061844),GO_Biological_Process_2021,3/64,9.668936491926544e-05,0.0021265495809386,0,0,39.16918032786885,362.0801826855765,DEFA4;RNASE3;LTF
extracellular matrix disassembly (GO:0022617),GO_Biological_Process_2021,3/66,0.0001059962407944511,0.0021265495809386,0,0,37.92190476190476,347.0653273203373,CTSG;MMP8;ELANE
cellular component disassembly (GO:0022411),GO_Biological_Process_2021,3/66,0.0001059962407944511,0.0021265495809386,0,0,37.92190476190476,347.0653273203373,CTSG;MMP8;ELANE
modulation by host of viral process (GO:0044788),GO_Biological_Process_2021,2/12,0.0001236647340066097,0.0021341952663592,0,0,153.55384615384617,1381.6677435296808,PTX3;LTF
negative regulation by host of viral process (GO:0044793),GO_Biological_Process_2021,2/12,0.0001236647340066097,0.0021341952663592,0,0,153.55384615384617,1381.6677435296808,PTX3;LTF
defense response to Gram-positive bacterium (GO:0050830),GO_Biological_Process_2021,3/70,0.00012632308430163757,0.0021341952663592,0,0,35.65074626865672,320.0249050683625,DEFA4;RNASE3;RNASE2
negative regulation of interleukin-8 production (GO:0032717),GO_Biological_Process_2021,2/18,0.0002851929338387316,0.0045773465881116,0,0,95.9423076923077,783.1141815068878,BPI;ELANE
positive regulation of protein serine/threonine kinase activity (GO:0071902),GO_Biological_Process_2021,3/106,0.00043044927155977625,0.0065797245795565,0,0,23.148349514563108,179.41547454949597,CD24;ELANE;LTF
defense response to fungus (GO:0050832),GO_Biological_Process_2021,2/24,0.0005118017005884158,0.0074676520858582,0,0,69.75524475524476,528.5754809934051,DEFA4;LTF
cellular response to lipopolysaccharide (GO:0071222),GO_Biological_Process_2021,3/120,0.0006184662647677111,0.0086316378691493,0,0,20.364102564102563,150.45544551565396,DEFA4;BPI;CTSG
extracellular matrix organization (GO:0030198),GO_Biological_Process_2021,4/300,0.0007646972712149945,0.0102278260025005,0,0,11.07882882882883,79.5020138719826,COL17A1;CTSG;MMP8;ELANE
regulation of macrophage activation (GO:0043030),GO_Biological_Process_2021,2/30,0.0008024678708939625,0.0103036874622784,0,0,54.79120879120879,390.5418048109173,BPI;MMP8
nucleobase-containing compound catabolic process (GO:0034655),GO_Biological_Process_2021,2/41,0.0014983775587513,0.0184991998599684,0,0,39.315581854043394,255.68386928081543,RNASE3;RNASE2
negative regulation of tumor necrosis factor superfamily cytokine production (GO:1903556),GO_Biological_Process_2021,2/48,0.0020487507071338,0.0235456090671776,0,0,33.32107023411371,206.2749210684383,BPI;LTF
negative regulation of cytokine production (GO:0001818),GO_Biological_Process_2021,3/182,0.00205382259776,0.0235456090671776,0,0,13.269050279329608,82.10958028915225,BPI;MMP8;ELANE
RNA catabolic process (GO:0006401),GO_Biological_Process_2021,2/49,0.0021340868671451,0.0236221339432269,0,0,32.61047463175123,200.5451713289671,RNASE3;RNASE2
cellular macromolecule catabolic process (GO:0044265),GO_Biological_Process_2021,2/53,0.0024920299343631,0.0266647202976853,0,0,30.046757164404223,180.12002317237875,RNASE3;RNASE2
negative regulation of endopeptidase activity (GO:0010951),GO_Biological_Process_2021,2/63,0.0035015167897823,0.0362576415974233,0,0,25.10844892812106,141.97720676279934,SERPINB10;LTF
inflammatory response (GO:0006954),GO_Biological_Process_2021,3/230,0.0039772541080269,0.0398968302711453,0,0,10.437885462555066,57.69190080251769,OLR1;PTX3;AZU1
positive regulation of MAP kinase activity (GO:0043406),GO_Biological_Process_2021,2/69,0.0041843998512756,0.0404201631813915,0,0,22.85304247990815,125.15221878494977,CD24;ELANE
negative regulation of viral process (GO:0048525),GO_Biological_Process_2021,2/70,0.0043037555641539,0.0404201631813915,0,0,22.5158371040724,122.6722979105978,PTX3;LTF
negative regulation of apoptotic process (GO:0043066),GO_Biological_Process_2021,4/485,0.0044071829013978,0.0404201631813915,0,0,6.753638253638254,36.63524302083645,CTSG;AZU1;MPO;LTF
positive regulation of tumor necrosis factor production (GO:0032760),GO_Biological_Process_2021,2/77,0.0051830162366697,0.0462152281103054,0,0,20.407179487179487,107.39009048922996,AZU1;MMP8
regulation of interleukin-8 production (GO:0032677),GO_Biological_Process_2021,2/81,0.0057194653931181,0.0483144313471294,0,0,19.370009737098343,100.02440473256448,BPI;ELANE
positive regulation of tumor necrosis factor superfamily cytokine production (GO:1903557),GO_Biological_Process_2021,2/81,0.0057194653931181,0.0483144313471294,0,0,19.370009737098343,100.02440473256448,AZU1;MMP8
positive regulation of MAPK cascade (GO:0043410),GO_Biological_Process_2021,3/274,0.0064677877486013,0.0526918671498186,0,0,8.723690036900368,43.97543364289772,MMP8;CD24;ELANE
regulation of glycoprotein metabolic process (GO:1903018),GO_Biological_Process_2021,1/5,0.0069810406342333,0.0526918671498186,0,0,184.88888888888889,917.8914803082984,PTX3
fructose transmembrane transport (GO:0015755),GO_Biological_Process_2021,1/5,0.0069810406342333,0.0526918671498186,0,0,184.88888888888889,917.8914803082984,SLC2A5
response to fructose (GO:0009750),GO_Biological_Process_2021,1/5,0.0069810406342333,0.0526918671498186,0,0,184.88888888888889,917.8914803082984,SLC2A5
regulation of MAP kinase activity (GO:0043405),GO_Biological_Process_2021,2/97,0.0081065569634429,0.0526918671498186,0,0,16.094736842105263,77.4974783570643,CD24;ELANE
positive regulation of osteoblast proliferation (GO:0033690),GO_Biological_Process_2021,1/6,0.0083716050611861,0.0526918671498186,0,0,147.9037037037037,707.410051609059,LTF
cobalamin transport (GO:0015889),GO_Biological_Process_2021,1/6,0.0083716050611861,0.0526918671498186,0,0,147.9037037037037,707.410051609059,TCN1
glomerular epithelial cell differentiation (GO:0072311),GO_Biological_Process_2021,1/6,0.0083716050611861,0.0526918671498186,0,0,147.9037037037037,707.410051609059,CD24
positive regulation of sterol transport (GO:0032373),GO_Biological_Process_2021,1/6,0.0083716050611861,0.0526918671498186,0,0,147.9037037037037,707.410051609059,ABCA13
positive regulation of epithelial cell differentiation involved in kidney development (GO:2000698),GO_Biological_Process_2021,1/6,0.0083716050611861,0.0526918671498186,0,0,147.9037037037037,707.410051609059,CD24
renal filtration cell differentiation (GO:0061318),GO_Biological_Process_2021,1/6,0.0083716050611861,0.0526918671498186,0,0,147.9037037037037,707.410051609059,CD24
hexose import across plasma membrane (GO:0140271),GO_Biological_Process_2021,1/6,0.0083716050611861,0.0526918671498186,0,0,147.9037037037037,707.410051609059,SLC2A5
positive regulation of microglial cell activation (GO:1903980),GO_Biological_Process_2021,1/6,0.0083716050611861,0.0526918671498186,0,0,147.9037037037037,707.410051609059,MMP8
iron coordination entity transport (GO:1901678),GO_Biological_Process_2021,1/7,0.009760292455613,0.0569646159682142,0,0,123.24691358024693,570.5633183132499,LTF
iron import into cell (GO:0033212),GO_Biological_Process_2021,1/7,0.009760292455613,0.0569646159682142,0,0,123.24691358024693,570.5633183132499,LTF
glial cell migration (GO:0008347),GO_Biological_Process_2021,1/7,0.009760292455613,0.0569646159682142,0,0,123.24691358024693,570.5633183132499,AZU1
modulation by symbiont of host apoptotic process (GO:0052150),GO_Biological_Process_2021,1/7,0.009760292455613,0.0569646159682142,0,0,123.24691358024693,570.5633183132499,CTSG
regulation of interleukin-6 production (GO:0032675),GO_Biological_Process_2021,2/110,0.0103217517655513,0.0591349755008867,0,0,14.148148148148149,64.70658086107142,BPI;MMP8
regulation of osteoclast development (GO:2001204),GO_Biological_Process_2021,1/8,0.011147105113416,0.0591349755008867,0,0,105.63492063492065,474.9953903533844,LTF
positive regulation of MHC class II biosynthetic process (GO:0045348),GO_Biological_Process_2021,1/8,0.011147105113416,0.0591349755008867,0,0,105.63492063492065,474.9953903533844,AZU1
negative regulation by symbiont of host apoptotic process (GO:0033668),GO_Biological_Process_2021,1/8,0.011147105113416,0.0591349755008867,0,0,105.63492063492065,474.9953903533844,CTSG
negative regulation by symbiont of host programmed cell death (GO:0052041),GO_Biological_Process_2021,1/8,0.011147105113416,0.0591349755008867,0,0,105.63492063492065,474.9953903533844,CTSG
cellular response to molecule of bacterial origin (GO:0071219),GO_Biological_Process_2021,2/115,0.0112374875562432,0.0591349755008867,0,0,13.518720217835265,60.67877551561721,DEFA4;CTSG
negative regulation of response to external stimulus (GO:0032102),GO_Biological_Process_2021,2/118,0.01180359006217,0.0600415904726386,0,0,13.16710875331565,58.45342466919482,ELANE;LTF
lipoprotein metabolic process (GO:0042157),GO_Biological_Process_2021,1/9,0.0125320453634479,0.0600415904726386,0,0,92.42592592592592,404.7762265532091,OLR1
regulation of tumor necrosis factor superfamily cytokine production (GO:1903555),GO_Biological_Process_2021,1/9,0.0125320453634479,0.0600415904726386,0,0,92.42592592592592,404.7762265532091,LTF
glycerolipid biosynthetic process (GO:0045017),GO_Biological_Process_2021,1/9,0.0125320453634479,0.0600415904726386,0,0,92.42592592592592,404.7762265532091,CPNE3
unsaturated fatty acid biosynthetic process (GO:0006636),GO_Biological_Process_2021,1/9,0.0125320453634479,0.0600415904726386,0,0,92.42592592592592,404.7762265532091,SCD
regulation of nephron tubule epithelial cell differentiation (GO:0072182),GO_Biological_Process_2021,1/9,0.0125320453634479,0.0600415904726386,0,0,92.42592592592592,404.7762265532091,CD24
defense response to symbiont (GO:0140546),GO_Biological_Process_2021,2/124,0.0129727853808442,0.0612391780478088,0,0,12.515762925598992,54.37975771053149,AZU1;RNASE2
negative regulation of transforming growth factor beta production (GO:0071635),GO_Biological_Process_2021,1/10,0.0139151155631478,0.0620382235523674,0,0,82.1522633744856,351.18281785053944,CD24
positive regulation of toll-like receptor 4 signaling pathway (GO:0034145),GO_Biological_Process_2021,1/10,0.0139151155631478,0.0620382235523674,0,0,82.1522633744856,351.18281785053944,LTF
negative regulation of lipopolysaccharide-mediated signaling pathway (GO:0031665),GO_Biological_Process_2021,1/10,0.0139151155631478,0.0620382235523674,0,0,82.1522633744856,351.18281785053944,LTF
monocyte activation (GO:0042117),GO_Biological_Process_2021,1/10,0.0139151155631478,0.0620382235523674,0,0,82.1522633744856,351.18281785053944,AZU1
defense response to virus (GO:0051607),GO_Biological_Process_2021,2/133,0.0148174743186612,0.062242852913398,0,0,11.650616559013503,49.071792250206045,AZU1;RNASE2
RNA metabolic process (GO:0016070),GO_Biological_Process_2021,2/133,0.0148174743186612,0.062242852913398,0,0,11.650616559013503,49.071792250206045,RNASE3;RNASE2
induction of positive chemotaxis (GO:0050930),GO_Biological_Process_2021,1/11,0.0152963180805092,0.062242852913398,0,0,73.93333333333334,309.05191525436794,AZU1
protein kinase C signaling (GO:0070528),GO_Biological_Process_2021,1/11,0.0152963180805092,0.062242852913398,0,0,73.93333333333334,309.05191525436794,AZU1
protein kinase C-activating G protein-coupled receptor signaling pathway (GO:0007205),GO_Biological_Process_2021,1/11,0.0152963180805092,0.062242852913398,0,0,73.93333333333334,309.05191525436794,AZU1
organic substance transport (GO:0071702),GO_Biological_Process_2021,2/136,0.0154561925518166,0.062242852913398,0,0,11.388059701492535,47.48531118971685,TCN1;ABCA13
negative regulation of programmed cell death (GO:0043069),GO_Biological_Process_2021,3/381,0.0157907480536993,0.062242852913398,0,0,6.22031746031746,25.80393622746031,AZU1;MPO;LTF
positive regulation of neuroinflammatory response (GO:0150078),GO_Biological_Process_2021,1/12,0.0166756552976705,0.062242852913398,0,0,67.20875420875421,275.1395602176083,MMP8
angiotensin maturation (GO:0002003),GO_Biological_Process_2021,1/12,0.0166756552976705,0.062242852913398,0,0,67.20875420875421,275.1395602176083,CTSG
macrophage chemotaxis (GO:0048246),GO_Biological_Process_2021,1/12,0.0166756552976705,0.062242852913398,0,0,67.20875420875421,275.1395602176083,AZU1
regulation of angiotensin levels in blood (GO:0002002),GO_Biological_Process_2021,1/12,0.0166756552976705,0.062242852913398,0,0,67.20875420875421,275.1395602176083,CTSG
glomerular visceral epithelial cell differentiation (GO:0072112),GO_Biological_Process_2021,1/12,0.0166756552976705,0.062242852913398,0,0,67.20875420875421,275.1395602176083,CD24
regulation of MHC class II biosynthetic process (GO:0045346),GO_Biological_Process_2021,1/12,0.0166756552976705,0.062242852913398,0,0,67.20875420875421,275.1395602176083,AZU1
hemidesmosome assembly (GO:0031581),GO_Biological_Process_2021,1/12,0.0166756552976705,0.062242852913398,0,0,67.20875420875421,275.1395602176083,COL17A1
positive regulation of reactive oxygen species biosynthetic process (GO:1903428),GO_Biological_Process_2021,1/13,0.0180531296002428,0.0658528932008857,0,0,61.60493827160494,247.30909578576168,MMP8
negative regulation of locomotion (GO:0040013),GO_Biological_Process_2021,1/13,0.0180531296002428,0.0658528932008857,0,0,61.60493827160494,247.30909578576168,ELANE
low-density lipoprotein particle remodeling (GO:0034374),GO_Biological_Process_2021,1/14,0.0194287433776428,0.0659957799878351,0,0,56.86324786324786,224.0981560428528,MPO
ceramide transport (GO:0035627),GO_Biological_Process_2021,1/14,0.0194287433776428,0.0659957799878351,0,0,56.86324786324786,224.0981560428528,ABCA13
bone morphogenesis (GO:0060349),GO_Biological_Process_2021,1/14,0.0194287433776428,0.0659957799878351,0,0,56.86324786324786,224.0981560428528,LTF
carbohydrate transport (GO:0008643),GO_Biological_Process_2021,1/14,0.0194287433776428,0.0659957799878351,0,0,56.86324786324786,224.0981560428528,SLC2A5
immune response-regulating cell surface receptor signaling pathway (GO:0002768),GO_Biological_Process_2021,1/14,0.0194287433776428,0.0659957799878351,0,0,56.86324786324786,224.0981560428528,CD24
intestinal absorption (GO:0050892),GO_Biological_Process_2021,1/14,0.0194287433776428,0.0659957799878351,0,0,56.86324786324786,224.0981560428528,SLC2A5
positive regulation of protein kinase activity (GO:0045860),GO_Biological_Process_2021,2/154,0.0195314613671163,0.0659957799878351,0,0,10.030364372469636,39.47679303356978,AZU1;LTF
response to lipopolysaccharide (GO:0032496),GO_Biological_Process_2021,2/159,0.0207355380835293,0.0674505271300551,0,0,9.708476237138658,37.62914358108623,DEFA4;CTSG
macrophage migration (GO:1905517),GO_Biological_Process_2021,1/15,0.0208024990214188,0.0674505271300551,0,0,52.7989417989418,204.47351966705395,AZU1
regulation of microglial cell activation (GO:1903978),GO_Biological_Process_2021,1/15,0.0208024990214188,0.0674505271300551,0,0,52.7989417989418,204.47351966705395,MMP8
negative regulation of leukocyte activation (GO:0002695),GO_Biological_Process_2021,1/15,0.0208024990214188,0.0674505271300551,0,0,52.7989417989418,204.47351966705395,BPI
regulation of systemic arterial blood pressure (GO:0003073),GO_Biological_Process_2021,1/16,0.0221743989287616,0.0674800625195109,0,0,49.27654320987654,187.6853284304674,SLC2A5
negative regulation of macrophage activation (GO:0043031),GO_Biological_Process_2021,1/16,0.0221743989287616,0.0674800625195109,0,0,49.27654320987654,187.6853284304674,BPI
regulation of phosphate metabolic process (GO:0019220),GO_Biological_Process_2021,1/16,0.0221743989287616,0.0674800625195109,0,0,49.27654320987654,187.6853284304674,CD24
regulation of MAPK cascade (GO:0043408),GO_Biological_Process_2021,2/166,0.0224723375349477,0.0674800625195109,0,0,9.29080675422139,35.262979882036056,MMP8;CD24
negative regulation of ATPase activity (GO:0032780),GO_Biological_Process_2021,1/17,0.0235444454896736,0.0674800625195109,0,0,46.19444444444444,173.1767519855369,LTF
acyl-CoA biosynthetic process (GO:0071616),GO_Biological_Process_2021,1/17,0.0235444454896736,0.0674800625195109,0,0,46.19444444444444,173.1767519855369,SCD
positive regulation of positive chemotaxis (GO:0050927),GO_Biological_Process_2021,1/17,0.0235444454896736,0.0674800625195109,0,0,46.19444444444444,173.1767519855369,AZU1
negative regulation of chemokine production (GO:0032682),GO_Biological_Process_2021,1/17,0.0235444454896736,0.0674800625195109,0,0,46.19444444444444,173.1767519855369,ELANE
negative regulation of viral entry into host cell (GO:0046597),GO_Biological_Process_2021,1/17,0.0235444454896736,0.0674800625195109,0,0,46.19444444444444,173.1767519855369,PTX3
gliogenesis (GO:0042063),GO_Biological_Process_2021,1/17,0.0235444454896736,0.0674800625195109,0,0,46.19444444444444,173.1767519855369,AZU1
negative regulation of interleukin-10 production (GO:0032693),GO_Biological_Process_2021,1/17,0.0235444454896736,0.0674800625195109,0,0,46.19444444444444,173.1767519855369,MMP8
regulation of osteoblast proliferation (GO:0033688),GO_Biological_Process_2021,1/17,0.0235444454896736,0.0674800625195109,0,0,46.19444444444444,173.1767519855369,LTF
positive regulation of macrophage activation (GO:0043032),GO_Biological_Process_2021,1/17,0.0235444454896736,0.0674800625195109,0,0,46.19444444444444,173.1767519855369,MMP8
response to fatty acid (GO:0070542),GO_Biological_Process_2021,1/19,0.0262789881621165,0.0733526539133861,0,0,41.05761316872428,149.40806261137496,SCD
regulation of neuroinflammatory response (GO:0150077),GO_Biological_Process_2021,1/19,0.0262789881621165,0.0733526539133861,0,0,41.05761316872428,149.40806261137496,MMP8
regulation of epithelial cell differentiation (GO:0030856),GO_Biological_Process_2021,1/19,0.0262789881621165,0.0733526539133861,0,0,41.05761316872428,149.40806261137496,CD24
positive regulation of activated T cell proliferation (GO:0042104),GO_Biological_Process_2021,1/20,0.0276434890482457,0.0739463332040573,0,0,38.89473684210526,139.56851455439977,CD24
lipopolysaccharide-mediated signaling pathway (GO:0031663),GO_Biological_Process_2021,1/20,0.0276434890482457,0.0739463332040573,0,0,38.89473684210526,139.56851455439977,BPI
negative regulation of viral life cycle (GO:1903901),GO_Biological_Process_2021,1/20,0.0276434890482457,0.0739463332040573,0,0,38.89473684210526,139.56851455439977,PTX3
glucose transmembrane transport (GO:1904659),GO_Biological_Process_2021,1/20,0.0276434890482457,0.0739463332040573,0,0,38.89473684210526,139.56851455439977,SLC2A5
negative regulation of osteoclast differentiation (GO:0045671),GO_Biological_Process_2021,1/20,0.0276434890482457,0.0739463332040573,0,0,38.89473684210526,139.56851455439977,LTF
purinergic nucleotide receptor signaling pathway (GO:0035590),GO_Biological_Process_2021,1/21,0.0290061461687485,0.0744877833613463,0,0,36.94814814814815,130.8055903894323,CTSG
cobalamin metabolic process (GO:0009235),GO_Biological_Process_2021,1/21,0.0290061461687485,0.0744877833613463,0,0,36.94814814814815,130.8055903894323,TCN1
regulation of lipopolysaccharide-mediated signaling pathway (GO:0031664),GO_Biological_Process_2021,1/21,0.0290061461687485,0.0744877833613463,0,0,36.94814814814815,130.8055903894323,LTF
calcium-mediated signaling using intracellular calcium source (GO:0035584),GO_Biological_Process_2021,1/21,0.0290061461687485,0.0744877833613463,0,0,36.94814814814815,130.8055903894323,AZU1
hydrogen peroxide catabolic process (GO:0042744),GO_Biological_Process_2021,1/21,0.0290061461687485,0.0744877833613463,0,0,36.94814814814815,130.8055903894323,MPO
regulation of response to cytokine stimulus (GO:0060759),GO_Biological_Process_2021,1/22,0.0303669619032499,0.0755643005499475,0,0,35.18694885361552,122.95727551819456,CD24
fatty-acyl-CoA metabolic process (GO:0035337),GO_Biological_Process_2021,1/22,0.0303669619032499,0.0755643005499475,0,0,35.18694885361552,122.95727551819456,SCD
tetrapyrrole metabolic process (GO:0033013),GO_Biological_Process_2021,1/22,0.0303669619032499,0.0755643005499475,0,0,35.18694885361552,122.95727551819456,TCN1
microglial cell activation (GO:0001774),GO_Biological_Process_2021,1/22,0.0303669619032499,0.0755643005499475,0,0,35.18694885361552,122.95727551819456,AZU1
regulation of toll-like receptor 4 signaling pathway (GO:0034143),GO_Biological_Process_2021,1/23,0.0317259386336052,0.077151714404449,0,0,33.58585858585859,115.89205816705557,LTF
hexose transmembrane transport (GO:0008645),GO_Biological_Process_2021,1/23,0.0317259386336052,0.077151714404449,0,0,33.58585858585859,115.89205816705557,SLC2A5
regulation of cysteine-type endopeptidase activity (GO:2000116),GO_Biological_Process_2021,1/23,0.0317259386336052,0.077151714404449,0,0,33.58585858585859,115.89205816705557,LTF
lipid translocation (GO:0034204),GO_Biological_Process_2021,1/24,0.0330830787572745,0.0798471299329708,0,0,32.12399355877617,109.5021279575476,ATP8B4
regulation of inflammatory response (GO:0050727),GO_Biological_Process_2021,2/206,0.0334826205059917,0.0801066773315803,0,0,7.453996983408748,25.31920597250531,MMP8;ELANE
cellular response to hexose stimulus (GO:0071331),GO_Biological_Process_2021,1/25,0.0344383846472214,0.0801066773315803,0,0,30.78395061728395,103.69830823466704,SLC2A5
positive regulation of peptidyl-threonine phosphorylation (GO:0010800),GO_Biological_Process_2021,1/25,0.0344383846472214,0.0801066773315803,0,0,30.78395061728395,103.69830823466704,AZU1
response to hexose (GO:0009746),GO_Biological_Process_2021,1/25,0.0344383846472214,0.0801066773315803,0,0,30.78395061728395,103.69830823466704,SLC2A5
regulation of cholesterol transport (GO:0032374),GO_Biological_Process_2021,1/25,0.0344383846472214,0.0801066773315803,0,0,30.78395061728395,103.69830823466704,ABCA13
negative regulation of cell development (GO:0010721),GO_Biological_Process_2021,1/26,0.0357918586912164,0.0807604964533641,0,0,29.551111111111112,98.40622903757162,LTF
positive regulation of glucose import (GO:0046326),GO_Biological_Process_2021,1/26,0.0357918586912164,0.0807604964533641,0,0,29.551111111111112,98.40622903757162,CLTCL1
extracellular structure organization (GO:0043062),GO_Biological_Process_2021,2/216,0.0365076102098449,0.0807604964533641,0,0,7.102084831056794,23.509566522486413,COL17A1;MMP8
external encapsulating structure organization (GO:0045229),GO_Biological_Process_2021,2/217,0.036815790012783,0.0807604964533641,0,0,7.068694096601074,23.33961526826255,COL17A1;MMP8
positive regulation of nitric oxide biosynthetic process (GO:0045429),GO_Biological_Process_2021,1/27,0.0371435032676452,0.0807604964533641,0,0,28.413105413105413,93.56340148780022,MMP8
acute inflammatory response (GO:0002526),GO_Biological_Process_2021,1/27,0.0371435032676452,0.0807604964533641,0,0,28.413105413105413,93.56340148780022,ELANE
positive regulation of toll-like receptor signaling pathway (GO:0034123),GO_Biological_Process_2021,1/27,0.0371435032676452,0.0807604964533641,0,0,28.413105413105413,93.56340148780022,LTF
cellular response to lipid (GO:0071396),GO_Biological_Process_2021,2/219,0.0374352059748584,0.0807604964533641,0,0,7.002835873803615,23.005322020708498,DEFA4;CTSG
regulation of reactive oxygen species biosynthetic process (GO:1903426),GO_Biological_Process_2021,1/28,0.0384933207394539,0.0807604964533641,0,0,27.359396433470508,89.11695599563507,MMP8
positive regulation of nitric oxide metabolic process (GO:1904407),GO_Biological_Process_2021,1/28,0.0384933207394539,0.0807604964533641,0,0,27.359396433470508,89.11695599563507,MMP8
leukocyte cell-cell adhesion (GO:0007159),GO_Biological_Process_2021,1/28,0.0384933207394539,0.0807604964533641,0,0,27.359396433470508,89.11695599563507,OLR1
amide transport (GO:0042886),GO_Biological_Process_2021,1/28,0.0384933207394539,0.0807604964533641,0,0,27.359396433470508,89.11695599563507,ABCA13
macromolecule catabolic process (GO:0009057),GO_Biological_Process_2021,1/28,0.0384933207394539,0.0807604964533641,0,0,27.359396433470508,89.11695599563507,ELANE
regulation of multicellular organismal development (GO:2000026),GO_Biological_Process_2021,1/28,0.0384933207394539,0.0807604964533641,0,0,27.359396433470508,89.11695599563507,CD24
RNA phosphodiester bond hydrolysis (GO:0090501),GO_Biological_Process_2021,1/28,0.0384933207394539,0.0807604964533641,0,0,27.359396433470508,89.11695599563507,RNASE2
hydrogen peroxide metabolic process (GO:0042743),GO_Biological_Process_2021,1/29,0.0398413134963124,0.0830458547553006,0,0,26.38095238095238,85.02187553087816,MPO
fatty-acyl-CoA biosynthetic process (GO:0046949),GO_Biological_Process_2021,1/30,0.0411874839013458,0.0852979505311743,0,0,25.46998722860792,81.2396025067177,SCD
negative regulation of interleukin-6 production (GO:0032715),GO_Biological_Process_2021,1/31,0.0425318343189313,0.0858661560778426,0,0,24.619753086419752,77.73693045847051,BPI
vitamin transport (GO:0051180),GO_Biological_Process_2021,1/31,0.0425318343189313,0.0858661560778426,0,0,24.619753086419752,77.73693045847051,TCN1
phospholipid translocation (GO:0045332),GO_Biological_Process_2021,1/31,0.0425318343189313,0.0858661560778426,0,0,24.619753086419752,77.73693045847051,ATP8B4
negative regulation of response to biotic stimulus (GO:0002832),GO_Biological_Process_2021,1/31,0.0425318343189313,0.0858661560778426,0,0,24.619753086419752,77.73693045847051,LTF
ERBB2 signaling pathway (GO:0038128),GO_Biological_Process_2021,1/32,0.0438743671245046,0.0858760478473535,0,0,23.82437275985663,74.48511512541239,CPNE3
negative regulation of chemotaxis (GO:0050922),GO_Biological_Process_2021,1/32,0.0438743671245046,0.0858760478473535,0,0,23.82437275985663,74.48511512541239,ELANE
positive regulation of glucose transmembrane transport (GO:0010828),GO_Biological_Process_2021,1/32,0.0438743671245046,0.0858760478473535,0,0,23.82437275985663,74.48511512541239,CLTCL1
regulation of chemotaxis (GO:0050920),GO_Biological_Process_2021,1/32,0.0438743671245046,0.0858760478473535,0,0,23.82437275985663,74.48511512541239,ELANE
endodermal cell differentiation (GO:0035987),GO_Biological_Process_2021,1/32,0.0438743671245046,0.0858760478473535,0,0,23.82437275985663,74.48511512541239,MMP8
positive regulation of cholesterol transport (GO:0032376),GO_Biological_Process_2021,1/33,0.045215084676212,0.0879638920064488,0,0,23.078703703703702,71.4591560763258,ABCA13
regulation of activated T cell proliferation (GO:0046006),GO_Biological_Process_2021,1/34,0.0465539893345663,0.0889513724785464,0,0,22.37822671156005,68.63721198820747,CD24
positive regulation of DNA binding (GO:0043388),GO_Biological_Process_2021,1/34,0.0465539893345663,0.0889513724785464,0,0,22.37822671156005,68.63721198820747,MMP8
cell-substrate junction assembly (GO:0007044),GO_Biological_Process_2021,1/34,0.0465539893345663,0.0889513724785464,0,0,22.37822671156005,68.63721198820747,COL17A1
response to estrogen (GO:0043627),GO_Biological_Process_2021,1/35,0.0478910834594522,0.0908141642233301,0,0,21.71895424836601,66.00012158056954,CD24
positive regulation of bone mineralization (GO:0030501),GO_Biological_Process_2021,1/36,0.0492263693920855,0.0908141642233301,0,0,21.097354497354495,63.53100866506492,LTF
macrophage activation (GO:0042116),GO_Biological_Process_2021,1/36,0.0492263693920855,0.0908141642233301,0,0,21.097354497354495,63.53100866506492,AZU1
transition metal ion transport (GO:0000041),GO_Biological_Process_2021,1/36,0.0492263693920855,0.0908141642233301,0,0,21.097354497354495,63.53100866506492,LTF
retina homeostasis (GO:0001895),GO_Biological_Process_2021,1/36,0.0492263693920855,0.0908141642233301,0,0,21.097354497354495,63.53100866506492,LTF
endoderm formation (GO:0001706),GO_Biological_Process_2021,1/36,0.0492263693920855,0.0908141642233301,0,0,21.097354497354495,63.53100866506492,MMP8
regulation of glucose import (GO:0046324),GO_Biological_Process_2021,1/37,0.0505598495049575,0.0922142709721101,0,0,20.51028806584362,61.2149546027372,CLTCL1
phospholipid biosynthetic process (GO:0008654),GO_Biological_Process_2021,1/37,0.0505598495049575,0.0922142709721101,0,0,20.51028806584362,61.2149546027372,CPNE3
negative regulation of cellular metabolic process (GO:0031324),GO_Biological_Process_2021,1/39,0.0532214016371129,0.0954417314274483,0,0,19.428849902534115,56.99054200163032,PTX3
regulation of viral entry into host cell (GO:0046596),GO_Biological_Process_2021,1/39,0.0532214016371129,0.0954417314274483,0,0,19.428849902534115,56.99054200163032,PTX3
regulation of peptidyl-threonine phosphorylation (GO:0010799),GO_Biological_Process_2021,1/39,0.0532214016371129,0.0954417314274483,0,0,19.428849902534115,56.99054200163032,AZU1
fatty acid derivative biosynthetic process (GO:1901570),GO_Biological_Process_2021,1/40,0.0545494783414527,0.0962108931187161,0,0,18.929724596391264,55.05988911315167,SCD
bone development (GO:0060348),GO_Biological_Process_2021,1/40,0.0545494783414527,0.0962108931187161,0,0,18.929724596391264,55.05988911315167,LTF
regulation of nitric oxide biosynthetic process (GO:0045428),GO_Biological_Process_2021,1/40,0.0545494783414527,0.0962108931187161,0,0,18.929724596391264,55.05988911315167,MMP8
response to growth factor (GO:0070848),GO_Biological_Process_2021,1/41,0.0558757586012012,0.0980115765627627,0,0,18.45555555555556,53.23735047365516,CPNE3
skeletal system morphogenesis (GO:0048705),GO_Biological_Process_2021,1/42,0.0572002447510628,0.0987165514252213,0,0,18.004516711833784,51.5144710341427,LTF
heterophilic cell-cell adhesion via plasma membrane cell adhesion molecules (GO:0007157),GO_Biological_Process_2021,1/42,0.0572002447510628,0.0987165514252213,0,0,18.004516711833784,51.5144710341427,CEACAM8
regulation of chemokine production (GO:0032642),GO_Biological_Process_2021,1/42,0.0572002447510628,0.0987165514252213,0,0,18.004516711833784,51.5144710341427,ELANE
positive regulation of biosynthetic process (GO:0009891),GO_Biological_Process_2021,1/44,0.0598438440585149,0.1021801805467196,0,0,17.165374677002585,48.33798189695846,MMP8
positive regulation of osteoblast differentiation (GO:0045669),GO_Biological_Process_2021,1/44,0.0598438440585149,0.1021801805467196,0,0,17.165374677002585,48.33798189695846,LTF
negative regulation of tumor necrosis factor production (GO:0032720),GO_Biological_Process_2021,1/46,0.0624802949082235,0.1055588140291566,0,0,16.40082304526749,45.47790870164399,BPI
positive regulation of smooth muscle cell proliferation (GO:0048661),GO_Biological_Process_2021,1/46,0.0624802949082235,0.1055588140291566,0,0,16.40082304526749,45.47790870164399,ELANE
regulation of DNA binding (GO:0051101),GO_Biological_Process_2021,1/47,0.063795845475429,0.1072171015581818,0,0,16.043478260869566,44.15273043509633,MMP8
regulation of interleukin-10 production (GO:0032653),GO_Biological_Process_2021,1/48,0.0651096159079517,0.1082911228313601,0,0,15.70133963750985,42.89108304980743,MMP8
positive regulation of endocytosis (GO:0045807),GO_Biological_Process_2021,1/48,0.0651096159079517,0.1082911228313601,0,0,15.70133963750985,42.89108304980743,ABCA13
regulation of smooth muscle cell proliferation (GO:0048660),GO_Biological_Process_2021,1/49,0.0664216085125299,0.1093401863206261,0,0,15.373456790123456,41.68870773487514,ELANE
positive regulation of reactive oxygen species metabolic process (GO:2000379),GO_Biological_Process_2021,1/49,0.0664216085125299,0.1093401863206261,0,0,15.373456790123456,41.68870773487514,MMP8
iron ion transport (GO:0006826),GO_Biological_Process_2021,1/50,0.0677318256109869,0.1109281429649326,0,0,15.058956916099774,40.54171043527237,LTF
blood circulation (GO:0008015),GO_Biological_Process_2021,1/51,0.0690402695266762,0.112497088924178,0,0,14.757037037037035,39.44652405205433,OLR1
negative regulation of protein metabolic process (GO:0051248),GO_Biological_Process_2021,1/52,0.0703469425440285,0.1138625885279124,0,0,14.466957153231665,38.39987522113669,PTX3
positive regulation of NIK/NF-kappaB signaling (GO:1901224),GO_Biological_Process_2021,1/53,0.0716518469864121,0.1138625885279124,0,0,14.188034188034187,37.39875501073144,MMP8
positive regulation of phagocytosis (GO:0050766),GO_Biological_Process_2021,1/53,0.0716518469864121,0.1138625885279124,0,0,14.188034188034187,37.39875501073144,AZU1
negative regulation of cysteine-type endopeptidase activity (GO:2000117),GO_Biological_Process_2021,1/53,0.0716518469864121,0.1138625885279124,0,0,14.188034188034187,37.39875501073144,LTF
positive regulation of chemokine production (GO:0032722),GO_Biological_Process_2021,1/53,0.0716518469864121,0.1138625885279124,0,0,14.188034188034187,37.39875501073144,AZU1
negative regulation of viral genome replication (GO:0045071),GO_Biological_Process_2021,1/54,0.0729549851643184,0.1147968148909128,0,0,13.919636617749823,36.44039305811433,LTF
unsaturated fatty acid metabolic process (GO:0033559),GO_Biological_Process_2021,1/54,0.0729549851643184,0.1147968148909128,0,0,13.919636617749823,36.44039305811433,SCD
cellular response to oxygen-containing compound (GO:1901701),GO_Biological_Process_2021,2/323,0.0746569640651436,0.1169018803166396,0,0,4.709082195063504,12.219368855245872,DEFA4;CTSG
positive regulation of interleukin-1 beta production (GO:0032731),GO_Biological_Process_2021,1/56,0.0755559718968359,0.1177352765965258,0,0,13.412121212121212,34.64192039516318,AZU1
negative regulation of hydrolase activity (GO:0051346),GO_Biological_Process_2021,1/58,0.078149921114571,0.12060636864316,0,0,12.940220922677064,32.98625659573303,PTX3
regulation of phagocytosis (GO:0050764),GO_Biological_Process_2021,1/58,0.078149921114571,0.12060636864316,0,0,12.940220922677064,32.98625659573303,AZU1
phospholipid transport (GO:0015914),GO_Biological_Process_2021,1/59,0.0794442623905929,0.1215299059329303,0,0,12.71647509578544,32.20701145480839,ATP8B4
positive regulation of cytokine production (GO:0001819),GO_Biological_Process_2021,2/335,0.079505545937431,0.1215299059329303,0,0,4.536613536613537,11.486381104731365,MMP8;ELANE
response to light stimulus (GO:0009416),GO_Biological_Process_2021,1/61,0.0820276897041141,0.1242023037500973,0,0,12.291358024691355,30.73697946171465,ELANE
positive regulation of interleukin-8 production (GO:0032757),GO_Biological_Process_2021,1/61,0.0820276897041141,0.1242023037500973,0,0,12.291358024691355,30.73697946171465,ELANE
positive regulation of interleukin-1 production (GO:0032732),GO_Biological_Process_2021,1/62,0.0833167803042863,0.1251517244411104,0,0,12.089253187613844,30.043067240513263,AZU1
regulation of apoptotic process (GO:0042981),GO_Biological_Process_2021,3/742,0.0839165128439879,0.1251517244411104,0,0,3.123085250338295,7.738795594796279,AZU1;MPO;LTF
amyloid fibril formation (GO:1990000),GO_Biological_Process_2021,1/63,0.0846041252452366,0.1251517244411104,0,0,11.893667861409796,29.37465085617291,LTF
organonitrogen compound catabolic process (GO:1901565),GO_Biological_Process_2021,1/63,0.0846041252452366,0.1251517244411104,0,0,11.893667861409796,29.37465085617291,ELANE
negative regulation of peptidase activity (GO:0010466),GO_Biological_Process_2021,1/63,0.0846041252452366,0.1251517244411104,0,0,11.893667861409796,29.37465085617291,SERPINB10
protein catabolic process (GO:0030163),GO_Biological_Process_2021,1/64,0.0858897268017167,0.1262335599107358,0,0,11.704291593180482,28.730419843799343,ELANE
supramolecular fiber organization (GO:0097435),GO_Biological_Process_2021,2/351,0.0861219614344272,0.1262335599107358,0,0,4.325104694732202,10.605117055239294,COL17A1;LTF
ERBB signaling pathway (GO:0038127),GO_Biological_Process_2021,1/66,0.0884557088366375,0.1284809164550256,0,0,11.343019943019945,27.509696745751697,CPNE3
positive regulation of T cell proliferation (GO:0042102),GO_Biological_Process_2021,1/66,0.0884557088366375,0.1284809164550256,0,0,11.343019943019945,27.509696745751697,CD24
regulation of viral genome replication (GO:0045069),GO_Biological_Process_2021,1/67,0.0897360938612077,0.1297535411236382,0,0,11.170594837261504,26.93098833106541,LTF
cell chemotaxis (GO:0060326),GO_Biological_Process_2021,1/69,0.0922916632318441,0.1322572495420623,0,0,10.840958605664488,25.83185203747669,AZU1
cellular response to calcium ion (GO:0071277),GO_Biological_Process_2021,1/69,0.0922916632318441,0.1322572495420623,0,0,10.840958605664488,25.83185203747669,CPNE3
fatty acid biosynthetic process (GO:0006633),GO_Biological_Process_2021,1/71,0.0948403134327893,0.134113394766191,0,0,10.53015873015873,24.80442820569768,SCD
cholesterol homeostasis (GO:0042632),GO_Biological_Process_2021,1/71,0.0948403134327893,0.134113394766191,0,0,10.53015873015873,24.80442820569768,CD24
regulation of endopeptidase activity (GO:0052548),GO_Biological_Process_2021,1/71,0.0948403134327893,0.134113394766191,0,0,10.53015873015873,24.80442820569768,SERPINB10
sterol homeostasis (GO:0055092),GO_Biological_Process_2021,1/72,0.0961120494930951,0.1353156486284365,0,0,10.38132498695879,24.315560720102795,CD24
response to molecule of bacterial origin (GO:0002237),GO_Biological_Process_2021,1/73,0.0973820625162383,0.135911487250924,0,0,10.236625514403292,23.84226010421324,CD24
positive regulation of JNK cascade (GO:0046330),GO_Biological_Process_2021,1/73,0.0973820625162383,0.135911487250924,0,0,10.236625514403292,23.84226010421324,MMP8
regulation of cytokine-mediated signaling pathway (GO:0001959),GO_Biological_Process_2021,1/74,0.0986503547422002,0.1370855578885119,0,0,10.095890410958903,23.383833329549716,CD24
nucleic acid phosphodiester bond hydrolysis (GO:0090305),GO_Biological_Process_2021,1/75,0.0999169284620474,0.1381470931226999,0,0,9.95895895895896,22.939626939193147,RNASE2
positive regulation of macromolecule metabolic process (GO:0010604),GO_Biological_Process_2021,2/384,0.1002749928273803,0.1381470931226999,0,0,3.9448248086991535,9.072461702009567,AZU1;MMP8
positive regulation of interleukin-6 production (GO:0032755),GO_Biological_Process_2021,1/76,0.1011817858664728,0.1382100138856927,0,0,9.82567901234568,22.509024314139115,MMP8
water-soluble vitamin metabolic process (GO:0006767),GO_Biological_Process_2021,1/76,0.1011817858664728,0.1382100138856927,0,0,9.82567901234568,22.509024314139115,TCN1
lipid biosynthetic process (GO:0008610),GO_Biological_Process_2021,1/80,0.106224097275717,0.1426691850439546,0,0,9.326300984528832,20.91147208895769,SCD
positive regulation of cell adhesion (GO:0045785),GO_Biological_Process_2021,1/80,0.106224097275717,0.1426691850439546,0,0,9.326300984528832,20.91147208895769,AZU1
glycerophospholipid metabolic process (GO:0006650),GO_Biological_Process_2021,1/80,0.106224097275717,0.1426691850439546,0,0,9.326300984528832,20.91147208895769,CPNE3
regulation of NIK/NF-kappaB signaling (GO:1901222),GO_Biological_Process_2021,1/80,0.106224097275717,0.1426691850439546,0,0,9.326300984528832,20.91147208895769,MMP8
epidermis development (GO:0008544),GO_Biological_Process_2021,1/83,0.1099879191733336,0.145893066341488,0,0,8.983739837398375,19.830570269385028,COL17A1
regulation of interleukin-1 beta production (GO:0032651),GO_Biological_Process_2021,1/83,0.1099879191733336,0.145893066341488,0,0,8.983739837398375,19.830570269385028,AZU1
regulation of osteoblast differentiation (GO:0045667),GO_Biological_Process_2021,1/83,0.1099879191733336,0.145893066341488,0,0,8.983739837398375,19.830570269385028,LTF
negative regulation of defense response (GO:0031348),GO_Biological_Process_2021,1/85,0.1124886377754037,0.1485961017526938,0,0,8.768959435626103,19.15932630382963,ELANE
"retrograde transport, endosome to Golgi (GO:0042147)",GO_Biological_Process_2021,1/88,0.116227015961519,0.1529052136215065,0,0,8.465304384844615,18.219112464159224,CLTCL1
collagen fibril organization (GO:0030199),GO_Biological_Process_2021,1/89,0.1174697642839492,0.1532837168095435,0,0,8.368686868686869,17.922164754149428,COL17A1
positive regulation of inflammatory response (GO:0050729),GO_Biological_Process_2021,1/89,0.1174697642839492,0.1532837168095435,0,0,8.368686868686869,17.922164754149428,MMP8
positive regulation of binding (GO:0051099),GO_Biological_Process_2021,1/90,0.1187108274200746,0.1542760145823642,0,0,8.274240532667498,17.632942455021407,MMP8
positive regulation of transport (GO:0051050),GO_Biological_Process_2021,1/91,0.1199502075259735,0.1552581315154738,0,0,8.181893004115226,17.351165070718814,AZU1
regulation of lipid metabolic process (GO:0019216),GO_Biological_Process_2021,1/92,0.121187906850021,0.1556052723954269,0,0,8.091575091575091,17.07656517303212,SCD
Wnt signaling pathway (GO:0016055),GO_Biological_Process_2021,1/92,0.121187906850021,0.1556052723954269,0,0,8.091575091575091,17.07656517303212,CD24
positive regulation of cold-induced thermogenesis (GO:0120162),GO_Biological_Process_2021,1/97,0.1273512681712659,0.1622212582657791,0,0,7.66820987654321,15.802693838803137,SCD
calcium ion homeostasis (GO:0055074),GO_Biological_Process_2021,1/97,0.1273512681712659,0.1622212582657791,0,0,7.66820987654321,15.802693838803137,ELANE
positive regulation of stress-activated MAPK cascade (GO:0032874),GO_Biological_Process_2021,1/99,0.1298049236999525,0.1640448051483652,0,0,7.510959939531368,15.335296224041254,MMP8
response to UV (GO:0009411),GO_Biological_Process_2021,1/99,0.1298049236999525,0.1640448051483652,0,0,7.510959939531368,15.335296224041254,ELANE
cell-matrix adhesion (GO:0007160),GO_Biological_Process_2021,1/100,0.1310292553948657,0.1649427097323603,0,0,7.434717545828657,15.109834134055738,COL17A1
intrinsic apoptotic signaling pathway (GO:0097193),GO_Biological_Process_2021,1/102,0.1334729375200011,0.1667113344121415,0,0,7.286762009534287,14.674493305715684,CD24
calcium-mediated signaling (GO:0019722),GO_Biological_Process_2021,1/102,0.1334729375200011,0.1667113344121415,0,0,7.286762009534287,14.674493305715684,AZU1
cellular metal ion homeostasis (GO:0006875),GO_Biological_Process_2021,1/104,0.1359099924104689,0.1690973161386066,0,0,7.144552319309601,14.258829118460971,ELANE
regulation of JNK cascade (GO:0046328),GO_Biological_Process_2021,1/105,0.137126040060508,0.1699515786078111,0,0,7.075498575498576,14.05798813485796,MMP8
small GTPase mediated signal transduction (GO:0007264),GO_Biological_Process_2021,1/106,0.1383404373758099,0.170797232298596,0,0,7.007760141093474,13.861613711094853,NUCB2
response to calcium ion (GO:0051592),GO_Biological_Process_2021,1/107,0.1395531865509501,0.1716343788615134,0,0,6.941299790356394,13.669567513890303,CPNE3
positive regulation of cell population proliferation (GO:0008284),GO_Biological_Process_2021,2/474,0.1417570211428461,0.1732835491185729,0,0,3.1779661016949152,6.208604255494727,ELANE;LTF
lipid transport (GO:0006869),GO_Biological_Process_2021,1/109,0.1419737489663074,0.1732835491185729,0,0,6.812071330589849,13.297933715993697,ABCA13
regulation of protein kinase activity (GO:0045859),GO_Biological_Process_2021,1/110,0.1431815665562655,0.1740957684263682,0,0,6.749235474006116,13.118095901226411,AZU1
cellular divalent inorganic cation homeostasis (GO:0072503),GO_Biological_Process_2021,1/111,0.1443877445697991,0.1742423534094193,0,0,6.687542087542088,12.942085402865652,ELANE
regulation of protein serine/threonine kinase activity (GO:0071900),GO_Biological_Process_2021,1/111,0.1443877445697991,0.1742423534094193,0,0,6.687542087542088,12.942085402865652,LTF
positive regulation of gene expression (GO:0010628),GO_Biological_Process_2021,2/482,0.1456123504163376,0.1750620392645856,0,0,3.1237179487179487,6.018802617104683,AZU1;MMP8
positive regulation of metabolic process (GO:0009893),GO_Biological_Process_2021,1/113,0.146795190475394,0.1758255826216473,0,0,6.567460317460317,12.60109727041828,SCD
response to lipid (GO:0033993),GO_Biological_Process_2021,1/114,0.1479964626389018,0.1759513500262499,0,0,6.509013438216978,12.435905669621004,SCD
positive regulation of kinase activity (GO:0033674),GO_Biological_Process_2021,1/114,0.1479964626389018,0.1759513500262499,0,0,6.509013438216978,12.435905669621004,AZU1
cytosolic transport (GO:0016482),GO_Biological_Process_2021,1/116,0.1503941160680164,0.1781421079624843,0,0,6.395169082125604,12.115622182225511,CLTCL1
cellular response to organic substance (GO:0071310),GO_Biological_Process_2021,1/123,0.1587347720657601,0.1873303743864302,0,0,6.026108075288403,11.091175868439628,CPNE3
regulation of phosphorylation (GO:0042325),GO_Biological_Process_2021,1/125,0.1611032777010404,0.1894291287253992,0,0,5.92831541218638,10.823382616266583,CD24
positive regulation of macromolecule biosynthetic process (GO:0010557),GO_Biological_Process_2021,1/129,0.1658210134063523,0.1942241248992962,0,0,5.741898148148148,10.317308470200366,AZU1
Golgi organization (GO:0007030),GO_Biological_Process_2021,1/130,0.1669964438386471,0.1942241248992962,0,0,5.69710020097617,10.19657172837366,ATP8B4
regulation of primary metabolic process (GO:0080090),GO_Biological_Process_2021,1/130,0.1669964438386471,0.1942241248992962,0,0,5.69710020097617,10.19657172837366,SCD
cellular response to metal ion (GO:0071248),GO_Biological_Process_2021,1/131,0.1681702770532571,0.1948832452494424,0,0,5.652991452991453,10.078030260645932,CPNE3
regulation of cell adhesion (GO:0030155),GO_Biological_Process_2021,1/133,0.170513160229609,0.1968874979629658,0,0,5.566778900112234,9.847313449757165,AZU1
cellular calcium ion homeostasis (GO:0006874),GO_Biological_Process_2021,1/136,0.1740155580764495,0.200211448539571,0,0,5.442249657064472,9.51637527237676,ELANE
positive regulation of intracellular signal transduction (GO:1902533),GO_Biological_Process_2021,2/546,0.177206652416671,0.2031547693776836,0,0,2.747171945701357,4.753812649464722,MMP8;LTF
receptor-mediated endocytosis (GO:0006898),GO_Biological_Process_2021,1/143,0.1821324515199654,0.2073209820493224,0,0,5.172143974960877,8.8082703267003,CLTCL1
nitrogen compound transport (GO:0071705),GO_Biological_Process_2021,1/143,0.1821324515199654,0.2073209820493224,0,0,5.172143974960877,8.8082703267003,TCN1
positive regulation of cytosolic calcium ion concentration (GO:0007204),GO_Biological_Process_2021,1/147,0.1867360855585943,0.2118101889198189,0,0,5.029426686960933,8.439674546562442,CD24
regulation of cytosolic calcium ion concentration (GO:0051480),GO_Biological_Process_2021,1/148,0.1878830838575549,0.2123608095713913,0,0,4.9949609473419,8.351252049375448,CD24
regulation of gene expression (GO:0010468),GO_Biological_Process_2021,3/1079,0.1901708932501672,0.2134452490054909,0,0,2.107360594795539,3.497864915174916,AZU1;MMP8;LTF
regulation of cytokine production (GO:0001817),GO_Biological_Process_2021,1/150,0.1901724025407178,0.2134452490054909,0,0,4.927417350236143,8.178646741028157,LTF
positive regulation of NF-kappaB transcription factor activity (GO:0051092),GO_Biological_Process_2021,1/155,0.1958685065175736,0.2190724410875997,0,0,4.766233766233766,7.770446817061417,LTF
regulation of cell differentiation (GO:0045595),GO_Biological_Process_2021,1/156,0.1970030819520549,0.2195763517590611,0,0,4.735244922341696,7.692575399763426,CD24
cellular response to growth factor stimulus (GO:0071363),GO_Biological_Process_2021,1/158,0.1992676037619749,0.2213318367044773,0,0,4.674451521585279,7.5403886713943,CPNE3
cell-cell adhesion via plasma-membrane adhesion molecules (GO:0098742),GO_Biological_Process_2021,1/170,0.2127259650579936,0.2354656371848826,0,0,4.339907955292571,6.717094667010364,CEACAM8
positive regulation of I-kappaB kinase/NF-kappaB signaling (GO:0043123),GO_Biological_Process_2021,1/171,0.2138375959836891,0.2358827089716983,0,0,4.314161220043573,6.654759558573408,LTF
glycerophospholipid biosynthetic process (GO:0046474),GO_Biological_Process_2021,1/177,0.2204756645766251,0.2423722203051256,0,0,4.165824915824916,6.298593778525125,CPNE3
regulation of immune response (GO:0050776),GO_Biological_Process_2021,1/179,0.2226763188612388,0.2439559670800603,0,0,4.118601747815231,6.186288287936283,COL17A1
positive regulation of cellular biosynthetic process (GO:0031328),GO_Biological_Process_2021,1/180,0.2237743982753833,0.2443251083210818,0,0,4.095385888681978,6.131271365356972,MMP8
negative regulation of macromolecule metabolic process (GO:0010605),GO_Biological_Process_2021,1/194,0.2389913333697812,0.2600549763108467,0,0,3.7956246401842257,5.432783786115507,MMP8
regulation of signal transduction (GO:0009966),GO_Biological_Process_2021,1/198,0.2432859261393402,0.2638337239551629,0,0,3.7178040985147582,5.255182554848429,CD24
endomembrane system organization (GO:0010256),GO_Biological_Process_2021,1/199,0.244355917230516,0.2641018499360123,0,0,3.69884025439581,5.212144693924965,ATP8B4
negative regulation of inflammatory response (GO:0050728),GO_Biological_Process_2021,1/212,0.2581337269097328,0.2780567997920276,0,0,3.468667719852554,4.69753867220848,ELANE
positive regulation of cell motility (GO:2000147),GO_Biological_Process_2021,1/221,0.2675299647017391,0.2872144437098938,0,0,3.3252525252525253,4.384424267496055,CPNE3
regulation of I-kappaB kinase/NF-kappaB signaling (GO:0043122),GO_Biological_Process_2021,1/224,0.2706364632252001,0.2895810156509641,0,0,3.280019930244145,4.286916587140356,LTF
membrane organization (GO:0061024),GO_Biological_Process_2021,1/242,0.2890103641885617,0.3082137106462735,0,0,3.032272936837252,3.76393834965397,CLTCL1
positive regulation of DNA-binding transcription factor activity (GO:0051091),GO_Biological_Process_2021,1/246,0.293032412333461,0.3114682263544403,0,0,2.982161753590325,3.660520212397887,LTF
positive regulation of cell differentiation (GO:0045597),GO_Biological_Process_2021,1/258,0.3049673504302125,0.3230842227329975,0,0,2.8411874909929384,3.374053784272459,LTF
negative regulation of signal transduction (GO:0009968),GO_Biological_Process_2021,1/267,0.3137908074407489,0.3313383196989486,0,0,2.74380395433027,3.1801476219882243,LTF
positive regulation of cell migration (GO:0030335),GO_Biological_Process_2021,1/269,0.3157368553698755,0.3323001002417378,0,0,2.7230514096185736,3.1392593297023663,CPNE3
negative regulation of gene expression (GO:0010629),GO_Biological_Process_2021,1/322,0.3654105570934052,0.3833228393038663,0,0,2.2673358716972425,2.282603530054183,MMP8
positive regulation of multicellular organismal process (GO:0051240),GO_Biological_Process_2021,1/345,0.3858680810947532,0.4034646711121035,0,0,2.113264427217916,2.012376606017348,SCD
positive regulation of protein phosphorylation (GO:0001934),GO_Biological_Process_2021,1/371,0.4082283197829762,0.4254587358777121,0,0,1.962162162162162,1.7579573044607557,AZU1
phosphorylation (GO:0016310),GO_Biological_Process_2021,1/400,0.4322424430311423,0.4490285573236139,0,0,1.8168569572078344,1.5239226344162968,CTSG
regulation of cell migration (GO:0030334),GO_Biological_Process_2021,1/408,0.4386998848627558,0.454266654970789,0,0,1.7804167804167803,1.4669561271499776,CPNE3
cellular protein metabolic process (GO:0044267),GO_Biological_Process_2021,1/417,0.4458798562367313,0.4602168291060795,0,0,1.7410968660968662,1.4062939394095455,CTSG
organelle organization (GO:0006996),GO_Biological_Process_2021,1/420,0.4482534378242676,0.4611838254538137,0,0,1.7283655971006806,1.386834500806596,ATP8B4
regulation of intracellular signal transduction (GO:1902531),GO_Biological_Process_2021,1/437,0.461519657594886,0.4733156871819758,0,0,1.6595310907237513,1.2832002723468667,CD24
cellular response to cytokine stimulus (GO:0071345),GO_Biological_Process_2021,1/482,0.495168327932751,0.5062071123134175,0,0,1.5008085008085008,1.0548545375559888,CTSG
protein phosphorylation (GO:0006468),GO_Biological_Process_2021,1/496,0.505216669193616,0.5148398438449229,0,0,1.4573138795361018,0.9950071281558442,CTSG
cytokine-mediated signaling pathway (GO:0019221),GO_Biological_Process_2021,1/621,0.5867852590426816,0.5960698359262684,0,0,1.1560334528076464,0.6162772187375326,CTSG
positive regulation of cellular process (GO:0048522),GO_Biological_Process_2021,1/625,0.5891684199852308,0.5966027218146974,0,0,1.1483855650522317,0.6075455672262193,AZU1
negative regulation of transcription by RNA polymerase II (GO:0000122),GO_Biological_Process_2021,1/684,0.6228174203235496,0.6286930563643378,0,0,1.0459844910796594,0.4952756108833486,ELANE
"negative regulation of transcription, DNA-templated (GO:0045892)",GO_Biological_Process_2021,1/948,0.7434990373509271,0.7481604733217794,0,0,0.7440650788063671,0.2205318175947827,ELANE
cellular protein modification process (GO:0006464),GO_Biological_Process_2021,1/1025,0.7710143752865442,0.7734237952093146,0,0,0.6853298611111112,0.1782188383216447,CTSG
regulation of transcription by RNA polymerase II (GO:0006357),GO_Biological_Process_2021,1/2206,0.9621712635741396,0.9621712635741396,0,0,0.2984294952548921,0.0115082815647668,ELANE
specific granule (GO:0042581),GO_Cellular_Component_2021,13/160,1.1289725130258524e-20,6.7738350781551165e-19,0,0,116.88208616780044,5368.440260031695,ATP8B4;MS4A3;DEFA4;CRISP3;MMP8;SLC2A5;TCN1;OLR1;BPI;PTX3;CEACAM8;ELANE;LTF
azurophil granule (GO:0042582),GO_Cellular_Component_2021,11/155,8.100682757051312e-17,1.8086911101447623e-15,0,0,89.09640522875817,3301.1998489937846,DEFA4;BPI;CPNE3;CTSG;AZU1;RNASE3;CEACAM8;RNASE2;MPO;ABCA13;ELANE
secretory granule lumen (GO:0034774),GO_Cellular_Component_2021,13/316,9.043455550723812e-17,1.8086911101447623e-15,0,0,56.25896589658966,2078.313386396666,DEFA4;CRISP3;AZU1;RNASE3;MMP8;RNASE2;MPO;TCN1;BPI;PTX3;CTSG;ELANE;LTF
specific granule lumen (GO:0035580),GO_Cellular_Component_2021,8/62,1.5788831730876007e-14,2.368324759631401e-13,0,0,147.54074074074074,4688.767068993639,TCN1;DEFA4;CRISP3;BPI;PTX3;MMP8;ELANE;LTF
tertiary granule (GO:0070820),GO_Cellular_Component_2021,9/164,8.117743702243705e-13,9.741292442692444e-12,0,0,60.561290322580646,1685.999309976754,SERPINB10;ATP8B4;TCN1;CRISP3;OLR1;PTX3;CEACAM8;MMP8;LTF
azurophil granule lumen (GO:0035578),GO_Cellular_Component_2021,7/90,3.2295131264199944e-11,3.2295131264199937e-10,0,0,79.87550200803213,1929.4809840328464,BPI;CTSG;AZU1;RNASE3;RNASE2;MPO;ELANE
secretory granule membrane (GO:0030667),GO_Cellular_Component_2021,9/274,8.199938918078587e-11,7.02851907263879e-10,0,0,35.22601787487587,818.0999351571876,SERPINB10;ATP8B4;MS4A3;OLR1;CPNE3;AZU1;CEACAM8;SLC2A5;ABCA13
vacuolar lumen (GO:0005775),GO_Cellular_Component_2021,7/161,1.97354617262723e-09,1.4801596294704229e-08,0,0,42.896103896103895,859.7852197826411,BPI;CTSG;AZU1;RNASE3;RNASE2;MPO;ELANE
tertiary granule lumen (GO:1904724),GO_Cellular_Component_2021,5/55,1.2224638292180734e-08,8.149758861453824e-08,0,0,86.61739130434782,1578.152619239611,TCN1;CRISP3;PTX3;MMP8;LTF
specific granule membrane (GO:0035579),GO_Cellular_Component_2021,5/91,1.578753535996519e-07,9.472521215979114e-07,0,0,50.26794742163802,787.2694486572088,ATP8B4;MS4A3;OLR1;CEACAM8;SLC2A5
primary lysosome (GO:0005766),GO_Cellular_Component_2021,3/11,4.0239284308290084e-07,2.194870053179459e-06,0,0,299.46,4409.79914918739,DEFA4;AZU1;MPO
azurophil granule membrane (GO:0035577),GO_Cellular_Component_2021,4/58,1.2374254621998772e-06,6.187127310999386e-06,0,0,61.47530864197531,836.2165073344539,CPNE3;AZU1;CEACAM8;ABCA13
phagocytic vesicle lumen (GO:0097013),GO_Cellular_Component_2021,2/5,1.885077741992872e-05,8.700358809197869e-05,0,0,512.025641025641,5570.304625671955,MPO;LTF
intracellular organelle lumen (GO:0070013),GO_Cellular_Component_2021,7/848,0.0001302022631364909,0.0005580096991563895,0,0,7.582639714625446,67.83749056279582,COL17A1;TCN1;DEFA4;CRISP3;PTX3;MMP8;LTF
tertiary granule membrane (GO:0070821),GO_Cellular_Component_2021,3/73,0.00014312666882003664,0.0005725066752801465,0,0,34.117714285714285,302.00251883242,ATP8B4;OLR1;CEACAM8
endocytic vesicle lumen (GO:0071682),GO_Cellular_Component_2021,2/21,0.0003904264637360115,0.00146409923901,0,0,80.78137651821862,633.9941281662198,MPO;LTF
lysosomal membrane (GO:0005765),GO_Cellular_Component_2021,4/330,0.0010897895832128,0.0038463161760452,0,0,10.0439672801636,68.51764114413267,CPNE3;AZU1;CEACAM8;ABCA13
collagen-containing extracellular matrix (GO:0062023),GO_Cellular_Component_2021,4/380,0.0018306873385287,0.0061022911284291,0,0,8.686170212765957,54.74948492294695,COL17A1;CTSG;MMP8;ELANE
sorting endosome (GO:0097443),GO_Cellular_Component_2021,1/5,0.0069810406342333,0.0220453914765262,0,0,184.88888888888889,917.8914803082984,CLTCL1
phagocytic vesicle (GO:0045335),GO_Cellular_Component_2021,2/100,0.008596207471144,0.025788622413432,0,0,15.599686028257455,74.19887958363982,MPO;LTF
hemidesmosome (GO:0030056),GO_Cellular_Component_2021,1/7,0.009760292455613,0.02788654987318,0,0,123.24691358024693,570.5633183132499,COL17A1
intracellular vesicle (GO:0097708),GO_Cellular_Component_2021,1/11,0.0152963180805092,0.0417172311286615,0,0,73.93333333333334,309.05191525436794,ABCA13
recycling endosome (GO:0055037),GO_Cellular_Component_2021,2/145,0.0174423725768785,0.0455018415049005,0,0,10.66648735879505,43.18703750217169,CLTCL1;LTF
anchored component of external side of plasma membrane (GO:0031362),GO_Cellular_Component_2021,1/20,0.0276434890482457,0.0691087226206143,0,0,38.89473684210526,139.56851455439977,CD24
intrinsic component of external side of plasma membrane (GO:0031233),GO_Cellular_Component_2021,1/24,0.0330830787572745,0.0793993890174588,0,0,32.12399355877617,109.5021279575476,CD24
trans-Golgi network (GO:0005802),GO_Cellular_Component_2021,2/239,0.0438481005851212,0.1011879244272029,0,0,6.405387861084064,20.02980078491925,ATP8B4;CLTCL1
early endosome (GO:0005769),GO_Cellular_Component_2021,2/266,0.0531040190745437,0.1180089312767639,0,0,5.742424242424242,16.856901666119466,CLTCL1;LTF
anchored component of plasma membrane (GO:0046658),GO_Cellular_Component_2021,1/46,0.0624802949082235,0.1338863462319077,0,0,16.40082304526749,45.47790870164399,CD24
sarcolemma (GO:0042383),GO_Cellular_Component_2021,1/52,0.0703469425440285,0.1455453983669556,0,0,14.466957153231665,38.39987522113669,SLC2A5
ficolin-1-rich granule membrane (GO:0101003),GO_Cellular_Component_2021,1/61,0.0820276897041141,0.1640553794082283,0,0,12.291358024691355,30.73697946171465,SERPINB10
cytoplasmic stress granule (GO:0010494),GO_Cellular_Component_2021,1/65,0.0871735872487947,0.1687230720944414,0,0,11.520833333333334,28.10915005286859,CTSG
cytoplasmic vesicle membrane (GO:0030659),GO_Cellular_Component_2021,2/380,0.0985252135843423,0.1847347754706418,0,0,3.987382987382988,9.24053194744221,SERPINB10;ABCA13
cell-substrate junction (GO:0030055),GO_Cellular_Component_2021,2/394,0.1046884565671599,0.1874542893100888,0,0,3.842229199372056,8.671013833728312,COL17A1;CPNE3
clathrin-coated vesicle (GO:0030136),GO_Cellular_Component_2021,1/80,0.106224097275717,0.1874542893100888,0,0,9.326300984528832,20.91147208895769,CLTCL1
coated vesicle (GO:0030135),GO_Cellular_Component_2021,1/84,0.111239126588213,0.1874810629590062,0,0,8.875055778670237,19.490271267590483,CLTCL1
clathrin-coated endocytic vesicle (GO:0045334),GO_Cellular_Component_2021,1/85,0.1124886377754037,0.1874810629590062,0,0,8.768959435626103,19.15932630382963,CLTCL1
Golgi lumen (GO:0005796),GO_Cellular_Component_2021,1/100,0.1310292553948657,0.2124798736132957,0,0,7.434717545828657,15.109834134055738,DEFA4
intrinsic component of endoplasmic reticulum membrane (GO:0031227),GO_Cellular_Component_2021,1/121,0.1563598187842502,0.2468839243961846,0,0,6.12716049382716,11.369530809166491,SCD
integral component of endoplasmic reticulum membrane (GO:0030176),GO_Cellular_Component_2021,1/142,0.180977622547355,0.2784271116113154,0,0,5.209088521145259,8.904321569442898,SCD
membrane raft (GO:0045121),GO_Cellular_Component_2021,1/163,0.2049019991940686,0.307352998791103,0,0,4.529035208047554,7.179532894028598,CD24
intracellular non-membrane-bounded organelle (GO:0043232),GO_Cellular_Component_2021,3/1158,0.2189790521497744,0.3157803105909529,0,0,1.955012987012987,2.9692330721836453,SCD;CLTCL1;CPNE3
ficolin-1-rich granule (GO:0101002),GO_Cellular_Component_2021,1/184,0.2281517768473234,0.3157803105909529,0,0,4.005059704513257,5.918453683206121,SERPINB10
endocytic vesicle (GO:0030139),GO_Cellular_Component_2021,1/189,0.2335900338821068,0.3157803105909529,0,0,3.897557131599685,5.667779610083707,CLTCL1
late endosome (GO:0005770),GO_Cellular_Component_2021,1/189,0.2335900338821068,0.3157803105909529,0,0,3.897557131599685,5.667779610083707,CLTCL1
spindle (GO:0005819),GO_Cellular_Component_2021,1/192,0.2368352329432146,0.3157803105909529,0,0,3.835757223191778,5.52498864537946,CLTCL1
integral component of organelle membrane (GO:0031301),GO_Cellular_Component_2021,1/214,0.2602317714950043,0.3355285107875024,0,0,3.4357503042949054,4.6251473333363,SCD
lytic vacuole (GO:0000323),GO_Cellular_Component_2021,1/219,0.2654518817136275,0.3355285107875024,0,0,3.35609921848454,4.451267191325523,MPO
vesicle (GO:0031982),GO_Cellular_Component_2021,1/226,0.2727004000348629,0.3355285107875024,0,0,3.2505349794238683,4.223685089497183,ABCA13
nucleolus (GO:0005730),GO_Cellular_Component_2021,2/733,0.2740149504764603,0.3355285107875024,0,0,2.024729032936967,2.62115874931923,SCD;CPNE3
nuclear lumen (GO:0031981),GO_Cellular_Component_2021,2/745,0.2803164680019365,0.3363797616023238,0,0,1.9907857956310175,2.5319531849010417,SCD;CPNE3
bounding membrane of organelle (GO:0098588),GO_Cellular_Component_2021,2/767,0.2918664754953098,0.3433723241121292,0,0,1.931322272498743,2.3783439181846635,SERPINB10;ABCA13
cell-cell junction (GO:0005911),GO_Cellular_Component_2021,1/271,0.3176775810051863,0.3665510550059841,0,0,2.702606310013717,3.0991281316375967,COL17A1
endoplasmic reticulum lumen (GO:0005788),GO_Cellular_Component_2021,1/285,0.3311148083655508,0.370216172996836,0,0,2.56755346896192,2.8378914578769168,COL17A1
integral component of plasma membrane (GO:0005887),GO_Cellular_Component_2021,3/1454,0.3331945556971524,0.370216172996836,0,0,1.5317160578911095,1.683399920536286,COL17A1;OLR1;SLC2A5
microtubule cytoskeleton (GO:0015630),GO_Cellular_Component_2021,1/331,0.3734927425182525,0.4074466282017299,0,0,2.2044893378226718,2.1711061067932294,CLTCL1
focal adhesion (GO:0005925),GO_Cellular_Component_2021,1/387,0.4215960367232523,0.4517100393463418,0,0,1.8792938015735945,1.623160493831988,CPNE3
lysosome (GO:0005764),GO_Cellular_Component_2021,1/477,0.4915321709906034,0.5174022852532667,0,0,1.5169623404917525,1.0773889574815996,MPO
intracellular membrane-bounded organelle (GO:0043231),GO_Cellular_Component_2021,7/5192,0.6174901383643698,0.6387829017562447,0,0,0.9506268081002892,0.4582897511083315,OLR1;CPNE3;CTSG;AZU1;MPO;ABCA13;LTF
endoplasmic reticulum membrane (GO:0005789),GO_Cellular_Component_2021,1/712,0.6378409393399499,0.6486518027185931,0,0,1.0033338542480597,0.4511654601314684,SCD
nucleus (GO:0005634),GO_Cellular_Component_2021,4/4484,0.90216456894786,0.90216456894786,0,0,0.5763392857142857,0.0593389284207139,CPNE3;CTSG;MPO;LTF
serine-type endopeptidase activity (GO:0004252),GO_Molecular_Function_2021,3/105,0.0004186582630819863,0.0125367292170817,0,0,23.376470588235293,181.83283790220443,CTSG;MMP8;ELANE
serine-type peptidase activity (GO:0008236),GO_Molecular_Function_2021,3/125,0.0006964849565045396,0.0125367292170817,0,0,19.524590163934427,141.93331241215836,CTSG;MMP8;ELANE
iron ion binding (GO:0005506),GO_Molecular_Function_2021,2/54,0.0025856429296413,0.0230148420758542,0,0,29.467455621301774,175.5606497654468,SCD;LTF
nuclease activity (GO:0004518),GO_Molecular_Function_2021,2/60,0.0031816469552011,0.0230148420758542,0,0,26.411140583554378,151.87346879850782,RNASE3;RNASE2
protein kinase activator activity (GO:0030295),GO_Molecular_Function_2021,2/63,0.0035015167897823,0.0230148420758542,0,0,25.10844892812106,141.97720676279934,CD24;LTF
ribonuclease activity (GO:0004540),GO_Molecular_Function_2021,2/66,0.0038358070126423,0.0230148420758542,0,0,23.927884615384617,133.11980542706667,RNASE3;RNASE2
fructose transmembrane transporter activity (GO:0005353),GO_Molecular_Function_2021,1/5,0.0069810406342333,0.031942775309279,0,0,184.88888888888889,917.8914803082984,SLC2A5
cobalamin binding (GO:0031419),GO_Molecular_Function_2021,1/6,0.0083716050611861,0.031942775309279,0,0,147.9037037037037,707.410051609059,TCN1
fructose binding (GO:0070061),GO_Molecular_Function_2021,1/6,0.0083716050611861,0.031942775309279,0,0,147.9037037037037,707.410051609059,SLC2A5
endopeptidase activity (GO:0004175),GO_Molecular_Function_2021,3/315,0.0094728640959454,0.031942775309279,0,0,7.561538461538461,35.23165746937401,CTSG;MMP8;ELANE
clathrin light chain binding (GO:0032051),GO_Molecular_Function_2021,1/7,0.009760292455613,0.031942775309279,0,0,123.24691358024693,570.5633183132499,CLTCL1
endopeptidase inhibitor activity (GO:0004866),GO_Molecular_Function_2021,2/115,0.0112374875562432,0.0337124626687298,0,0,13.518720217835265,60.67877551561721,SERPINB10;LTF
hexose transmembrane transporter activity (GO:0015149),GO_Molecular_Function_2021,1/15,0.0208024990214188,0.0576069203670061,0,0,52.7989417989418,204.47351966705395,SLC2A5
transition metal ion binding (GO:0046914),GO_Molecular_Function_2021,3/445,0.0237366875192969,0.0610371964781922,0,0,5.302262443438914,19.834350382945026,SCD;MMP8;LTF
protein tyrosine kinase activator activity (GO:0030296),GO_Molecular_Function_2021,1/19,0.0262789881621165,0.0630695715890796,0,0,41.05761316872428,149.40806261137496,CD24
glucose transmembrane transporter activity (GO:0005355),GO_Molecular_Function_2021,1/21,0.0290061461687485,0.0652638288796842,0,0,36.94814814814815,130.8055903894323,SLC2A5
protein serine/threonine kinase activator activity (GO:0043539),GO_Molecular_Function_2021,1/37,0.0505598495049575,0.1070679165987337,0,0,20.51028806584362,61.2149546027372,LTF
cysteine-type endopeptidase inhibitor activity (GO:0004869),GO_Molecular_Function_2021,1/40,0.0545494783414527,0.1090989566829055,0,0,18.929724596391264,55.05988911315167,LTF
calcium-dependent phospholipid binding (GO:0005544),GO_Molecular_Function_2021,1/50,0.0677318256109869,0.1283339853681857,0,0,15.058956916099774,40.54171043527237,CPNE3
receptor tyrosine kinase binding (GO:0030971),GO_Molecular_Function_2021,1/56,0.0755559718968359,0.1360007494143046,0,0,13.412121212121212,34.64192039516318,CPNE3
serine-type endopeptidase inhibitor activity (GO:0004867),GO_Molecular_Function_2021,1/60,0.0807368511574007,0.1384060305555441,0,0,12.500313873195228,31.45779193205892,SERPINB10
protein tyrosine kinase binding (GO:1990782),GO_Molecular_Function_2021,1/72,0.0961120494930951,0.1572742628068829,0,0,10.38132498695879,24.315560720102795,CPNE3
metalloendopeptidase activity (GO:0004222),GO_Molecular_Function_2021,1/82,0.1087350132927495,0.170193933849521,0,0,9.095107453132144,20.18060120286512,MMP8
protease binding (GO:0002020),GO_Molecular_Function_2021,1/118,0.1527852625245616,0.2251581390493203,0,0,6.285216840772397,11.808174250644688,ELANE
metallopeptidase activity (GO:0008237),GO_Molecular_Function_2021,1/121,0.1563598187842502,0.2251581390493203,0,0,6.12716049382716,11.369530809166491,MMP8
guanyl-nucleotide exchange factor activity (GO:0005085),GO_Molecular_Function_2021,1/149,0.189028522182326,0.2617317999447591,0,0,4.960960960960961,8.264253350776073,NUCB2
protein heterodimerization activity (GO:0046982),GO_Molecular_Function_2021,1/188,0.2325053468498054,0.3100071291330739,0,0,3.918597742127154,5.716615190741829,CEACAM8
GTPase activator activity (GO:0005096),GO_Molecular_Function_2021,1/336,0.3779398606180676,0.4511486338363165,0,0,2.1710337202874515,2.112459653679227,NUCB2
zinc ion binding (GO:0008270),GO_Molecular_Function_2021,1/336,0.3779398606180676,0.4511486338363165,0,0,2.1710337202874515,2.112459653679227,MMP8
protein serine/threonine kinase activity (GO:0004674),GO_Molecular_Function_2021,1/344,0.3849920028889498,0.4511486338363165,0,0,2.119533527696793,2.0231640961746438,CPNE3
calcium ion binding (GO:0005509),GO_Molecular_Function_2021,1/348,0.3884891013590503,0.4511486338363165,0,0,2.094673924645106,1.9804935898115172,NUCB2
kinase binding (GO:0019900),GO_Molecular_Function_2021,1/461,0.4797259660583262,0.539691711815617,0,0,1.5710144927536231,1.1539733659333078,CD24
protein kinase binding (GO:0019901),GO_Molecular_Function_2021,1/506,0.5122756827884597,0.5505124489697265,0,0,1.4277227722772277,0.9549928487274582,CD24
metal ion binding (GO:0046872),GO_Molecular_Function_2021,1/517,0.5199284240269639,0.5505124489697265,0,0,1.3964972724662648,0.9133987637634506,NUCB2
protein homodimerization activity (GO:0042803),GO_Molecular_Function_2021,1/636,0.5956539724221868,0.6126726573485349,0,0,1.1278506853310002,0.5843342110211786,DEFA4
RNA binding (GO:0003723),GO_Molecular_Function_2021,1/1406,0.8702873775537474,0.8702873775537474,0,0,0.4894424673784104,0.0679991243840052,CPNE3
