Term,Gene_set,Overlap,P-value,Adjusted P-value,Old P-value,Old Adjusted P-value,Odds Ratio,Combined Score,Genes
progesterone receptor signaling pathway (GO:0050847),GO_Biological_Process_2021,1/8,0.0087676277457428,0.1053803556156219,0,0,135.85714285714286,643.5130349149837,NEDD4
negative regulation of sodium ion transport (GO:0010766),GO_Biological_Process_2021,1/8,0.0087676277457428,0.1053803556156219,0,0,135.85714285714286,643.5130349149837,NEDD4
negative regulation of sodium ion transmembrane transport (GO:1902306),GO_Biological_Process_2021,1/10,0.0109480522580432,0.1053803556156219,0,0,105.65608465608466,476.9942956890701,NEDD4
negative regulation of sodium ion transmembrane transporter activity (GO:2000650),GO_Biological_Process_2021,1/10,0.0109480522580432,0.1053803556156219,0,0,105.65608465608466,476.9942956890701,NEDD4
regulation of nucleocytoplasmic transport (GO:0046822),GO_Biological_Process_2021,1/13,0.0142101091631312,0.1053803556156219,0,0,79.23015873015873,337.0293803138913,NEDD4
negative regulation of vascular endothelial growth factor receptor signaling pathway (GO:0030948),GO_Biological_Process_2021,1/13,0.0142101091631312,0.1053803556156219,0,0,79.23015873015873,337.0293803138913,NEDD4
negative regulation of execution phase of apoptosis (GO:1900118),GO_Biological_Process_2021,1/17,0.0185435492893687,0.1053803556156219,0,0,59.410714285714285,236.908142520545,MTRNR2L10
protein targeting to lysosome (GO:0006622),GO_Biological_Process_2021,1/20,0.0217816918149241,0.1053803556156219,0,0,50.02255639097744,191.42059056605152,NEDD4
negative regulation of ion transmembrane transporter activity (GO:0032413),GO_Biological_Process_2021,1/21,0.0228588048336812,0.1053803556156219,0,0,47.51904761904762,179.54686782262274,NEDD4
ubiquitin-dependent protein catabolic process via the multivesicular body sorting pathway (GO:0043162),GO_Biological_Process_2021,1/22,0.023934785813165,0.1053803556156219,0,0,45.25396825396825,168.9069250201691,NEDD4
regulation of execution phase of apoptosis (GO:1900117),GO_Biological_Process_2021,1/22,0.023934785813165,0.1053803556156219,0,0,45.25396825396825,168.9069250201691,MTRNR2L10
neuromuscular junction development (GO:0007528),GO_Biological_Process_2021,1/24,0.0260833561592032,0.1053803556156219,0,0,41.31469979296066,150.65231192236567,NEDD4
regulation of vascular endothelial growth factor receptor signaling pathway (GO:0030947),GO_Biological_Process_2021,1/24,0.0260833561592032,0.1053803556156219,0,0,41.31469979296066,150.65231192236567,NEDD4
receptor catabolic process (GO:0032801),GO_Biological_Process_2021,1/25,0.0271559477765973,0.1053803556156219,0,0,39.59126984126984,142.77242140898989,NEDD4
negative regulation of ion transport (GO:0043271),GO_Biological_Process_2021,1/25,0.0271559477765973,0.1053803556156219,0,0,39.59126984126984,142.77242140898989,NEDD4
regulation of potassium ion transmembrane transporter activity (GO:1901016),GO_Biological_Process_2021,1/26,0.0282274118595077,0.1053803556156219,0,0,38.00571428571429,135.5839309094672,NEDD4
regulation of synapse organization (GO:0050807),GO_Biological_Process_2021,1/26,0.0282274118595077,0.1053803556156219,0,0,38.00571428571429,135.5839309094672,NEDD4
macromolecule catabolic process (GO:0009057),GO_Biological_Process_2021,1/28,0.0303669619032499,0.1053803556156219,0,0,35.18694885361552,122.95727551819456,NEDD4
protein localization to lysosome (GO:0061462),GO_Biological_Process_2021,1/28,0.0303669619032499,0.1053803556156219,0,0,35.18694885361552,122.95727551819456,NEDD4
regulation of dendrite morphogenesis (GO:0048814),GO_Biological_Process_2021,1/32,0.0346325809282469,0.1053803556156219,0,0,30.640552995391705,103.04296619408238,NEDD4
regulation of transmembrane transport (GO:0034762),GO_Biological_Process_2021,1/34,0.0367586678440145,0.1053803556156219,0,0,28.78066378066378,95.0735042734142,NEDD4
regulation of ion transmembrane transport (GO:0034765),GO_Biological_Process_2021,1/35,0.037820034565529,0.1053803556156219,0,0,27.932773109243698,91.47749401004982,NEDD4
regulation of sodium ion transport (GO:0002028),GO_Biological_Process_2021,1/36,0.0388802849574893,0.1053803556156219,0,0,27.133333333333333,88.10920425980879,NEDD4
regulation of dendrite development (GO:0050773),GO_Biological_Process_2021,1/39,0.0420543492750046,0.1053803556156219,0,0,24.9874686716792,79.18010249314726,NEDD4
regulation of ion transmembrane transporter activity (GO:0032412),GO_Biological_Process_2021,1/39,0.0420543492750046,0.1053803556156219,0,0,24.9874686716792,79.18010249314726,NEDD4
positive regulation of intracellular transport (GO:0032388),GO_Biological_Process_2021,1/39,0.0420543492750046,0.1053803556156219,0,0,24.9874686716792,79.18010249314726,NEDD4
regulation of sodium ion transmembrane transporter activity (GO:2000649),GO_Biological_Process_2021,1/40,0.043110145479118,0.1053803556156219,0,0,24.345543345543344,76.54231318763195,NEDD4
protein K63-linked ubiquitination (GO:0070534),GO_Biological_Process_2021,1/44,0.0473222337759817,0.1076988768694757,0,0,22.07641196013289,67.35016647561174,NEDD4
intracellular steroid hormone receptor signaling pathway (GO:0030518),GO_Biological_Process_2021,1/44,0.0473222337759817,0.1076988768694757,0,0,22.07641196013289,67.35016647561174,NEDD4
positive regulation of nucleocytoplasmic transport (GO:0046824),GO_Biological_Process_2021,1/46,0.0494216355431908,0.1087275981950199,0,0,21.09312169312169,63.43475777373824,NEDD4
receptor internalization (GO:0031623),GO_Biological_Process_2021,1/49,0.0525624601312181,0.1119071731825935,0,0,19.771825396825395,58.24291595044674,NEDD4
regulation of potassium ion transmembrane transport (GO:1901379),GO_Biological_Process_2021,1/54,0.057775166528884,0.1191612809658234,0,0,17.902066486972146,51.04230466405881,NEDD4
receptor metabolic process (GO:0043112),GO_Biological_Process_2021,1/58,0.061925609729227,0.123851219458454,0,0,16.642439431913115,46.29629511520948,NEDD4
positive regulation of catabolic process (GO:0009896),GO_Biological_Process_2021,1/67,0.0712003950414228,0.1380396709100916,0,0,14.366522366522366,37.96004302786625,NEDD4
cellular response to light stimulus (GO:0071482),GO_Biological_Process_2021,1/70,0.0742724910847293,0.1380396709100916,0,0,13.739820565907522,35.72373458022456,NEDD4
response to metal ion (GO:0010038),GO_Biological_Process_2021,1/71,0.075294365950959,0.1380396709100916,0,0,13.542857142857144,35.026568142715256,NEDD4
positive regulation of phosphatidylinositol 3-kinase signaling (GO:0014068),GO_Biological_Process_2021,1/77,0.0814030405988153,0.1393308084847136,0,0,12.469924812030076,31.278844284190207,NEDD4
cellular response to UV (GO:0034644),GO_Biological_Process_2021,1/77,0.0814030405988153,0.1393308084847136,0,0,12.469924812030076,31.278844284190207,NEDD4
regulation of ion transport (GO:0043269),GO_Biological_Process_2021,1/79,0.0834306915403189,0.1393308084847136,0,0,12.148962148962148,30.174851502656868,NEDD4
negative regulation of cellular response to growth factor stimulus (GO:0090288),GO_Biological_Process_2021,1/80,0.0844429142331597,0.1393308084847136,0,0,11.994575045207956,29.646745779715985,NEDD4
positive regulation of protein catabolic process (GO:0045732),GO_Biological_Process_2021,1/85,0.0894880427418254,0.1440539224624507,0,0,11.27777777777778,27.220611302509276,NEDD4
response to UV (GO:0009411),GO_Biological_Process_2021,1/99,0.103473614552829,0.1626013942973028,0,0,9.65986394557823,21.912808540819068,NEDD4
regulation of protein catabolic process (GO:0042176),GO_Biological_Process_2021,1/102,0.1064437278194509,0.1633471479385064,0,0,9.371522866572372,20.9935120892893,NEDD4
regulation of phosphatidylinositol 3-kinase signaling (GO:0014066),GO_Biological_Process_2021,1/106,0.1103892711343678,0.1633471479385064,0,0,9.012698412698413,19.8616650141474,NEDD4
response to calcium ion (GO:0051592),GO_Biological_Process_2021,1/107,0.111373055412618,0.1633471479385064,0,0,8.92722371967655,19.594094214759316,NEDD4
regulation of macroautophagy (GO:0016241),GO_Biological_Process_2021,1/112,0.1162764199182915,0.1668313851001574,0,0,8.522951522951523,18.3395591765212,NEDD4
positive regulation of protein metabolic process (GO:0051247),GO_Biological_Process_2021,1/115,0.1192060305308392,0.1673957024475615,0,0,8.297410192147034,17.647777784279164,NEDD4
regulation of anatomical structure morphogenesis (GO:0022603),GO_Biological_Process_2021,1/123,0.1269730726287825,0.1739683802112922,0,0,7.750195160031225,15.994699639424006,NEDD4
synapse organization (GO:0050808),GO_Biological_Process_2021,1/126,0.1298688230979286,0.1739683802112922,0,0,7.5630476190476195,15.43792264900532,NEDD4
plasma membrane bounded cell projection organization (GO:0120036),GO_Biological_Process_2021,1/128,0.1317942274327971,0.1739683802112922,0,0,7.443194600674915,15.083734012428744,NEDD4
regulation of cellular component organization (GO:0051128),GO_Biological_Process_2021,1/139,0.1423114686167882,0.181942923191674,0,0,6.846100759144237,13.348097205226534,NEDD4
receptor-mediated endocytosis (GO:0006898),GO_Biological_Process_2021,1/143,0.1461056807448291,0.181942923191674,0,0,6.6519114688128775,12.794453338425477,NEDD4
neuron development (GO:0048666),GO_Biological_Process_2021,1/143,0.1461056807448291,0.181942923191674,0,0,6.6519114688128775,12.794453338425477,NEDD4
neuron projection development (GO:0031175),GO_Biological_Process_2021,1/171,0.1722200600650158,0.2104911845239083,0,0,5.548459383753501,9.75964129868906,NEDD4
modification-dependent protein catabolic process (GO:0019941),GO_Biological_Process_2021,1/201,0.1993531678153524,0.2391393494752992,0,0,4.709047619047619,7.594174268418155,NEDD4
proteasomal protein catabolic process (GO:0010498),GO_Biological_Process_2021,1/205,0.2029061147063144,0.2391393494752992,0,0,4.6157796451914095,7.362223443639087,NEDD4
regulation of autophagy (GO:0010506),GO_Biological_Process_2021,1/231,0.2256360578148966,0.2612628037856698,0,0,4.088612836438924,6.087257386867498,NEDD4
negative regulation of signal transduction (GO:0009968),GO_Biological_Process_2021,1/267,0.2560889655006607,0.2914115814317863,0,0,3.5288220551378444,4.807068585787497,NEDD4
protein polyubiquitination (GO:0000209),GO_Biological_Process_2021,1/314,0.2941296902161569,0.3290264331231585,0,0,2.991784573254222,3.6611499561526704,NEDD4
proteasome-mediated ubiquitin-dependent protein catabolic process (GO:0043161),GO_Biological_Process_2021,1/321,0.2996339346452691,0.3295973281097961,0,0,2.925297619047619,3.52555045781868,NEDD4
ubiquitin-dependent protein catabolic process (GO:0006511),GO_Biological_Process_2021,1/354,0.3250353030589853,0.3516775410146399,0,0,2.647376230945636,2.975178268034171,NEDD4
protein modification by small protein conjugation (GO:0032446),GO_Biological_Process_2021,1/409,0.3654278858013298,0.3890038784336737,0,0,2.284080298786181,2.299352395430573,NEDD4
negative regulation of apoptotic process (GO:0043066),GO_Biological_Process_2021,1/485,0.4174623308636982,0.4373414894762553,0,0,1.9179456906729635,1.6754424869003175,MTRNR2L10
protein ubiquitination (GO:0016567),GO_Biological_Process_2021,1/525,0.4431868017537408,0.4570363893085452,0,0,1.7679025808796802,1.4386553404568765,NEDD4
positive regulation of intracellular signal transduction (GO:1902533),GO_Biological_Process_2021,1/546,0.4562543807984679,0.4632736789645981,0,0,1.6979467016164265,1.3323868800077785,NEDD4
negative regulation of transcription by RNA polymerase II (GO:0000122),GO_Biological_Process_2021,1/684,0.5351195014197913,0.5351195014197913,0,0,1.3452555253433731,0.8411414515031301,NEDD4
apicolateral plasma membrane (GO:0016327),GO_Cellular_Component_2021,1/5,0.0054883894433205,0.0054883894433205,0,0,237.78571428571428,1237.7032790036255,NEDD4
beta-2 adrenergic receptor binding (GO:0031698),GO_Molecular_Function_2021,1/5,0.0054883894433205,0.0427197884798429,0,0,237.78571428571428,1237.7032790036255,NEDD4
sodium channel inhibitor activity (GO:0019871),GO_Molecular_Function_2021,1/8,0.0087676277457428,0.0427197884798429,0,0,135.85714285714286,643.5130349149837,NEDD4
phosphoserine residue binding (GO:0050815),GO_Molecular_Function_2021,1/9,0.0098584127261176,0.0427197884798429,0,0,118.86904761904762,549.107257058779,NEDD4
adrenergic receptor binding (GO:0031690),GO_Molecular_Function_2021,1/17,0.0185435492893687,0.0510225694453394,0,0,59.410714285714285,236.908142520545,NEDD4
RNA polymerase binding (GO:0070063),GO_Molecular_Function_2021,1/18,0.0196240651712844,0.0510225694453394,0,0,55.91316526610644,219.7945772360195,NEDD4
receptor antagonist activity (GO:0048019),GO_Molecular_Function_2021,1/28,0.0303669619032499,0.0649015577098917,0,0,35.18694885361552,122.95727551819456,MTRNR2L10
ion channel inhibitor activity (GO:0008200),GO_Molecular_Function_2021,1/37,0.0399394201291641,0.0649015577098917,0,0,26.37830687830688,84.948474454672,NEDD4
sodium channel regulator activity (GO:0017080),GO_Molecular_Function_2021,1/37,0.0399394201291641,0.0649015577098917,0,0,26.37830687830688,84.948474454672,NEDD4
protein phosphorylated amino acid binding (GO:0045309),GO_Molecular_Function_2021,1/42,0.0452184067076381,0.0653154763554773,0,0,23.15563298490128,71.69565287330235,NEDD4
ubiquitin binding (GO:0043130),GO_Molecular_Function_2021,1/74,0.078353534197411,0.1018595944566343,0,0,12.984344422700588,33.06494733744324,NEDD4
ubiquitin protein ligase activity (GO:0061630),GO_Molecular_Function_2021,1/263,0.2527626285517419,0.2801223074083898,0,0,3.583424209378408,4.928299289107686,NEDD4
ubiquitin-like protein ligase activity (GO:0061659),GO_Molecular_Function_2021,1/270,0.2585744376077444,0.2801223074083898,0,0,3.48893609488405,4.719036108826175,NEDD4
ubiquitin-protein transferase activity (GO:0004842),GO_Molecular_Function_2021,1/392,0.3531960368779511,0.3531960368779511,0,0,2.3854585312385823,2.4826231019215133,NEDD4
