Term,Gene_set,Overlap,P-value,Adjusted P-value,Old P-value,Old Adjusted P-value,Odds Ratio,Combined Score,Genes
positive regulation of histone H3-K9 methylation (GO:0051574),GO_Biological_Process_2021,1/7,0.0087184638276748,0.0769131406460782,0,0,138.67361111111111,657.6335609979999,H1-5
establishment of protein localization to chromatin (GO:0071169),GO_Biological_Process_2021,1/8,0.0099579917015561,0.0769131406460782,0,0,118.85714285714286,547.8577209909951,H1-5
monocyte activation (GO:0042117),GO_Biological_Process_2021,1/10,0.0124325865055395,0.0769131406460782,0,0,92.4351851851852,405.55330287566494,MT1G
monocyte differentiation (GO:0030224),GO_Biological_Process_2021,1/11,0.0136676567242548,0.0769131406460782,0,0,83.1875,357.1008995813401,MT1G
regulation of histone H3-K9 methylation (GO:0051570),GO_Biological_Process_2021,1/12,0.0149012443701484,0.0769131406460782,0,0,75.62121212121212,318.08630270790064,H1-5
negative regulation of gene silencing (GO:0060969),GO_Biological_Process_2021,1/13,0.016133351108423,0.0769131406460782,0,0,69.31597222222223,286.05777422638903,H1-5
establishment of protein localization to chromosome (GO:0070199),GO_Biological_Process_2021,1/13,0.016133351108423,0.0769131406460782,0,0,69.31597222222223,286.05777422638903,H1-5
negative regulation of chromatin organization (GO:1905268),GO_Biological_Process_2021,1/13,0.016133351108423,0.0769131406460782,0,0,69.31597222222223,286.05777422638903,H1-5
negative regulation of chromatin silencing (GO:0031936),GO_Biological_Process_2021,1/13,0.016133351108423,0.0769131406460782,0,0,69.31597222222223,286.05777422638903,H1-5
nucleosome positioning (GO:0016584),GO_Biological_Process_2021,1/15,0.0185931285667873,0.0769131406460782,0,0,59.407738095238095,236.7376500104764,H1-5
regulation of chromatin silencing (GO:0031935),GO_Biological_Process_2021,1/16,0.0198208026407264,0.0769131406460782,0,0,55.44444444444444,217.3989559937,H1-5
cellular response to zinc ion (GO:0071294),GO_Biological_Process_2021,1/18,0.0222717298790694,0.0769131406460782,0,0,48.91666666666666,186.10038260880103,MT1G
cellular response to copper ion (GO:0071280),GO_Biological_Process_2021,1/19,0.0234949864071648,0.0769131406460782,0,0,46.19675925925926,173.2825760780302,MT1G
protein localization to chromatin (GO:0071168),GO_Biological_Process_2021,1/21,0.0259370936730085,0.0769131406460782,0,0,41.57291666666666,151.8276651730302,H1-5
response to copper ion (GO:0046688),GO_Biological_Process_2021,1/23,0.0283733377644313,0.0769131406460782,0,0,37.78977272727273,134.6187109177605,MT1G
DNA packaging (GO:0006323),GO_Biological_Process_2021,1/24,0.0295892653137072,0.0769131406460782,0,0,36.14492753623188,127.2425658336615,H1-5
mononuclear cell differentiation (GO:1903131),GO_Biological_Process_2021,1/26,0.0320167398038226,0.0769131406460782,0,0,33.25,114.42975510355669,MT1G
positive regulation of histone methylation (GO:0031062),GO_Biological_Process_2021,1/26,0.0320167398038226,0.0769131406460782,0,0,33.25,114.42975510355669,H1-5
cellular response to cadmium ion (GO:0071276),GO_Biological_Process_2021,1/27,0.0332282900970065,0.0769131406460782,0,0,31.96955128205128,108.83565874121032,MT1G
cellular zinc ion homeostasis (GO:0006882),GO_Biological_Process_2021,1/28,0.0344383846472214,0.0769131406460782,0,0,30.78395061728395,103.69830823466704,MT1G
response to zinc ion (GO:0010043),GO_Biological_Process_2021,1/29,0.0356470251349897,0.0769131406460782,0,0,29.683035714285715,98.96590013795104,MT1G
response to cadmium ion (GO:0046686),GO_Biological_Process_2021,1/29,0.0356470251349897,0.0769131406460782,0,0,29.683035714285715,98.96590013795104,MT1G
zinc ion homeostasis (GO:0055069),GO_Biological_Process_2021,1/30,0.0368542132262458,0.0769131406460782,0,0,28.658045977011493,94.59405781572389,MT1G
cellular response to vascular endothelial growth factor stimulus (GO:0035924),GO_Biological_Process_2021,1/34,0.041668474974439,0.083336949948878,0,0,25.17929292929293,80.0200555972378,MT1G
negative regulation of DNA metabolic process (GO:0051053),GO_Biological_Process_2021,1/36,0.044066934781374,0.0846085147802382,0,0,23.73809523809524,74.11141474490151,H1-5
regulation of DNA recombination (GO:0000018),GO_Biological_Process_2021,1/42,0.0512277892154369,0.0945743800900373,0,0,20.258130081300813,60.19648932344668,H1-5
chromosome condensation (GO:0030261),GO_Biological_Process_2021,1/45,0.054788877942146,0.0974024496749263,0,0,18.87405303030303,54.81530943314256,H1-5
negative regulation of DNA recombination (GO:0045910),GO_Biological_Process_2021,1/57,0.0689053446517472,0.1140502256304781,0,0,14.820684523809524,39.64565023244249,H1-5
"positive regulation of gene expression, epigenetic (GO:0045815)",GO_Biological_Process_2021,1/57,0.0689053446517472,0.1140502256304781,0,0,14.820684523809524,39.64565023244249,H1-5
myeloid leukocyte differentiation (GO:0002573),GO_Biological_Process_2021,1/71,0.0851188011585982,0.1353487995338995,0,0,11.848214285714286,29.190532473420173,MT1G
chromatin assembly (GO:0031497),GO_Biological_Process_2021,1/73,0.0874127663656434,0.1353487995338995,0,0,11.517939814814817,28.07053166814748,H1-5
positive regulation of growth (GO:0045927),GO_Biological_Process_2021,1/76,0.0908433638322228,0.1362650457483342,0,0,11.055555555555555,26.518060438580463,H1-5
nucleosome organization (GO:0034728),GO_Biological_Process_2021,1/94,0.1111684164109228,0.1600936079555022,0,0,8.907706093189963,19.56763781102837,H1-5
cellular transition metal ion homeostasis (GO:0046916),GO_Biological_Process_2021,1/96,0.1133996389684807,0.1600936079555022,0,0,8.719298245614034,18.98049165758473,MT1G
positive regulation of cell growth (GO:0030307),GO_Biological_Process_2021,1/102,0.1200610913811501,0.1646552110370059,0,0,8.198844884488448,17.379538920010766,H1-5
chromosome organization (GO:0051276),GO_Biological_Process_2021,1/106,0.1244753374689266,0.1659671166252354,0,0,7.884920634920635,16.42939655103013,H1-5
cellular divalent inorganic cation homeostasis (GO:0072503),GO_Biological_Process_2021,1/111,0.1299632560145039,0.1686009807755727,0,0,7.524621212121212,15.35401602877074,MT1G
negative regulation of growth (GO:0045926),GO_Biological_Process_2021,1/126,0.146229585037245,0.1847110547838884,0,0,6.616666666666666,12.721053744412291,MT1G
cellular response to metal ion (GO:0071248),GO_Biological_Process_2021,1/131,0.1515865175522374,0.1865680216027537,0,0,6.360576923076923,11.99985643470596,MT1G
chromatin organization (GO:0006325),GO_Biological_Process_2021,1/142,0.1632584222447486,0.1959101066936983,0,0,5.861111111111111,10.622800398497253,H1-5
cellular response to growth factor stimulus (GO:0071363),GO_Biological_Process_2021,1/158,0.1799609371529336,0.2106859752034345,0,0,5.259554140127388,9.02021670226334,MT1G
protein stabilization (GO:0050821),GO_Biological_Process_2021,1/179,0.2013978039759471,0.2301689188296538,0,0,4.634129213483146,7.426067881764699,H1-5
regulation of cell growth (GO:0001558),GO_Biological_Process_2021,1/217,0.2388283056448301,0.2665990388593453,0,0,3.8115354938271606,5.458158359023452,H1-5
positive regulation of cellular process (GO:0048522),GO_Biological_Process_2021,1/625,0.548057415341047,0.5978808167356876,0,0,1.2921340811965811,0.7770574238126305,H1-5
negative regulation of transcription by RNA polymerase II (GO:0000122),GO_Biological_Process_2021,1/684,0.5812547084183064,0.6200050223128601,0,0,1.176915568570034,0.6385546331915769,H1-5
"negative regulation of transcription, DNA-templated (GO:0045892)",GO_Biological_Process_2021,1/948,0.7032154177989229,0.7337900011814847,0,0,0.8372052094332981,0.2947732630077283,H1-5
"positive regulation of transcription, DNA-templated (GO:0045893)",GO_Biological_Process_2021,1/1183,0.7824285502661837,0.799075966229294,0,0,0.6624717992103779,0.1625392249352305,H1-5
regulation of transcription by RNA polymerase II (GO:0006357),GO_Biological_Process_2021,1/2206,0.9462604128053418,0.9462604128053418,0,0,0.3357898715041572,0.0185481829553035,H1-5
nucleus (GO:0005634),GO_Cellular_Component_2021,3/4484,0.94177368616403,0.9746261737148824,0,0,0.4715059544338723,0.0282857749370728,H1-5;H2AC21;MT1G
intracellular membrane-bounded organelle (GO:0043231),GO_Cellular_Component_2021,3/5192,0.9746261737148824,0.9746261737148824,0,0,0.3885667233133026,0.009986667236925,H1-5;H2AC21;MT1G
nucleosomal DNA binding (GO:0031492),GO_Molecular_Function_2021,1/33,0.040467079797891,0.2934687591727574,0,0,25.967447916666668,83.2845252717618,H1-5
DNA binding (GO:0003677),GO_Molecular_Function_2021,3/811,0.078857511349178,0.2934687591727574,0,0,3.234754725472547,8.216641588234024,H1-5;H2AC12;H2AC21
histone deacetylase binding (GO:0042826),GO_Molecular_Function_2021,1/93,0.110050784689784,0.2934687591727574,0,0,9.00498188405797,19.872314154794893,H1-5
zinc ion binding (GO:0008270),GO_Molecular_Function_2021,1/336,0.3454607345683721,0.6408454965413353,0,0,2.442786069651741,2.5963793958806733,MT1G
transition metal ion binding (GO:0046914),GO_Molecular_Function_2021,1/445,0.4304291981068653,0.6408454965413353,0,0,1.8328641141141144,1.5450539215743864,MT1G
metal ion binding (GO:0046872),GO_Molecular_Function_2021,1/517,0.4806341224060014,0.6408454965413353,0,0,1.5713016795865633,1.1512125392014654,MT1G
double-stranded DNA binding (GO:0003690),GO_Molecular_Function_2021,1/651,0.5629867588990279,0.6434134387417462,0,0,1.238782051282051,0.7116792602085816,H1-5
RNA binding (GO:0003723),GO_Molecular_Function_2021,1/1406,0.8385340718846658,0.8385340718846658,0,0,0.550711743772242,0.0969803734426126,H1-5
