Term,Gene_set,Overlap,P-value,Adjusted P-value,Old P-value,Old Adjusted P-value,Odds Ratio,Combined Score,Genes
defense response to symbiont (GO:0140546),GO_Biological_Process_2021,16/124,1.864010371916683e-27,2.623023527766995e-25,0,0,173.0631808278867,10651.531225496296,RSAD2;DDX58;MX2;MX1;IFI6;EIF2AK2;ISG15;IFIT1;IFI44L;IFIT3;IFIT2;OASL;IFIH1;OAS1;OAS2;OAS3
cellular response to type I interferon (GO:0071357),GO_Biological_Process_2021,14/65,2.546624784239801e-27,2.623023527766995e-25,0,0,287.7440660474716,17620.01612611002,RSAD2;MX2;MX1;IFI6;ISG15;IFI35;IFIT1;IFIT3;IFIT2;OASL;OAS1;OAS2;OAS3;XAF1
type I interferon signaling pathway (GO:0060337),GO_Biological_Process_2021,14/65,2.546624784239801e-27,2.623023527766995e-25,0,0,287.7440660474716,17620.01612611002,RSAD2;MX2;MX1;IFI6;ISG15;IFI35;IFIT1;IFIT3;IFIT2;OASL;OAS1;OAS2;OAS3;XAF1
defense response to virus (GO:0051607),GO_Biological_Process_2021,16/133,6.097767498979616e-27,4.710525392961753e-25,0,0,159.67823026646556,9638.4773421006,RSAD2;DDX58;MX2;MX1;IFI6;EIF2AK2;ISG15;IFIT1;IFI44L;IFIT3;IFIT2;OASL;IFIH1;OAS1;OAS2;OAS3
negative regulation of viral genome replication (GO:0045071),GO_Biological_Process_2021,10/54,7.506700198176937e-19,4.639140722473347e-17,0,0,196.8675889328063,8215.938241180282,IFIH1;RSAD2;OAS1;OAS2;OAS3;MX1;EIF2AK2;ISG15;IFIT1;OASL
regulation of viral genome replication (GO:0045069),GO_Biological_Process_2021,10/67,7.674591768156982e-18,3.952414760600845e-16,0,0,151.86880244088482,5984.939404588626,IFIH1;RSAD2;OAS1;OAS2;OAS3;MX1;EIF2AK2;ISG15;IFIT1;OASL
negative regulation of viral process (GO:0048525),GO_Biological_Process_2021,10/70,1.2238302491025185e-17,5.402336385323975e-16,0,0,144.2536231884058,5617.518981554093,IFIH1;RSAD2;OAS1;OAS2;OAS3;MX1;EIF2AK2;ISG15;IFIT1;OASL
positive regulation of interferon-beta production (GO:0032728),GO_Biological_Process_2021,7/36,1.359413636386227e-13,5.250735170541801e-12,0,0,185.10079575596816,5483.8984898759,IFIH1;OAS1;DDX58;OAS2;OAS3;DHX58;ISG15
cytokine-mediated signaling pathway (GO:0019221),GO_Biological_Process_2021,14/621,3.181591396231842e-13,1.0923463793729324e-11,0,0,23.50125726177057,676.2774596558958,RSAD2;MX2;MX1;IFI6;ISG15;IFI35;IFIT1;IFIT3;IFIT2;OASL;OAS1;OAS2;OAS3;XAF1
regulation of interferon-beta production (GO:0032648),GO_Biological_Process_2021,7/49,1.3783997876517302e-12,4.2592553438438455e-11,0,0,127.72435897435898,3488.164743174626,IFIH1;OAS1;DDX58;OAS2;OAS3;DHX58;ISG15
regulation of ribonuclease activity (GO:0060700),GO_Biological_Process_2021,4/5,3.0655021035451626e-11,8.611274090867775e-10,0,0,2753.9310344827586,66667.78114927438,OAS1;OAS2;OAS3;OASL
positive regulation of type I interferon production (GO:0032481),GO_Biological_Process_2021,7/77,3.737913582395321e-11,9.62512747466795e-10,0,0,76.52692307692308,1837.404415724121,IFIH1;OAS1;DDX58;OAS2;OAS3;DHX58;ISG15
regulation of nuclease activity (GO:0032069),GO_Biological_Process_2021,4/6,9.186063280702248e-11,2.183456579797688e-09,0,0,1376.896551724138,31821.109983827628,OAS1;OAS2;OAS3;OASL
negative regulation of innate immune response (GO:0045824),GO_Biological_Process_2021,5/38,4.2998324922534445e-09,9.490344572187959e-08,0,0,107.86796536796535,2078.042888966839,OAS1;OAS3;DHX58;ISG15;USP18
antiviral innate immune response (GO:0140374),GO_Biological_Process_2021,4/14,6.074008028967073e-09,1.251245653967217e-07,0,0,275.2689655172414,5207.881590923108,OAS1;DDX58;MX1;IFIT1
negative regulation of type I interferon production (GO:0032480),GO_Biological_Process_2021,5/43,8.19807073566987e-09,1.503771129793959e-07,0,0,93.65131578947368,1743.728217452419,IFIH1;HERC5;DDX58;DHX58;ISG15
interleukin-27-mediated signaling pathway (GO:0070106),GO_Biological_Process_2021,4/15,8.273174500484564e-09,1.503771129793959e-07,0,0,250.2319749216301,4656.878996763334,OAS1;OAS2;MX1;OASL
negative regulation of type I interferon-mediated signaling pathway (GO:0060339),GO_Biological_Process_2021,4/16,1.1018157203699628e-08,1.8914503199684366e-07,0,0,229.367816091954,4202.871930400459,OAS1;OAS3;ISG15;USP18
innate immune response (GO:0045087),GO_Biological_Process_2021,8/302,2.463917709779344e-08,4.007108275377986e-07,0,0,21.41278911564626,375.12911284847615,IFIH1;OAS1;DDX58;MX1;DHX58;IFI6;ISG15;IFIT1
negative regulation of cytokine-mediated signaling pathway (GO:0001960),GO_Biological_Process_2021,5/55,2.9215481655270996e-08,4.513791915739368e-07,0,0,71.13214285714285,1234.0407515101667,OAS1;OAS3;ISG15;PARP14;USP18
positive regulation of tumor necrosis factor production (GO:0032760),GO_Biological_Process_2021,5/77,1.6172479008498004e-07,2.292790961103939e-06,0,0,49.34275793650794,771.5909514724244,IFIH1;OAS1;DDX58;OAS2;OAS3
regulation of type I interferon-mediated signaling pathway (GO:0060338),GO_Biological_Process_2021,4/30,1.632407804022222e-07,2.292790961103939e-06,0,0,105.78779840848806,1653.2558969820427,OAS1;OAS3;ISG15;USP18
positive regulation of tumor necrosis factor superfamily cytokine production (GO:1903557),GO_Biological_Process_2021,5/81,2.087448325362371e-07,2.8044414458129243e-06,0,0,46.73637218045113,718.9060381930236,IFIH1;OAS1;DDX58;OAS2;OAS3
cellular response to virus (GO:0098586),GO_Biological_Process_2021,4/35,3.100859897556813e-07,3.992357118104396e-06,0,0,88.70300333704115,1329.340125455826,IFIH1;OAS1;DDX58;IFI6
regulation of type I interferon production (GO:0032479),GO_Biological_Process_2021,5/89,3.3502779903648373e-07,4.057755158441066e-06,0,0,42.26828231292517,630.1800327489999,IFIH1;HERC5;DDX58;DHX58;ISG15
response to type I interferon (GO:0034340),GO_Biological_Process_2021,3/9,3.414292366325816e-07,4.057755158441066e-06,0,0,332.68333333333334,4953.696549421959,MX1;ISG15;IFIT1
positive regulation of RIG-I signaling pathway (GO:1900246),GO_Biological_Process_2021,3/10,4.87209776007033e-07,5.376707885220472e-06,0,0,285.1428571428572,4144.429117984584,DHX58;DDX60;OASL
cytoplasmic pattern recognition receptor signaling pathway in response to virus (GO:0039528),GO_Biological_Process_2021,3/10,4.87209776007033e-07,5.376707885220472e-06,0,0,285.1428571428572,4144.429117984584,IFIH1;DDX58;OAS3
positive regulation of response to biotic stimulus (GO:0002833),GO_Biological_Process_2021,4/45,8.722075690590032e-07,9.293522028939032e-06,0,0,67.03448275862068,935.2810847003858,DHX58;IFI35;DDX60;OASL
regulation of tumor necrosis factor production (GO:0032680),GO_Biological_Process_2021,5/124,1.7444955316016009e-06,1.7738559168974936e-05,0,0,29.78391356542617,394.9062543426382,IFIH1;OAS1;DDX58;OAS2;OAS3
cellular response to exogenous dsRNA (GO:0071360),GO_Biological_Process_2021,3/15,1.8370028912854304e-06,1.7738559168974936e-05,0,0,166.29166666666666,2196.276430610915,IFIH1;DDX58;IFIT1
positive regulation of pattern recognition receptor signaling pathway (GO:0062208),GO_Biological_Process_2021,3/15,1.8370028912854304e-06,1.7738559168974936e-05,0,0,166.29166666666666,2196.276430610915,DHX58;DDX60;OASL
cellular response to dsRNA (GO:0071359),GO_Biological_Process_2021,3/18,3.283413386010621e-06,3.074468897809945e-05,0,0,133.01333333333332,1679.5097473860003,IFIH1;DDX58;IFIT1
regulation of RNA metabolic process (GO:0051252),GO_Biological_Process_2021,4/65,3.872493626394265e-06,3.438442966791245e-05,0,0,45.010740531373656,560.9063803070944,OAS1;OAS2;OAS3;OASL
regulation of RIG-I signaling pathway (GO:0039535),GO_Biological_Process_2021,3/19,3.894676499601734e-06,3.438442966791245e-05,0,0,124.69375,1553.1728728181822,DHX58;DDX60;OASL
response to cytokine (GO:0034097),GO_Biological_Process_2021,5/150,4.446632578448762e-06,3.81669296316852e-05,0,0,24.411330049261085,300.8296930366458,MX2;MX1;EIF2AK2;ISG15;XAF1
interferon-gamma-mediated signaling pathway (GO:0060333),GO_Biological_Process_2021,4/68,4.641894081899225e-06,3.876608841369893e-05,0,0,42.894396551724135,526.7598355855932,OAS1;OAS2;OAS3;OASL
negative regulation of cytokine production (GO:0001818),GO_Biological_Process_2021,5/182,1.1399149500589363e-05,9.269308409689771e-05,0,0,19.965698143664245,227.2490134493044,IFIH1;HERC5;DDX58;DHX58;ISG15
response to exogenous dsRNA (GO:0043330),GO_Biological_Process_2021,3/35,2.5837459999609957e-05,0.00019834906254596272,0,0,62.296875,658.084575266967,IFIH1;DDX58;IFIT1
postsynaptic endocytosis (GO:0140239),GO_Biological_Process_2021,2/5,2.6318160402538743e-05,0.00019834906254596272,0,0,429.3333333333333,4527.427911847286,MX2;MX1
postsynaptic neurotransmitter receptor internalization (GO:0098884),GO_Biological_Process_2021,2/5,2.6318160402538743e-05,0.00019834906254596272,0,0,429.3333333333333,4527.427911847286,MX2;MX1
ISG15-protein conjugation (GO:0032020),GO_Biological_Process_2021,2/6,3.9436610600764144e-05,0.0002833933180380493,0,0,321.98387096774195,3265.179180804085,HERC5;ISG15
detection of virus (GO:0009597),GO_Biological_Process_2021,2/6,3.9436610600764144e-05,0.0002833933180380493,0,0,321.98387096774195,3265.179180804085,IFIH1;DDX58
cellular response to interferon-gamma (GO:0071346),GO_Biological_Process_2021,4/121,4.553624325799442e-05,0.0003197886174254608,0,0,23.40111995284409,233.9410428296731,OAS1;OAS2;OAS3;OASL
synaptic vesicle budding from presynaptic endocytic zone membrane (GO:0016185),GO_Biological_Process_2021,2/7,5.515439274226455e-05,0.0003626107948374414,0,0,257.5741935483871,2525.6113428934823,MX2;MX1
regulation of MDA-5 signaling pathway (GO:0039533),GO_Biological_Process_2021,2/7,5.515439274226455e-05,0.0003626107948374414,0,0,257.5741935483871,2525.6113428934823,DHX58;DDX60
RIG-I signaling pathway (GO:0039529),GO_Biological_Process_2021,2/7,5.515439274226455e-05,0.0003626107948374414,0,0,257.5741935483871,2525.6113428934823,DDX58;OAS3
positive regulation of response to stimulus (GO:0048584),GO_Biological_Process_2021,3/46,5.918944067703474e-05,0.00038103202435841113,0,0,46.33488372093024,451.0593154795188,IFIH1;RSAD2;DDX58
synaptic vesicle budding (GO:0070142),GO_Biological_Process_2021,2/8,7.34634191149693e-05,0.0004365422405101061,0,0,214.63440860215053,2043.045476334213,MX2;MX1
dynamin family protein polymerization involved in membrane fission (GO:0003373),GO_Biological_Process_2021,2/8,7.34634191149693e-05,0.0004365422405101061,0,0,214.63440860215053,2043.045476334213,MX2;MX1
dynamin family protein polymerization involved in mitochondrial fission (GO:0003374),GO_Biological_Process_2021,2/8,7.34634191149693e-05,0.0004365422405101061,0,0,214.63440860215053,2043.045476334213,MX2;MX1
positive regulation of monocyte chemotactic protein-1 production (GO:0071639),GO_Biological_Process_2021,2/8,7.34634191149693e-05,0.0004365422405101061,0,0,214.63440860215053,2043.045476334213,OAS1;OAS3
positive regulation of response to external stimulus (GO:0032103),GO_Biological_Process_2021,4/139,7.817195926341758e-05,0.0004557572719320006,0,0,20.26257982120051,191.61510325773236,DHX58;IFI35;DDX60;OASL
positive regulation of chemokine production (GO:0032722),GO_Biological_Process_2021,3/53,9.06265361677623e-05,0.0005185851791821953,0,0,39.834,370.8052850246331,OAS1;OAS3;EIF2AK2
regulation of cytokine production (GO:0001817),GO_Biological_Process_2021,4/150,0.0001050063763753564,0.0005899449145451841,0,0,18.725555030703827,171.55397546339074,IFIH1;DDX58;EIF2AK2;ISG15
regulation of monocyte chemotactic protein-1 production (GO:0071637),GO_Biological_Process_2021,2/11,0.00014385734571119708,0.0007937842825849982,0,0,143.06810035842295,1265.67890445098,OAS1;OAS3
regulation of innate immune response (GO:0045088),GO_Biological_Process_2021,3/64,0.0001592035232275284,0.0008630506785492329,0,0,32.6327868852459,285.3843972573449,DHX58;IFI35;USP18
defense response to bacterium (GO:0042742),GO_Biological_Process_2021,4/176,0.0001942745813286605,0.0010350145798371,0,0,15.874097834803528,135.66381863815567,OAS1;OAS2;OAS3;ISG15
regulation of chemokine (C-X-C motif) ligand 2 production (GO:2000341),GO_Biological_Process_2021,2/13,0.00020359535932519643,0.0010637899707384,0,0,117.04398826979472,994.8008726450794,OAS1;OAS3
positive regulation of cytokine production (GO:0001819),GO_Biological_Process_2021,5/335,0.0002065611593666932,0.0010637899707384,0,0,10.62608225108225,90.16139425017975,IFIH1;DDX58;DHX58;EIF2AK2;ISG15
positive regulation of response to cytokine stimulus (GO:0060760),GO_Biological_Process_2021,2/15,0.0002735057307803723,0.0013854634559202,0,0,99.0272952853598,812.4385459521706,IFIH1;DDX58
regulation of defense response (GO:0031347),GO_Biological_Process_2021,3/83,0.0003436797099844814,0.0017128553287936,0,0,24.85875,198.26842844053465,HERC5;DHX58;USP18
negative regulation of chemokine production (GO:0032682),GO_Biological_Process_2021,2/17,0.0003535248152475582,0.0017339550462142,0,0,85.81505376344086,682.0200206338118,OAS1;OAS3
mitochondrial fission (GO:0000266),GO_Biological_Process_2021,2/18,0.0003973053137316762,0.0018887283375859,0,0,80.4475806451613,629.9693586370835,MX2;MX1
response to interferon-alpha (GO:0035455),GO_Biological_Process_2021,2/18,0.0003973053137316762,0.0018887283375859,0,0,80.4475806451613,629.9693586370835,MX2;EIF2AK2
positive regulation of interferon-alpha production (GO:0032727),GO_Biological_Process_2021,2/20,0.0004923687563769557,0.0023051809957648,0,0,71.50179211469533,544.5778563946176,IFIH1;DDX58
regulation of response to cytokine stimulus (GO:0060759),GO_Biological_Process_2021,2/22,0.0005973830443360625,0.0027550949358185,0,0,64.34516129032258,477.6310459433993,IFIH1;DDX58
regulation of interferon-alpha production (GO:0032647),GO_Biological_Process_2021,2/25,0.0007734253398115839,0.0035145357353202,0,0,55.94389901823282,400.8202135872168,IFIH1;DDX58
organelle fission (GO:0048285),GO_Biological_Process_2021,2/26,0.0008370138351955578,0.0037483663054409,0,0,53.61021505376344,379.86429025408376,MX2;MX1
cytoplasmic pattern recognition receptor signaling pathway (GO:0002753),GO_Biological_Process_2021,2/27,0.000903043260938429,0.0039301460229573,0,0,51.46322580645161,360.7438374913855,IFIH1;DDX58
positive regulation of toll-like receptor signaling pathway (GO:0034123),GO_Biological_Process_2021,2/27,0.000903043260938429,0.0039301460229573,0,0,51.46322580645161,360.7438374913855,RSAD2;IFI35
response to interferon-beta (GO:0035456),GO_Biological_Process_2021,2/28,0.000971505882662878,0.0041693794130948,0,0,49.48138957816377,343.23573585051554,OAS1;XAF1
regulation of response to biotic stimulus (GO:0002831),GO_Biological_Process_2021,2/29,0.0010423939830233,0.0044123252158111,0,0,47.64635603345281,327.15109192310734,HERC5;DHX58
regulation of response to external stimulus (GO:0032101),GO_Biological_Process_2021,3/130,0.0012694951023469,0.0052304811022005,0,0,15.622047244094489,104.18555789996005,HERC5;DHX58;USP18
positive regulation of immune effector process (GO:0002699),GO_Biological_Process_2021,2/32,0.0012695342481069,0.0052304811022005,0,0,42.8752688172043,285.93967734337224,DHX58;DDX60
apoptotic mitochondrial changes (GO:0008637),GO_Biological_Process_2021,2/33,0.0013500474420935,0.0054890086790381,0,0,41.4901144640999,274.1507252909152,IFI6;IFIT2
membrane fusion (GO:0061025),GO_Biological_Process_2021,2/36,0.0016058795210156,0.0064443736622576,0,0,37.8235294117647,243.35975347159868,MX2;MX1
synaptic vesicle endocytosis (GO:0048488),GO_Biological_Process_2021,2/38,0.0017882687435073,0.0070842954069712,0,0,35.71863799283154,225.9742243488304,MX2;MX1
positive regulation of intracellular signal transduction (GO:1902533),GO_Biological_Process_2021,5/546,0.0018772835684804,0.0073427926919045,0,0,6.412067599683127,40.254508066972,DHX58;EIF2AK2;IFI35;DDX60;OASL
receptor internalization (GO:0031623),GO_Biological_Process_2021,2/49,0.0029577759610365,0.0113010252375361,0,0,27.34385724090597,159.23196669722262,MX2;MX1
mitochondrion organization (GO:0007005),GO_Biological_Process_2021,3/175,0.0029624046739172,0.0113010252375361,0,0,11.508720930232558,67.00094154215608,MX2;MX1;IFIT2
regulation of immune response (GO:0050776),GO_Biological_Process_2021,3/179,0.0031572904618519,0.0118975945452712,0,0,11.244886363636365,64.74851748662961,HERC5;RSAD2;DHX58
positive regulation of NIK/NF-kappaB signaling (GO:1901224),GO_Biological_Process_2021,2/53,0.003451591837737,0.0128499021429004,0,0,25.19418089816572,142.82378973183248,EIF2AK2;IFI35
receptor metabolic process (GO:0043112),GO_Biological_Process_2021,2/58,0.0041191660576863,0.0151526465693463,0,0,22.9389400921659,125.98305723611936,MX2;MX1
apoptotic process (GO:0006915),GO_Biological_Process_2021,3/231,0.0064271245770932,0.0233644881684918,0,0,8.657456140350877,43.69615529473926,MX1;IFI6;IFIT2
negative regulation of protein binding (GO:0032091),GO_Biological_Process_2021,2/74,0.0066209428786888,0.0237892017385446,0,0,17.82706093189964,89.4475900277032,IFIT1;IFIT2
positive regulation of immune response (GO:0050778),GO_Biological_Process_2021,2/75,0.0067953569127188,0.0241352331727601,0,0,17.58197083517455,87.7606835832977,RSAD2;IFI35
positive regulation of interleukin-6 production (GO:0032755),GO_Biological_Process_2021,2/76,0.0069718528828387,0.024480710690877,0,0,17.3435047951177,86.12566391346115,IFIH1;DDX58
regulation of NIK/NF-kappaB signaling (GO:1901222),GO_Biological_Process_2021,2/80,0.0076985180810772,0.0267285627758751,0,0,16.45078577336642,80.06149029669692,EIF2AK2;IFI35
alpha-beta T cell differentiation (GO:0046632),GO_Biological_Process_2021,1/5,0.0082235479691264,0.027323401316775,0,0,155.9609375,748.7300222782447,RSAD2
pyrimidine deoxyribonucleotide biosynthetic process (GO:0009221),GO_Biological_Process_2021,1/5,0.0082235479691264,0.027323401316775,0,0,155.9609375,748.7300222782447,CMPK2
positive regulation of toll-like receptor 9 signaling pathway (GO:0034165),GO_Biological_Process_2021,1/5,0.0082235479691264,0.027323401316775,0,0,155.9609375,748.7300222782447,RSAD2
"CD4-positive, alpha-beta T cell activation (GO:0035710)",GO_Biological_Process_2021,1/5,0.0082235479691264,0.027323401316775,0,0,155.9609375,748.7300222782447,RSAD2
negative regulation of binding (GO:0051100),GO_Biological_Process_2021,2/88,0.0092496946335544,0.0304059110826417,0,0,14.914478619654911,69.84696039587277,IFIT1;IFIT2
protein deubiquitination (GO:0016579),GO_Biological_Process_2021,3/267,0.0095509766223781,0.0310658081717354,0,0,7.463257575757575,34.712445866595935,IFIH1;DDX58;USP18
regulation of hematopoietic stem cell proliferation (GO:1902033),GO_Biological_Process_2021,1/6,0.0098603777426936,0.0314108940463127,0,0,124.7625,576.3067827453115,EIF2AK2
positive regulation of toll-like receptor 7 signaling pathway (GO:0034157),GO_Biological_Process_2021,1/6,0.0098603777426936,0.0314108940463127,0,0,124.7625,576.3067827453115,RSAD2
protein modification by small protein removal (GO:0070646),GO_Biological_Process_2021,3/276,0.0104483447118148,0.0329442705709263,0,0,7.213919413919414,32.904935125850734,IFIH1;DDX58;USP18
negative regulation of response to interferon-gamma (GO:0060331),GO_Biological_Process_2021,1/7,0.0114945886890378,0.0335078104237045,0,0,103.96354166666669,464.2885874243707,PARP14
negative regulation of RIG-I signaling pathway (GO:0039536),GO_Biological_Process_2021,1/7,0.0114945886890378,0.0335078104237045,0,0,103.96354166666669,464.2885874243707,DHX58
surfactant homeostasis (GO:0043129),GO_Biological_Process_2021,1/7,0.0114945886890378,0.0335078104237045,0,0,103.96354166666669,464.2885874243707,OAS1
chemical homeostasis within a tissue (GO:0048875),GO_Biological_Process_2021,1/7,0.0114945886890378,0.0335078104237045,0,0,103.96354166666669,464.2885874243707,OAS1
receptor-mediated endocytosis of virus by host cell (GO:0019065),GO_Biological_Process_2021,1/7,0.0114945886890378,0.0335078104237045,0,0,103.96354166666669,464.2885874243707,SIGLEC1
regulation by virus of viral protein levels in host cell (GO:0046719),GO_Biological_Process_2021,1/7,0.0114945886890378,0.0335078104237045,0,0,103.96354166666669,464.2885874243707,IFIT1
regulation of toll-like receptor 7 signaling pathway (GO:0034155),GO_Biological_Process_2021,1/7,0.0114945886890378,0.0335078104237045,0,0,103.96354166666669,464.2885874243707,RSAD2
negative regulation of interferon-gamma-mediated signaling pathway (GO:0060336),GO_Biological_Process_2021,1/7,0.0114945886890378,0.0335078104237045,0,0,103.96354166666669,464.2885874243707,PARP14
alpha-beta T cell activation (GO:0046631),GO_Biological_Process_2021,1/8,0.0131261847028175,0.0362142060104519,0,0,89.10714285714286,386.1142784895618,RSAD2
positive regulation of dendritic cell cytokine production (GO:0002732),GO_Biological_Process_2021,1/8,0.0131261847028175,0.0362142060104519,0,0,89.10714285714286,386.1142784895618,DDX58
positive regulation of T-helper 2 cell cytokine production (GO:2000553),GO_Biological_Process_2021,1/8,0.0131261847028175,0.0362142060104519,0,0,89.10714285714286,386.1142784895618,RSAD2
regulation of chemokine (C-C motif) ligand 5 production (GO:0071649),GO_Biological_Process_2021,1/8,0.0131261847028175,0.0362142060104519,0,0,89.10714285714286,386.1142784895618,OAS3
negative regulation of osteoblast proliferation (GO:0033689),GO_Biological_Process_2021,1/8,0.0131261847028175,0.0362142060104519,0,0,89.10714285714286,386.1142784895618,EIF2AK2
endosomal vesicle fusion (GO:0034058),GO_Biological_Process_2021,1/8,0.0131261847028175,0.0362142060104519,0,0,89.10714285714286,386.1142784895618,SAMD9
regulation of interleukin-6 production (GO:0032675),GO_Biological_Process_2021,2/110,0.0141630269317427,0.03863853765096,0,0,11.863201911589009,50.50307942703226,IFIH1;DDX58
regulation of helicase activity (GO:0051095),GO_Biological_Process_2021,1/9,0.0147551697178423,0.03863853765096,0,0,77.96484375,328.7123934869669,IFIT1
neuronal ion channel clustering (GO:0045161),GO_Biological_Process_2021,1/9,0.0147551697178423,0.03863853765096,0,0,77.96484375,328.7123934869669,AGRN
nucleoside diphosphate phosphorylation (GO:0006165),GO_Biological_Process_2021,1/9,0.0147551697178423,0.03863853765096,0,0,77.96484375,328.7123934869669,CMPK2
nucleoside triphosphate biosynthetic process (GO:0009142),GO_Biological_Process_2021,1/9,0.0147551697178423,0.03863853765096,0,0,77.96484375,328.7123934869669,CMPK2
nucleotide phosphorylation (GO:0046939),GO_Biological_Process_2021,1/9,0.0147551697178423,0.03863853765096,0,0,77.96484375,328.7123934869669,CMPK2
regulation of protein binding (GO:0043393),GO_Biological_Process_2021,2/118,0.016175229143783,0.040821759971198,0,0,11.040600667408231,45.53446528173579,IFIT1;IFIT2
protein poly-ADP-ribosylation (GO:0070212),GO_Biological_Process_2021,1/10,0.0163815476907073,0.040821759971198,0,0,69.29861111111111,284.9281499305533,PARP14
negative regulation of tyrosine phosphorylation of STAT protein (GO:0042532),GO_Biological_Process_2021,1/10,0.0163815476907073,0.040821759971198,0,0,69.29861111111111,284.9281499305533,PARP14
negative regulation of viral-induced cytoplasmic pattern recognition receptor signaling pathway (GO:0039532),GO_Biological_Process_2021,1/10,0.0163815476907073,0.040821759971198,0,0,69.29861111111111,284.9281499305533,DHX58
positive regulation of toll-like receptor 4 signaling pathway (GO:0034145),GO_Biological_Process_2021,1/10,0.0163815476907073,0.040821759971198,0,0,69.29861111111111,284.9281499305533,IFI35
modification-dependent macromolecule catabolic process (GO:0043632),GO_Biological_Process_2021,1/10,0.0163815476907073,0.040821759971198,0,0,69.29861111111111,284.9281499305533,ISG15
regulation of T-helper 2 cell cytokine production (GO:2000551),GO_Biological_Process_2021,1/11,0.0180053225963931,0.0438082258447676,0,0,62.365625,250.52819538044847,RSAD2
regulation of toll-like receptor 9 signaling pathway (GO:0034163),GO_Biological_Process_2021,1/11,0.0180053225963931,0.0438082258447676,0,0,62.365625,250.52819538044847,RSAD2
regulation of mitochondrial depolarization (GO:0051900),GO_Biological_Process_2021,1/11,0.0180053225963931,0.0438082258447676,0,0,62.365625,250.52819538044847,IFI6
positive regulation of myeloid leukocyte mediated immunity (GO:0002888),GO_Biological_Process_2021,1/12,0.0196264984148835,0.0466506770015309,0,0,56.69318181818182,222.85379213708367,DDX58
protein mono-ADP-ribosylation (GO:0140289),GO_Biological_Process_2021,1/12,0.0196264984148835,0.0466506770015309,0,0,56.69318181818182,222.85379213708367,PARP14
toll-like receptor 3 signaling pathway (GO:0034138),GO_Biological_Process_2021,1/12,0.0196264984148835,0.0466506770015309,0,0,56.69318181818182,222.85379213708367,OAS1
macrophage activation involved in immune response (GO:0002281),GO_Biological_Process_2021,1/13,0.0212450791356283,0.0493588680669862,0,0,51.966145833333336,200.1543652635479,IFI35
regulation of nucleocytoplasmic transport (GO:0046822),GO_Biological_Process_2021,1/13,0.0212450791356283,0.0493588680669862,0,0,51.966145833333336,200.1543652635479,MX2
protein localization to mitochondrion (GO:0070585),GO_Biological_Process_2021,1/13,0.0212450791356283,0.0493588680669862,0,0,51.966145833333336,200.1543652635479,ISG15
nucleoside phosphate biosynthetic process (GO:1901293),GO_Biological_Process_2021,1/14,0.022861068741375,0.0515625565042692,0,0,47.96634615384615,181.23219876999116,CMPK2
nucleoside triphosphate metabolic process (GO:0009141),GO_Biological_Process_2021,1/14,0.022861068741375,0.0515625565042692,0,0,47.96634615384615,181.23219876999116,CMPK2
positive regulation of granulocyte macrophage colony-stimulating factor production (GO:0032725),GO_Biological_Process_2021,1/14,0.022861068741375,0.0515625565042692,0,0,47.96634615384615,181.23219876999116,DDX58
positive regulation of type 2 immune response (GO:0002830),GO_Biological_Process_2021,1/14,0.022861068741375,0.0515625565042692,0,0,47.96634615384615,181.23219876999116,RSAD2
receptor-mediated endocytosis (GO:0006898),GO_Biological_Process_2021,2/143,0.0231909014316237,0.0519274532055922,0,0,9.071608327613818,34.14549071762764,MX2;MX1
negative regulation of cell population proliferation (GO:0008285),GO_Biological_Process_2021,3/379,0.0242005826927191,0.053798417640649,0,0,5.210372340425532,19.389767958427264,EIF2AK2;IFI35;IFIT3
regulation of secretion (GO:0051046),GO_Biological_Process_2021,1/15,0.024474471226601,0.0540186543501407,0,0,44.53794642857143,165.24133492847943,OAS2
positive regulation of myeloid leukocyte cytokine production involved in immune response (GO:0061081),GO_Biological_Process_2021,1/16,0.0260852905726611,0.0552079094996732,0,0,41.56666666666667,151.56801592617538,DDX58
regulation of granulocyte macrophage colony-stimulating factor production (GO:0032645),GO_Biological_Process_2021,1/16,0.0260852905726611,0.0552079094996732,0,0,41.56666666666667,151.56801592617538,DDX58
nucleoside diphosphate metabolic process (GO:0009132),GO_Biological_Process_2021,1/16,0.0260852905726611,0.0552079094996732,0,0,41.56666666666667,151.56801592617538,CMPK2
regulation of defense response to virus (GO:0050688),GO_Biological_Process_2021,1/16,0.0260852905726611,0.0552079094996732,0,0,41.56666666666667,151.56801592617538,HERC5
regulation of ERBB signaling pathway (GO:1901184),GO_Biological_Process_2021,1/16,0.0260852905726611,0.0552079094996732,0,0,41.56666666666667,151.56801592617538,IFI6
negative regulation of receptor signaling pathway via JAK-STAT (GO:0046426),GO_Biological_Process_2021,1/16,0.0260852905726611,0.0552079094996732,0,0,41.56666666666667,151.56801592617538,PARP14
negative regulation of ATPase activity (GO:0032780),GO_Biological_Process_2021,1/17,0.0276935307652746,0.0566708675925157,0,0,38.966796875,139.75661625657744,IFIT1
regulation of stem cell proliferation (GO:0072091),GO_Biological_Process_2021,1/17,0.0276935307652746,0.0566708675925157,0,0,38.966796875,139.75661625657744,EIF2AK2
negative regulation of viral entry into host cell (GO:0046597),GO_Biological_Process_2021,1/17,0.0276935307652746,0.0566708675925157,0,0,38.966796875,139.75661625657744,LY6E
regulation of NLRP3 inflammasome complex assembly (GO:1900225),GO_Biological_Process_2021,1/17,0.0276935307652746,0.0566708675925157,0,0,38.966796875,139.75661625657744,EIF2AK2
regulation of osteoblast proliferation (GO:0033688),GO_Biological_Process_2021,1/17,0.0276935307652746,0.0566708675925157,0,0,38.966796875,139.75661625657744,EIF2AK2
G protein-coupled acetylcholine receptor signaling pathway (GO:0007213),GO_Biological_Process_2021,1/18,0.0292991957903235,0.0586849845481589,0,0,36.67279411764706,129.4621221594897,AGRN
positive regulation of stress-activated protein kinase signaling cascade (GO:0070304),GO_Biological_Process_2021,1/18,0.0292991957903235,0.0586849845481589,0,0,36.67279411764706,129.4621221594897,EIF2AK2
release of cytochrome c from mitochondria (GO:0001836),GO_Biological_Process_2021,1/18,0.0292991957903235,0.0586849845481589,0,0,36.67279411764706,129.4621221594897,IFI6
protein modification by small protein conjugation (GO:0032446),GO_Biological_Process_2021,3/409,0.029437451796002,0.0586849845481589,0,0,4.817980295566502,16.9857295226777,IFIH1;HERC5;ISG15
myeloid cell activation involved in immune response (GO:0002275),GO_Biological_Process_2021,1/19,0.030902289613243,0.0612103044262314,0,0,34.63368055555556,120.41870977627713,IFI35
cellular response to interferon-beta (GO:0035458),GO_Biological_Process_2021,1/20,0.0325028162269628,0.0631658504033429,0,0,32.80921052631579,112.41841533087528,OAS1
negative regulation of viral life cycle (GO:1903901),GO_Biological_Process_2021,1/20,0.0325028162269628,0.0631658504033429,0,0,32.80921052631579,112.41841533087528,LY6E
toll-like receptor 4 signaling pathway (GO:0034142),GO_Biological_Process_2021,1/20,0.0325028162269628,0.0631658504033429,0,0,32.80921052631579,112.41841533087528,OAS1
acetylcholine receptor signaling pathway (GO:0095500),GO_Biological_Process_2021,1/21,0.03410077958834,0.065044079585167,0,0,31.1671875,105.2963181340018,AGRN
positive regulation of T cell cytokine production (GO:0002726),GO_Biological_Process_2021,1/21,0.03410077958834,0.065044079585167,0,0,31.1671875,105.2963181340018,RSAD2
positive regulation of immune system process (GO:0002684),GO_Biological_Process_2021,1/21,0.03410077958834,0.065044079585167,0,0,31.1671875,105.2963181340018,RSAD2
negative regulation of signal transduction in absence of ligand (GO:1901099),GO_Biological_Process_2021,1/23,0.0372890324289426,0.0689958743745106,0,0,28.33096590909091,93.1821343249523,IFI6
regulation of interferon-gamma-mediated signaling pathway (GO:0060334),GO_Biological_Process_2021,1/23,0.0372890324289426,0.0689958743745106,0,0,28.33096590909091,93.1821343249523,PARP14
regulation of toll-like receptor 4 signaling pathway (GO:0034143),GO_Biological_Process_2021,1/23,0.0372890324289426,0.0689958743745106,0,0,28.33096590909091,93.1821343249523,IFI35
negative regulation of extrinsic apoptotic signaling pathway in absence of ligand (GO:2001240),GO_Biological_Process_2021,1/23,0.0372890324289426,0.0689958743745106,0,0,28.33096590909091,93.1821343249523,IFI6
nucleotide metabolic process (GO:0009117),GO_Biological_Process_2021,1/23,0.0372890324289426,0.0689958743745106,0,0,28.33096590909091,93.1821343249523,CMPK2
neuromuscular junction development (GO:0007528),GO_Biological_Process_2021,1/24,0.0388793298193351,0.0710870586637547,0,0,27.097826086956523,87.994568412846,AGRN
negative regulation of NIK/NF-kappaB signaling (GO:1901223),GO_Biological_Process_2021,1/24,0.0388793298193351,0.0710870586637547,0,0,27.097826086956523,87.994568412846,IFI35
response to dsRNA (GO:0043331),GO_Biological_Process_2021,1/25,0.040467079797891,0.0735548685738137,0,0,25.967447916666668,83.2845252717618,DDX58
clathrin-dependent endocytosis (GO:0072583),GO_Biological_Process_2021,1/26,0.0420522863055333,0.0751107310312705,0,0,24.9275,78.99129706265623,SIGLEC1
positive regulation of filopodium assembly (GO:0051491),GO_Biological_Process_2021,1/26,0.0420522863055333,0.0751107310312705,0,0,24.9275,78.99129706265623,AGRN
negative regulation of protein transport (GO:0051224),GO_Biological_Process_2021,1/26,0.0420522863055333,0.0751107310312705,0,0,24.9275,78.99129706265623,RSAD2
negative regulation of catalytic activity (GO:0043086),GO_Biological_Process_2021,1/27,0.0436349532899167,0.0774896584286453,0,0,23.96754807692308,75.0638863791398,IFIT1
regulation of extrinsic apoptotic signaling pathway in absence of ligand (GO:2001239),GO_Biological_Process_2021,1/28,0.045215084676212,0.0776565294754429,0,0,23.078703703703702,71.4591560763258,IFI6
receptor clustering (GO:0043113),GO_Biological_Process_2021,1/28,0.045215084676212,0.0776565294754429,0,0,23.078703703703702,71.4591560763258,AGRN
positive regulation of defense response to virus by host (GO:0002230),GO_Biological_Process_2021,1/28,0.045215084676212,0.0776565294754429,0,0,23.078703703703702,71.4591560763258,DDX58
positive regulation of synapse assembly (GO:0051965),GO_Biological_Process_2021,1/28,0.045215084676212,0.0776565294754429,0,0,23.078703703703702,71.4591560763258,AGRN
regulation of multicellular organismal development (GO:2000026),GO_Biological_Process_2021,1/28,0.045215084676212,0.0776565294754429,0,0,23.078703703703702,71.4591560763258,OAS2
regulation of inflammatory response (GO:0050727),GO_Biological_Process_2021,2/206,0.0452368132866657,0.0776565294754429,0,0,6.250158127767236,19.349514978824324,IFI35;USP18
positive regulation of viral genome replication (GO:0045070),GO_Biological_Process_2021,1/29,0.0467926844046366,0.0794447224232567,0,0,22.253348214285715,68.14038432553451,IFIT1
protein ADP-ribosylation (GO:0006471),GO_Biological_Process_2021,1/29,0.0467926844046366,0.0794447224232567,0,0,22.253348214285715,68.14038432553451,PARP14
aminoglycan catabolic process (GO:0006026),GO_Biological_Process_2021,1/31,0.0499403045580293,0.0834138059915193,0,0,20.76770833333333,62.2393036656038,AGRN
negative regulation of peptidyl-tyrosine phosphorylation (GO:0050732),GO_Biological_Process_2021,1/31,0.0499403045580293,0.0834138059915193,0,0,20.76770833333333,62.2393036656038,PARP14
negative regulation of response to biotic stimulus (GO:0002832),GO_Biological_Process_2021,1/31,0.0499403045580293,0.0834138059915193,0,0,20.76770833333333,62.2393036656038,DHX58
positive regulation of interleukin-10 production (GO:0032733),GO_Biological_Process_2021,1/32,0.0515103328268518,0.0855736174381571,0,0,20.096774193548388,59.60648671149129,ISG15
protein ubiquitination (GO:0016567),GO_Biological_Process_2021,3/525,0.0548677863572222,0.0906638822694206,0,0,3.725095785440613,10.813315597436928,HERC5;ISG15;HERC6
positive regulation of bone mineralization (GO:0030501),GO_Biological_Process_2021,1/36,0.0577653249044559,0.0929660697681087,0,0,17.79642857142857,50.744142000677016,ISG15
macrophage activation (GO:0042116),GO_Biological_Process_2021,1/36,0.0577653249044559,0.0929660697681087,0,0,17.79642857142857,50.744142000677016,IFI35
positive regulation of cytokine-mediated signaling pathway (GO:0001961),GO_Biological_Process_2021,1/36,0.0577653249044559,0.0929660697681087,0,0,17.79642857142857,50.744142000677016,PARP14
positive regulation of innate immune response (GO:0045089),GO_Biological_Process_2021,1/36,0.0577653249044559,0.0929660697681087,0,0,17.79642857142857,50.744142000677016,IFI35
regulation of defense response to virus by host (GO:0050691),GO_Biological_Process_2021,1/36,0.0577653249044559,0.0929660697681087,0,0,17.79642857142857,50.744142000677016,DDX58
membrane organization (GO:0061024),GO_Biological_Process_2021,2/242,0.0602400703328173,0.0964465374758577,0,0,5.302956989247312,14.898220315544332,MX2;MX1
positive regulation of DNA-binding transcription factor activity (GO:0051091),GO_Biological_Process_2021,2/246,0.0620012424251781,0.0974291059349592,0,0,5.214965626652565,14.500737880380722,DDX58;EIF2AK2
negative regulation of secretion by cell (GO:1903531),GO_Biological_Process_2021,1/39,0.0624303008903622,0.0974291059349592,0,0,16.388980263157894,45.45818880252994,RSAD2
regulation of intracellular transport (GO:0032386),GO_Biological_Process_2021,1/39,0.0624303008903622,0.0974291059349592,0,0,16.388980263157894,45.45818880252994,MX2
regulation of viral entry into host cell (GO:0046596),GO_Biological_Process_2021,1/39,0.0624303008903622,0.0974291059349592,0,0,16.388980263157894,45.45818880252994,LY6E
negative regulation of protein secretion (GO:0050709),GO_Biological_Process_2021,1/39,0.0624303008903622,0.0974291059349592,0,0,16.388980263157894,45.45818880252994,RSAD2
positive regulation of ossification (GO:0045778),GO_Biological_Process_2021,1/40,0.0639803101343835,0.0993463107111784,0,0,15.967948717948715,43.8987636134356,ISG15
regulation of filopodium assembly (GO:0051489),GO_Biological_Process_2021,1/41,0.0655278344412407,0.1000832679202314,0,0,15.56796875,42.42707812982904,AGRN
positive regulation of biomineral tissue development (GO:0070169),GO_Biological_Process_2021,1/41,0.0655278344412407,0.1000832679202314,0,0,15.56796875,42.42707812982904,ISG15
hexose metabolic process (GO:0019318),GO_Biological_Process_2021,1/41,0.0655278344412407,0.1000832679202314,0,0,15.56796875,42.42707812982904,OAS1
negative regulation of cellular process (GO:0048523),GO_Biological_Process_2021,3/566,0.0657504964006698,0.1000832679202314,0,0,3.4465364120781525,9.381086301955008,EIF2AK2;IFI35;IFIT3
translesion synthesis (GO:0019985),GO_Biological_Process_2021,1/42,0.0670728776613437,0.1011000936456351,0,0,15.1875,41.03625327755503,ISG15
regulation of chemokine production (GO:0032642),GO_Biological_Process_2021,1/42,0.0670728776613437,0.1011000936456351,0,0,15.1875,41.03625327755503,EIF2AK2
DNA synthesis involved in DNA repair (GO:0000731),GO_Biological_Process_2021,1/43,0.0686154436716837,0.1029231655075256,0,0,14.82514880952381,39.72009675619261,ISG15
postreplication repair (GO:0006301),GO_Biological_Process_2021,1/46,0.0732283167464727,0.1093118351432853,0,0,13.834722222222222,36.16635856889997,ISG15
regulation of interleukin-10 production (GO:0032653),GO_Biological_Process_2021,1/48,0.0762912496908507,0.1133365199734273,0,0,13.24468085106383,34.08117343215803,ISG15
regulation of stress-activated MAPK cascade (GO:0032872),GO_Biological_Process_2021,1/49,0.0778190329125443,0.1145051484284581,0,0,12.968098958333334,33.112344965122624,EIF2AK2
aminoglycan biosynthetic process (GO:0006023),GO_Biological_Process_2021,1/49,0.0778190329125443,0.1145051484284581,0,0,12.968098958333334,33.112344965122624,AGRN
negative regulation of protein ubiquitination (GO:0031397),GO_Biological_Process_2021,1/51,0.0808672518814841,0.1184264494378132,0,0,12.448125,31.30636633865138,ISG15
positive regulation of developmental growth (GO:0048639),GO_Biological_Process_2021,1/52,0.0823876952401629,0.120083952024577,0,0,12.20343137254902,30.463659831608904,AGRN
negative regulation of cysteine-type endopeptidase activity (GO:2000117),GO_Biological_Process_2021,1/53,0.0839056995776139,0.1217223529083696,0,0,11.968149038461538,29.65781216894516,IFI6
glycosaminoglycan metabolic process (GO:0030203),GO_Biological_Process_2021,1/54,0.0854212686869027,0.1226608747139352,0,0,11.741745283018869,28.88657396987172,AGRN
regulation of cyclin-dependent protein kinase activity (GO:1904029),GO_Biological_Process_2021,1/54,0.0854212686869027,0.1226608747139352,0,0,11.741745283018869,28.88657396987172,HERC5
cellular protein modification process (GO:0006464),GO_Biological_Process_2021,4/1025,0.0865301027021721,0.1226608747139352,0,0,2.559492046337262,6.263749972554153,HERC5;EIF2AK2;ISG15;PARP14
protein sumoylation (GO:0016925),GO_Biological_Process_2021,1/55,0.0869344063506531,0.1226608747139352,0,0,11.523726851851851,28.1478712802825,IFIH1
negative regulation of cysteine-type endopeptidase activity involved in apoptotic process (GO:0043154),GO_Biological_Process_2021,1/55,0.0869344063506531,0.1226608747139352,0,0,11.523726851851851,28.1478712802825,IFI6
negative regulation of protein modification by small protein conjugation or removal (GO:1903321),GO_Biological_Process_2021,1/55,0.0869344063506531,0.1226608747139352,0,0,11.523726851851851,28.1478712802825,ISG15
glycosaminoglycan catabolic process (GO:0006027),GO_Biological_Process_2021,1/56,0.0884451163420416,0.1242251861349585,0,0,11.313636363636364,27.43978900166533,AGRN
regulation of bone mineralization (GO:0030500),GO_Biological_Process_2021,1/57,0.0899534024349817,0.1252054114973394,0,0,11.111049107142858,26.760556148522504,ISG15
positive regulation of interferon-gamma production (GO:0032729),GO_Biological_Process_2021,1/57,0.0899534024349817,0.1252054114973394,0,0,11.111049107142858,26.760556148522504,ISG15
positive regulation of tyrosine phosphorylation of STAT protein (GO:0042531),GO_Biological_Process_2021,1/59,0.0929627180014142,0.1288138110423183,0,0,10.726831896551724,25.48219789553526,PARP14
protein polyubiquitination (GO:0000209),GO_Biological_Process_2021,2/314,0.0944217430115151,0.1302514222792775,0,0,4.064309346567411,9.59170463812722,HERC5;HERC6
positive regulation of interleukin-8 production (GO:0032757),GO_Biological_Process_2021,1/61,0.0959623831165064,0.1317883394800021,0,0,10.368229166666667,24.301045223533634,DDX58
glucose metabolic process (GO:0006006),GO_Biological_Process_2021,1/62,0.0974586061190706,0.133250926065455,0,0,10.197745901639344,23.74369266696314,OAS1
negative regulation of gene expression (GO:0010629),GO_Biological_Process_2021,2/322,0.0985097145603111,0.1340947215820976,0,0,3.961088709677419,9.180219631999073,EIF2AK2;PARP14
positive regulation of viral process (GO:0048524),GO_Biological_Process_2021,1/63,0.0989524277399568,0.1341065797002047,0,0,10.032762096774194,23.206943254780835,IFIT1
diterpenoid metabolic process (GO:0016101),GO_Biological_Process_2021,1/64,0.1004438517248692,0.1355334069125964,0,0,9.873015873015872,22.68973458539317,AGRN
regulation of epidermal growth factor receptor signaling pathway (GO:0042058),GO_Biological_Process_2021,1/67,0.1049037750207868,0.1409359412235788,0,0,9.422821969696969,21.24574767118631,IFI6
regulation of tyrosine phosphorylation of STAT protein (GO:0042509),GO_Biological_Process_2021,1/68,0.1063856456375189,0.1423080714372006,0,0,9.281716417910449,20.797399230359275,PARP14
carbohydrate homeostasis (GO:0033500),GO_Biological_Process_2021,1/70,0.109342253368058,0.1456325702186634,0,0,9.01177536231884,19.94551347634359,OAS1
regulation of hematopoietic stem cell differentiation (GO:1902036),GO_Biological_Process_2021,1/71,0.1108169978838886,0.1469633147902214,0,0,8.882589285714285,19.540587045849893,EIF2AK2
cell junction organization (GO:0034330),GO_Biological_Process_2021,1/72,0.1122893744143964,0.1482795585215748,0,0,8.757042253521126,19.148814473308494,AGRN
proteolysis involved in cellular protein catabolic process (GO:0051603),GO_Biological_Process_2021,1/74,0.1152270382535114,0.1502327207609072,0,0,8.51626712328767,18.40238306238578,ISG15
regulation of cytokine-mediated signaling pathway (GO:0001959),GO_Biological_Process_2021,1/74,0.1152270382535114,0.1502327207609072,0,0,8.51626712328767,18.40238306238578,USP18
cellular response to amino acid starvation (GO:0034198),GO_Biological_Process_2021,1/74,0.1152270382535114,0.1502327207609072,0,0,8.51626712328767,18.40238306238578,EIF2AK2
regulation of hematopoietic progenitor cell differentiation (GO:1901532),GO_Biological_Process_2021,1/75,0.1166923329201196,0.150241378634654,0,0,8.400760135135135,18.046634236870386,EIF2AK2
response to amino acid starvation (GO:1990928),GO_Biological_Process_2021,1/75,0.1166923329201196,0.150241378634654,0,0,8.400760135135135,18.046634236870386,EIF2AK2
integrin-mediated signaling pathway (GO:0007229),GO_Biological_Process_2021,1/75,0.1166923329201196,0.150241378634654,0,0,8.400760135135135,18.046634236870386,ISG15
regulation of apoptotic process (GO:0042981),GO_Biological_Process_2021,3/742,0.1223813245585043,0.1569121547243894,0,0,2.601894451962111,5.465574605333931,IFI6;IFIT3;IFIT2
negative regulation of extrinsic apoptotic signaling pathway (GO:2001237),GO_Biological_Process_2021,1/80,0.1239835801557641,0.1583096126782277,0,0,7.867088607594937,16.423382483057452,IFI6
regulation of interleukin-8 production (GO:0032677),GO_Biological_Process_2021,1/81,0.1254348099265801,0.1595035237337994,0,0,7.768359375,16.126874006084474,DDX58
regulation of cyclin-dependent protein serine/threonine kinase activity (GO:0000079),GO_Biological_Process_2021,1/82,0.1268837083134088,0.1606846961837841,0,0,7.672067901234568,15.838863689115454,HERC5
positive regulation of plasma membrane bounded cell projection assembly (GO:0120034),GO_Biological_Process_2021,1/83,0.1283302789245712,0.1618532905620102,0,0,7.578125,15.55901244692542,AGRN
negative regulation of programmed cell death (GO:0043069),GO_Biological_Process_2021,2/381,0.1300942362328511,0.1632001951433894,0,0,3.3344114392714275,6.800519449749164,IFI6;IFIT3
regulation of cell population proliferation (GO:0042127),GO_Biological_Process_2021,3/764,0.1304545249204439,0.1632001951433894,0,0,2.523784494086728,5.140269058937492,EIF2AK2;IFI35;IFIT3
negative regulation of defense response (GO:0031348),GO_Biological_Process_2021,1/85,0.1312164513329744,0.1633096519764615,0,0,7.396949404761905,15.022516465877649,DHX58
negative regulation of cellular amide metabolic process (GO:0034249),GO_Biological_Process_2021,1/86,0.1326560603433392,0.1633096519764615,0,0,7.309558823529412,14.765276023510664,EIF2AK2
regulation of interferon-gamma production (GO:0032649),GO_Biological_Process_2021,1/86,0.1326560603433392,0.1633096519764615,0,0,7.309558823529412,14.765276023510664,ISG15
glucose homeostasis (GO:0042593),GO_Biological_Process_2021,1/86,0.1326560603433392,0.1633096519764615,0,0,7.309558823529412,14.765276023510664,OAS1
positive regulation of inflammatory response (GO:0050729),GO_Biological_Process_2021,1/89,0.1369610219297763,0.1672765050446675,0,0,7.059303977272728,14.034312135800633,IFI35
regulation of cysteine-type endopeptidase activity involved in apoptotic process (GO:0043281),GO_Biological_Process_2021,1/89,0.1369610219297763,0.1672765050446675,0,0,7.059303977272728,14.034312135800633,IFI6
negative regulation of translation (GO:0017148),GO_Biological_Process_2021,1/90,0.1383913992758976,0.1683580408513873,0,0,6.979634831460674,13.803410101555848,EIF2AK2
regulation of stem cell differentiation (GO:2000736),GO_Biological_Process_2021,1/91,0.139819477714127,0.1687664789596298,0,0,6.901736111111111,13.578497250356977,EIF2AK2
toll-like receptor signaling pathway (GO:0002224),GO_Biological_Process_2021,1/91,0.139819477714127,0.1687664789596298,0,0,6.901736111111111,13.578497250356977,OAS1
retinoid metabolic process (GO:0001523),GO_Biological_Process_2021,1/92,0.1412452607635566,0.1698240683888677,0,0,6.825549450549451,13.359357591845798,AGRN
negative regulation of cellular protein metabolic process (GO:0032269),GO_Biological_Process_2021,1/94,0.1440899550893096,0.1725728531883592,0,0,6.678091397849462,12.93758324031252,EIF2AK2
glycosaminoglycan biosynthetic process (GO:0006024),GO_Biological_Process_2021,1/97,0.1483398705408711,0.1769769111858269,0,0,6.468424479166667,12.34336593719902,AGRN
positive regulation of defense response (GO:0031349),GO_Biological_Process_2021,1/98,0.1497519563026486,0.1779744403750708,0,0,6.401417525773196,12.154851423469324,IFI35
positive regulation of stress-activated MAPK cascade (GO:0032874),GO_Biological_Process_2021,1/99,0.1511617716095434,0.1789616376526779,0,0,6.33577806122449,11.970848723326087,EIF2AK2
cell-matrix adhesion (GO:0007160),GO_Biological_Process_2021,1/100,0.152569319997184,0.1799386254928621,0,0,6.271464646464646,11.79120788980768,SIGLEC1
intrinsic apoptotic signaling pathway (GO:0097193),GO_Biological_Process_2021,1/102,0.1553776301539881,0.1825539456942294,0,0,6.146658415841584,11.444443644451097,IFI6
peptidyl-lysine modification (GO:0018205),GO_Biological_Process_2021,1/106,0.1609672024230656,0.1884047937451791,0,0,5.911309523809524,10.79732987706831,IFIH1
regulation of protein ubiquitination (GO:0031396),GO_Biological_Process_2021,1/109,0.165135825075547,0.1925546035786567,0,0,5.746238425925926,10.348900482384892,ISG15
regulation of protein serine/threonine kinase activity (GO:0071900),GO_Biological_Process_2021,1/111,0.1679037418060826,0.1950460760078178,0,0,5.641193181818182,10.06594445203022,HERC5
positive regulation of protein metabolic process (GO:0051247),GO_Biological_Process_2021,1/115,0.1734129042406477,0.200691338615581,0,0,5.442160087719298,9.53509874981493,DDX58
regulation of protein-containing complex assembly (GO:0043254),GO_Biological_Process_2021,1/116,0.1747846585792244,0.2015241026155984,0,0,5.394565217391304,9.40920380895157,EIF2AK2
negative regulation of response to external stimulus (GO:0032102),GO_Biological_Process_2021,1/118,0.1775215478890029,0.2031635492507477,0,0,5.301816239316239,9.165055054862677,DHX58
positive regulation of protein-containing complex assembly (GO:0031334),GO_Biological_Process_2021,1/118,0.1775215478890029,0.2031635492507477,0,0,5.301816239316239,9.165055054862677,ISG15
regulation of protein secretion (GO:0050708),GO_Biological_Process_2021,1/125,0.1870315173029665,0.2126074942674824,0,0,5.000756048387097,8.383658171599759,RSAD2
synapse organization (GO:0050808),GO_Biological_Process_2021,1/126,0.1883813498342036,0.2126074942674824,0,0,4.9605,8.28049773752896,AGRN
positive regulation of gene expression (GO:0010628),GO_Biological_Process_2021,2/482,0.1885257392533663,0.2126074942674824,0,0,2.619220430107527,4.370223593641025,DDX58;EIF2AK2
cellular response to cytokine stimulus (GO:0071345),GO_Biological_Process_2021,2/482,0.1885257392533663,0.2126074942674824,0,0,2.619220430107527,4.370223593641025,OAS1;IFIT1
negative regulation of apoptotic process (GO:0043066),GO_Biological_Process_2021,2/485,0.1903203685445651,0.2138508868373476,0,0,2.602551258932745,4.317753496153506,IFI6;IFIT3
regulation of cell motility (GO:2000145),GO_Biological_Process_2021,1/133,0.1977695112989139,0.2214158659107406,0,0,4.695785984848484,7.61023969398973,DDX58
positive regulation of peptidyl-tyrosine phosphorylation (GO:0050731),GO_Biological_Process_2021,1/134,0.1991020511289317,0.2221030101041151,0,0,4.660244360902255,7.52134437266869,PARP14
protein localization to organelle (GO:0033365),GO_Biological_Process_2021,1/142,0.2096853784407737,0.2330675609287737,0,0,4.394060283687943,6.864168395749247,ISG15
positive regulation of hydrolase activity (GO:0051345),GO_Biological_Process_2021,1/149,0.2188344418315848,0.242365026974766,0,0,4.184755067567568,6.3584834381886495,AGRN
positive regulation of NF-kappaB transcription factor activity (GO:0051092),GO_Biological_Process_2021,1/155,0.2265946805711609,0.2500634153446026,0,0,4.02049512987013,5.968796536704066,EIF2AK2
regulation of cell differentiation (GO:0045595),GO_Biological_Process_2021,1/156,0.227880764688172,0.2505877447994489,0,0,3.994354838709677,5.907382180951744,EIF2AK2
cellular response to starvation (GO:0009267),GO_Biological_Process_2021,1/158,0.2304467143777548,0.2525107614990292,0,0,3.9430732484076434,5.787389048454303,EIF2AK2
protein autophosphorylation (GO:0046777),GO_Biological_Process_2021,1/159,0.2317265864959476,0.2530159548666001,0,0,3.917919303797469,5.728770278460347,EIF2AK2
regulation of translation (GO:0006417),GO_Biological_Process_2021,1/178,0.2556556106030033,0.2771845041274667,0,0,3.493997175141243,4.765546642498988,EIF2AK2
negative regulation of immune response (GO:0050777),GO_Biological_Process_2021,1/178,0.2556556106030033,0.2771845041274667,0,0,3.493997175141243,4.765546642498988,DHX58
regulation of GTPase activity (GO:0043087),GO_Biological_Process_2021,1/189,0.2691772395184866,0.2908243601790642,0,0,3.287732712765957,4.31477186353451,AGRN
negative regulation of macromolecule metabolic process (GO:0010605),GO_Biological_Process_2021,1/194,0.2752444047821497,0.2963432790163215,0,0,3.2017487046632125,4.130562656925557,PARP14
protein localization to membrane (GO:0072657),GO_Biological_Process_2021,1/195,0.2764519630432678,0.2966099186818394,0,0,3.185083762886598,4.095120179429468,AGRN
negative regulation of intracellular signal transduction (GO:1902532),GO_Biological_Process_2021,1/198,0.2800629433371513,0.2994444619071963,0,0,3.1361040609137056,3.991447915779845,IFI35
modification-dependent protein catabolic process (GO:0019941),GO_Biological_Process_2021,1/201,0.2836564458737979,0.3022408337069088,0,0,3.08859375,3.891601781528958,ISG15
positive regulation of GTPase activity (GO:0043547),GO_Biological_Process_2021,1/214,0.2990283173354868,0.3175249142840736,0,0,2.898180751173709,3.4987330813615314,AGRN
extracellular structure organization (GO:0043062),GO_Biological_Process_2021,1/216,0.3013646483737213,0.318909850505068,0,0,2.8709302325581394,3.4434921681806743,AGRN
external encapsulating structure organization (GO:0045229),GO_Biological_Process_2021,1/217,0.302529980510982,0.3190503890030493,0,0,2.857494212962963,3.4163483501842866,AGRN
inflammatory response (GO:0006954),GO_Biological_Process_2021,1/230,0.317508835581799,0.3337082659686254,0,0,2.693504366812227,3.0901218947806823,SIGLEC1
positive regulation of MAPK cascade (GO:0043410),GO_Biological_Process_2021,1/274,0.3659273096828246,0.3832933514982807,0,0,2.254349816849817,2.266344249008808,EIF2AK2
positive regulation of programmed cell death (GO:0043068),GO_Biological_Process_2021,1/286,0.3785433308391885,0.3951685446936123,0,0,2.1581140350877197,2.0964453486707897,IFIT2
regulation of cell cycle (GO:0051726),GO_Biological_Process_2021,1/296,0.3888704349570647,0.4045823717230067,0,0,2.083898305084746,1.9682608353860251,MX2
extracellular matrix organization (GO:0030198),GO_Biological_Process_2021,1/300,0.392954511312278,0.4074595436090399,0,0,2.055602006688963,1.9200585316026384,AGRN
positive regulation of apoptotic process (GO:0043065),GO_Biological_Process_2021,1/310,0.4030492525689539,0.416529160681628,0,0,1.9880663430420715,1.8065489469580225,IFIT2
positive regulation of multicellular organismal process (GO:0051240),GO_Biological_Process_2021,1/345,0.4371149102910868,0.4502283575998194,0,0,1.7826126453488371,1.4752174338031132,EIF2AK2
positive regulation of transcription by RNA polymerase II (GO:0045944),GO_Biological_Process_2021,2/908,0.4455685871323362,0.4574109416076143,0,0,1.357331054617959,1.0972719740249517,DDX58;AGRN
positive regulation of macromolecule metabolic process (GO:0010604),GO_Biological_Process_2021,1/384,0.4728539736734783,0.4838141651162411,0,0,1.597911227154047,1.1967854336204222,DDX58
phosphorylation (GO:0016310),GO_Biological_Process_2021,1/400,0.4868706920236098,0.4965116958260575,0,0,1.5325814536340852,1.103085785816897,EIF2AK2
regulation of cell migration (GO:0030334),GO_Biological_Process_2021,1/408,0.4937428425213669,0.5018636129575736,0,0,1.5018427518427515,1.0599111930780831,DDX58
regulation of gene expression (GO:0010468),GO_Biological_Process_2021,2/1079,0.5379733879196544,0.5450287766136828,0,0,1.1315781591637464,0.7015175626638548,DDX58;PARP14
protein phosphorylation (GO:0006468),GO_Biological_Process_2021,1/496,0.5636844365775853,0.5692107545832479,0,0,1.229292929292929,0.7047053173850913,EIF2AK2
"positive regulation of transcription, DNA-templated (GO:0045893)",GO_Biological_Process_2021,2/1183,0.5890875853839607,0.5929252895232698,0,0,1.0262489415749363,0.5430708300667415,DDX58;AGRN
negative regulation of cellular macromolecule biosynthetic process (GO:2000113),GO_Biological_Process_2021,1/547,0.5998290046158155,0.6017765013840486,0,0,1.1115499084249083,0.5681250036398646,EIF2AK2
regulation of transcription by RNA polymerase II (GO:0006357),GO_Biological_Process_2021,2/2206,0.8925845263199864,0.8925845263199864,0,0,0.5199637023593466,0.0590855878264009,DDX58;AGRN
mitochondrial envelope (GO:0005740),GO_Cellular_Component_2021,3/127,0.0011869490971184,0.0439171165933838,0,0,16.00241935483871,107.79820243368889,MX2;MX1;IFI6
mitochondrial membrane (GO:0031966),GO_Cellular_Component_2021,4/469,0.0071310358695,0.1319241635857507,0,0,5.784797923618836,28.595984471333495,RSAD2;MX2;MX1;IFI6
cytoskeleton (GO:0005856),GO_Cellular_Component_2021,4/600,0.0164688848012151,0.1605980616634187,0,0,4.482990048599861,18.408423351128636,DDX58;MX2;MX1;DDX60
asymmetric synapse (GO:0032279),GO_Cellular_Component_2021,2/133,0.020255887331898,0.1605980616634187,0,0,9.769022408273823,38.09244476654676,MX2;MX1
postsynaptic density (GO:0014069),GO_Cellular_Component_2021,2/138,0.0217024407653268,0.1605980616634187,0,0,9.407495256166984,36.03381645135738,MX2;MX1
axon (GO:0030424),GO_Cellular_Component_2021,2/204,0.0444506006049075,0.2583302227738712,0,0,6.31267965506228,19.653750416678832,MX2;MX1
cytosolic small ribosomal subunit (GO:0022627),GO_Cellular_Component_2021,1/40,0.0639803101343835,0.2583302227738712,0,0,15.967948717948715,43.8987636134356,ISG15
small ribosomal subunit (GO:0015935),GO_Cellular_Component_2021,1/45,0.071693159366675,0.2583302227738712,0,0,14.149857954545457,37.28996884194453,ISG15
basement membrane (GO:0005604),GO_Cellular_Component_2021,1/52,0.0823876952401629,0.2583302227738712,0,0,12.20343137254902,30.463659831608904,AGRN
ribosome (GO:0005840),GO_Cellular_Component_2021,1/62,0.0974586061190706,0.2583302227738712,0,0,10.197745901639344,23.74369266696314,EIF2AK2
mitochondrial inner membrane (GO:0005743),GO_Cellular_Component_2021,2/328,0.1016089260484925,0.2583302227738712,0,0,3.8869978230754008,8.888102093850833,RSAD2;IFI6
microtubule cytoskeleton (GO:0015630),GO_Cellular_Component_2021,2/331,0.1031689238650326,0.2583302227738712,0,0,3.8509657809589175,8.74703590988139,MX2;MX1
organelle inner membrane (GO:0019866),GO_Cellular_Component_2021,2/346,0.1110688243059437,0.2583302227738712,0,0,3.680232558139535,8.087698321145465,RSAD2;IFI6
lipid droplet (GO:0005811),GO_Cellular_Component_2021,1/77,0.1196158660641635,0.2583302227738712,0,0,8.178865131578947,17.367572997749274,RSAD2
bicellular tight junction (GO:0005923),GO_Cellular_Component_2021,1/78,0.121074111852237,0.2583302227738712,0,0,8.07224025974026,17.043344057571378,DDX58
intracellular non-membrane-bounded organelle (GO:0043232),GO_Cellular_Component_2021,4/1158,0.121254907873371,0.2583302227738712,0,0,2.248610530090241,4.744254026161863,RSAD2;EIF2AK2;SPATS2L;OASL
intermediate filament cytoskeleton (GO:0045111),GO_Cellular_Component_2021,1/84,0.1297745253931474,0.2583302227738712,0,0,7.48644578313253,15.286998533520196,DDX60
tight junction (GO:0070160),GO_Cellular_Component_2021,1/85,0.1312164513329744,0.2583302227738712,0,0,7.396949404761905,15.022516465877649,DDX58
lysosomal lumen (GO:0043202),GO_Cellular_Component_2021,1/86,0.1326560603433392,0.2583302227738712,0,0,7.309558823529412,14.765276023510664,AGRN
apical junction complex (GO:0043296),GO_Cellular_Component_2021,1/98,0.1497519563026486,0.26881261142361,0,0,6.401417525773196,12.154851423469324,DDX58
Golgi lumen (GO:0005796),GO_Cellular_Component_2021,1/100,0.152569319997184,0.26881261142361,0,0,6.271464646464646,11.79120788980768,AGRN
mitochondrial outer membrane (GO:0005741),GO_Cellular_Component_2021,1/126,0.1883813498342036,0.3168231792666151,0,0,4.9605,8.28049773752896,RSAD2
organelle outer membrane (GO:0031968),GO_Cellular_Component_2021,1/142,0.2096853784407737,0.3373199566221143,0,0,4.394060283687943,6.864168395749247,RSAD2
neuron projection (GO:0043005),GO_Cellular_Component_2021,2/556,0.2333993332037172,0.3467346090902576,0,0,2.26074298357983,3.289391024585536,MX2;MX1
vacuolar lumen (GO:0005775),GO_Cellular_Component_2021,1/161,0.2342801412772011,0.3467346090902576,0,0,3.8685546875,5.614192386638307,AGRN
late endosome (GO:0005770),GO_Cellular_Component_2021,1/189,0.2691772395184866,0.3830599177763079,0,0,3.287732712765957,4.31477186353451,SIGLEC1
nuclear membrane (GO:0031965),GO_Cellular_Component_2021,1/204,0.2872325527067657,0.3936149796351975,0,0,3.042487684729064,3.7953911284934607,MX1
nucleolus (GO:0005730),GO_Cellular_Component_2021,2/733,0.3422258353308268,0.4265491639618843,0,0,1.6977185472838798,1.8204371522482523,SPATS2L;OASL
intracellular membrane-bounded organelle (GO:0043231),GO_Cellular_Component_2021,10/5192,0.3454394296004862,0.4265491639618843,0,0,1.240498045072408,1.3185724656843076,OAS1;SAMD9;OAS2;MX2;OAS3;MX1;ISG15;IFI35;PARP14;USP18
nuclear lumen (GO:0031981),GO_Cellular_Component_2021,2/745,0.3495183247828281,0.4265491639618843,0,0,1.669257152780793,1.7547219292540723,SPATS2L;OASL
early endosome (GO:0005769),GO_Cellular_Component_2021,1/266,0.3573790292653625,0.4265491639618843,0,0,2.3233490566037736,2.390629420559556,SIGLEC1
actin cytoskeleton (GO:0015629),GO_Cellular_Component_2021,1/316,0.4090277586567911,0.4729383459469147,0,0,1.9496031746031743,1.74289114765333,DDX58
collagen-containing extracellular matrix (GO:0062023),GO_Cellular_Component_2021,1/380,0.4692921964908962,0.5261760990958533,0,0,1.6151055408970976,1.2218752849595065,AGRN
lysosome (GO:0005764),GO_Cellular_Component_2021,1/477,0.5494254062178047,0.5979041185311403,0,0,1.279608718487395,0.7663349648511016,AGRN
nucleus (GO:0005634),GO_Cellular_Component_2021,7/4484,0.633213632553812,0.6693972686997441,0,0,0.931513204240477,0.4256525568542793,OAS1;MX2;MX1;ISG15;IFI35;PARP14;USP18
endoplasmic reticulum membrane (GO:0005789),GO_Cellular_Component_2021,1/712,0.6979594439677382,0.7173472063001753,0,0,0.8463431786216596,0.304340166885341,RSAD2
intracellular organelle lumen (GO:0070013),GO_Cellular_Component_2021,1/848,0.7609051883597605,0.7609051883597605,0,0,0.70543093270366,0.1927565454219054,AGRN
double-stranded RNA binding (GO:0003725),GO_Molecular_Function_2021,9/73,2.479219161025389e-15,1.0164798560204096e-13,0,0,116.619140625,3921.99881249452,IFIH1;OAS1;DDX58;OAS2;OAS3;DHX58;EIF2AK2;DDX60;OASL
RNA binding (GO:0003723),GO_Molecular_Function_2021,14/1406,1.5526454890585643e-08,3.182923252570057e-07,0,0,9.832501512401691,176.79546151778,DDX58;EIF2AK2;IFIT1;DDX60;IFIT3;IFIT2;OASL;IFIH1;HERC5;OAS1;OAS2;OAS3;DHX58;SPATS2L
adenylyltransferase activity (GO:0070566),GO_Molecular_Function_2021,4/22,4.3978175276387835e-08,6.010350621106336e-07,0,0,152.86590038314176,2589.482978246326,OAS1;OAS2;OAS3;OASL
single-stranded RNA binding (GO:0003727),GO_Molecular_Function_2021,4/45,8.722075690590032e-07,8.940127582854782e-06,0,0,67.03448275862068,935.2810847003858,IFIH1;DDX58;DHX58;DDX60
purine ribonucleoside triphosphate binding (GO:0035639),GO_Molecular_Function_2021,4/460,0.0066664874773038,0.0546651973138915,0,0,5.901693889897157,29.571394329917943,OAS1;OAS2;MX2;OAS3
ATP binding (GO:0005524),GO_Molecular_Function_2021,3/278,0.0106542163290142,0.0728038115815976,0,0,7.160727272727272,32.52258801762842,OAS1;OAS2;OAS3
adenyl ribonucleotide binding (GO:0032559),GO_Molecular_Function_2021,3/306,0.0137863615759318,0.0807486892304579,0,0,6.48976897689769,27.80266006107577,OAS1;OAS2;OAS3
zinc ion binding (GO:0008270),GO_Molecular_Function_2021,3/336,0.0176687015064657,0.0905520952206368,0,0,5.896096096096096,23.796410836726924,IFIH1;DDX58;DHX58
nucleoside diphosphate kinase activity (GO:0004550),GO_Molecular_Function_2021,1/14,0.022861068741375,0.0937303818396376,0,0,47.96634615384615,181.23219876999116,CMPK2
"4 iron, 4 sulfur cluster binding (GO:0051539)",GO_Molecular_Function_2021,1/14,0.022861068741375,0.0937303818396376,0,0,47.96634615384615,181.23219876999116,RSAD2
nucleobase-containing compound kinase activity (GO:0019205),GO_Molecular_Function_2021,1/17,0.0276935307652746,0.1032213419432964,0,0,38.966796875,139.75661625657744,CMPK2
nucleoside monophosphate kinase activity (GO:0050145),GO_Molecular_Function_2021,1/20,0.0325028162269628,0.1110512887754563,0,0,32.80921052631579,112.41841533087528,CMPK2
transition metal ion binding (GO:0046914),GO_Molecular_Function_2021,3/445,0.0364568933768007,0.1138608944709099,0,0,4.417420814479638,14.628839966561598,IFIH1;DDX58;DHX58
"phosphotransferase activity, phosphate group as acceptor (GO:0016776)",GO_Molecular_Function_2021,1/24,0.0388793298193351,0.1138608944709099,0,0,27.097826086956523,87.994568412846,CMPK2
NAD+ ADP-ribosyltransferase activity (GO:0003950),GO_Molecular_Function_2021,1/26,0.0420522863055333,0.1149429159017911,0,0,24.9275,78.99129706265623,PARP14
thyroid hormone receptor binding (GO:0046966),GO_Molecular_Function_2021,1/28,0.045215084676212,0.1158636544827933,0,0,23.078703703703702,71.4591560763258,OASL
GTPase activity (GO:0003924),GO_Molecular_Function_2021,2/216,0.0492451349934528,0.1187676785136215,0,0,5.955079891468194,17.930416225990673,MX2;MX1
microtubule binding (GO:0008017),GO_Molecular_Function_2021,2/232,0.0559166199008756,0.1273656342186611,0,0,5.53632538569425,15.966173503150925,MX2;MX1
pentosyltransferase activity (GO:0016763),GO_Molecular_Function_2021,1/38,0.0608778028526902,0.1313678903663316,0,0,16.83277027027027,47.11301609103136,PARP14
ubiquitin protein ligase binding (GO:0031625),GO_Molecular_Function_2021,2/265,0.0706038369855378,0.1447378658203525,0,0,4.833558199435791,12.81217152000185,DDX58;ISG15
nucleoside-triphosphatase activity (GO:0017111),GO_Molecular_Function_2021,2/278,0.076704291897007,0.1465090863961302,0,0,4.602851799906499,11.819191875094996,MX2;MX1
ubiquitin-like protein ligase binding (GO:0044389),GO_Molecular_Function_2021,2/282,0.0786146317247528,0.1465090863961302,0,0,4.5361751152073735,11.536388952238257,DDX58;ISG15
protein phosphatase regulator activity (GO:0019888),GO_Molecular_Function_2021,1/57,0.0899534024349817,0.155266526762387,0,0,11.111049107142858,26.760556148522504,EIF2AK2
tubulin binding (GO:0015631),GO_Molecular_Function_2021,2/307,0.0908877229828607,0.155266526762387,0,0,4.1590692755156,9.973990247446354,MX2;MX1
cysteine-type peptidase activity (GO:0008234),GO_Molecular_Function_2021,1/98,0.1497519563026486,0.2412818316255429,0,0,6.401417525773196,12.154851423469324,USP18
cysteine-type endopeptidase activity (GO:0004197),GO_Molecular_Function_2021,1/105,0.159573181582054,0.2412818316255429,0,0,5.968449519230769,10.953612756487844,USP18
thiol-dependent deubiquitinase (GO:0004843),GO_Molecular_Function_2021,1/106,0.1609672024230656,0.2412818316255429,0,0,5.911309523809524,10.79732987706831,USP18
deubiquitinase activity (GO:0101005),GO_Molecular_Function_2021,1/112,0.1692843610915202,0.2412818316255429,0,0,5.59009009009009,9.928980323211665,USP18
omega peptidase activity (GO:0008242),GO_Molecular_Function_2021,1/113,0.1706627589546523,0.2412818316255429,0,0,5.539899553571429,9.794907155612115,USP18
nuclear receptor binding (GO:0016922),GO_Molecular_Function_2021,1/120,0.180249634264285,0.2463411668278562,0,0,5.21218487394958,8.930622881428137,OASL
GTP binding (GO:0005525),GO_Molecular_Function_2021,1/189,0.2691772395184866,0.3560086071050952,0,0,3.287732712765957,4.31477186353451,MX2
guanyl ribonucleotide binding (GO:0032561),GO_Molecular_Function_2021,1/214,0.2990283173354868,0.3831300315860925,0,0,2.898180751173709,3.4987330813615314,MX2
ubiquitin protein ligase activity (GO:0061630),GO_Molecular_Function_2021,1/263,0.3541447003488684,0.4361279073142279,0,0,2.350310114503817,2.439738688865842,HERC5
ubiquitin-like protein ligase activity (GO:0061659),GO_Molecular_Function_2021,1/270,0.3616670450898475,0.4361279073142279,0,0,2.288336431226766,2.327309673301932,HERC5
DNA binding (GO:0003677),GO_Molecular_Function_2021,2/811,0.3891602354889313,0.4558734187156052,0,0,1.5278121137206429,1.4418942302100406,DDX60;OASL
endopeptidase activity (GO:0004175),GO_Molecular_Function_2021,1/315,0.4080353890327016,0.464706970842799,0,0,1.9559116242038217,1.7532818605410272,USP18
protein serine/threonine kinase activity (GO:0004674),GO_Molecular_Function_2021,1/344,0.4361683083083298,0.4746780169690201,0,0,1.7879008746355685,1.4834697754248054,EIF2AK2
calcium ion binding (GO:0005509),GO_Molecular_Function_2021,1/348,0.4399454791420186,0.4746780169690201,0,0,1.7669308357348703,1.4508348087956169,AGRN
ubiquitin-protein transferase activity (GO:0004842),GO_Molecular_Function_2021,1/392,0.4799081198051446,0.5045187926156649,0,0,1.5645780051150897,1.1486515433716804,HERC5
metal ion binding (GO:0046872),GO_Molecular_Function_2021,1/517,0.5789353754866485,0.5934087598738147,0,0,1.1779917635658914,0.643848386963205,AGRN
double-stranded DNA binding (GO:0003690),GO_Molecular_Function_2021,1/651,0.6647595666336241,0.6647595666336241,0,0,0.9287019230769232,0.3792167240372685,DDX60
