Term,Gene_set,Overlap,P-value,Adjusted P-value,Old P-value,Old Adjusted P-value,Odds Ratio,Combined Score,Genes
positive regulation of mitochondrial outer membrane permeabilization involved in apoptotic signaling pathway (GO:1901030),GO_Biological_Process_2021,2/34,0.0017997945538918,0.1338862637228412,0,0,35.59107142857143,224.9385168502885,GSK3A;PPP3R1
positive regulation of cellular catabolic process (GO:0031331),GO_Biological_Process_2021,3/141,0.0022362533600511,0.1338862637228412,0,0,12.675831202046036,77.3600073935287,GSK3A;FURIN;PNPLA2
negative regulation of TOR signaling (GO:0032007),GO_Biological_Process_2021,2/38,0.0022448911821653,0.1338862637228412,0,0,31.63015873015873,192.91544513074385,GSK3A;AKT1S1
cellular protein modification process (GO:0006464),GO_Biological_Process_2021,7/1025,0.0024259698885993,0.1338862637228412,0,0,4.342337917485265,26.147491467300856,FN3K;GSK3A;PPP2R5B;RAB11B;PNPLA2;LHPP;WDTC1
positive regulation of intracellular protein transport (GO:0090316),GO_Biological_Process_2021,3/148,0.0025658917560373,0.1338862637228412,0,0,12.059634888438136,71.94113926867614,GSK3A;PPP3R1;ANP32B
post-translational protein modification (GO:0043687),GO_Biological_Process_2021,4/345,0.0036679821065419,0.1338862637228412,0,0,6.97485115080423,39.11575761674842,FN3K;RAB11B;PNPLA2;WDTC1
IRE1-mediated unfolded protein response (GO:0036498),GO_Biological_Process_2021,2/53,0.0043243541531806,0.1338862637228412,0,0,22.310364145658266,121.44629941933714,GSK3A;PPP2R5B
positive regulation of establishment of protein localization to mitochondrion (GO:1903749),GO_Biological_Process_2021,2/56,0.0048159350655821,0.1338862637228412,0,0,21.067724867724863,112.4136941826544,GSK3A;PPP3R1
"positive regulation of transcription, DNA-templated (GO:0045893)",GO_Biological_Process_2021,7/1183,0.0053680651925769,0.1338862637228412,0,0,3.727579365079365,19.48512989526973,MED25;PPP3R1;WBP2;TCF3;MAP2K7;SSBP3;BRD4
negative regulation of intracellular signal transduction (GO:1902532),GO_Biological_Process_2021,3/198,0.0057971569319641,0.1338862637228412,0,0,8.944796380090498,46.0691689486937,GSK3A;AKT1S1;PPP2R5B
positive regulation of transcription by RNA polymerase II (GO:0045944),GO_Biological_Process_2021,6/908,0.005996404370875,0.1338862637228412,0,0,4.090050783205779,20.92713445423135,MED25;PPP3R1;WBP2;TCF3;SSBP3;BRD4
regulation of TOR signaling (GO:0032006),GO_Biological_Process_2021,2/71,0.0076371805235121,0.1338862637228412,0,0,16.47536231884058,80.31288999385607,GSK3A;AKT1S1
regulation of adenylate cyclase-activating G protein-coupled receptor signaling pathway (GO:0106070),GO_Biological_Process_2021,1/5,0.0092166585448215,0.1338862637228412,0,0,138.60416666666666,649.6020692107373,GSK3A
regulation of growth hormone receptor signaling pathway (GO:0060398),GO_Biological_Process_2021,1/5,0.0092166585448215,0.1338862637228412,0,0,138.60416666666666,649.6020692107373,MBD5
negative regulation of transforming growth factor beta1 production (GO:0032911),GO_Biological_Process_2021,1/5,0.0092166585448215,0.1338862637228412,0,0,138.60416666666666,649.6020692107373,FURIN
regulation of low-density lipoprotein particle receptor catabolic process (GO:0032803),GO_Biological_Process_2021,1/5,0.0092166585448215,0.1338862637228412,0,0,138.60416666666666,649.6020692107373,FURIN
constitutive secretory pathway (GO:0045054),GO_Biological_Process_2021,1/5,0.0092166585448215,0.1338862637228412,0,0,138.60416666666666,649.6020692107373,RAB11B
positive regulation of protein catabolic process (GO:0045732),GO_Biological_Process_2021,2/85,0.0107953452970748,0.1338862637228412,0,0,13.686746987951809,61.982353010592334,GSK3A;FURIN
protein repair (GO:0030091),GO_Biological_Process_2021,1/6,0.0110500548998867,0.1338862637228412,0,0,110.87777777777778,499.5398567734965,FN3K
negative regulation of cardiac muscle tissue growth (GO:0055022),GO_Biological_Process_2021,1/6,0.0110500548998867,0.1338862637228412,0,0,110.87777777777778,499.5398567734965,GSK3A
negative regulation of cell size (GO:0045792),GO_Biological_Process_2021,1/6,0.0110500548998867,0.1338862637228412,0,0,110.87777777777778,499.5398567734965,AKT1S1
negative regulation of glycogen biosynthetic process (GO:0045719),GO_Biological_Process_2021,1/6,0.0110500548998867,0.1338862637228412,0,0,110.87777777777778,499.5398567734965,GSK3A
negative regulation of sequestering of triglyceride (GO:0010891),GO_Biological_Process_2021,1/6,0.0110500548998867,0.1338862637228412,0,0,110.87777777777778,499.5398567734965,PNPLA2
acylglycerol acyl-chain remodeling (GO:0036155),GO_Biological_Process_2021,1/7,0.012880151107249,0.1338862637228412,0,0,92.39351851851852,402.10285931653846,PNPLA2
positive regulation of blood circulation (GO:1903524),GO_Biological_Process_2021,1/7,0.012880151107249,0.1338862637228412,0,0,92.39351851851852,402.10285931653846,GSK3A
regulation of transforming growth factor beta1 production (GO:0032908),GO_Biological_Process_2021,1/7,0.012880151107249,0.1338862637228412,0,0,92.39351851851852,402.10285931653846,FURIN
negative regulation of glycogen metabolic process (GO:0070874),GO_Biological_Process_2021,1/7,0.012880151107249,0.1338862637228412,0,0,92.39351851851852,402.10285931653846,GSK3A
positive regulation of intracellular estrogen receptor signaling pathway (GO:0033148),GO_Biological_Process_2021,1/7,0.012880151107249,0.1338862637228412,0,0,92.39351851851852,402.10285931653846,WBP2
insulin secretion involved in cellular response to glucose stimulus (GO:0035773),GO_Biological_Process_2021,1/7,0.012880151107249,0.1338862637228412,0,0,92.39351851851852,402.10285931653846,RAB11B
regulation of glycogen (starch) synthase activity (GO:2000465),GO_Biological_Process_2021,1/7,0.012880151107249,0.1338862637228412,0,0,92.39351851851852,402.10285931653846,GSK3A
somatic recombination of immunoglobulin gene segments (GO:0016447),GO_Biological_Process_2021,1/7,0.012880151107249,0.1338862637228412,0,0,92.39351851851852,402.10285931653846,TCF3
positive regulation of nucleic acid-templated transcription (GO:1903508),GO_Biological_Process_2021,4/511,0.0142830484950277,0.1338862637228412,0,0,4.651485266869882,19.76268109778264,WBP2;TCF3;MAP2K7;BRD4
positive regulation of Arp2/3 complex-mediated actin nucleation (GO:2000601),GO_Biological_Process_2021,1/8,0.014706952762456,0.1338862637228412,0,0,79.19047619047619,334.1390605677817,WASF2
regulation of anion transport (GO:0044070),GO_Biological_Process_2021,1/8,0.014706952762456,0.1338862637228412,0,0,79.19047619047619,334.1390605677817,RAB11B
negative regulation of glucose import (GO:0046325),GO_Biological_Process_2021,1/8,0.014706952762456,0.1338862637228412,0,0,79.19047619047619,334.1390605677817,GSK3A
positive regulation of intracellular steroid hormone receptor signaling pathway (GO:0033145),GO_Biological_Process_2021,1/8,0.014706952762456,0.1338862637228412,0,0,79.19047619047619,334.1390605677817,WBP2
positive regulation of triglyceride catabolic process (GO:0010898),GO_Biological_Process_2021,1/8,0.014706952762456,0.1338862637228412,0,0,79.19047619047619,334.1390605677817,PNPLA2
diacylglycerol biosynthetic process (GO:0006651),GO_Biological_Process_2021,1/8,0.014706952762456,0.1338862637228412,0,0,79.19047619047619,334.1390605677817,PNPLA2
progesterone receptor signaling pathway (GO:0050847),GO_Biological_Process_2021,1/8,0.014706952762456,0.1338862637228412,0,0,79.19047619047619,334.1390605677817,WBP2
regulation of protein catabolic process (GO:0042176),GO_Biological_Process_2021,2/102,0.0152731378962339,0.1338862637228412,0,0,11.350285714285716,47.4630322036801,GSK3A;FURIN
positive regulation of chromatin binding (GO:0035563),GO_Biological_Process_2021,1/9,0.0165304655004847,0.1338862637228412,0,0,69.28819444444444,284.25829643277825,MED25
Fc-epsilon receptor signaling pathway (GO:0038095),GO_Biological_Process_2021,2/111,0.0179148168981204,0.1338862637228412,0,0,10.408387942332896,41.86385971880738,PPP3R1;MAP2K7
Fc receptor signaling pathway (GO:0038093),GO_Biological_Process_2021,2/112,0.0182195181413179,0.1338862637228412,0,0,10.313246753246752,41.30725360735812,PPP3R1;MAP2K7
negative regulation of cellular protein catabolic process (GO:1903363),GO_Biological_Process_2021,1/10,0.0183506949831896,0.1338862637228412,0,0,61.58641975308642,246.2279153977221,FURIN
amino sugar metabolic process (GO:0006040),GO_Biological_Process_2021,1/10,0.0183506949831896,0.1338862637228412,0,0,61.58641975308642,246.2279153977221,FN3K
receptor recycling (GO:0001881),GO_Biological_Process_2021,1/10,0.0183506949831896,0.1338862637228412,0,0,61.58641975308642,246.2279153977221,RAB11B
regulation of type B pancreatic cell development (GO:2000074),GO_Biological_Process_2021,1/10,0.0183506949831896,0.1338862637228412,0,0,61.58641975308642,246.2279153977221,GSK3A
cellular response to acidic pH (GO:0071468),GO_Biological_Process_2021,1/10,0.0183506949831896,0.1338862637228412,0,0,61.58641975308642,246.2279153977221,RAB11B
negative regulation of transforming growth factor beta production (GO:0071635),GO_Biological_Process_2021,1/10,0.0183506949831896,0.1338862637228412,0,0,61.58641975308642,246.2279153977221,FURIN
positive regulation of actin nucleation (GO:0051127),GO_Biological_Process_2021,1/11,0.0201676468856421,0.1338862637228412,0,0,55.425,216.36122001333428,WASF2
negative regulation of defense response to virus (GO:0050687),GO_Biological_Process_2021,1/11,0.0201676468856421,0.1338862637228412,0,0,55.425,216.36122001333428,PCBP2
calcineurin-NFAT signaling cascade (GO:0033173),GO_Biological_Process_2021,1/11,0.0201676468856421,0.1338862637228412,0,0,55.425,216.36122001333428,PPP3R1
regulation of endocytic recycling (GO:2001135),GO_Biological_Process_2021,1/11,0.0201676468856421,0.1338862637228412,0,0,55.425,216.36122001333428,RAB11B
signal peptide processing (GO:0006465),GO_Biological_Process_2021,1/11,0.0201676468856421,0.1338862637228412,0,0,55.425,216.36122001333428,FURIN
negative regulation of sprouting angiogenesis (GO:1903671),GO_Biological_Process_2021,1/11,0.0201676468856421,0.1338862637228412,0,0,55.425,216.36122001333428,EPN1
positive regulation of transcription elongation from RNA polymerase II promoter (GO:0032968),GO_Biological_Process_2021,1/11,0.0201676468856421,0.1338862637228412,0,0,55.425,216.36122001333428,BRD4
V(D)J recombination (GO:0033151),GO_Biological_Process_2021,1/11,0.0201676468856421,0.1338862637228412,0,0,55.425,216.36122001333428,TCF3
negative regulation of cardiac muscle hypertrophy (GO:0010614),GO_Biological_Process_2021,1/12,0.0219813268798694,0.1338862637228412,0,0,50.38383838383838,192.34342502593887,GSK3A
purine nucleoside monophosphate biosynthetic process (GO:0009127),GO_Biological_Process_2021,1/12,0.0219813268798694,0.1338862637228412,0,0,50.38383838383838,192.34342502593887,LHPP
negative regulation of fatty acid biosynthetic process (GO:0045717),GO_Biological_Process_2021,1/12,0.0219813268798694,0.1338862637228412,0,0,50.38383838383838,192.34342502593887,WDTC1
regulation of triglyceride catabolic process (GO:0010896),GO_Biological_Process_2021,1/12,0.0219813268798694,0.1338862637228412,0,0,50.38383838383838,192.34342502593887,PNPLA2
negative regulation of glucose transmembrane transport (GO:0010829),GO_Biological_Process_2021,1/12,0.0219813268798694,0.1338862637228412,0,0,50.38383838383838,192.34342502593887,GSK3A
calcineurin-mediated signaling (GO:0097720),GO_Biological_Process_2021,1/12,0.0219813268798694,0.1338862637228412,0,0,50.38383838383838,192.34342502593887,PPP3R1
regulation of chromatin binding (GO:0035561),GO_Biological_Process_2021,1/12,0.0219813268798694,0.1338862637228412,0,0,50.38383838383838,192.34342502593887,MED25
posttranslational protein targeting to endoplasmic reticulum membrane (GO:0006620),GO_Biological_Process_2021,1/12,0.0219813268798694,0.1338862637228412,0,0,50.38383838383838,192.34342502593887,GET3
regulation of nucleobase-containing compound metabolic process (GO:0019219),GO_Biological_Process_2021,1/12,0.0219813268798694,0.1338862637228412,0,0,50.38383838383838,192.34342502593887,PCBP2
cardiac left ventricle morphogenesis (GO:0003214),GO_Biological_Process_2021,1/14,0.025598893875467,0.1374625265850466,0,0,42.62820512820513,156.2411590204543,GSK3A
ribonucleoside monophosphate biosynthetic process (GO:0009156),GO_Biological_Process_2021,1/14,0.025598893875467,0.1374625265850466,0,0,42.62820512820513,156.2411590204543,LHPP
regulation of lipase activity (GO:0060191),GO_Biological_Process_2021,1/14,0.025598893875467,0.1374625265850466,0,0,42.62820512820513,156.2411590204543,FURIN
protein dephosphorylation (GO:0006470),GO_Biological_Process_2021,2/139,0.0272514425807552,0.1374625265850466,0,0,8.269447340980188,29.791914709423647,PPP2R5B;LHPP
regulation of sequestering of triglyceride (GO:0010889),GO_Biological_Process_2021,1/15,0.0274027922368154,0.1374625265850466,0,0,39.58134920634921,142.37848146420913,PNPLA2
response to acidic pH (GO:0010447),GO_Biological_Process_2021,1/15,0.0274027922368154,0.1374625265850466,0,0,39.58134920634921,142.37848146420913,RAB11B
positive regulation of membrane protein ectodomain proteolysis (GO:0051044),GO_Biological_Process_2021,1/15,0.0274027922368154,0.1374625265850466,0,0,39.58134920634921,142.37848146420913,FURIN
cellular response to estrogen stimulus (GO:0071391),GO_Biological_Process_2021,1/15,0.0274027922368154,0.1374625265850466,0,0,39.58134920634921,142.37848146420913,WBP2
positive regulation of protein export from nucleus (GO:0046827),GO_Biological_Process_2021,1/15,0.0274027922368154,0.1374625265850466,0,0,39.58134920634921,142.37848146420913,ANP32B
purine ribonucleoside monophosphate biosynthetic process (GO:0009168),GO_Biological_Process_2021,1/16,0.0292034414014455,0.1374625265850466,0,0,36.94074074074074,130.52895191723596,LHPP
regulation of systemic arterial blood pressure (GO:0003073),GO_Biological_Process_2021,1/16,0.0292034414014455,0.1374625265850466,0,0,36.94074074074074,130.52895191723596,GSK3A
regulation of defense response to virus (GO:0050688),GO_Biological_Process_2021,1/16,0.0292034414014455,0.1374625265850466,0,0,36.94074074074074,130.52895191723596,PCBP2
positive regulation of transferase activity (GO:0051347),GO_Biological_Process_2021,2/148,0.0305903227486814,0.1374625265850466,0,0,7.756164383561644,27.04630031481964,GSK3A;MAP2K7
regulation of Arp2/3 complex-mediated actin nucleation (GO:0034315),GO_Biological_Process_2021,1/17,0.0310008470344359,0.1374625265850466,0,0,34.630208333333336,120.29636590931148,WASF2
negative regulation of fatty acid metabolic process (GO:0045922),GO_Biological_Process_2021,1/17,0.0310008470344359,0.1374625265850466,0,0,34.630208333333336,120.29636590931148,WDTC1
tail-anchored membrane protein insertion into ER membrane (GO:0071816),GO_Biological_Process_2021,1/17,0.0310008470344359,0.1374625265850466,0,0,34.630208333333336,120.29636590931148,GET3
positive regulation of telomere capping (GO:1904355),GO_Biological_Process_2021,1/17,0.0310008470344359,0.1374625265850466,0,0,34.630208333333336,120.29636590931148,MAP2K7
dephosphorylation (GO:0016311),GO_Biological_Process_2021,2/153,0.0325122716725138,0.1374625265850466,0,0,7.497445600756859,25.68728080896691,PPP2R5B;LHPP
positive regulation of amyloid-beta formation (GO:1902004),GO_Biological_Process_2021,1/18,0.0327950148043916,0.1374625265850466,0,0,32.591503267973856,111.38077026649428,GSK3A
negative regulation of fibroblast proliferation (GO:0048147),GO_Biological_Process_2021,1/18,0.0327950148043916,0.1374625265850466,0,0,32.591503267973856,111.38077026649428,MED25
regulation of catabolic process (GO:0009894),GO_Biological_Process_2021,1/18,0.0327950148043916,0.1374625265850466,0,0,32.591503267973856,111.38077026649428,FURIN
cellular response to pH (GO:0071467),GO_Biological_Process_2021,1/18,0.0327950148043916,0.1374625265850466,0,0,32.591503267973856,111.38077026649428,RAB11B
melanosome transport (GO:0032402),GO_Biological_Process_2021,1/18,0.0327950148043916,0.1374625265850466,0,0,32.591503267973856,111.38077026649428,RAB11B
regulation of mitochondrial outer membrane permeabilization involved in apoptotic signaling pathway (GO:1901028),GO_Biological_Process_2021,1/18,0.0327950148043916,0.1374625265850466,0,0,32.591503267973856,111.38077026649428,GSK3A
regulation of multicellular organism growth (GO:0040014),GO_Biological_Process_2021,1/18,0.0327950148043916,0.1374625265850466,0,0,32.591503267973856,111.38077026649428,MBD5
pigment granule transport (GO:0051904),GO_Biological_Process_2021,1/18,0.0327950148043916,0.1374625265850466,0,0,32.591503267973856,111.38077026649428,RAB11B
regulation of cell differentiation (GO:0045595),GO_Biological_Process_2021,2/156,0.033687879581065,0.1374625265850466,0,0,7.350278293135436,24.92197973106089,PA2G4;ANP32B
establishment of melanosome localization (GO:0032401),GO_Biological_Process_2021,1/19,0.0345859503542857,0.1374625265850466,0,0,30.77932098765432,103.55110778477112,RAB11B
excitatory postsynaptic potential (GO:0060079),GO_Biological_Process_2021,1/19,0.0345859503542857,0.1374625265850466,0,0,30.77932098765432,103.55110778477112,GSK3A
regulation of autophagy of mitochondrion (GO:1903146),GO_Biological_Process_2021,1/19,0.0345859503542857,0.1374625265850466,0,0,30.77932098765432,103.55110778477112,GSK3A
positive regulation of G protein-coupled receptor signaling pathway (GO:0045745),GO_Biological_Process_2021,1/19,0.0345859503542857,0.1374625265850466,0,0,30.77932098765432,103.55110778477112,GSK3A
negative regulation of striated muscle cell differentiation (GO:0051154),GO_Biological_Process_2021,1/19,0.0345859503542857,0.1374625265850466,0,0,30.77932098765432,103.55110778477112,GSK3A
positive regulation of triglyceride metabolic process (GO:0090208),GO_Biological_Process_2021,1/19,0.0345859503542857,0.1374625265850466,0,0,30.77932098765432,103.55110778477112,PNPLA2
purine ribonucleoside monophosphate metabolic process (GO:0009167),GO_Biological_Process_2021,1/20,0.0363736593292806,0.1374625265850466,0,0,29.157894736842103,96.62665093408292,LHPP
positive regulation of G2/M transition of mitotic cell cycle (GO:0010971),GO_Biological_Process_2021,1/20,0.0363736593292806,0.1374625265850466,0,0,29.157894736842103,96.62665093408292,BRD4
positive regulation of heart contraction (GO:0045823),GO_Biological_Process_2021,1/20,0.0363736593292806,0.1374625265850466,0,0,29.157894736842103,96.62665093408292,GSK3A
negative regulation of lipid storage (GO:0010888),GO_Biological_Process_2021,1/20,0.0363736593292806,0.1374625265850466,0,0,29.157894736842103,96.62665093408292,PNPLA2
inositol phosphate-mediated signaling (GO:0048016),GO_Biological_Process_2021,1/20,0.0363736593292806,0.1374625265850466,0,0,29.157894736842103,96.62665093408292,PPP3R1
insulin secretion (GO:0030073),GO_Biological_Process_2021,1/20,0.0363736593292806,0.1374625265850466,0,0,29.157894736842103,96.62665093408292,RAB11B
extrinsic apoptotic signaling pathway in absence of ligand (GO:0097192),GO_Biological_Process_2021,1/21,0.0381581473785356,0.1374625265850466,0,0,27.698611111111116,90.46410657809346,GSK3A
response to progesterone (GO:0032570),GO_Biological_Process_2021,1/21,0.0381581473785356,0.1374625265850466,0,0,27.698611111111116,90.46410657809346,WBP2
regulation of lipoprotein lipase activity (GO:0051004),GO_Biological_Process_2021,1/21,0.0381581473785356,0.1374625265850466,0,0,27.698611111111116,90.46410657809346,FURIN
melanosome localization (GO:0032400),GO_Biological_Process_2021,1/21,0.0381581473785356,0.1374625265850466,0,0,27.698611111111116,90.46410657809346,RAB11B
positive regulation of amyloid precursor protein catabolic process (GO:1902993),GO_Biological_Process_2021,1/22,0.0399394201291641,0.1374625265850466,0,0,26.37830687830688,84.948474454672,GSK3A
negative regulation of lipid biosynthetic process (GO:0051055),GO_Biological_Process_2021,1/22,0.0399394201291641,0.1374625265850466,0,0,26.37830687830688,84.948474454672,WDTC1
positive regulation of lipid catabolic process (GO:0050996),GO_Biological_Process_2021,1/22,0.0399394201291641,0.1374625265850466,0,0,26.37830687830688,84.948474454672,PNPLA2
negative regulation of small molecule metabolic process (GO:0062014),GO_Biological_Process_2021,1/22,0.0399394201291641,0.1374625265850466,0,0,26.37830687830688,84.948474454672,GSK3A
regulation of membrane protein ectodomain proteolysis (GO:0051043),GO_Biological_Process_2021,1/22,0.0399394201291641,0.1374625265850466,0,0,26.37830687830688,84.948474454672,FURIN
acylglycerol biosynthetic process (GO:0046463),GO_Biological_Process_2021,1/23,0.0417174831924768,0.1374625265850466,0,0,25.178030303030305,79.98644731441095,PNPLA2
positive regulation of cell cycle G2/M phase transition (GO:1902751),GO_Biological_Process_2021,1/23,0.0417174831924768,0.1374625265850466,0,0,25.178030303030305,79.98644731441095,BRD4
regulation of telomere capping (GO:1904353),GO_Biological_Process_2021,1/23,0.0417174831924768,0.1374625265850466,0,0,25.178030303030305,79.98644731441095,MAP2K7
positive regulation of histone acetylation (GO:0035066),GO_Biological_Process_2021,1/23,0.0417174831924768,0.1374625265850466,0,0,25.178030303030305,79.98644731441095,WBP2
triglyceride catabolic process (GO:0019433),GO_Biological_Process_2021,1/23,0.0417174831924768,0.1374625265850466,0,0,25.178030303030305,79.98644731441095,PNPLA2
diacylglycerol metabolic process (GO:0046339),GO_Biological_Process_2021,1/23,0.0417174831924768,0.1374625265850466,0,0,25.178030303030305,79.98644731441095,PNPLA2
regulation of peptidase activity (GO:0052547),GO_Biological_Process_2021,1/23,0.0417174831924768,0.1374625265850466,0,0,25.178030303030305,79.98644731441095,FURIN
regulation of protein export from nucleus (GO:0046825),GO_Biological_Process_2021,1/23,0.0417174831924768,0.1374625265850466,0,0,25.178030303030305,79.98644731441095,ANP32B
negative regulation of immune response (GO:0050777),GO_Biological_Process_2021,2/178,0.0428020225734422,0.1387612822414375,0,0,6.424350649350649,20.24422052897497,PCBP2;FURIN
regulation of cell size (GO:0008361),GO_Biological_Process_2021,1/24,0.0434923421950774,0.1387612822414375,0,0,24.082125603864736,75.50156731119475,AKT1S1
positive regulation of lamellipodium assembly (GO:0010592),GO_Biological_Process_2021,1/24,0.0434923421950774,0.1387612822414375,0,0,24.082125603864736,75.50156731119475,WASF2
negative regulation of stress fiber assembly (GO:0051497),GO_Biological_Process_2021,1/24,0.0434923421950774,0.1387612822414375,0,0,24.082125603864736,75.50156731119475,WASF2
negative regulation of cellular carbohydrate metabolic process (GO:0010677),GO_Biological_Process_2021,1/25,0.0452640027356933,0.1410552643391373,0,0,23.077546296296298,71.43061833824453,GSK3A
"positive regulation of DNA-templated transcription, elongation (GO:0032786)",GO_Biological_Process_2021,1/25,0.0452640027356933,0.1410552643391373,0,0,23.077546296296298,71.43061833824453,BRD4
"chemical synaptic transmission, postsynaptic (GO:0099565)",GO_Biological_Process_2021,1/25,0.0452640027356933,0.1410552643391373,0,0,23.077546296296298,71.43061833824453,GSK3A
negative regulation of cell development (GO:0010721),GO_Biological_Process_2021,1/26,0.0470324704132764,0.1421332832237269,0,0,22.15333333333333,67.72090251278901,GSK3A
regulation of glycogen biosynthetic process (GO:0005979),GO_Biological_Process_2021,1/26,0.0470324704132764,0.1421332832237269,0,0,22.15333333333333,67.72090251278901,GSK3A
positive regulation of protein insertion into mitochondrial membrane involved in apoptotic signaling pathway (GO:1900740),GO_Biological_Process_2021,1/26,0.0470324704132764,0.1421332832237269,0,0,22.15333333333333,67.72090251278901,PPP3R1
regulation of protein insertion into mitochondrial membrane involved in apoptotic signaling pathway (GO:1900739),GO_Biological_Process_2021,1/26,0.0470324704132764,0.1421332832237269,0,0,22.15333333333333,67.72090251278901,PPP3R1
regulation of transcription elongation from RNA polymerase II promoter (GO:0034243),GO_Biological_Process_2021,1/27,0.0487977508038484,0.1421332832237269,0,0,21.30021367521368,64.32815883418561,BRD4
negative regulation of insulin receptor signaling pathway (GO:0046627),GO_Biological_Process_2021,1/27,0.0487977508038484,0.1421332832237269,0,0,21.30021367521368,64.32815883418561,GSK3A
positive regulation of muscle cell differentiation (GO:0051149),GO_Biological_Process_2021,1/27,0.0487977508038484,0.1421332832237269,0,0,21.30021367521368,64.32815883418561,TCF3
stress-activated protein kinase signaling cascade (GO:0031098),GO_Biological_Process_2021,1/27,0.0487977508038484,0.1421332832237269,0,0,21.30021367521368,64.32815883418561,MAP2K7
negative regulation of actin filament bundle assembly (GO:0032232),GO_Biological_Process_2021,1/27,0.0487977508038484,0.1421332832237269,0,0,21.30021367521368,64.32815883418561,WASF2
regulation of programmed cell death (GO:0043067),GO_Biological_Process_2021,2/194,0.049944457106228,0.1421332832237269,0,0,5.88422619047619,17.6341064759796,AKT1S1;ANP32B
negative regulation of cellular response to insulin stimulus (GO:1900077),GO_Biological_Process_2021,1/28,0.0505598495049575,0.1421332832237269,0,0,20.51028806584362,61.2149546027372,GSK3A
response to ketone (GO:1901654),GO_Biological_Process_2021,1/28,0.0505598495049575,0.1421332832237269,0,0,20.51028806584362,61.2149546027372,WBP2
regulation of phosphatase activity (GO:0010921),GO_Biological_Process_2021,1/28,0.0505598495049575,0.1421332832237269,0,0,20.51028806584362,61.2149546027372,PPP6R1
regulation of plasma membrane bounded cell projection organization (GO:0120035),GO_Biological_Process_2021,1/28,0.0505598495049575,0.1421332832237269,0,0,20.51028806584362,61.2149546027372,GSK3A
regulation of fatty acid biosynthetic process (GO:0042304),GO_Biological_Process_2021,1/29,0.0523187720746184,0.1440557970821684,0,0,19.776785714285715,58.34942939474461,WDTC1
negative regulation of transferase activity (GO:0051348),GO_Biological_Process_2021,1/29,0.0523187720746184,0.1440557970821684,0,0,19.776785714285715,58.34942939474461,GSK3A
protein K11-linked ubiquitination (GO:0070979),GO_Biological_Process_2021,1/29,0.0523187720746184,0.1440557970821684,0,0,19.776785714285715,58.34942939474461,UBE2E3
proteasomal protein catabolic process (GO:0010498),GO_Biological_Process_2021,2/205,0.055088457094632,0.1493275387595575,0,0,5.562280084447572,16.124021359529003,GSK3A;PCBP2
regulation of developmental growth (GO:0048638),GO_Biological_Process_2021,1/31,0.0558271110621512,0.1493275387595575,0,0,18.45648148148148,53.25609732919314,MBD5
negative regulation of response to biotic stimulus (GO:0002832),GO_Biological_Process_2021,1/31,0.0558271110621512,0.1493275387595575,0,0,18.45648148148148,53.25609732919314,PCBP2
positive regulation of protein targeting to mitochondrion (GO:1903955),GO_Biological_Process_2021,1/31,0.0558271110621512,0.1493275387595575,0,0,18.45648148148148,53.25609732919314,GSK3A
regulation of transcription involved in G1/S transition of mitotic cell cycle (GO:0000083),GO_Biological_Process_2021,1/32,0.0575765385764463,0.1493275387595575,0,0,17.86021505376344,50.9844862770809,BRD4
positive regulation of lamellipodium organization (GO:1902745),GO_Biological_Process_2021,1/32,0.0575765385764463,0.1493275387595575,0,0,17.86021505376344,50.9844862770809,WASF2
cellular response to glucose stimulus (GO:0071333),GO_Biological_Process_2021,1/32,0.0575765385764463,0.1493275387595575,0,0,17.86021505376344,50.9844862770809,RAB11B
regulation of intracellular estrogen receptor signaling pathway (GO:0033146),GO_Biological_Process_2021,1/32,0.0575765385764463,0.1493275387595575,0,0,17.86021505376344,50.9844862770809,WBP2
positive regulation of telomere maintenance (GO:0032206),GO_Biological_Process_2021,1/32,0.0575765385764463,0.1493275387595575,0,0,17.86021505376344,50.9844862770809,MAP2K7
regulation of sprouting angiogenesis (GO:1903670),GO_Biological_Process_2021,1/33,0.0593228121513803,0.1509352562332589,0,0,17.30121527777778,48.8718043349592,EPN1
positive regulation of telomere maintenance via telomerase (GO:0032212),GO_Biological_Process_2021,1/33,0.0593228121513803,0.1509352562332589,0,0,17.30121527777778,48.8718043349592,MAP2K7
regulation of protein localization to cell surface (GO:2000008),GO_Biological_Process_2021,1/33,0.0593228121513803,0.1509352562332589,0,0,17.30121527777778,48.8718043349592,RAB11B
regulation of amyloid-beta formation (GO:1902003),GO_Biological_Process_2021,1/34,0.0610659373084562,0.1515339925802431,0,0,16.776094276094277,46.90262214500739,GSK3A
response to steroid hormone (GO:0048545),GO_Biological_Process_2021,1/34,0.0610659373084562,0.1515339925802431,0,0,16.776094276094277,46.90262214500739,WBP2
regulation of lamellipodium assembly (GO:0010591),GO_Biological_Process_2021,1/34,0.0610659373084562,0.1515339925802431,0,0,16.776094276094277,46.90262214500739,WASF2
positive regulation of telomerase activity (GO:0051973),GO_Biological_Process_2021,1/34,0.0610659373084562,0.1515339925802431,0,0,16.776094276094277,46.90262214500739,MAP2K7
acylglycerol catabolic process (GO:0046464),GO_Biological_Process_2021,1/35,0.0628059195635094,0.1520962630393421,0,0,16.28186274509804,45.063408386674496,PNPLA2
response to estrogen (GO:0043627),GO_Biological_Process_2021,1/35,0.0628059195635094,0.1520962630393421,0,0,16.28186274509804,45.063408386674496,WBP2
regulation of muscle cell differentiation (GO:0051147),GO_Biological_Process_2021,1/35,0.0628059195635094,0.1520962630393421,0,0,16.28186274509804,45.063408386674496,TCF3
regulation of postsynaptic membrane potential (GO:0060078),GO_Biological_Process_2021,1/35,0.0628059195635094,0.1520962630393421,0,0,16.28186274509804,45.063408386674496,GSK3A
transferrin transport (GO:0033572),GO_Biological_Process_2021,1/36,0.0645427644249927,0.1535277591647755,0,0,15.815873015873017,43.34224956187957,RAB11B
positive regulation of telomere maintenance via telomere lengthening (GO:1904358),GO_Biological_Process_2021,1/36,0.0645427644249927,0.1535277591647755,0,0,15.815873015873017,43.34224956187957,MAP2K7
"Wnt signaling pathway, calcium modulating pathway (GO:0007223)",GO_Biological_Process_2021,1/36,0.0645427644249927,0.1535277591647755,0,0,15.815873015873017,43.34224956187957,PPP3R1
regulation of glucose import (GO:0046324),GO_Biological_Process_2021,1/37,0.0662764773937358,0.1549019994900106,0,0,15.375771604938272,41.72861769022075,GSK3A
protein insertion into ER membrane (GO:0045048),GO_Biological_Process_2021,1/37,0.0662764773937358,0.1549019994900106,0,0,15.375771604938272,41.72861769022075,GET3
regulation of protein autophosphorylation (GO:0031952),GO_Biological_Process_2021,1/37,0.0662764773937358,0.1549019994900106,0,0,15.375771604938272,41.72861769022075,PPP2R5B
regulation of phosphoprotein phosphatase activity (GO:0043666),GO_Biological_Process_2021,1/38,0.0680070639481578,0.1580279751858928,0,0,14.95945945945946,40.2131766656101,PPP6R1
regulation of protein targeting to mitochondrion (GO:1903214),GO_Biological_Process_2021,1/39,0.069734529574374,0.1601901765079907,0,0,14.565058479532164,38.78761998968224,GSK3A
regulation of intracellular transport (GO:0032386),GO_Biological_Process_2021,1/39,0.069734529574374,0.1601901765079907,0,0,14.565058479532164,38.78761998968224,RAB11B
negative regulation of ERBB signaling pathway (GO:1901185),GO_Biological_Process_2021,1/40,0.0714588797420938,0.162296438736281,0,0,14.190883190883191,37.444534151430766,EPN1
negative regulation of protein kinase B signaling (GO:0051898),GO_Biological_Process_2021,1/40,0.0714588797420938,0.162296438736281,0,0,14.190883190883191,37.444534151430766,PPP2R5B
acylglycerol metabolic process (GO:0006639),GO_Biological_Process_2021,1/41,0.073180119912113,0.1634356011370525,0,0,13.835416666666667,36.17728305000016,PNPLA2
JNK cascade (GO:0007254),GO_Biological_Process_2021,1/41,0.073180119912113,0.1634356011370525,0,0,13.835416666666667,36.17728305000016,MAP2K7
regulation of protein dephosphorylation (GO:0035304),GO_Biological_Process_2021,1/41,0.073180119912113,0.1634356011370525,0,0,13.835416666666667,36.17728305000016,PPP6R1
positive regulation of neuron differentiation (GO:0045666),GO_Biological_Process_2021,1/43,0.0766132920442956,0.1686386030722501,0,0,13.17526455026455,33.84705294145367,TCF3
negative regulation of type I interferon production (GO:0032480),GO_Biological_Process_2021,1/43,0.0766132920442956,0.1686386030722501,0,0,13.17526455026455,33.84705294145367,PCBP2
negative regulation of epidermal growth factor receptor signaling pathway (GO:0042059),GO_Biological_Process_2021,1/44,0.0783252348768027,0.1686386030722501,0,0,12.868217054263566,32.773874698042434,EPN1
cardiac ventricle morphogenesis (GO:0003208),GO_Biological_Process_2021,1/44,0.0783252348768027,0.1686386030722501,0,0,12.868217054263566,32.773874698042434,GSK3A
intracellular steroid hormone receptor signaling pathway (GO:0030518),GO_Biological_Process_2021,1/44,0.0783252348768027,0.1686386030722501,0,0,12.868217054263566,32.773874698042434,WBP2
protein K63-linked ubiquitination (GO:0070534),GO_Biological_Process_2021,1/44,0.0783252348768027,0.1686386030722501,0,0,12.868217054263566,32.773874698042434,UBE2E3
"RNA splicing, via transesterification reactions with bulged adenosine as nucleophile (GO:0000377)",GO_Biological_Process_2021,2/251,0.0784463153594795,0.1686386030722501,0,0,4.524153757888698,11.515513004807046,PCBP2;CASC3
regulation of insulin receptor signaling pathway (GO:0046626),GO_Biological_Process_2021,1/45,0.0800340894644018,0.1702312379084102,0,0,12.575126262626265,31.755999257171126,GSK3A
zymogen activation (GO:0031638),GO_Biological_Process_2021,1/45,0.0800340894644018,0.1702312379084102,0,0,12.575126262626265,31.755999257171126,FURIN
regulation of telomerase activity (GO:0051972),GO_Biological_Process_2021,1/46,0.0817398612231702,0.1702560839985204,0,0,12.295061728395062,30.789459546748624,MAP2K7
regulation of cellular protein localization (GO:1903827),GO_Biological_Process_2021,1/46,0.0817398612231702,0.1702560839985204,0,0,12.295061728395062,30.789459546748624,RAB11B
regulation of fibroblast proliferation (GO:0048145),GO_Biological_Process_2021,1/46,0.0817398612231702,0.1702560839985204,0,0,12.295061728395062,30.789459546748624,MED25
positive regulation of nucleocytoplasmic transport (GO:0046824),GO_Biological_Process_2021,1/46,0.0817398612231702,0.1702560839985204,0,0,12.295061728395062,30.789459546748624,ANP32B
positive regulation of cell differentiation (GO:0045597),GO_Biological_Process_2021,2/258,0.0822367721452552,0.170408156713364,0,0,4.398883928571428,10.989083883026051,PA2G4;TCF3
regulation of mitochondrion organization (GO:0010821),GO_Biological_Process_2021,1/48,0.0851421778428747,0.1746283443512023,0,0,11.770685579196217,28.996292220497825,GSK3A
regulation of protein metabolic process (GO:0051246),GO_Biological_Process_2021,1/48,0.0851421778428747,0.1746283443512023,0,0,11.770685579196217,28.996292220497825,FURIN
regulation of protein phosphorylation (GO:0001932),GO_Biological_Process_2021,2/266,0.0866376487188467,0.1767935775887126,0,0,4.263852813852814,10.429472735527003,PPP2R5B;BRD4
iron ion transport (GO:0006826),GO_Biological_Process_2021,1/50,0.0885322278902676,0.1797472505650889,0,0,11.289115646258503,27.36920368672352,RAB11B
"mRNA splicing, via spliceosome (GO:0000398)",GO_Biological_Process_2021,2/274,0.0911092101571141,0.1820090730949395,0,0,4.136764705882353,9.91043223247758,PCBP2;CASC3
negative regulation of cellular biosynthetic process (GO:0031327),GO_Biological_Process_2021,1/52,0.0919100543240614,0.1820090730949395,0,0,10.845315904139431,25.88717095002956,WDTC1
amide biosynthetic process (GO:0043604),GO_Biological_Process_2021,1/52,0.0919100543240614,0.1820090730949395,0,0,10.845315904139431,25.88717095002956,FURIN
regulation of telomere maintenance via telomerase (GO:0032210),GO_Biological_Process_2021,1/52,0.0919100543240614,0.1820090730949395,0,0,10.845315904139431,25.88717095002956,MAP2K7
endocytic recycling (GO:0032456),GO_Biological_Process_2021,1/52,0.0919100543240614,0.1820090730949395,0,0,10.845315904139431,25.88717095002956,RAB11B
triglyceride metabolic process (GO:0006641),GO_Biological_Process_2021,1/55,0.0969539684282954,0.1910563495498763,0,0,10.24125514403292,23.89816310810052,PNPLA2
"positive regulation of gene expression, epigenetic (GO:0045815)",GO_Biological_Process_2021,1/57,0.1003014230145905,0.1942757780194135,0,0,9.874503968253968,22.7071663783518,WBP2
positive regulation of proteolysis (GO:0045862),GO_Biological_Process_2021,1/57,0.1003014230145905,0.1942757780194135,0,0,9.874503968253968,22.7071663783518,FURIN
protein K48-linked ubiquitination (GO:0070936),GO_Biological_Process_2021,1/57,0.1003014230145905,0.1942757780194135,0,0,9.874503968253968,22.7071663783518,UBE2E3
receptor metabolic process (GO:0043112),GO_Biological_Process_2021,1/58,0.1019706198062095,0.1942757780194135,0,0,9.700779727095515,22.14756449052859,RAB11B
positive regulation of mitochondrion organization (GO:0010822),GO_Biological_Process_2021,1/58,0.1019706198062095,0.1942757780194135,0,0,9.700779727095515,22.14756449052859,GSK3A
positive regulation of mitotic cell cycle phase transition (GO:1901992),GO_Biological_Process_2021,1/58,0.1019706198062095,0.1942757780194135,0,0,9.700779727095515,22.14756449052859,BRD4
nucleosome assembly (GO:0006334),GO_Biological_Process_2021,1/58,0.1019706198062095,0.1942757780194135,0,0,9.700779727095515,22.14756449052859,ANP32B
peptidyl-threonine phosphorylation (GO:0018107),GO_Biological_Process_2021,1/60,0.1052999788759501,0.1972384449155743,0,0,9.370998116760829,21.09357380941926,GSK3A
mRNA processing (GO:0006397),GO_Biological_Process_2021,2/300,0.1060954118072865,0.1972384449155743,0,0,3.77085330776606,8.459594448037372,PCBP2;CASC3
regulation of transcription by RNA polymerase II (GO:0006357),GO_Biological_Process_2021,7/2206,0.106687578611099,0.1972384449155743,0,0,1.88491738669092,4.218163394663601,MED25;PPP3R1;WBP2;ZNF777;TCF3;SSBP3;BRD4
positive regulation of DNA biosynthetic process (GO:2000573),GO_Biological_Process_2021,1/61,0.106960151720386,0.1972384449155743,0,0,9.214351851851852,20.5968308140023,MAP2K7
B cell differentiation (GO:0030183),GO_Biological_Process_2021,1/61,0.106960151720386,0.1972384449155743,0,0,9.214351851851852,20.5968308140023,TCF3
response to light stimulus (GO:0009416),GO_Biological_Process_2021,1/61,0.106960151720386,0.1972384449155743,0,0,9.214351851851852,20.5968308140023,MAP2K7
"regulation of DNA-templated transcription, initiation (GO:2000142)",GO_Biological_Process_2021,1/61,0.106960151720386,0.1972384449155743,0,0,9.214351851851852,20.5968308140023,MED25
negative regulation of kinase activity (GO:0033673),GO_Biological_Process_2021,1/62,0.1086173271397963,0.1978979784369477,0,0,9.062841530054644,20.11882244883129,AKT1S1
stress-activated MAPK cascade (GO:0051403),GO_Biological_Process_2021,1/62,0.1086173271397963,0.1978979784369477,0,0,9.062841530054644,20.11882244883129,MAP2K7
amyloid fibril formation (GO:1990000),GO_Biological_Process_2021,1/63,0.1102715103728266,0.1978979784369477,0,0,8.91621863799283,19.658565146558267,FURIN
COPII vesicle coating (GO:0048208),GO_Biological_Process_2021,1/63,0.1102715103728266,0.1978979784369477,0,0,8.91621863799283,19.658565146558267,PPP6R1
vesicle coating (GO:0006901),GO_Biological_Process_2021,1/63,0.1102715103728266,0.1978979784369477,0,0,8.91621863799283,19.658565146558267,PPP6R1
"vesicle targeting, rough ER to cis-Golgi (GO:0048207)",GO_Biological_Process_2021,1/63,0.1102715103728266,0.1978979784369477,0,0,8.91621863799283,19.658565146558267,PPP6R1
regulation of transcription initiation from RNA polymerase II promoter (GO:0060260),GO_Biological_Process_2021,1/64,0.1119227066995718,0.199083752624902,0,0,8.774250440917108,19.2151413655998,MED25
lipid homeostasis (GO:0055088),GO_Biological_Process_2021,1/64,0.1119227066995718,0.199083752624902,0,0,8.774250440917108,19.2151413655998,PNPLA2
regulation of RNA metabolic process (GO:0051252),GO_Biological_Process_2021,1/65,0.1135709213309876,0.2002434665572677,0,0,8.63671875,18.78769422199511,PCBP2
chemical homeostasis (GO:0048878),GO_Biological_Process_2021,1/65,0.1135709213309876,0.2002434665572677,0,0,8.63671875,18.78769422199511,PNPLA2
extracellular matrix disassembly (GO:0022617),GO_Biological_Process_2021,1/66,0.1152161595492861,0.2007567840354908,0,0,8.503418803418803,18.37542261395164,FURIN
cellular component disassembly (GO:0022411),GO_Biological_Process_2021,1/66,0.1152161595492861,0.2007567840354908,0,0,8.503418803418803,18.37542261395164,FURIN
positive regulation of catabolic process (GO:0009896),GO_Biological_Process_2021,1/67,0.1168584265281215,0.2007567840354908,0,0,8.37415824915825,17.977576828172595,GSK3A
regulation of epidermal growth factor receptor signaling pathway (GO:0042058),GO_Biological_Process_2021,1/67,0.1168584265281215,0.2007567840354908,0,0,8.37415824915825,17.977576828172595,EPN1
vascular endothelial growth factor receptor signaling pathway (GO:0048010),GO_Biological_Process_2021,1/67,0.1168584265281215,0.2007567840354908,0,0,8.37415824915825,17.977576828172595,WASF2
peptidyl-threonine modification (GO:0018210),GO_Biological_Process_2021,1/67,0.1168584265281215,0.2007567840354908,0,0,8.37415824915825,17.977576828172595,GSK3A
proteasome-mediated ubiquitin-dependent protein catabolic process (GO:0043161),GO_Biological_Process_2021,2/321,0.1186578659596621,0.2029806898544008,0,0,3.5188535602328708,7.500475080912522,GSK3A;PCBP2
negative regulation of cellular catabolic process (GO:0031330),GO_Biological_Process_2021,1/69,0.1201340677322892,0.2033030753657357,0,0,8.12704248366013,17.222397118954486,GSK3A
RNA 3'-end processing (GO:0031123),GO_Biological_Process_2021,1/69,0.1201340677322892,0.2033030753657357,0,0,8.12704248366013,17.222397118954486,CASC3
establishment of protein localization to membrane (GO:0090150),GO_Biological_Process_2021,1/70,0.1217674523301673,0.2033030753657357,0,0,8.008856682769727,16.86378645814782,RAB11B
carbohydrate homeostasis (GO:0033500),GO_Biological_Process_2021,1/70,0.1217674523301673,0.2033030753657357,0,0,8.008856682769727,16.86378645814782,MBD5
COPII-coated vesicle budding (GO:0090114),GO_Biological_Process_2021,1/70,0.1217674523301673,0.2033030753657357,0,0,8.008856682769727,16.86378645814782,PPP6R1
Fc-gamma receptor signaling pathway involved in phagocytosis (GO:0038096),GO_Biological_Process_2021,1/71,0.1233978865403968,0.2033030753657357,0,0,7.894047619047619,16.517041814545937,WASF2
regulation of endopeptidase activity (GO:0052548),GO_Biological_Process_2021,1/71,0.1233978865403968,0.2033030753657357,0,0,7.894047619047619,16.517041814545937,FURIN
regulation of hematopoietic stem cell differentiation (GO:1902036),GO_Biological_Process_2021,1/71,0.1233978865403968,0.2033030753657357,0,0,7.894047619047619,16.517041814545937,TCF3
nucleic acid metabolic process (GO:0090304),GO_Biological_Process_2021,1/71,0.1233978865403968,0.2033030753657357,0,0,7.894047619047619,16.517041814545937,PCBP2
extrinsic apoptotic signaling pathway (GO:0097191),GO_Biological_Process_2021,1/72,0.1250253755206387,0.2043097599971413,0,0,7.782472613458529,16.181617135394756,GSK3A
Fc-gamma receptor signaling pathway (GO:0038094),GO_Biological_Process_2021,1/72,0.1250253755206387,0.2043097599971413,0,0,7.782472613458529,16.181617135394756,WASF2
insulin receptor signaling pathway (GO:0008286),GO_Biological_Process_2021,1/73,0.1266499244454839,0.2052954420446957,0,0,7.673996913580247,15.85699852450674,GSK3A
chromatin assembly (GO:0031497),GO_Biological_Process_2021,1/73,0.1266499244454839,0.2052954420446957,0,0,7.673996913580247,15.85699852450674,ANP32B
regulation of stress fiber assembly (GO:0051492),GO_Biological_Process_2021,1/74,0.1282715384991091,0.2062606339065675,0,0,7.568493150684931,15.542701942518896,WASF2
Fc receptor mediated stimulatory signaling pathway (GO:0002431),GO_Biological_Process_2021,1/74,0.1282715384991091,0.2062606339065675,0,0,7.568493150684931,15.542701942518896,WASF2
regulation of hematopoietic progenitor cell differentiation (GO:1901532),GO_Biological_Process_2021,1/75,0.1298902228088851,0.2080313528652263,0,0,7.46584084084084,15.238271103442942,TCF3
RNA transport (GO:0050658),GO_Biological_Process_2021,1/76,0.1315059825524281,0.2089541699054391,0,0,7.365925925925926,14.943275535371535,CASC3
cellular response to hormone stimulus (GO:0032870),GO_Biological_Process_2021,1/76,0.1315059825524281,0.2089541699054391,0,0,7.365925925925926,14.943275535371535,WBP2
negative regulation of developmental process (GO:0051093),GO_Biological_Process_2021,1/77,0.1331188228369622,0.2098579089429757,0,0,7.268640350877193,14.65730881251084,ANP32B
positive regulation of protein modification by small protein conjugation or removal (GO:1903322),GO_Biological_Process_2021,1/77,0.1331188228369622,0.2098579089429757,0,0,7.268640350877193,14.65730881251084,GSK3A
regulation of cellular response to heat (GO:1900034),GO_Biological_Process_2021,1/79,0.1363357655606339,0.2099884205186774,0,0,7.081552706552706,14.110946742753484,AKT1S1
positive regulation of proteasomal ubiquitin-dependent protein catabolic process (GO:0032436),GO_Biological_Process_2021,1/79,0.1363357655606339,0.2099884205186774,0,0,7.081552706552706,14.110946742753484,GSK3A
regulation of ion transport (GO:0043269),GO_Biological_Process_2021,1/79,0.1363357655606339,0.2099884205186774,0,0,7.081552706552706,14.110946742753484,RAB11B
positive regulation of ubiquitin-dependent protein catabolic process (GO:2000060),GO_Biological_Process_2021,1/79,0.1363357655606339,0.2099884205186774,0,0,7.081552706552706,14.110946742753484,GSK3A
regulation of neuron differentiation (GO:0045664),GO_Biological_Process_2021,1/79,0.1363357655606339,0.2099884205186774,0,0,7.081552706552706,14.110946742753484,TCF3
mRNA 3'-end processing (GO:0031124),GO_Biological_Process_2021,1/79,0.1363357655606339,0.2099884205186774,0,0,7.081552706552706,14.110946742753484,CASC3
ubiquitin-dependent protein catabolic process (GO:0006511),GO_Biological_Process_2021,2/354,0.1391072355566644,0.2124830263499445,0,0,3.183603896103896,6.2796910446900345,GSK3A;PCBP2
activation of cysteine-type endopeptidase activity involved in apoptotic process (GO:0006919),GO_Biological_Process_2021,1/81,0.1395410919313068,0.2124830263499445,0,0,6.903819444444444,13.596355470642331,ANP32B
positive regulation of cellular amide metabolic process (GO:0034250),GO_Biological_Process_2021,1/81,0.1395410919313068,0.2124830263499445,0,0,6.903819444444444,13.596355470642331,GSK3A
"regulation of gene expression, epigenetic (GO:0040029)",GO_Biological_Process_2021,1/82,0.1411394117278351,0.2132969392860857,0,0,6.818244170096022,13.350170777011757,WBP2
positive regulation of protein ubiquitination (GO:0031398),GO_Biological_Process_2021,1/82,0.1411394117278351,0.2132969392860857,0,0,6.818244170096022,13.350170777011757,GSK3A
regulation of defense response (GO:0031347),GO_Biological_Process_2021,1/83,0.1427348427146786,0.2132969392860857,0,0,6.734756097560975,13.110998342458275,BRD4
positive regulation of plasma membrane bounded cell projection assembly (GO:0120034),GO_Biological_Process_2021,1/83,0.1427348427146786,0.2132969392860857,0,0,6.734756097560975,13.110998342458275,WASF2
peptide metabolic process (GO:0006518),GO_Biological_Process_2021,1/83,0.1427348427146786,0.2132969392860857,0,0,6.734756097560975,13.110998342458275,FURIN
response to insulin (GO:0032868),GO_Biological_Process_2021,1/84,0.1443273899614286,0.2132969392860857,0,0,6.653279785809906,12.878560859975796,GSK3A
lymphocyte differentiation (GO:0030098),GO_Biological_Process_2021,1/84,0.1443273899614286,0.2132969392860857,0,0,6.653279785809906,12.878560859975796,TCF3
nuclear export (GO:0051168),GO_Biological_Process_2021,1/84,0.1443273899614286,0.2132969392860857,0,0,6.653279785809906,12.878560859975796,CASC3
negative regulation of defense response (GO:0031348),GO_Biological_Process_2021,1/85,0.145917058558831,0.2132969392860857,0,0,6.573743386243386,12.652595062512743,PCBP2
G1/S transition of mitotic cell cycle (GO:0000082),GO_Biological_Process_2021,1/85,0.145917058558831,0.2132969392860857,0,0,6.573743386243386,12.652595062512743,BRD4
B cell activation (GO:0042113),GO_Biological_Process_2021,1/85,0.145917058558831,0.2132969392860857,0,0,6.573743386243386,12.652595062512743,TCF3
glucose homeostasis (GO:0042593),GO_Biological_Process_2021,1/86,0.1475038535361489,0.2132969392860857,0,0,6.496078431372549,12.432850862154837,MBD5
positive regulation of proteasomal protein catabolic process (GO:1901800),GO_Biological_Process_2021,1/86,0.1475038535361489,0.2132969392860857,0,0,6.496078431372549,12.432850862154837,GSK3A
regulation of neuron death (GO:1901214),GO_Biological_Process_2021,1/86,0.1475038535361489,0.2132969392860857,0,0,6.496078431372549,12.432850862154837,AKT1S1
negative regulation of angiogenesis (GO:0016525),GO_Biological_Process_2021,1/87,0.1490877799719914,0.2140474555312163,0,0,6.420219638242894,12.219090543005988,EPN1
protein targeting to membrane (GO:0006612),GO_Biological_Process_2021,1/87,0.1490877799719914,0.2140474555312163,0,0,6.420219638242894,12.219090543005988,GET3
regulation of type I interferon production (GO:0032479),GO_Biological_Process_2021,1/89,0.1522470473115751,0.2169705407462747,0,0,6.273674242424242,11.80862815009642,PCBP2
transforming growth factor beta receptor signaling pathway (GO:0007179),GO_Biological_Process_2021,1/89,0.1522470473115751,0.2169705407462747,0,0,6.273674242424242,11.80862815009642,FURIN
positive regulation of autophagy (GO:0010508),GO_Biological_Process_2021,1/90,0.1538223982902694,0.2169705407462747,0,0,6.202871410736579,11.611506075891745,GSK3A
positive regulation of binding (GO:0051099),GO_Biological_Process_2021,1/90,0.1538223982902694,0.2169705407462747,0,0,6.202871410736579,11.611506075891745,MED25
negative regulation of protein kinase activity (GO:0006469),GO_Biological_Process_2021,1/90,0.1538223982902694,0.2169705407462747,0,0,6.202871410736579,11.611506075891745,AKT1S1
regulation of stem cell differentiation (GO:2000736),GO_Biological_Process_2021,1/91,0.1553949008269251,0.2176611502871912,0,0,6.133641975308642,11.419526641299596,TCF3
positive regulation of transport (GO:0051050),GO_Biological_Process_2021,1/91,0.1553949008269251,0.2176611502871912,0,0,6.133641975308642,11.419526641299596,GSK3A
regulation of apoptotic process (GO:0042981),GO_Biological_Process_2021,3/742,0.1568997932136773,0.2190059613607579,0,0,2.295311629387885,4.251256699587741,AKT1S1;PA2G4;ANP32B
regulation of heart contraction (GO:0008016),GO_Biological_Process_2021,1/93,0.1585313805776318,0.2205176989349757,0,0,5.99969806763285,11.050260223410378,GSK3A
nucleosome organization (GO:0034728),GO_Biological_Process_2021,1/94,0.1600953678234365,0.2219253029828328,0,0,5.934886499402628,10.872626559544203,ANP32B
mRNA metabolic process (GO:0016071),GO_Biological_Process_2021,1/95,0.1616565265625777,0.2233193253544888,0,0,5.87145390070922,10.699441239934089,PCBP2
regulation of vesicle-mediated transport (GO:0060627),GO_Biological_Process_2021,1/96,0.1632148618429656,0.2246999125372335,0,0,5.809356725146199,10.53054991851772,RAB11B
protein maturation (GO:0051604),GO_Biological_Process_2021,1/97,0.1647703785734911,0.2260672088277933,0,0,5.7485532407407405,10.365805111339196,FURIN
regulation of neuron apoptotic process (GO:0043523),GO_Biological_Process_2021,1/98,0.1663230817512098,0.2274213566802256,0,0,5.689003436426117,10.20506581753972,AKT1S1
response to UV (GO:0009411),GO_Biological_Process_2021,1/99,0.1678729762999577,0.2279896502452129,0,0,5.630668934240362,10.048197177896714,MAP2K7
mRNA-containing ribonucleoprotein complex export from nucleus (GO:0071427),GO_Biological_Process_2021,1/99,0.1678729762999577,0.2279896502452129,0,0,5.630668934240362,10.048197177896714,CASC3
epithelial cell differentiation (GO:0030855),GO_Biological_Process_2021,1/101,0.170964359316039,0.2304624460290145,0,0,5.5175,9.745561183866672,FN3K
positive regulation of protein localization to membrane (GO:1905477),GO_Biological_Process_2021,1/101,0.170964359316039,0.2304624460290145,0,0,5.5175,9.745561183866672,PPP3R1
transmembrane receptor protein tyrosine kinase signaling pathway (GO:0007169),GO_Biological_Process_2021,2/404,0.1714136103549138,0.2304624460290145,0,0,2.780525941719972,4.903946506538714,GSK3A;WASF2
regulation of proteasomal ubiquitin-dependent protein catabolic process (GO:0032434),GO_Biological_Process_2021,1/102,0.1725058575997924,0.2311578491837218,0,0,5.462596259625963,9.599551979063234,GSK3A
protein targeting to ER (GO:0045047),GO_Biological_Process_2021,1/103,0.1740445669835931,0.2324449034133038,0,0,5.408769063180828,9.456929169416776,GET3
mRNA transport (GO:0051028),GO_Biological_Process_2021,1/104,0.1755804923421938,0.2337197282170924,0,0,5.355987055016182,9.31758409670882,CASC3
protein processing (GO:0016485),GO_Biological_Process_2021,1/106,0.1786440106564406,0.2346891904702259,0,0,5.253439153439153,9.048314619475114,FURIN
RNA export from nucleus (GO:0006405),GO_Biological_Process_2021,1/106,0.1786440106564406,0.2346891904702259,0,0,5.253439153439153,9.048314619475114,CASC3
cellular response to peptide hormone stimulus (GO:0071375),GO_Biological_Process_2021,1/106,0.1786440106564406,0.2346891904702259,0,0,5.253439153439153,9.048314619475114,GSK3A
regulation of phosphatidylinositol 3-kinase signaling (GO:0014066),GO_Biological_Process_2021,1/106,0.1786440106564406,0.2346891904702259,0,0,5.253439153439153,9.048314619475114,PPP2R5B
cellular protein metabolic process (GO:0044267),GO_Biological_Process_2021,2/417,0.1800196810953198,0.2351590538114071,0,0,2.691635111876076,4.61531737311256,FURIN;PNPLA2
mRNA export from nucleus (GO:0006406),GO_Biological_Process_2021,1/107,0.1801716133679437,0.2351590538114071,0,0,5.203616352201258,8.918194337277319,CASC3
DNA replication (GO:0006260),GO_Biological_Process_2021,1/108,0.181696451581132,0.2363817913773951,0,0,5.15472481827622,8.79095962810174,PTMS
regulation of protein ubiquitination (GO:0031396),GO_Biological_Process_2021,1/109,0.1832185301984112,0.2375930617411655,0,0,5.106738683127572,8.666522046159436,GSK3A
response to tumor necrosis factor (GO:0034612),GO_Biological_Process_2021,1/110,0.1847378540788072,0.2380276196784632,0,0,5.059633027522936,8.54479661722006,MAP2K7
regulation of protein kinase activity (GO:0045859),GO_Biological_Process_2021,1/110,0.1847378540788072,0.2380276196784632,0,0,5.059633027522936,8.54479661722006,AKT1S1
"nuclear-transcribed mRNA catabolic process, nonsense-mediated decay (GO:0000184)",GO_Biological_Process_2021,1/113,0.189279345620976,0.2430999902224676,0,0,4.923363095238095,8.195092150328568,CASC3
cellular response to transforming growth factor beta stimulus (GO:0071560),GO_Biological_Process_2021,1/114,0.1907876989081632,0.2442568629333809,0,0,4.8795476892822025,8.083429391488162,FURIN
positive regulation of protein metabolic process (GO:0051247),GO_Biological_Process_2021,1/115,0.1922933215627638,0.2454029056134318,0,0,4.836500974658869,7.9741004844715615,GSK3A
regulation of cellular response to stress (GO:0080135),GO_Biological_Process_2021,1/118,0.1967938540239151,0.2487771362189116,0,0,4.711775878442545,7.659455915322864,AKT1S1
negative regulation of response to external stimulus (GO:0032102),GO_Biological_Process_2021,1/118,0.1967938540239151,0.2487771362189116,0,0,4.711775878442545,7.659455915322864,PCBP2
positive regulation of protein-containing complex assembly (GO:0031334),GO_Biological_Process_2021,1/118,0.1967938540239151,0.2487771362189116,0,0,4.711775878442545,7.659455915322864,MED25
positive regulation of cysteine-type endopeptidase activity involved in apoptotic process (GO:0043280),GO_Biological_Process_2021,1/119,0.1982886022832236,0.2498809345387331,0,0,4.671610169491525,7.558813448212846,ANP32B
nervous system development (GO:0007399),GO_Biological_Process_2021,2/447,0.2001293842833009,0.2514125390058968,0,0,2.5063242375601926,4.032152378187322,MBD5;SH3GL1
epithelium development (GO:0060429),GO_Biological_Process_2021,1/122,0.2027566262521277,0.2539195132503282,0,0,4.555096418732783,7.268790120703895,FN3K
non-canonical Wnt signaling pathway (GO:0035567),GO_Biological_Process_2021,1/124,0.2057218390754153,0.2568328549947732,0,0,4.480578139114725,7.084825997590153,PPP3R1
negative regulation of cell growth (GO:0030308),GO_Biological_Process_2021,1/126,0.2086763202957377,0.2597148011111039,0,0,4.408444444444444,6.90790430957761,GSK3A
cellular response to insulin stimulus (GO:0032869),GO_Biological_Process_2021,1/129,0.2130880028890885,0.2643869665475727,0,0,4.304470486111111,6.654926765060291,GSK3A
regulation of response to external stimulus (GO:0032101),GO_Biological_Process_2021,1/130,0.2145532387720854,0.2653858522657795,0,0,4.270887166236004,6.573738302407942,BRD4
RNA metabolic process (GO:0016070),GO_Biological_Process_2021,1/133,0.2189330370507407,0.2691470363743051,0,0,4.173190235690235,6.339031577010457,PCBP2
transmembrane receptor protein serine/threonine kinase signaling pathway (GO:0007178),GO_Biological_Process_2021,1/133,0.2189330370507407,0.2691470363743051,0,0,4.173190235690235,6.339031577010457,FURIN
negative regulation of inflammatory response to antigenic stimulus (GO:0002862),GO_Biological_Process_2021,1/136,0.2232890692501646,0.27361621740598,0,0,4.079835390946502,6.116848538578219,FURIN
positive regulation of gene expression (GO:0010628),GO_Biological_Process_2021,2/482,0.2239296903645956,0.27361621740598,0,0,2.319404761904762,3.470811000111883,GSK3A;WBP2
regulation of inflammatory response to antigenic stimulus (GO:0002861),GO_Biological_Process_2021,1/137,0.2247358203084047,0.2737690901938749,0,0,4.049632352941177,6.045411444773934,FURIN
"regulation of transcription, DNA-templated (GO:0006355)",GO_Biological_Process_2021,6/2244,0.2301881808571727,0.2795638933673215,0,0,1.5329066851163191,2.251622442279787,WBP2;ZNF777;PA2G4;TCF3;MAP2K7;BRD4
protein-DNA complex assembly (GO:0065004),GO_Biological_Process_2021,1/143,0.2333614238192782,0.2825641336606923,0,0,3.877347417840376,5.642187436346101,ANP32B
regulation of G2/M transition of mitotic cell cycle (GO:0010389),GO_Biological_Process_2021,1/149,0.2418936242745984,0.2920157266017675,0,0,3.719031531531531,5.278262347243474,BRD4
response to cytokine (GO:0034097),GO_Biological_Process_2021,1/150,0.2433066460654102,0.2928421308930986,0,0,3.693885160328113,5.221058124508576,MAP2K7
negative regulation of protein phosphorylation (GO:0001933),GO_Biological_Process_2021,1/152,0.2461250061241192,0.295350007348943,0,0,3.644591611479029,5.109410262691594,AKT1S1
organonitrogen compound biosynthetic process (GO:1901566),GO_Biological_Process_2021,1/158,0.2545189431420597,0.3045137355449642,0,0,3.5042462845010616,4.795140576282281,FURIN
"negative regulation of transcription, DNA-templated (GO:0045892)",GO_Biological_Process_2021,3/948,0.2552959983722118,0.3045370663075049,0,0,1.7757236227824462,2.4244516266810106,MED25;PA2G4;TCF3
peptide biosynthetic process (GO:0043043),GO_Biological_Process_2021,1/162,0.2600643068552036,0.3093072525319285,0,0,3.4164941338854384,4.601424305312999,FURIN
negative regulation of canonical Wnt signaling pathway (GO:0090090),GO_Biological_Process_2021,1/165,0.2641969701519362,0.3114580117333676,0,0,3.353489159891599,4.463696471549991,GSK3A
adenylate cyclase-modulating G protein-coupled receptor signaling pathway (GO:0007188),GO_Biological_Process_2021,1/165,0.2641969701519362,0.3114580117333676,0,0,3.353489159891599,4.463696471549991,WASF2
regulation of neuron projection development (GO:0010975),GO_Biological_Process_2021,1/165,0.2641969701519362,0.3114580117333676,0,0,3.353489159891599,4.463696471549991,GSK3A
negative regulation of cellular macromolecule biosynthetic process (GO:2000113),GO_Biological_Process_2021,2/547,0.2686691723845031,0.3158041149081002,0,0,2.0359633027522936,2.675814649083992,GSK3A;PA2G4
positive regulation of I-kappaB kinase/NF-kappaB signaling (GO:0043123),GO_Biological_Process_2021,1/171,0.272395031891726,0.3183221012223077,0,0,3.2341503267973857,4.206018784458753,BRD4
nuclear-transcribed mRNA catabolic process (GO:0000956),GO_Biological_Process_2021,1/171,0.272395031891726,0.3183221012223077,0,0,3.2341503267973857,4.206018784458753,CASC3
positive regulation of ERK1 and ERK2 cascade (GO:0070374),GO_Biological_Process_2021,1/172,0.2737527071972576,0.3189814153428914,0,0,3.2150747238466537,4.165226106126979,MAP2K7
positive regulation of developmental process (GO:0051094),GO_Biological_Process_2021,1/177,0.2805041954180982,0.3259037183759407,0,0,3.1229482323232323,3.969787477726487,PA2G4
regulated exocytosis (GO:0045055),GO_Biological_Process_2021,1/180,0.2845257336910242,0.3296234724604948,0,0,3.070142768466791,3.858959392091554,RAB11B
negative regulation of cytokine production (GO:0001818),GO_Biological_Process_2021,1/182,0.2871945999946115,0.3317592793041202,0,0,3.0359116022099446,3.787588876825899,PCBP2
negative regulation of cell differentiation (GO:0045596),GO_Biological_Process_2021,1/191,0.299085109940133,0.3435206119883814,0,0,2.8907894736842104,3.4892612278091453,ANP32B
negative regulation of Wnt signaling pathway (GO:0030178),GO_Biological_Process_2021,1/191,0.299085109940133,0.3435206119883814,0,0,2.8907894736842104,3.4892612278091453,GSK3A
protein localization to membrane (GO:0072657),GO_Biological_Process_2021,1/195,0.3043076237978344,0.3485232614436735,0,0,2.8306128293241697,3.367625850757628,RAB11B
regulation of macromolecule metabolic process (GO:0060255),GO_Biological_Process_2021,1/200,0.3107825442509396,0.3549277920138572,0,0,2.758793969849246,3.2240971983470845,PCBP2
regulation of inflammatory response (GO:0050727),GO_Biological_Process_2021,1/206,0.3184750773498031,0.3626826659904273,0,0,2.677235772357724,3.063322773224085,BRD4
regulation of protein kinase B signaling (GO:0051896),GO_Biological_Process_2021,1/207,0.319749018036185,0.3631048170919389,0,0,2.664104638619201,3.037662486010966,PPP2R5B
regulation of gene expression (GO:0010468),GO_Biological_Process_2021,3/1079,0.3221668700577515,0.3648199486287778,0,0,1.5487918215613383,1.754294252037999,GSK3A;PCBP2;TCF3
negative regulation of inflammatory response (GO:0050728),GO_Biological_Process_2021,1/212,0.3260840472411954,0.367187078406052,0,0,2.600315955766193,2.9139143648415464,FURIN
phosphate-containing compound metabolic process (GO:0006796),GO_Biological_Process_2021,1/212,0.3260840472411954,0.367187078406052,0,0,2.600315955766193,2.9139143648415464,LHPP
negative regulation of multicellular organismal process (GO:0051241),GO_Biological_Process_2021,1/214,0.32860195375333,0.3689887860582085,0,0,2.5756390193009917,2.866449598621612,GSK3A
extracellular structure organization (GO:0043062),GO_Biological_Process_2021,1/216,0.3311107061150312,0.3707702057332661,0,0,2.551421188630491,2.8200922182497528,FURIN
external encapsulating structure organization (GO:0045229),GO_Biological_Process_2021,1/217,0.3323616595846455,0.3711371865361874,0,0,2.5394804526748973,2.797317882053829,FURIN
regulation of I-kappaB kinase/NF-kappaB signaling (GO:0043122),GO_Biological_Process_2021,1/224,0.3410548193989056,0.3797895772807758,0,0,2.4588938714499253,2.6450617768253406,BRD4
regulation of autophagy (GO:0010506),GO_Biological_Process_2021,1/231,0.3496378079063128,0.3882718198296623,0,0,2.3832125603864736,2.5044167809338336,GSK3A
regulation of ERK1 and ERK2 cascade (GO:0070372),GO_Biological_Process_2021,1/238,0.3581119830027799,0.3965868241518389,0,0,2.3120018752930145,2.37421678179687,MAP2K7
negative regulation of transcription by RNA polymerase II (GO:0000122),GO_Biological_Process_2021,2/684,0.3625807424428275,0.3996937653689386,0,0,1.6155006284038542,1.6389384596887446,MED25;TCF3
membrane organization (GO:0061024),GO_Biological_Process_2021,1/242,0.3629060307454294,0.3996937653689386,0,0,2.273167358229599,2.30410822724823,EPN1
positive regulation of DNA-binding transcription factor activity (GO:0051091),GO_Biological_Process_2021,1/246,0.3676652339194849,0.4038290274197622,0,0,2.2356009070294784,2.236903022200789,TCF3
positive regulation of signal transduction (GO:0009967),GO_Biological_Process_2021,1/252,0.3747392434823073,0.410477318473808,0,0,2.1814962372731297,2.141192757453422,MBD5
regulation of canonical Wnt signaling pathway (GO:0060828),GO_Biological_Process_2021,1/253,0.3759107346785483,0.410641617773849,0,0,2.1727292768959434,2.125806084521344,GSK3A
protein-containing complex assembly (GO:0065003),GO_Biological_Process_2021,1/267,0.3920890759375598,0.4248512359215607,0,0,2.0569131161236425,1.9258182896393168,PPP6R1
negative regulation of signal transduction (GO:0009968),GO_Biological_Process_2021,1/267,0.3920890759375598,0.4248512359215607,0,0,2.0569131161236425,1.9258182896393168,GSK3A
protein deubiquitination (GO:0016579),GO_Biological_Process_2021,1/267,0.3920890759375598,0.4248512359215607,0,0,2.0569131161236425,1.9258182896393168,MBD5
central nervous system development (GO:0007417),GO_Biological_Process_2021,1/268,0.3932289260705844,0.424940936237567,0,0,2.049105285060341,1.9125597275076085,SH3GL1
positive regulation of MAPK cascade (GO:0043410),GO_Biological_Process_2021,1/274,0.4000244845047174,0.4311255838361834,0,0,2.0034595034595037,1.835628744174127,MAP2K7
protein modification by small protein removal (GO:0070646),GO_Biological_Process_2021,1/276,0.4022731710762078,0.4323898790712181,0,0,1.9886868686868688,1.810945774540716,MBD5
proteolysis (GO:0006508),GO_Biological_Process_2021,1/287,0.4144951306060243,0.444338780009658,0,0,1.911130536130536,1.683121295974097,FURIN
regulation of cell cycle (GO:0051726),GO_Biological_Process_2021,1/296,0.4243137439514595,0.4536545879481029,0,0,1.8519774011299437,1.5876671408523169,MED25
extracellular matrix organization (GO:0030198),GO_Biological_Process_2021,1/300,0.4286259732139273,0.4570494462387235,0,0,1.8268301746562616,1.5476368108739915,FURIN
MAPK cascade (GO:0000165),GO_Biological_Process_2021,1/303,0.4318395040357427,0.4592578852443613,0,0,1.8084069168506252,1.5185215995922066,MAP2K7
protein polyubiquitination (GO:0000209),GO_Biological_Process_2021,1/314,0.4434726870123306,0.4691474215235708,0,0,1.7438764643237488,1.4179791987853647,UBE2E3
cellular macromolecule biosynthetic process (GO:0034645),GO_Biological_Process_2021,1/314,0.4434726870123306,0.4691474215235708,0,0,1.7438764643237488,1.4179791987853647,PTMS
supramolecular fiber organization (GO:0097435),GO_Biological_Process_2021,1/351,0.4809265625063889,0.5074343257941425,0,0,1.5565873015873015,1.139485253560406,FURIN
gene expression (GO:0010467),GO_Biological_Process_2021,1/356,0.4857958741664639,0.5112302131280588,0,0,1.5342723004694836,1.1076935945389452,CASC3
protein transport (GO:0015031),GO_Biological_Process_2021,1/369,0.4982490199260528,0.5229663342304784,0,0,1.4790911835748792,1.0304166928796366,RAB11B
negative regulation of cell population proliferation (GO:0008285),GO_Biological_Process_2021,1/379,0.5076281962597936,0.5314232679594715,0,0,1.4392269253380363,0.975804485699856,MED25
negative regulation of programmed cell death (GO:0043069),GO_Biological_Process_2021,1/381,0.5094834533854311,0.5319801253530995,0,0,1.4315058479532163,0.965347281798631,PA2G4
positive regulation of macromolecule metabolic process (GO:0010604),GO_Biological_Process_2021,1/384,0.5122535922233015,0.5334869017455108,0,0,1.420075427908326,0.9499388369400272,GSK3A
phosphorylation (GO:0016310),GO_Biological_Process_2021,1/400,0.5267725319202946,0.5471900719172053,0,0,1.3620161514898357,0.8730339003110233,GSK3A
protein modification by small protein conjugation (GO:0032446),GO_Biological_Process_2021,1/409,0.5347537230650751,0.5540489604952582,0,0,1.3313589324618735,0.8333627508643024,UBE2E3
regulation of nucleic acid-templated transcription (GO:1903506),GO_Biological_Process_2021,1/430,0.5528705583770053,0.5713469523587561,0,0,1.2648277648277648,0.7495766193177322,TCF3
regulation of intracellular signal transduction (GO:1902531),GO_Biological_Process_2021,1/437,0.5587555348678747,0.5759480128638093,0,0,1.244074923547401,0.7241053835040547,PPP2R5B
negative regulation of nucleic acid-templated transcription (GO:1903507),GO_Biological_Process_2021,1/464,0.5807568592101615,0.597095287474386,0,0,1.169906407487401,0.6357541625131868,PA2G4
regulation of cellular macromolecule biosynthetic process (GO:2000112),GO_Biological_Process_2021,1/468,0.5839241652598034,0.5988201898837779,0,0,1.1596478705686415,0.6238721839118695,TCF3
neutrophil degranulation (GO:0043312),GO_Biological_Process_2021,1/481,0.5940579476341791,0.6061748149413461,0,0,1.127488425925926,0.5871716291134246,PA2G4
cellular response to cytokine stimulus (GO:0071345),GO_Biological_Process_2021,1/482,0.5948274445916982,0.6061748149413461,0,0,1.1250866250866252,0.5844644155001834,GSK3A
negative regulation of apoptotic process (GO:0043066),GO_Biological_Process_2021,1/485,0.597127429643714,0.6061748149413461,0,0,1.1179407713498624,0.5764379177485586,PA2G4
neutrophil activation involved in immune response (GO:0002283),GO_Biological_Process_2021,1/485,0.597127429643714,0.6061748149413461,0,0,1.1179407713498624,0.5764379177485586,PA2G4
neutrophil mediated immunity (GO:0002446),GO_Biological_Process_2021,1/488,0.5994147096570357,0.6069640133051092,0,0,1.11088295687885,0.5685516567081367,PA2G4
protein phosphorylation (GO:0006468),GO_Biological_Process_2021,1/496,0.605452526751432,0.6115374767690344,0,0,1.0924803591470258,0.5481838359022447,GSK3A
protein ubiquitination (GO:0016567),GO_Biological_Process_2021,1/525,0.6266062683835554,0.6313175937097476,0,0,1.0304813401187447,0.481684999742805,UBE2E3
positive regulation of intracellular signal transduction (GO:1902533),GO_Biological_Process_2021,1/546,0.6412313359949972,0.6444374926749721,0,0,0.989704383282365,0.4397899769763869,BRD4
negative regulation of cellular process (GO:0048523),GO_Biological_Process_2021,1/566,0.6546409367444442,0.6562734577837072,0,0,0.9536873156342184,0.4040471617897684,ANP32B
positive regulation of cellular process (GO:0048522),GO_Biological_Process_2021,1/625,0.6914200881192231,0.6914200881192231,0,0,0.8608885327635327,0.3176744954093033,PA2G4
nucleus (GO:0005634),GO_Cellular_Component_2021,18/4484,0.0003982845371190541,0.0207107959301908,0,0,3.2873641784712566,25.734617283130174,MBD5;CIZ1;GSK3A;WBP2;UBE2E3;PPP2R5B;PA2G4;CASC3;PTMS;PPP6R1;PCBP2;ZNF777;TCF3;ANP32B;MAP2K7;SSBP3;BRD4;LHPP
intracellular membrane-bounded organelle (GO:0043231),GO_Cellular_Component_2021,19/5192,0.0008343819301913404,0.0216939301849748,0,0,3.017913525356015,21.39344367615254,MBD5;CIZ1;GSK3A;WBP2;UBE2E3;PPP2R5B;PA2G4;CASC3;EPN1;PTMS;PPP6R1;PCBP2;ZNF777;TCF3;ANP32B;MAP2K7;SSBP3;BRD4;LHPP
chromocenter (GO:0010369),GO_Cellular_Component_2021,1/6,0.0110500548998867,0.1781181495393003,0,0,110.87777777777778,499.5398567734965,MBD5
apical dendrite (GO:0097440),GO_Cellular_Component_2021,1/10,0.0183506949831896,0.1781181495393003,0,0,61.58641975308642,246.2279153977221,GSK3A
clathrin vesicle coat (GO:0030125),GO_Cellular_Component_2021,1/12,0.0219813268798694,0.1781181495393003,0,0,50.38383838383838,192.34342502593887,EPN1
U2-type catalytic step 1 spliceosome (GO:0071006),GO_Cellular_Component_2021,1/12,0.0219813268798694,0.1781181495393003,0,0,50.38383838383838,192.34342502593887,CASC3
clathrin coat (GO:0030118),GO_Cellular_Component_2021,1/15,0.0274027922368154,0.1781181495393003,0,0,39.58134920634921,142.37848146420913,EPN1
trans-Golgi network transport vesicle (GO:0030140),GO_Cellular_Component_2021,1/15,0.0274027922368154,0.1781181495393003,0,0,39.58134920634921,142.37848146420913,FURIN
protein phosphatase type 2A complex (GO:0000159),GO_Cellular_Component_2021,1/17,0.0310008470344359,0.1791160050878521,0,0,34.630208333333336,120.29636590931148,PPP2R5B
condensed nuclear chromosome (GO:0000794),GO_Cellular_Component_2021,1/20,0.0363736593292806,0.1891430285122592,0,0,29.157894736842103,96.62665093408292,BRD4
intracellular non-membrane-bounded organelle (GO:0043232),GO_Cellular_Component_2021,5/1158,0.0604963604861129,0.2581710576999708,0,0,2.549056808326106,7.1505429712303386,MBD5;PA2G4;ANP32B;GET3;PNPLA2
Cul4-RING E3 ubiquitin ligase complex (GO:0080008),GO_Cellular_Component_2021,1/34,0.0610659373084562,0.2581710576999708,0,0,16.776094276094277,46.90262214500739,WDTC1
vesicle coat (GO:0030120),GO_Cellular_Component_2021,1/36,0.0645427644249927,0.2581710576999708,0,0,15.815873015873017,43.34224956187957,EPN1
Golgi-associated vesicle (GO:0005798),GO_Cellular_Component_2021,1/47,0.0834425555494731,0.3037877066678114,0,0,12.027173913043478,29.870651141018534,FURIN
condensed chromosome (GO:0000793),GO_Cellular_Component_2021,1/54,0.0952757000126653,0.3037877066678114,0,0,10.435010482180294,24.53250600399325,BRD4
integral component of Golgi membrane (GO:0030173),GO_Cellular_Component_2021,1/55,0.0969539684282954,0.3037877066678114,0,0,10.24125514403292,23.89816310810052,FURIN
recycling endosome membrane (GO:0055038),GO_Cellular_Component_2021,1/58,0.1019706198062095,0.3037877066678114,0,0,9.700779727095515,22.14756449052859,RAB11B
intrinsic component of Golgi membrane (GO:0031228),GO_Cellular_Component_2021,1/60,0.1052999788759501,0.3037877066678114,0,0,9.370998116760829,21.09357380941926,FURIN
glutamatergic synapse (GO:0098978),GO_Cellular_Component_2021,1/69,0.1201340677322892,0.3037877066678114,0,0,8.12704248366013,17.222397118954486,SH3GL1
lipid droplet (GO:0005811),GO_Cellular_Component_2021,1/77,0.1331188228369622,0.3037877066678114,0,0,7.268640350877193,14.65730881251084,PNPLA2
clathrin-coated vesicle (GO:0030136),GO_Cellular_Component_2021,1/80,0.1379398782346534,0.3037877066678114,0,0,6.991561181434599,13.849844705127882,FURIN
nuclear chromosome (GO:0000228),GO_Cellular_Component_2021,1/83,0.1427348427146786,0.3037877066678114,0,0,6.734756097560975,13.110998342458275,BRD4
U2-type spliceosomal complex (GO:0005684),GO_Cellular_Component_2021,1/89,0.1522470473115751,0.3037877066678114,0,0,6.273674242424242,11.80862815009642,CASC3
nucleolus (GO:0005730),GO_Cellular_Component_2021,3/733,0.1529216822894208,0.3037877066678114,0,0,2.324697824335213,4.365385848834721,PA2G4;ANP32B;GET3
azurophil granule lumen (GO:0035578),GO_Cellular_Component_2021,1/90,0.1538223982902694,0.3037877066678114,0,0,6.202871410736579,11.611506075891745,PA2G4
clathrin-coated vesicle membrane (GO:0030665),GO_Cellular_Component_2021,1/90,0.1538223982902694,0.3037877066678114,0,0,6.202871410736579,11.611506075891745,EPN1
nuclear lumen (GO:0031981),GO_Cellular_Component_2021,3/745,0.1582333227070178,0.3037877066678114,0,0,2.2856746472173777,4.214063168825232,PA2G4;ANP32B;GET3
Golgi lumen (GO:0005796),GO_Cellular_Component_2021,1/100,0.1694200671801256,0.3037877066678114,0,0,5.57351290684624,9.895070145641316,FURIN
phagocytic vesicle (GO:0045335),GO_Cellular_Component_2021,1/100,0.1694200671801256,0.3037877066678114,0,0,5.57351290684624,9.895070145641316,RAB11B
recycling endosome (GO:0055037),GO_Cellular_Component_2021,1/145,0.2362158199617376,0.3998560866149053,0,0,3.8231095679012346,5.516783045568325,RAB11B
azurophil granule (GO:0042582),GO_Cellular_Component_2021,1/155,0.2503334052868782,0.3998560866149053,0,0,3.573051948051948,4.948539844529104,PA2G4
cullin-RING ubiquitin ligase complex (GO:0031461),GO_Cellular_Component_2021,1/157,0.2531262965325053,0.3998560866149053,0,0,3.5268874643874644,4.845473309088604,WDTC1
vacuolar lumen (GO:0005775),GO_Cellular_Component_2021,1/161,0.2586817404514753,0.3998560866149053,0,0,3.4380208333333333,4.648743159713795,PA2G4
membrane raft (GO:0045121),GO_Cellular_Component_2021,1/163,0.2614443643251304,0.3998560866149053,0,0,3.395233196159122,4.55482000338841,FURIN
endocytic vesicle (GO:0030139),GO_Cellular_Component_2021,1/189,0.2964595682571994,0.4404542156964106,0,0,2.921838061465721,3.5525005418174813,RAB11B
axon (GO:0030424),GO_Cellular_Component_2021,1/204,0.3159202283141453,0.4439959965496097,0,0,2.7038861521620143,3.115594835348194,GSK3A
nuclear membrane (GO:0031965),GO_Cellular_Component_2021,1/204,0.3159202283141453,0.4439959965496097,0,0,2.7038861521620143,3.115594835348194,CASC3
integral component of organelle membrane (GO:0031301),GO_Cellular_Component_2021,1/214,0.32860195375333,0.4496658314519253,0,0,2.5756390193009917,2.866449598621612,FURIN
trans-Golgi network (GO:0005802),GO_Cellular_Component_2021,1/239,0.3593137751237664,0.4790850334983552,0,0,2.3021708683473388,2.3564082800502475,FURIN
dendrite (GO:0030425),GO_Cellular_Component_2021,1/270,0.3955023913350113,0.5141531087355147,0,0,2.033663775299463,1.886423356502489,GSK3A
endoplasmic reticulum lumen (GO:0005788),GO_Cellular_Component_2021,1/285,0.412291191431658,0.5229059013279564,0,0,1.924784820031299,1.7054082477064354,PNPLA2
actin cytoskeleton (GO:0015629),GO_Cellular_Component_2021,1/316,0.4455627652624653,0.537578348263817,0,0,1.732627865961199,1.4006860896609803,WASF2
secretory granule lumen (GO:0034774),GO_Cellular_Component_2021,1/316,0.4455627652624653,0.537578348263817,0,0,1.732627865961199,1.4006860896609803,PA2G4
endosome membrane (GO:0010008),GO_Cellular_Component_2021,1/325,0.4548739869924605,0.537578348263817,0,0,1.6837277091906722,1.3263309945315895,RAB11B
intracellular organelle lumen (GO:0070013),GO_Cellular_Component_2021,2/848,0.469117714676488,0.5420915814039416,0,0,1.2912529550827423,0.9773513647548524,FURIN;PNPLA2
focal adhesion (GO:0005925),GO_Cellular_Component_2021,1/387,0.5150085073945224,0.5768436297036277,0,0,1.4088226827864134,0.9348550869591316,PCBP2
cell-substrate junction (GO:0030055),GO_Cellular_Component_2021,1/394,0.5213778960782789,0.5768436297036277,0,0,1.3832343794175854,0.9008731242488256,PCBP2
Golgi membrane (GO:0000139),GO_Cellular_Component_2021,1/472,0.5870681847436584,0.6359905334722966,0,0,1.1495635763151686,0.6122740085905751,FURIN
neuron projection (GO:0043005),GO_Cellular_Component_2021,1/556,0.6479982607666936,0.6876716236707769,0,0,0.9713713713713714,0.4214462417848549,GSK3A
cytoskeleton (GO:0005856),GO_Cellular_Component_2021,1/600,0.6763262208410113,0.7033792696746518,0,0,0.8979781116675941,0.3511810501475889,WASF2
endoplasmic reticulum membrane (GO:0005789),GO_Cellular_Component_2021,1/712,0.7387937452808685,0.7532798971491208,0,0,0.7521487732458196,0.2277028846433179,PNPLA2
bounding membrane of organelle (GO:0098588),GO_Cellular_Component_2021,1/767,0.7650070847753886,0.7650070847753886,0,0,0.6961488250652742,0.1864775138993407,FURIN
phosphatase binding (GO:0019902),GO_Molecular_Function_2021,3/114,0.0012168386943304,0.0985639342407679,0,0,15.78060413354531,105.91150913706392,PPP3R1;PPP6R1;MAP2K7
protein phosphatase regulator activity (GO:0019888),GO_Molecular_Function_2021,2/57,0.0049852719350172,0.1168224300622132,0,0,20.683636363636364,109.64948564569973,PPP6R1;PPP2R5B
nerve growth factor binding (GO:0048406),GO_Molecular_Function_2021,1/5,0.0092166585448215,0.1168224300622132,0,0,138.60416666666666,649.6020692107373,FURIN
ubiquitin protein ligase binding (GO:0031625),GO_Molecular_Function_2021,3/265,0.0128211068783249,0.1168224300622132,0,0,6.6348226313426135,28.90568289409184,PCBP2;PA2G4;CASC3
calcium-dependent protein serine/threonine phosphatase activity (GO:0004723),GO_Molecular_Function_2021,1/7,0.012880151107249,0.1168224300622132,0,0,92.39351851851852,402.10285931653846,PPP3R1
RNA polymerase II C-terminal domain binding (GO:0099122),GO_Molecular_Function_2021,1/8,0.014706952762456,0.1168224300622132,0,0,79.19047619047619,334.1390605677817,BRD4
neurotrophin binding (GO:0043121),GO_Molecular_Function_2021,1/8,0.014706952762456,0.1168224300622132,0,0,79.19047619047619,334.1390605677817,FURIN
ubiquitin-like protein ligase binding (GO:0044389),GO_Molecular_Function_2021,3/282,0.0151335606263263,0.1168224300622132,0,0,6.22517394054396,26.088710716951017,PCBP2;PA2G4;CASC3
mitogen-activated protein kinase kinase kinase binding (GO:0031435),GO_Molecular_Function_2021,1/11,0.0201676468856421,0.1168224300622132,0,0,55.425,216.36122001333428,TCF3
retinoid X receptor binding (GO:0046965),GO_Molecular_Function_2021,1/11,0.0201676468856421,0.1168224300622132,0,0,55.425,216.36122001333428,MED25
nuclear receptor binding (GO:0016922),GO_Molecular_Function_2021,2/120,0.0207357421129246,0.1168224300622132,0,0,9.610169491525424,37.24802129305297,MED25;WBP2
cadherin binding (GO:0045296),GO_Molecular_Function_2021,3/322,0.0214540761924821,0.1168224300622132,0,0,5.433523879771344,20.874732747668112,WASF2;RAB11B;SH3GL1
protein phosphatase binding (GO:0019903),GO_Molecular_Function_2021,2/123,0.0217147875530482,0.1168224300622132,0,0,9.370484061393151,35.88672187268507,PPP6R1;MAP2K7
RNA polymerase II CTD heptapeptide repeat kinase activity (GO:0008353),GO_Molecular_Function_2021,1/12,0.0219813268798694,0.1168224300622132,0,0,50.38383838383838,192.34342502593887,BRD4
protein kinase A catalytic subunit binding (GO:0034236),GO_Molecular_Function_2021,1/13,0.0237917406507484,0.1168224300622132,0,0,46.18287037037037,172.65081800368927,GSK3A
protein phosphatase activator activity (GO:0072542),GO_Molecular_Function_2021,1/13,0.0237917406507484,0.1168224300622132,0,0,46.18287037037037,172.65081800368927,PPP2R5B
phosphatase activator activity (GO:0019211),GO_Molecular_Function_2021,1/14,0.025598893875467,0.1168224300622132,0,0,42.62820512820513,156.2411590204543,PPP2R5B
MAP kinase kinase activity (GO:0004708),GO_Molecular_Function_2021,1/15,0.0274027922368154,0.1168224300622132,0,0,39.58134920634921,142.37848146420913,MAP2K7
myosin V binding (GO:0031489),GO_Molecular_Function_2021,1/15,0.0274027922368154,0.1168224300622132,0,0,39.58134920634921,142.37848146420913,RAB11B
RNA polymerase binding (GO:0070063),GO_Molecular_Function_2021,1/18,0.0327950148043916,0.1198182603874925,0,0,32.591503267973856,111.38077026649428,ANP32B
retinoic acid receptor binding (GO:0042974),GO_Molecular_Function_2021,1/18,0.0327950148043916,0.1198182603874925,0,0,32.591503267973856,111.38077026649428,MED25
transcription coactivator binding (GO:0001223),GO_Molecular_Function_2021,1/20,0.0363736593292806,0.1198182603874925,0,0,29.157894736842103,96.62665093408292,MED25
tau-protein kinase activity (GO:0050321),GO_Molecular_Function_2021,1/20,0.0363736593292806,0.1198182603874925,0,0,29.157894736842103,96.62665093408292,GSK3A
lysine-acetylated histone binding (GO:0070577),GO_Molecular_Function_2021,1/21,0.0381581473785356,0.1198182603874925,0,0,27.698611111111116,90.46410657809346,BRD4
acetylation-dependent protein binding (GO:0140033),GO_Molecular_Function_2021,1/21,0.0381581473785356,0.1198182603874925,0,0,27.698611111111116,90.46410657809346,BRD4
bHLH transcription factor binding (GO:0043425),GO_Molecular_Function_2021,1/22,0.0399394201291641,0.1198182603874925,0,0,26.37830687830688,84.948474454672,TCF3
protein kinase A regulatory subunit binding (GO:0034237),GO_Molecular_Function_2021,1/22,0.0399394201291641,0.1198182603874925,0,0,26.37830687830688,84.948474454672,WASF2
triglyceride lipase activity (GO:0004806),GO_Molecular_Function_2021,1/23,0.0417174831924768,0.1206827192353794,0,0,25.178030303030305,79.98644731441095,PNPLA2
protein serine/threonine/tyrosine kinase activity (GO:0004712),GO_Molecular_Function_2021,1/28,0.0505598495049575,0.1412188899966057,0,0,20.51028806584362,61.2149546027372,MAP2K7
inorganic anion transmembrane transporter activity (GO:0015103),GO_Molecular_Function_2021,1/29,0.0523187720746184,0.1412606846014697,0,0,19.776785714285715,58.34942939474461,GET3
RNA polymerase II complex binding (GO:0000993),GO_Molecular_Function_2021,1/32,0.0575765385764463,0.1504419233771661,0,0,17.86021505376344,50.9844862770809,BRD4
estrogen receptor binding (GO:0030331),GO_Molecular_Function_2021,1/35,0.0628059195635094,0.1541599843831595,0,0,16.28186274509804,45.063408386674496,WBP2
ubiquitin conjugating enzyme activity (GO:0061631),GO_Molecular_Function_2021,1/35,0.0628059195635094,0.1541599843831595,0,0,16.28186274509804,45.063408386674496,UBE2E3
protein kinase binding (GO:0019901),GO_Molecular_Function_2021,3/506,0.0663957461896282,0.1573877765657368,0,0,3.413635832066425,9.258197823130022,GSK3A;TCF3;MAP2K7
ubiquitin-like protein conjugating enzyme activity (GO:0061650),GO_Molecular_Function_2021,1/38,0.0680070639481578,0.1573877765657368,0,0,14.95945945945946,40.2131766656101,UBE2E3
tau protein binding (GO:0048156),GO_Molecular_Function_2021,1/40,0.0714588797420938,0.1602051273751664,0,0,14.190883190883191,37.444534151430766,GSK3A
E-box binding (GO:0070888),GO_Molecular_Function_2021,1/41,0.073180119912113,0.1602051273751664,0,0,13.835416666666667,36.17728305000016,TCF3
lipase activity (GO:0016298),GO_Molecular_Function_2021,1/49,0.0868387334939797,0.1851036161319042,0,0,11.52488425925926,28.16338868908917,PNPLA2
phosphoric ester hydrolase activity (GO:0042578),GO_Molecular_Function_2021,1/53,0.093594397093596,0.1882276024640462,0,0,10.636217948717947,25.194910953322605,LHPP
transcription coregulator binding (GO:0001221),GO_Molecular_Function_2021,1/53,0.093594397093596,0.1882276024640462,0,0,10.636217948717947,25.194910953322605,MED25
pyrophosphatase activity (GO:0016462),GO_Molecular_Function_2021,1/54,0.0952757000126653,0.1882276024640462,0,0,10.435010482180294,24.53250600399325,LHPP
myosin binding (GO:0017022),GO_Molecular_Function_2021,1/56,0.0986292076661205,0.1902134719275182,0,0,10.054545454545456,23.290226801945256,RAB11B
serine-type endopeptidase inhibitor activity (GO:0004867),GO_Molecular_Function_2021,1/60,0.1052999788759501,0.1955111888516334,0,0,9.370998116760829,21.09357380941926,FURIN
SH3 domain binding (GO:0017124),GO_Molecular_Function_2021,1/62,0.1086173271397963,0.1955111888516334,0,0,9.062841530054644,20.11882244883129,WASF2
protein serine/threonine phosphatase activity (GO:0004722),GO_Molecular_Function_2021,1/62,0.1086173271397963,0.1955111888516334,0,0,9.062841530054644,20.11882244883129,PPP3R1
GDP binding (GO:0019003),GO_Molecular_Function_2021,1/67,0.1168584265281215,0.2057724467125618,0,0,8.37415824915825,17.977576828172595,RAB11B
protein serine/threonine kinase activity (GO:0004674),GO_Molecular_Function_2021,2/344,0.1328270443309504,0.2289146934214251,0,0,3.278362573099415,6.618054837349954,GSK3A;BRD4
phosphatase activity (GO:0016791),GO_Molecular_Function_2021,1/79,0.1363357655606339,0.2300666043835697,0,0,7.081552706552706,14.110946742753484,LHPP
carboxylic ester hydrolase activity (GO:0052689),GO_Molecular_Function_2021,1/96,0.1632148618429656,0.2669280132890557,0,0,5.809356725146199,10.53054991851772,PNPLA2
single-stranded DNA binding (GO:0003697),GO_Molecular_Function_2021,1/97,0.1647703785734911,0.2669280132890557,0,0,5.7485532407407405,10.365805111339196,PCBP2
serine-type endopeptidase activity (GO:0004252),GO_Molecular_Function_2021,1/105,0.1771136386190957,0.2812981319244461,0,0,5.304220085470085,9.181412564378912,FURIN
kinase activity (GO:0016301),GO_Molecular_Function_2021,1/112,0.1877682569704956,0.2879987928559623,0,0,4.967967967967968,8.309158689911323,FN3K
DNA binding (GO:0003677),GO_Molecular_Function_2021,3/811,0.1884436545847654,0.2879987928559623,0,0,2.0917661619103085,3.491066170651534,MBD5;PCBP2;TCF3
endopeptidase inhibitor activity (GO:0004866),GO_Molecular_Function_2021,1/115,0.1922933215627638,0.2884399823441457,0,0,4.836500974658869,7.9741004844715615,FURIN
protease binding (GO:0002020),GO_Molecular_Function_2021,1/118,0.1967938540239151,0.2898236759261296,0,0,4.711775878442545,7.659455915322864,FURIN
serine-type peptidase activity (GO:0008236),GO_Molecular_Function_2021,1/125,0.2072004187828564,0.2997006057394887,0,0,4.444220430107527,6.995508485793588,FURIN
magnesium ion binding (GO:0000287),GO_Molecular_Function_2021,1/146,0.2376391377208042,0.3376977220243007,0,0,3.796551724137931,5.455652359988538,MAP2K7
metal ion binding (GO:0046872),GO_Molecular_Function_2021,2/517,0.2479675165913533,0.3462994628258555,0,0,2.157891816920943,3.009088477671904,PPP3R1;MAP2K7
small GTPase binding (GO:0031267),GO_Molecular_Function_2021,1/175,0.2778109604167112,0.3814014880297221,0,0,3.159163473818646,4.046302053729617,PPP6R1
protein heterodimerization activity (GO:0046982),GO_Molecular_Function_2021,1/188,0.2951432114162228,0.3890267124527815,0,0,2.9376114081996434,3.58475127373576,TCF3
GTP binding (GO:0005525),GO_Molecular_Function_2021,1/189,0.2964595682571994,0.3890267124527815,0,0,2.921838061465721,3.5525005418174813,RAB11B
RNA polymerase II-specific DNA-binding transcription factor binding (GO:0061629),GO_Molecular_Function_2021,1/190,0.2977735329885488,0.3890267124527815,0,0,2.9062316284538507,3.52067304167275,TCF3
GTPase binding (GO:0051020),GO_Molecular_Function_2021,1/201,0.3120704738038972,0.40029801784056,0,0,2.744861111111111,3.196462786581096,PPP6R1
DNA-binding transcription factor binding (GO:0140297),GO_Molecular_Function_2021,1/208,0.3210206416307606,0.40029801784056,0,0,2.6511003757380567,3.012312414272225,TCF3
guanyl ribonucleotide binding (GO:0032561),GO_Molecular_Function_2021,1/214,0.32860195375333,0.40029801784056,0,0,2.5756390193009917,2.866449598621612,RAB11B
protein homodimerization activity (GO:0042803),GO_Molecular_Function_2021,2/636,0.3299641506518658,0.40029801784056,0,0,1.7421360973411446,1.9316304441219083,TCF3;LHPP
GTPase activity (GO:0003924),GO_Molecular_Function_2021,1/216,0.3311107061150312,0.40029801784056,0,0,2.551421188630491,2.8200922182497528,RAB11B
RNA polymerase II cis-regulatory region sequence-specific DNA binding (GO:0000978),GO_Molecular_Function_2021,3/1149,0.3582496000693647,0.4205538783422977,0,0,1.4487988912842624,1.487228757979272,WBP2;ZNF777;TCF3
cis-regulatory region sequence-specific DNA binding (GO:0000987),GO_Molecular_Function_2021,3/1149,0.3582496000693647,0.4205538783422977,0,0,1.4487988912842624,1.487228757979272,WBP2;ZNF777;TCF3
"DNA-binding transcription repressor activity, RNA polymerase II-specific (GO:0001227)",GO_Molecular_Function_2021,1/256,0.3794124090719969,0.439034359069025,0,0,2.1468409586056647,2.080571230507279,TCF3
mRNA binding (GO:0003729),GO_Molecular_Function_2021,1/263,0.3875088052250187,0.4420875101862889,0,0,2.088740458015267,1.9801608513817743,PCBP2
nucleoside-triphosphatase activity (GO:0017111),GO_Molecular_Function_2021,1/278,0.4045136565868734,0.4550778636602326,0,0,1.974127557160048,1.7867231966241666,RAB11B
endopeptidase activity (GO:0004175),GO_Molecular_Function_2021,1/315,0.4445186825865271,0.4932330587603931,0,0,1.738234253361642,1.4092963557763751,FURIN
"DNA-binding transcription activator activity, RNA polymerase II-specific (GO:0001228)",GO_Molecular_Function_2021,1/333,0.4630227667132225,0.5016943578835441,0,0,1.6424866131191431,1.264680288475352,TCF3
RNA polymerase II transcription regulatory region sequence-specific DNA binding (GO:0000977),GO_Molecular_Function_2021,3/1359,0.4645318128551334,0.5016943578835441,0,0,1.2107626236335245,0.9283222567566526,WBP2;ZNF777;TCF3
calcium ion binding (GO:0005509),GO_Molecular_Function_2021,1/348,0.4779834717271004,0.509429752761778,0,0,1.5702849823887288,1.1591515944028772,PPP3R1
RNA binding (GO:0003723),GO_Molecular_Function_2021,3/1406,0.487466730183851,0.5127896772063887,0,0,1.1672466563246824,0.8387055179376308,PCBP2;PA2G4;CASC3
ubiquitin-protein transferase activity (GO:0004842),GO_Molecular_Function_2021,1/392,0.5195664232292732,0.5395497471996299,0,0,1.390451832907076,0.9104130995984216,UBE2E3
purine ribonucleoside triphosphate binding (GO:0035639),GO_Molecular_Function_2021,1/460,0.577566098886573,0.5855955719404534,0,0,1.1803437424352456,0.6479289070587512,RAB11B
kinase binding (GO:0019900),GO_Molecular_Function_2021,1/461,0.5783659969782257,0.5855955719404534,0,0,1.1777173913043475,0.6448572708339187,MAP2K7
transcription cis-regulatory region binding (GO:0000976),GO_Molecular_Function_2021,1/549,0.643274593155433,0.643274593155433,0,0,0.9841342254663422,0.4341838764355369,TCF3
