Term,Gene_set,Overlap,P-value,Adjusted P-value,Old P-value,Old Adjusted P-value,Odds Ratio,Combined Score,Genes
cellular response to cytokine stimulus (GO:0071345),GO_Biological_Process_2021,10/482,1.1702707860434381e-08,4.961948132824177e-06,0,0,15.294256120527306,279.3258143569592,STAT5B;CSF3R;ITGAX;RC3H1;STAT6;GAB2;TYK2;STX3;IL6R;MAPK13
cytokine-mediated signaling pathway (GO:0019221),GO_Biological_Process_2021,9/621,1.4463203470205442e-06,0.0003066199135683553,0,0,10.163340336134452,136.66123304285074,STAT5B;MAP3K3;CSF3R;ITGAX;STAT6;GAB2;TYK2;STX3;IL6R
taurine metabolic process (GO:0019530),GO_Biological_Process_2021,2/6,4.9717470517636224e-05,0.0070267358331592,0,0,285.12857142857143,2825.38297174799,STAT5B;CSAD
chloride ion homeostasis (GO:0055064),GO_Biological_Process_2021,2/10,0.0001484593618046431,0.0125893538810337,0,0,142.53571428571428,1256.4807280914272,SLC12A6;SLC12A9
monovalent inorganic anion homeostasis (GO:0055083),GO_Biological_Process_2021,2/10,0.0001484593618046431,0.0125893538810337,0,0,142.53571428571428,1256.4807280914272,SLC12A6;SLC12A9
growth hormone receptor signaling pathway via JAK-STAT (GO:0060397),GO_Biological_Process_2021,2/14,0.0002988222171700243,0.0211167700133483,0,0,95.0047619047619,771.0265125260339,STAT5B;STAT6
growth hormone receptor signaling pathway (GO:0060396),GO_Biological_Process_2021,2/20,0.0006195695304718364,0.0375282115600083,0,0,63.31746031746032,467.69351055771176,STAT5B;STAT6
potassium ion homeostasis (GO:0055075),GO_Biological_Process_2021,2/24,0.0008958242762467574,0.0458197560958104,0,0,51.79480519480519,363.4838376075078,SLC12A6;SLC12A9
receptor signaling pathway via STAT (GO:0097696),GO_Biological_Process_2021,2/25,0.0009725891624110714,0.0458197560958104,0,0,49.54037267080745,343.5896723752696,STAT5B;STAT6
monovalent inorganic cation homeostasis (GO:0055067),GO_Biological_Process_2021,2/27,0.0011352833568532,0.0481360143305765,0,0,45.57257142857143,309.0218193954077,SLC12A6;SLC12A9
receptor signaling pathway via JAK-STAT (GO:0007259),GO_Biological_Process_2021,2/31,0.0014970235354745,0.05770345264011,0,0,39.27881773399015,255.48028924599197,STAT5B;STAT6
positive regulation of cell population proliferation (GO:0008284),GO_Biological_Process_2021,5/474,0.0017067597278364,0.060305510383555,0,0,6.4945362473347545,41.39070955106762,MAP3K3;ITGAX;GAB2;STX3;IL6R
positive regulation of response to external stimulus (GO:0032103),GO_Biological_Process_2021,3/139,0.0021472099480956,0.0664779830452534,0,0,12.863538062283736,79.02825206875076,STX3;SLC15A4;MAPK13
response to peptide (GO:1901652),GO_Biological_Process_2021,2/39,0.0023634873326999,0.0664779830452534,0,0,30.773745173745173,186.10782653738667,STAT5B;STAT6
regulation of cell population proliferation (GO:0042127),GO_Biological_Process_2021,6/764,0.002573546602299,0.0664779830452534,0,0,4.903821601838454,29.238890807058844,STAT5B;ITGAX;STAT6;GAB2;STX3;IL6R
potassium ion import across plasma membrane (GO:1990573),GO_Biological_Process_2021,2/42,0.0027366788769956,0.0664779830452534,0,0,28.46142857142857,167.95117980688823,SLC12A6;SLC12A9
cellular response to interleukin-1 (GO:0071347),GO_Biological_Process_2021,3/155,0.0029241456249328,0.0664779830452534,0,0,11.500193498452012,67.10078776823151,MAP3K3;RC3H1;MAPK13
metal ion homeostasis (GO:0055065),GO_Biological_Process_2021,2/44,0.0029998704428757,0.0664779830452534,0,0,27.10340136054422,157.44870453212684,SLC12A6;SLC12A9
mRNA catabolic process (GO:0006402),GO_Biological_Process_2021,2/44,0.0029998704428757,0.0664779830452534,0,0,27.10340136054422,157.44870453212684,AGO4;RC3H1
positive regulation of chemotaxis (GO:0050921),GO_Biological_Process_2021,2/45,0.0031357539172289,0.0664779830452534,0,0,26.471760797342192,152.60667394670926,STX3;IL6R
chloride transmembrane transport (GO:1902476),GO_Biological_Process_2021,2/50,0.0038576315924392,0.0778874188187728,0,0,23.70833333333333,131.76384828572083,SLC12A6;SLC12A9
response to peptide hormone (GO:0043434),GO_Biological_Process_2021,2/52,0.0041660043080167,0.0802902648454137,0,0,22.75771428571429,124.7304327126967,STAT5B;STAT6
inorganic anion transmembrane transport (GO:0098661),GO_Biological_Process_2021,2/65,0.006437093194111,0.0917021760482554,0,0,18.049886621315192,91.07391958451102,SLC12A6;SLC12A9
positive regulation of interleukin-6 production (GO:0032755),GO_Biological_Process_2021,2/76,0.0087083637744971,0.0917021760482554,0,0,15.358301158301158,72.85166170930836,IL6R;MAPK13
chloride transport (GO:0006821),GO_Biological_Process_2021,2/76,0.0087083637744971,0.0917021760482554,0,0,15.358301158301158,72.85166170930836,SLC12A6;SLC12A9
inorganic cation import across plasma membrane (GO:0098659),GO_Biological_Process_2021,2/77,0.0089302414393913,0.0917021760482554,0,0,15.152761904761904,71.49545601869538,SLC12A6;SLC12A9
"negative regulation of CD4-positive, alpha-beta T cell differentiation (GO:0043371)",GO_Biological_Process_2021,1/5,0.0092166585448215,0.0917021760482554,0,0,138.60416666666666,649.6020692107373,RC3H1
regulation of vascular associated smooth muscle contraction (GO:0003056),GO_Biological_Process_2021,1/5,0.0092166585448215,0.0917021760482554,0,0,138.60416666666666,649.6020692107373,DOCK5
response to sodium arsenite (GO:1903935),GO_Biological_Process_2021,1/5,0.0092166585448215,0.0917021760482554,0,0,138.60416666666666,649.6020692107373,MAPK13
positive regulation of mast cell activation involved in immune response (GO:0033008),GO_Biological_Process_2021,1/5,0.0092166585448215,0.0917021760482554,0,0,138.60416666666666,649.6020692107373,GAB2
regulation of endothelial tube morphogenesis (GO:1901509),GO_Biological_Process_2021,1/5,0.0092166585448215,0.0917021760482554,0,0,138.60416666666666,649.6020692107373,ITGAX
negative regulation of smooth muscle contraction (GO:0045986),GO_Biological_Process_2021,1/5,0.0092166585448215,0.0917021760482554,0,0,138.60416666666666,649.6020692107373,DOCK5
regulation of germinal center formation (GO:0002634),GO_Biological_Process_2021,1/5,0.0092166585448215,0.0917021760482554,0,0,138.60416666666666,649.6020692107373,RC3H1
regulation of glomerular mesangial cell proliferation (GO:0072124),GO_Biological_Process_2021,1/5,0.0092166585448215,0.0917021760482554,0,0,138.60416666666666,649.6020692107373,IL6R
positive regulation of nucleotide-binding oligomerization domain containing signaling pathway (GO:0070426),GO_Biological_Process_2021,1/5,0.0092166585448215,0.0917021760482554,0,0,138.60416666666666,649.6020692107373,SLC15A4
cellular response to salt stress (GO:0071472),GO_Biological_Process_2021,1/5,0.0092166585448215,0.0917021760482554,0,0,138.60416666666666,649.6020692107373,SLC12A6
cellular response to sodium arsenite (GO:1903936),GO_Biological_Process_2021,1/5,0.0092166585448215,0.0917021760482554,0,0,138.60416666666666,649.6020692107373,MAPK13
ciliary neurotrophic factor-mediated signaling pathway (GO:0070120),GO_Biological_Process_2021,1/5,0.0092166585448215,0.0917021760482554,0,0,138.60416666666666,649.6020692107373,IL6R
regulation of miRNA metabolic process (GO:2000628),GO_Biological_Process_2021,1/5,0.0092166585448215,0.0917021760482554,0,0,138.60416666666666,649.6020692107373,RC3H1
positive regulation of toll-like receptor 9 signaling pathway (GO:0034165),GO_Biological_Process_2021,1/5,0.0092166585448215,0.0917021760482554,0,0,138.60416666666666,649.6020692107373,SLC15A4
regulation of nucleotide-binding oligomerization domain containing signaling pathway (GO:0070424),GO_Biological_Process_2021,1/5,0.0092166585448215,0.0917021760482554,0,0,138.60416666666666,649.6020692107373,SLC15A4
mRNA cleavage involved in gene silencing by miRNA (GO:0035279),GO_Biological_Process_2021,1/5,0.0092166585448215,0.0917021760482554,0,0,138.60416666666666,649.6020692107373,AGO4
regulation of protein localization to plasma membrane (GO:1903076),GO_Biological_Process_2021,2/80,0.0096109834370705,0.0917021760482554,0,0,14.567765567765568,67.66506734499274,NUMB;STX3
response to interleukin-1 (GO:0070555),GO_Biological_Process_2021,2/86,0.0110396012875242,0.0917021760482554,0,0,13.52312925170068,60.93882234835191,RC3H1;MAPK13
regulation of T-helper cell differentiation (GO:0045622),GO_Biological_Process_2021,1/6,0.0110500548998867,0.0917021760482554,0,0,110.87777777777778,499.5398567734965,RC3H1
cellular response to salt (GO:1902075),GO_Biological_Process_2021,1/6,0.0110500548998867,0.0917021760482554,0,0,110.87777777777778,499.5398567734965,MAPK13
positive regulation of toll-like receptor 7 signaling pathway (GO:0034157),GO_Biological_Process_2021,1/6,0.0110500548998867,0.0917021760482554,0,0,110.87777777777778,499.5398567734965,SLC15A4
regulation of nucleotide-binding oligomerization domain containing 2 signaling pathway (GO:0070432),GO_Biological_Process_2021,1/6,0.0110500548998867,0.0917021760482554,0,0,110.87777777777778,499.5398567734965,SLC15A4
positive regulation of activation of Janus kinase activity (GO:0010536),GO_Biological_Process_2021,1/7,0.012880151107249,0.0917021760482554,0,0,92.39351851851852,402.10285931653846,IL6R
regulation of Rab protein signal transduction (GO:0032483),GO_Biological_Process_2021,1/7,0.012880151107249,0.0917021760482554,0,0,92.39351851851852,402.10285931653846,DENND3
regulation of skeletal muscle satellite cell proliferation (GO:0014842),GO_Biological_Process_2021,1/7,0.012880151107249,0.0917021760482554,0,0,92.39351851851852,402.10285931653846,CFLAR
regulation of toll-like receptor 7 signaling pathway (GO:0034155),GO_Biological_Process_2021,1/7,0.012880151107249,0.0917021760482554,0,0,92.39351851851852,402.10285931653846,SLC15A4
cellular hypotonic response (GO:0071476),GO_Biological_Process_2021,1/7,0.012880151107249,0.0917021760482554,0,0,92.39351851851852,402.10285931653846,SLC12A6
negative regulation of T-helper 17 type immune response (GO:2000317),GO_Biological_Process_2021,1/7,0.012880151107249,0.0917021760482554,0,0,92.39351851851852,402.10285931653846,RC3H1
miRNA loading onto RISC involved in gene silencing by miRNA (GO:0035280),GO_Biological_Process_2021,1/7,0.012880151107249,0.0917021760482554,0,0,92.39351851851852,402.10285931653846,AGO4
positive regulation of cell migration (GO:0030335),GO_Biological_Process_2021,3/269,0.0133453841992463,0.0917021760482554,0,0,6.533724015922158,28.203373165500626,DOCK5;NUMB;ITGAX
positive regulation of cold-induced thermogenesis (GO:0120162),GO_Biological_Process_2021,2/97,0.0138853641340844,0.0917021760482554,0,0,11.950676691729324,51.1120873625095,ZNF516;STAT6
positive regulation of defense response (GO:0031349),GO_Biological_Process_2021,2/98,0.0141582796299556,0.0917021760482554,0,0,11.825595238095238,50.34694777140265,SLC15A4;MAPK13
ammonium transmembrane transport (GO:0072488),GO_Biological_Process_2021,1/8,0.014706952762456,0.0917021760482554,0,0,79.19047619047619,334.1390605677817,SLC12A6
regulation of activation of Janus kinase activity (GO:0010533),GO_Biological_Process_2021,1/8,0.014706952762456,0.0917021760482554,0,0,79.19047619047619,334.1390605677817,IL6R
basic amino acid transport (GO:0015802),GO_Biological_Process_2021,1/8,0.014706952762456,0.0917021760482554,0,0,79.19047619047619,334.1390605677817,SLC15A4
brown fat cell differentiation (GO:0050873),GO_Biological_Process_2021,1/8,0.014706952762456,0.0917021760482554,0,0,79.19047619047619,334.1390605677817,ZNF516
RNA secondary structure unwinding (GO:0010501),GO_Biological_Process_2021,1/8,0.014706952762456,0.0917021760482554,0,0,79.19047619047619,334.1390605677817,AGO4
skeletal muscle tissue regeneration (GO:0043403),GO_Biological_Process_2021,1/8,0.014706952762456,0.0917021760482554,0,0,79.19047619047619,334.1390605677817,CFLAR
skeletal myofibril assembly (GO:0014866),GO_Biological_Process_2021,1/8,0.014706952762456,0.0917021760482554,0,0,79.19047619047619,334.1390605677817,CFLAR
negative regulation of T-helper 17 cell differentiation (GO:2000320),GO_Biological_Process_2021,1/8,0.014706952762456,0.0917021760482554,0,0,79.19047619047619,334.1390605677817,RC3H1
positive regulation of vascular associated smooth muscle cell migration (GO:1904754),GO_Biological_Process_2021,1/8,0.014706952762456,0.0917021760482554,0,0,79.19047619047619,334.1390605677817,DOCK5
regulation of pattern recognition receptor signaling pathway (GO:0062207),GO_Biological_Process_2021,1/8,0.014706952762456,0.0917021760482554,0,0,79.19047619047619,334.1390605677817,SLC15A4
positive regulation of mast cell degranulation (GO:0043306),GO_Biological_Process_2021,1/9,0.0165304655004847,0.0934522316294071,0,0,69.28819444444444,284.25829643277825,GAB2
interleukin-23-mediated signaling pathway (GO:0038155),GO_Biological_Process_2021,1/9,0.0165304655004847,0.0934522316294071,0,0,69.28819444444444,284.25829643277825,TYK2
interleukin-9-mediated signaling pathway (GO:0038113),GO_Biological_Process_2021,1/9,0.0165304655004847,0.0934522316294071,0,0,69.28819444444444,284.25829643277825,STAT5B
cellular response to interleukin-9 (GO:0071355),GO_Biological_Process_2021,1/9,0.0165304655004847,0.0934522316294071,0,0,69.28819444444444,284.25829643277825,STAT5B
small RNA loading onto RISC (GO:0070922),GO_Biological_Process_2021,1/9,0.0165304655004847,0.0934522316294071,0,0,69.28819444444444,284.25829643277825,AGO4
regulation of glucan biosynthetic process (GO:0010962),GO_Biological_Process_2021,1/9,0.0165304655004847,0.0934522316294071,0,0,69.28819444444444,284.25829643277825,PPP1R3B
neurotransmitter receptor transport to postsynaptic membrane (GO:0098969),GO_Biological_Process_2021,1/9,0.0165304655004847,0.0934522316294071,0,0,69.28819444444444,284.25829643277825,STX3
regulation of interleukin-6 production (GO:0032675),GO_Biological_Process_2021,2/110,0.0176123284196943,0.0960733146277841,0,0,10.505291005291005,42.43251070607915,IL6R;MAPK13
regulation of T-helper 17 cell differentiation (GO:2000319),GO_Biological_Process_2021,1/10,0.0183506949831896,0.0960733146277841,0,0,61.58641975308642,246.2279153977221,RC3H1
cellular response to interleukin-4 (GO:0071353),GO_Biological_Process_2021,1/10,0.0183506949831896,0.0960733146277841,0,0,61.58641975308642,246.2279153977221,STAT6
positive regulation of metabolic process (GO:0009893),GO_Biological_Process_2021,2/113,0.0185264233895812,0.0960733146277841,0,0,10.21981981981982,40.762336687515074,ZNF516;STAT6
ion transport (GO:0006811),GO_Biological_Process_2021,2/116,0.0194602760250312,0.0960733146277841,0,0,9.94937343358396,39.19436289686784,SLC12A6;SLC15A4
regulation of toll-like receptor 9 signaling pathway (GO:0034163),GO_Biological_Process_2021,1/11,0.0201676468856421,0.0960733146277841,0,0,55.425,216.36122001333428,SLC15A4
cell proliferation in forebrain (GO:0021846),GO_Biological_Process_2021,1/11,0.0201676468856421,0.0960733146277841,0,0,55.425,216.36122001333428,NUMB
interleukin-2-mediated signaling pathway (GO:0038110),GO_Biological_Process_2021,1/11,0.0201676468856421,0.0960733146277841,0,0,55.425,216.36122001333428,STAT5B
positive regulation of myelination (GO:0031643),GO_Biological_Process_2021,1/11,0.0201676468856421,0.0960733146277841,0,0,55.425,216.36122001333428,ITGAX
cellular response to interleukin-2 (GO:0071352),GO_Biological_Process_2021,1/11,0.0201676468856421,0.0960733146277841,0,0,55.425,216.36122001333428,STAT5B
negative regulation of T-helper cell differentiation (GO:0045623),GO_Biological_Process_2021,1/11,0.0201676468856421,0.0960733146277841,0,0,55.425,216.36122001333428,RC3H1
"negative regulation of translation, ncRNA-mediated (GO:0040033)",GO_Biological_Process_2021,1/11,0.0201676468856421,0.0960733146277841,0,0,55.425,216.36122001333428,AGO4
miRNA mediated inhibition of translation (GO:0035278),GO_Biological_Process_2021,1/11,0.0201676468856421,0.0960733146277841,0,0,55.425,216.36122001333428,AGO4
negative regulation of activated T cell proliferation (GO:0046007),GO_Biological_Process_2021,1/11,0.0201676468856421,0.0960733146277841,0,0,55.425,216.36122001333428,RC3H1
negative regulation of B cell proliferation (GO:0030889),GO_Biological_Process_2021,1/12,0.0219813268798694,0.0960733146277841,0,0,50.38383838383838,192.34342502593887,RC3H1
adipose tissue development (GO:0060612),GO_Biological_Process_2021,1/12,0.0219813268798694,0.0960733146277841,0,0,50.38383838383838,192.34342502593887,ZNF516
regulation of vascular associated smooth muscle cell migration (GO:1904752),GO_Biological_Process_2021,1/12,0.0219813268798694,0.0960733146277841,0,0,50.38383838383838,192.34342502593887,DOCK5
regulation of glycogen metabolic process (GO:0070873),GO_Biological_Process_2021,1/12,0.0219813268798694,0.0960733146277841,0,0,50.38383838383838,192.34342502593887,PPP1R3B
synaptic vesicle fusion to presynaptic active zone membrane (GO:0031629),GO_Biological_Process_2021,1/12,0.0219813268798694,0.0960733146277841,0,0,50.38383838383838,192.34342502593887,STX3
regulation of myoblast fusion (GO:1901739),GO_Biological_Process_2021,1/12,0.0219813268798694,0.0960733146277841,0,0,50.38383838383838,192.34342502593887,CFLAR
P-body assembly (GO:0033962),GO_Biological_Process_2021,1/12,0.0219813268798694,0.0960733146277841,0,0,50.38383838383838,192.34342502593887,RC3H1
positive regulation of cytokine production (GO:0001819),GO_Biological_Process_2021,3/335,0.0237766702001925,0.0960733146277841,0,0,5.217310418143161,19.507786724561235,STAT6;IL6R;MAPK13
negative regulation of cellular senescence (GO:2000773),GO_Biological_Process_2021,1/13,0.0237917406507484,0.0960733146277841,0,0,46.18287037037037,172.65081800368927,MAP3K3
regulation of antigen receptor-mediated signaling pathway (GO:0050854),GO_Biological_Process_2021,1/13,0.0237917406507484,0.0960733146277841,0,0,46.18287037037037,172.65081800368927,RC3H1
positive regulation of fatty acid biosynthetic process (GO:0045723),GO_Biological_Process_2021,1/13,0.0237917406507484,0.0960733146277841,0,0,46.18287037037037,172.65081800368927,LPGAT1
interleukin-15-mediated signaling pathway (GO:0035723),GO_Biological_Process_2021,1/13,0.0237917406507484,0.0960733146277841,0,0,46.18287037037037,172.65081800368927,STAT5B
positive regulation of mRNA metabolic process (GO:1903313),GO_Biological_Process_2021,1/13,0.0237917406507484,0.0960733146277841,0,0,46.18287037037037,172.65081800368927,RC3H1
intracellular sterol transport (GO:0032366),GO_Biological_Process_2021,1/13,0.0237917406507484,0.0960733146277841,0,0,46.18287037037037,172.65081800368927,OSBPL2
cellular response to interleukin-15 (GO:0071350),GO_Biological_Process_2021,1/13,0.0237917406507484,0.0960733146277841,0,0,46.18287037037037,172.65081800368927,STAT5B
positive regulation of protein localization to cell surface (GO:2000010),GO_Biological_Process_2021,1/13,0.0237917406507484,0.0960733146277841,0,0,46.18287037037037,172.65081800368927,STX3
RNA metabolic process (GO:0016070),GO_Biological_Process_2021,2/133,0.0251140967752434,0.0997887241081352,0,0,8.65081788440567,31.87243295852088,AGO4;CELF2
positive regulation of leukocyte degranulation (GO:0043302),GO_Biological_Process_2021,1/14,0.025598893875467,0.0997887241081352,0,0,42.62820512820513,156.2411590204543,GAB2
pre-miRNA processing (GO:0031054),GO_Biological_Process_2021,1/14,0.025598893875467,0.0997887241081352,0,0,42.62820512820513,156.2411590204543,AGO4
positive regulation of multicellular organismal process (GO:0051240),GO_Biological_Process_2021,3/345,0.0256532333202517,0.0997887241081352,0,0,5.06217750257998,18.54318981776771,ZNF516;ITGAX;STAT6
potassium ion transmembrane transport (GO:0071805),GO_Biological_Process_2021,2/139,0.0272514425807552,0.100891654377218,0,0,8.269447340980188,29.791914709423647,SLC12A6;SLC12A9
protein dephosphorylation (GO:0006470),GO_Biological_Process_2021,2/139,0.0272514425807552,0.100891654377218,0,0,8.269447340980188,29.791914709423647,PTPRE;SSH2
acute-phase response (GO:0006953),GO_Biological_Process_2021,1/15,0.0274027922368154,0.100891654377218,0,0,39.58134920634921,142.37848146420913,IL6R
cellular response to arsenic-containing substance (GO:0071243),GO_Biological_Process_2021,1/15,0.0274027922368154,0.100891654377218,0,0,39.58134920634921,142.37848146420913,MAPK13
interleukin-27-mediated signaling pathway (GO:0070106),GO_Biological_Process_2021,1/15,0.0274027922368154,0.100891654377218,0,0,39.58134920634921,142.37848146420913,TYK2
intracellular cholesterol transport (GO:0032367),GO_Biological_Process_2021,1/15,0.0274027922368154,0.100891654377218,0,0,39.58134920634921,142.37848146420913,OSBPL2
positive regulation of cellular process (GO:0048522),GO_Biological_Process_2021,4/625,0.0276024337447105,0.100891654377218,0,0,3.7753379202654567,13.552901858003496,ITGAX;GAB2;STX3;IL6R
3'-UTR-mediated mRNA destabilization (GO:0061158),GO_Biological_Process_2021,1/16,0.0292034414014455,0.1031854929517742,0,0,36.94074074074074,130.52895191723596,RC3H1
negative regulation of immune effector process (GO:0002698),GO_Biological_Process_2021,1/16,0.0292034414014455,0.1031854929517742,0,0,36.94074074074074,130.52895191723596,RC3H1
regulation of isotype switching (GO:0045191),GO_Biological_Process_2021,1/16,0.0292034414014455,0.1031854929517742,0,0,36.94074074074074,130.52895191723596,SLC15A4
regulation of mast cell degranulation (GO:0043304),GO_Biological_Process_2021,1/16,0.0292034414014455,0.1031854929517742,0,0,36.94074074074074,130.52895191723596,GAB2
negative regulation of cell aging (GO:0090344),GO_Biological_Process_2021,1/17,0.0310008470344359,0.1033375525063714,0,0,34.630208333333336,120.29636590931148,MAP3K3
RNA interference (GO:0016246),GO_Biological_Process_2021,1/17,0.0310008470344359,0.1033375525063714,0,0,34.630208333333336,120.29636590931148,AGO4
synaptic vesicle membrane organization (GO:0048499),GO_Biological_Process_2021,1/17,0.0310008470344359,0.1033375525063714,0,0,34.630208333333336,120.29636590931148,STX3
positive regulation of smooth muscle cell migration (GO:0014911),GO_Biological_Process_2021,1/17,0.0310008470344359,0.1033375525063714,0,0,34.630208333333336,120.29636590931148,DOCK5
dephosphorylation (GO:0016311),GO_Biological_Process_2021,2/153,0.0325122716725138,0.1033375525063714,0,0,7.497445600756859,25.68728080896691,PTPRE;SSH2
positive regulation of cell migration involved in sprouting angiogenesis (GO:0090050),GO_Biological_Process_2021,1/18,0.0327950148043916,0.1033375525063714,0,0,32.591503267973856,111.38077026649428,MAP3K3
positive regulation of fatty acid metabolic process (GO:0045923),GO_Biological_Process_2021,1/18,0.0327950148043916,0.1033375525063714,0,0,32.591503267973856,111.38077026649428,LPGAT1
carbohydrate derivative transport (GO:1901264),GO_Biological_Process_2021,1/18,0.0327950148043916,0.1033375525063714,0,0,32.591503267973856,111.38077026649428,SLC15A4
interleukin-6-mediated signaling pathway (GO:0070102),GO_Biological_Process_2021,1/18,0.0327950148043916,0.1033375525063714,0,0,32.591503267973856,111.38077026649428,IL6R
positive regulation of nervous system process (GO:0031646),GO_Biological_Process_2021,1/18,0.0327950148043916,0.1033375525063714,0,0,32.591503267973856,111.38077026649428,ITGAX
triglyceride biosynthetic process (GO:0019432),GO_Biological_Process_2021,1/18,0.0327950148043916,0.1033375525063714,0,0,32.591503267973856,111.38077026649428,LPGAT1
regulation of multicellular organism growth (GO:0040014),GO_Biological_Process_2021,1/18,0.0327950148043916,0.1033375525063714,0,0,32.591503267973856,111.38077026649428,STAT5B
phosphatidylglycerol acyl-chain remodeling (GO:0036148),GO_Biological_Process_2021,1/18,0.0327950148043916,0.1033375525063714,0,0,32.591503267973856,111.38077026649428,LPGAT1
phosphatidylinositol acyl-chain remodeling (GO:0036149),GO_Biological_Process_2021,1/18,0.0327950148043916,0.1033375525063714,0,0,32.591503267973856,111.38077026649428,LPGAT1
positive regulation of protein kinase activity (GO:0045860),GO_Biological_Process_2021,2/154,0.0329022867650003,0.1033375525063714,0,0,7.447744360902256,25.428186489735342,RASSF2;IL6R
interleukin-7-mediated signaling pathway (GO:0038111),GO_Biological_Process_2021,1/19,0.0345859503542857,0.1062640793493995,0,0,30.77932098765432,103.55110778477112,STAT5B
cellular response to interleukin-7 (GO:0098761),GO_Biological_Process_2021,1/19,0.0345859503542857,0.1062640793493995,0,0,30.77932098765432,103.55110778477112,STAT5B
regulation of leukocyte chemotaxis (GO:0002688),GO_Biological_Process_2021,1/19,0.0345859503542857,0.1062640793493995,0,0,30.77932098765432,103.55110778477112,IL6R
post-transcriptional gene silencing by RNA (GO:0035194),GO_Biological_Process_2021,1/20,0.0363736593292806,0.1093789472029431,0,0,29.157894736842103,96.62665093408292,AGO4
production of small RNA involved in gene silencing by RNA (GO:0070918),GO_Biological_Process_2021,1/20,0.0363736593292806,0.1093789472029431,0,0,29.157894736842103,96.62665093408292,AGO4
regulation of programmed necrotic cell death (GO:0062098),GO_Biological_Process_2021,1/20,0.0363736593292806,0.1093789472029431,0,0,29.157894736842103,96.62665093408292,CFLAR
negative regulation of peptidyl-serine phosphorylation (GO:0033137),GO_Biological_Process_2021,1/21,0.0381581473785356,0.1108154417020487,0,0,27.698611111111116,90.46410657809346,RASSF2
negative regulation of protein localization to cell periphery (GO:1904376),GO_Biological_Process_2021,1/21,0.0381581473785356,0.1108154417020487,0,0,27.698611111111116,90.46410657809346,NUMB
negative regulation of protein localization to plasma membrane (GO:1903077),GO_Biological_Process_2021,1/21,0.0381581473785356,0.1108154417020487,0,0,27.698611111111116,90.46410657809346,NUMB
sterol transport (GO:0015918),GO_Biological_Process_2021,1/21,0.0381581473785356,0.1108154417020487,0,0,27.698611111111116,90.46410657809346,OSBPL2
chondroitin sulfate biosynthetic process (GO:0030206),GO_Biological_Process_2021,1/21,0.0381581473785356,0.1108154417020487,0,0,27.698611111111116,90.46410657809346,CHST15
positive regulation of I-kappaB kinase/NF-kappaB signaling (GO:0043123),GO_Biological_Process_2021,2/171,0.0398103368104228,0.1136531149984269,0,0,6.692814877430262,21.575149999242303,MAP3K3;CFLAR
negative regulation of B cell activation (GO:0050869),GO_Biological_Process_2021,1/22,0.0399394201291641,0.1136531149984269,0,0,26.37830687830688,84.948474454672,RC3H1
osteoclast differentiation (GO:0030316),GO_Biological_Process_2021,1/22,0.0399394201291641,0.1136531149984269,0,0,26.37830687830688,84.948474454672,GAB2
acylglycerol biosynthetic process (GO:0046463),GO_Biological_Process_2021,1/23,0.0417174831924768,0.1156092344680403,0,0,25.178030303030305,79.98644731441095,LPGAT1
positive regulation of morphogenesis of an epithelium (GO:1905332),GO_Biological_Process_2021,1/23,0.0417174831924768,0.1156092344680403,0,0,25.178030303030305,79.98644731441095,ITGAX
positive regulation of protein autophosphorylation (GO:0031954),GO_Biological_Process_2021,1/23,0.0417174831924768,0.1156092344680403,0,0,25.178030303030305,79.98644731441095,RASSF2
regulation of necroptotic process (GO:0060544),GO_Biological_Process_2021,1/23,0.0417174831924768,0.1156092344680403,0,0,25.178030303030305,79.98644731441095,CFLAR
organophosphate ester transport (GO:0015748),GO_Biological_Process_2021,1/25,0.0452640027356933,0.1230252382047049,0,0,23.077546296296298,71.43061833824453,OSBPL2
phosphatidylglycerol metabolic process (GO:0046471),GO_Biological_Process_2021,1/25,0.0452640027356933,0.1230252382047049,0,0,23.077546296296298,71.43061833824453,LPGAT1
negative regulation of actin filament polymerization (GO:0030837),GO_Biological_Process_2021,1/25,0.0452640027356933,0.1230252382047049,0,0,23.077546296296298,71.43061833824453,SSH2
negative regulation of protein localization to membrane (GO:1905476),GO_Biological_Process_2021,1/26,0.0470324704132764,0.1238936906636632,0,0,22.15333333333333,67.72090251278901,NUMB
regulation of glycogen biosynthetic process (GO:0005979),GO_Biological_Process_2021,1/26,0.0470324704132764,0.1238936906636632,0,0,22.15333333333333,67.72090251278901,PPP1R3B
regulation of myelination (GO:0031641),GO_Biological_Process_2021,1/26,0.0470324704132764,0.1238936906636632,0,0,22.15333333333333,67.72090251278901,ITGAX
acute inflammatory response (GO:0002526),GO_Biological_Process_2021,1/27,0.0487977508038484,0.1238936906636632,0,0,21.30021367521368,64.32815883418561,IL6R
positive regulation of erythrocyte differentiation (GO:0045648),GO_Biological_Process_2021,1/27,0.0487977508038484,0.1238936906636632,0,0,21.30021367521368,64.32815883418561,STAT5B
negative regulation of insulin receptor signaling pathway (GO:0046627),GO_Biological_Process_2021,1/27,0.0487977508038484,0.1238936906636632,0,0,21.30021367521368,64.32815883418561,PTPRE
bile acid biosynthetic process (GO:0006699),GO_Biological_Process_2021,1/27,0.0487977508038484,0.1238936906636632,0,0,21.30021367521368,64.32815883418561,OSBPL2
negative regulation of protein polymerization (GO:0032272),GO_Biological_Process_2021,1/27,0.0487977508038484,0.1238936906636632,0,0,21.30021367521368,64.32815883418561,SSH2
stress-activated protein kinase signaling cascade (GO:0031098),GO_Biological_Process_2021,1/27,0.0487977508038484,0.1238936906636632,0,0,21.30021367521368,64.32815883418561,MAPK13
chondroitin sulfate proteoglycan biosynthetic process (GO:0050650),GO_Biological_Process_2021,1/27,0.0487977508038484,0.1238936906636632,0,0,21.30021367521368,64.32815883418561,CHST15
positive regulation of toll-like receptor signaling pathway (GO:0034123),GO_Biological_Process_2021,1/27,0.0487977508038484,0.1238936906636632,0,0,21.30021367521368,64.32815883418561,SLC15A4
negative regulation of cellular response to insulin stimulus (GO:1900077),GO_Biological_Process_2021,1/28,0.0505598495049575,0.126102212882953,0,0,20.51028806584362,61.2149546027372,PTPRE
cellular response to epidermal growth factor stimulus (GO:0071364),GO_Biological_Process_2021,1/28,0.0505598495049575,0.126102212882953,0,0,20.51028806584362,61.2149546027372,STAT5B
cellular response to interleukin-6 (GO:0071354),GO_Biological_Process_2021,1/28,0.0505598495049575,0.126102212882953,0,0,20.51028806584362,61.2149546027372,IL6R
positive regulation of leukocyte migration (GO:0002687),GO_Biological_Process_2021,1/29,0.0523187720746184,0.1282263546799896,0,0,19.776785714285715,58.34942939474461,IL6R
regulation of fatty acid biosynthetic process (GO:0042304),GO_Biological_Process_2021,1/29,0.0523187720746184,0.1282263546799896,0,0,19.776785714285715,58.34942939474461,LPGAT1
production of miRNAs involved in gene silencing by miRNA (GO:0035196),GO_Biological_Process_2021,1/29,0.0523187720746184,0.1282263546799896,0,0,19.776785714285715,58.34942939474461,AGO4
modification-dependent protein catabolic process (GO:0019941),GO_Biological_Process_2021,2/201,0.0531966412375454,0.1288067315113182,0,0,5.675233309404164,16.64977258310379,AREL1;RC3H1
negative regulation of cytoskeleton organization (GO:0051494),GO_Biological_Process_2021,1/30,0.0540745240778647,0.1288067315113182,0,0,19.09386973180077,55.70430487305193,SSH2
heterotypic cell-cell adhesion (GO:0034113),GO_Biological_Process_2021,1/30,0.0540745240778647,0.1288067315113182,0,0,19.09386973180077,55.70430487305193,ITGAX
chondroitin sulfate metabolic process (GO:0030204),GO_Biological_Process_2021,1/30,0.0540745240778647,0.1288067315113182,0,0,19.09386973180077,55.70430487305193,CHST15
mRNA splice site selection (GO:0006376),GO_Biological_Process_2021,1/30,0.0540745240778647,0.1288067315113182,0,0,19.09386973180077,55.70430487305193,CELF2
regulation of inflammatory response (GO:0050727),GO_Biological_Process_2021,2/206,0.0555651407903089,0.130058764232704,0,0,5.534733893557423,15.996483684752713,AREL1;MAPK13
regulation of cellular senescence (GO:2000772),GO_Biological_Process_2021,1/31,0.0558271110621512,0.130058764232704,0,0,18.45648148148148,53.25609732919314,MAP3K3
positive regulation of locomotion (GO:0040017),GO_Biological_Process_2021,1/31,0.0558271110621512,0.130058764232704,0,0,18.45648148148148,53.25609732919314,STX3
regulation of developmental growth (GO:0048638),GO_Biological_Process_2021,1/31,0.0558271110621512,0.130058764232704,0,0,18.45648148148148,53.25609732919314,STAT5B
gene silencing by miRNA (GO:0035195),GO_Biological_Process_2021,1/32,0.0575765385764463,0.1312497438516841,0,0,17.86021505376344,50.9844862770809,AGO4
regulation of cell migration involved in sprouting angiogenesis (GO:0090049),GO_Biological_Process_2021,1/32,0.0575765385764463,0.1312497438516841,0,0,17.86021505376344,50.9844862770809,MAP3K3
regulation of chemotaxis (GO:0050920),GO_Biological_Process_2021,1/32,0.0575765385764463,0.1312497438516841,0,0,17.86021505376344,50.9844862770809,STX3
skeletal muscle organ development (GO:0060538),GO_Biological_Process_2021,1/32,0.0575765385764463,0.1312497438516841,0,0,17.86021505376344,50.9844862770809,CFLAR
neutrophil degranulation (GO:0043312),GO_Biological_Process_2021,3/481,0.0588127259704307,0.1330839806993929,0,0,3.596788087619985,10.191128646970064,ITGAX;NBEAL2;SLC15A4
bile acid metabolic process (GO:0008206),GO_Biological_Process_2021,1/33,0.0593228121513803,0.1330839806993929,0,0,17.30121527777778,48.8718043349592,OSBPL2
regulation of protein localization to cell surface (GO:2000008),GO_Biological_Process_2021,1/33,0.0593228121513803,0.1330839806993929,0,0,17.30121527777778,48.8718043349592,STX3
neutrophil activation involved in immune response (GO:0002283),GO_Biological_Process_2021,3/485,0.0599963930032962,0.1333247652692933,0,0,3.5662069807175985,10.033419332460156,ITGAX;NBEAL2;SLC15A4
neutrophil mediated immunity (GO:0002446),GO_Biological_Process_2021,3/488,0.0608916032482265,0.1333247652692933,0,0,3.5436021831412976,9.9173376556423,ITGAX;NBEAL2;SLC15A4
regulation of activated T cell proliferation (GO:0046006),GO_Biological_Process_2021,1/34,0.0610659373084562,0.1333247652692933,0,0,16.776094276094277,46.90262214500739,RC3H1
negative regulation of extrinsic apoptotic signaling pathway via death domain receptors (GO:1902042),GO_Biological_Process_2021,1/34,0.0610659373084562,0.1333247652692933,0,0,16.776094276094277,46.90262214500739,CFLAR
striated muscle tissue development (GO:0014706),GO_Biological_Process_2021,1/34,0.0610659373084562,0.1333247652692933,0,0,16.776094276094277,46.90262214500739,CFLAR
regulation of T cell receptor signaling pathway (GO:0050856),GO_Biological_Process_2021,1/35,0.0628059195635094,0.1333247652692933,0,0,16.28186274509804,45.063408386674496,RC3H1
regulation of blood circulation (GO:1903522),GO_Biological_Process_2021,1/35,0.0628059195635094,0.1333247652692933,0,0,16.28186274509804,45.063408386674496,CELF2
positive regulation of lipid biosynthetic process (GO:0046889),GO_Biological_Process_2021,1/35,0.0628059195635094,0.1333247652692933,0,0,16.28186274509804,45.063408386674496,LPGAT1
cellular response to hydrogen peroxide (GO:0070301),GO_Biological_Process_2021,1/35,0.0628059195635094,0.1333247652692933,0,0,16.28186274509804,45.063408386674496,MAPK13
negative regulation of T cell proliferation (GO:0042130),GO_Biological_Process_2021,1/35,0.0628059195635094,0.1333247652692933,0,0,16.28186274509804,45.063408386674496,RC3H1
positive regulation of cell motility (GO:2000147),GO_Biological_Process_2021,2/221,0.0628890402213647,0.1333247652692933,0,0,5.151728636660144,14.251656436334544,NUMB;ITGAX
protein phosphorylation (GO:0006468),GO_Biological_Process_2021,3/496,0.0633098981548786,0.1334933273960825,0,0,3.4846677007517,9.616684821204226,MAP3K3;TYK2;MAPK13
regulation of I-kappaB kinase/NF-kappaB signaling (GO:0043122),GO_Biological_Process_2021,2/224,0.0643917576528278,0.1334933273960825,0,0,5.081338481338482,13.93694092134643,MAP3K3;CFLAR
positive regulation of innate immune response (GO:0045089),GO_Biological_Process_2021,1/36,0.0645427644249927,0.1334933273960825,0,0,15.815873015873017,43.34224956187957,SLC15A4
positive regulation of substrate adhesion-dependent cell spreading (GO:1900026),GO_Biological_Process_2021,1/36,0.0645427644249927,0.1334933273960825,0,0,15.815873015873017,43.34224956187957,DOCK5
"Wnt signaling pathway, calcium modulating pathway (GO:0007223)",GO_Biological_Process_2021,1/36,0.0645427644249927,0.1334933273960825,0,0,15.815873015873017,43.34224956187957,AGO4
regulation of erythrocyte differentiation (GO:0045646),GO_Biological_Process_2021,1/37,0.0662764773937358,0.1344556287796364,0,0,15.375771604938272,41.72861769022075,STAT5B
positive regulation of myeloid cell differentiation (GO:0045639),GO_Biological_Process_2021,1/37,0.0662764773937358,0.1344556287796364,0,0,15.375771604938272,41.72861769022075,STAT5B
skeletal muscle tissue development (GO:0007519),GO_Biological_Process_2021,1/37,0.0662764773937358,0.1344556287796364,0,0,15.375771604938272,41.72861769022075,CFLAR
regulation of protein autophosphorylation (GO:0031952),GO_Biological_Process_2021,1/37,0.0662764773937358,0.1344556287796364,0,0,15.375771604938272,41.72861769022075,RASSF2
positive regulation of cell development (GO:0010720),GO_Biological_Process_2021,1/38,0.0680070639481578,0.1353755639155818,0,0,14.95945945945946,40.2131766656101,NUMB
response to estradiol (GO:0032355),GO_Biological_Process_2021,1/38,0.0680070639481578,0.1353755639155818,0,0,14.95945945945946,40.2131766656101,STAT5B
connective tissue development (GO:0061448),GO_Biological_Process_2021,1/38,0.0680070639481578,0.1353755639155818,0,0,14.95945945945946,40.2131766656101,ZNF516
mRNA destabilization (GO:0061157),GO_Biological_Process_2021,1/38,0.0680070639481578,0.1353755639155818,0,0,14.95945945945946,40.2131766656101,RC3H1
negative regulation of lymphocyte proliferation (GO:0050672),GO_Biological_Process_2021,1/39,0.069734529574374,0.1381656099978252,0,0,14.565058479532164,38.78761998968224,RC3H1
synaptic vesicle exocytosis (GO:0016079),GO_Biological_Process_2021,1/40,0.0714588797420938,0.1409235581890595,0,0,14.190883190883191,37.444534151430766,STX3
response to growth factor (GO:0070848),GO_Biological_Process_2021,1/41,0.073180119912113,0.1423319763428254,0,0,13.835416666666667,36.17728305000016,STAT5B
hexose metabolic process (GO:0019318),GO_Biological_Process_2021,1/41,0.073180119912113,0.1423319763428254,0,0,13.835416666666667,36.17728305000016,CHST15
import into cell (GO:0098657),GO_Biological_Process_2021,1/41,0.073180119912113,0.1423319763428254,0,0,13.835416666666667,36.17728305000016,SLC12A6
regulation of chemokine production (GO:0032642),GO_Biological_Process_2021,1/42,0.0748982555185005,0.1436962006327792,0,0,13.497289972899727,34.979909800646844,IL6R
regulation of extrinsic apoptotic signaling pathway via death domain receptors (GO:1902041),GO_Biological_Process_2021,1/42,0.0748982555185005,0.1436962006327792,0,0,13.497289972899727,34.979909800646844,CFLAR
monocyte chemotaxis (GO:0002548),GO_Biological_Process_2021,1/42,0.0748982555185005,0.1436962006327792,0,0,13.497289972899727,34.979909800646844,IL6R
myofibril assembly (GO:0030239),GO_Biological_Process_2021,1/43,0.0766132920442956,0.1463244857062223,0,0,13.17526455026455,33.84705294145367,CFLAR
hexose biosynthetic process (GO:0019319),GO_Biological_Process_2021,1/44,0.0783252348768027,0.1475995537233972,0,0,12.868217054263566,32.773874698042434,CHST15
positive regulation of mRNA catabolic process (GO:0061014),GO_Biological_Process_2021,1/44,0.0783252348768027,0.1475995537233972,0,0,12.868217054263566,32.773874698042434,RC3H1
positive regulation of osteoblast differentiation (GO:0045669),GO_Biological_Process_2021,1/44,0.0783252348768027,0.1475995537233972,0,0,12.868217054263566,32.773874698042434,IL6R
positive regulation of intracellular signal transduction (GO:1902533),GO_Biological_Process_2021,3/546,0.0794204750223679,0.1481098340112145,0,0,3.1556711082222946,7.993311989150362,MAP3K3;CFLAR;GAB2
positive regulation of nervous system development (GO:0051962),GO_Biological_Process_2021,1/45,0.0800340894644018,0.1481098340112145,0,0,12.575126262626265,31.755999257171126,NUMB
regulation of insulin receptor signaling pathway (GO:0046626),GO_Biological_Process_2021,1/45,0.0800340894644018,0.1481098340112145,0,0,12.575126262626265,31.755999257171126,PTPRE
positive regulation of response to biotic stimulus (GO:0002833),GO_Biological_Process_2021,1/45,0.0800340894644018,0.1481098340112145,0,0,12.575126262626265,31.755999257171126,SLC15A4
regulation of B cell proliferation (GO:0030888),GO_Biological_Process_2021,1/46,0.0817398612231702,0.1481098340112145,0,0,12.295061728395062,30.789459546748624,RC3H1
interleukin-12-mediated signaling pathway (GO:0035722),GO_Biological_Process_2021,1/46,0.0817398612231702,0.1481098340112145,0,0,12.295061728395062,30.789459546748624,TYK2
spliceosomal complex assembly (GO:0000245),GO_Biological_Process_2021,1/46,0.0817398612231702,0.1481098340112145,0,0,12.295061728395062,30.789459546748624,CELF2
positive regulation of smooth muscle cell proliferation (GO:0048661),GO_Biological_Process_2021,1/46,0.0817398612231702,0.1481098340112145,0,0,12.295061728395062,30.789459546748624,IL6R
posttranscriptional regulation of gene expression (GO:0010608),GO_Biological_Process_2021,1/46,0.0817398612231702,0.1481098340112145,0,0,12.295061728395062,30.789459546748624,RC3H1
positive regulation of blood vessel endothelial cell migration (GO:0043536),GO_Biological_Process_2021,1/48,0.0851421778428747,0.1529673025651648,0,0,11.770685579196217,28.996292220497825,MAP3K3
cellular response to interleukin-12 (GO:0071349),GO_Biological_Process_2021,1/48,0.0851421778428747,0.1529673025651648,0,0,11.770685579196217,28.996292220497825,TYK2
regulation of smooth muscle cell proliferation (GO:0048660),GO_Biological_Process_2021,1/49,0.0868387334939797,0.1540570000060561,0,0,11.52488425925926,28.16338868908917,IL6R
response to hydrogen peroxide (GO:0042542),GO_Biological_Process_2021,1/49,0.0868387334939797,0.1540570000060561,0,0,11.52488425925926,28.16338868908917,MAPK13
RNA catabolic process (GO:0006401),GO_Biological_Process_2021,1/49,0.0868387334939797,0.1540570000060561,0,0,11.52488425925926,28.16338868908917,AGO4
positive regulation of cell morphogenesis involved in differentiation (GO:0010770),GO_Biological_Process_2021,1/50,0.0885322278902676,0.1557579445040393,0,0,11.289115646258503,27.36920368672352,DOCK5
organic hydroxy compound biosynthetic process (GO:1901617),GO_Biological_Process_2021,1/50,0.0885322278902676,0.1557579445040393,0,0,11.289115646258503,27.36920368672352,OSBPL2
regulation of substrate adhesion-dependent cell spreading (GO:1900024),GO_Biological_Process_2021,1/51,0.0902226663638392,0.1561404511766035,0,0,11.062777777777775,26.61123087706132,DOCK5
inositol lipid-mediated signaling (GO:0048017),GO_Biological_Process_2021,1/51,0.0902226663638392,0.1561404511766035,0,0,11.062777777777775,26.61123087706132,GAB2
regulation of epithelial cell migration (GO:0010632),GO_Biological_Process_2021,1/51,0.0902226663638392,0.1561404511766035,0,0,11.062777777777775,26.61123087706132,DOCK5
cholesterol transport (GO:0030301),GO_Biological_Process_2021,1/51,0.0902226663638392,0.1561404511766035,0,0,11.062777777777775,26.61123087706132,OSBPL2
positive regulation of protein localization to cell periphery (GO:1904377),GO_Biological_Process_2021,1/52,0.0919100543240614,0.1571365444895245,0,0,10.845315904139431,25.88717095002956,STX3
positive regulation of protein localization to plasma membrane (GO:1903078),GO_Biological_Process_2021,1/52,0.0919100543240614,0.1571365444895245,0,0,10.845315904139431,25.88717095002956,STX3
protein homotetramerization (GO:0051289),GO_Biological_Process_2021,1/52,0.0919100543240614,0.1571365444895245,0,0,10.845315904139431,25.88717095002956,OSBPL2
positive regulation of chemokine production (GO:0032722),GO_Biological_Process_2021,1/53,0.093594397093596,0.1587360974707388,0,0,10.636217948717947,25.194910953322605,IL6R
cellular macromolecule catabolic process (GO:0044265),GO_Biological_Process_2021,1/53,0.093594397093596,0.1587360974707388,0,0,10.636217948717947,25.194910953322605,DENND3
"regulation of alternative mRNA splicing, via spliceosome (GO:0000381)",GO_Biological_Process_2021,1/54,0.0952757000126653,0.1596715288749807,0,0,10.435010482180294,24.53250600399325,CELF2
positive regulation of leukocyte chemotaxis (GO:0002690),GO_Biological_Process_2021,1/54,0.0952757000126653,0.1596715288749807,0,0,10.435010482180294,24.53250600399325,IL6R
regulation of megakaryocyte differentiation (GO:0045652),GO_Biological_Process_2021,1/54,0.0952757000126653,0.1596715288749807,0,0,10.435010482180294,24.53250600399325,AGO4
triglyceride metabolic process (GO:0006641),GO_Biological_Process_2021,1/55,0.0969539684282954,0.1618444197385719,0,0,10.24125514403292,23.89816310810052,LPGAT1
"nuclear-transcribed mRNA catabolic process, deadenylation-dependent decay (GO:0000288)",GO_Biological_Process_2021,1/56,0.0986292076661205,0.1639952315703338,0,0,10.054545454545456,23.290226801945256,RC3H1
carboxylic acid transport (GO:0046942),GO_Biological_Process_2021,1/57,0.1003014230145905,0.1661242318679156,0,0,9.874503968253968,22.7071663783518,SLC15A4
fat cell differentiation (GO:0045444),GO_Biological_Process_2021,1/58,0.1019706198062095,0.1675796232474142,0,0,9.700779727095515,22.14756449052859,ZNF516
regulation of tumor necrosis factor-mediated signaling pathway (GO:0010803),GO_Biological_Process_2021,1/58,0.1019706198062095,0.1675796232474142,0,0,9.700779727095515,22.14756449052859,CFLAR
positive regulation of tyrosine phosphorylation of STAT protein (GO:0042531),GO_Biological_Process_2021,1/59,0.1036368033347257,0.1690077100535527,0,0,9.533045977011492,21.61010698803553,IL6R
phospholipid transport (GO:0015914),GO_Biological_Process_2021,1/59,0.1036368033347257,0.1690077100535527,0,0,9.533045977011492,21.61010698803553,OSBPL2
response to organic cyclic compound (GO:0014070),GO_Biological_Process_2021,1/60,0.1052999788759501,0.1704091261198582,0,0,9.370998116760829,21.09357380941926,STAT5B
cellular protein catabolic process (GO:0044257),GO_Biological_Process_2021,1/60,0.1052999788759501,0.1704091261198582,0,0,9.370998116760829,21.09357380941926,DENND3
"regulation of DNA-templated transcription, initiation (GO:2000142)",GO_Biological_Process_2021,1/61,0.106960151720386,0.1717844860963776,0,0,9.214351851851852,20.5968308140023,AGO4
negative regulation of response to stimulus (GO:0048585),GO_Biological_Process_2021,1/61,0.106960151720386,0.1717844860963776,0,0,9.214351851851852,20.5968308140023,MAP3K3
MAPK cascade (GO:0000165),GO_Biological_Process_2021,2/303,0.1078663339881871,0.1724859427238714,0,0,3.732700522069293,8.312210691783365,MAP3K3;MAPK13
stress-activated MAPK cascade (GO:0051403),GO_Biological_Process_2021,1/62,0.1086173271397963,0.1724859427238714,0,0,9.062841530054644,20.11882244883129,MAPK13
regulation of neurogenesis (GO:0050767),GO_Biological_Process_2021,1/62,0.1086173271397963,0.1724859427238714,0,0,9.062841530054644,20.11882244883129,NUMB
cellular response to reactive oxygen species (GO:0034614),GO_Biological_Process_2021,1/63,0.1102715103728266,0.1731942614621111,0,0,8.91621863799283,19.658565146558267,MAPK13
monocarboxylic acid biosynthetic process (GO:0072330),GO_Biological_Process_2021,1/63,0.1102715103728266,0.1731942614621111,0,0,8.91621863799283,19.658565146558267,OSBPL2
regulation of transcription initiation from RNA polymerase II promoter (GO:0060260),GO_Biological_Process_2021,1/64,0.1119227066995718,0.1731942614621111,0,0,8.774250440917108,19.2151413655998,AGO4
regulation of extrinsic apoptotic signaling pathway (GO:2001236),GO_Biological_Process_2021,1/64,0.1119227066995718,0.1731942614621111,0,0,8.774250440917108,19.2151413655998,CFLAR
regulation of innate immune response (GO:0045088),GO_Biological_Process_2021,1/64,0.1119227066995718,0.1731942614621111,0,0,8.774250440917108,19.2151413655998,SLC15A4
protein catabolic process (GO:0030163),GO_Biological_Process_2021,1/64,0.1119227066995718,0.1731942614621111,0,0,8.774250440917108,19.2151413655998,DENND3
plasma membrane organization (GO:0007009),GO_Biological_Process_2021,1/64,0.1119227066995718,0.1731942614621111,0,0,8.774250440917108,19.2151413655998,OSBPL2
regulation of RNA metabolic process (GO:0051252),GO_Biological_Process_2021,1/65,0.1135709213309876,0.173216081454456,0,0,8.63671875,18.78769422199511,RC3H1
steroid biosynthetic process (GO:0006694),GO_Biological_Process_2021,1/65,0.1135709213309876,0.173216081454456,0,0,8.63671875,18.78769422199511,OSBPL2
cellular response to type I interferon (GO:0071357),GO_Biological_Process_2021,1/65,0.1135709213309876,0.173216081454456,0,0,8.63671875,18.78769422199511,TYK2
type I interferon signaling pathway (GO:0060337),GO_Biological_Process_2021,1/65,0.1135709213309876,0.173216081454456,0,0,8.63671875,18.78769422199511,TYK2
protein polyubiquitination (GO:0000209),GO_Biological_Process_2021,2/314,0.1144282505313664,0.1738981298397827,0,0,3.599084249084249,7.802121055638587,AREL1;RC3H1
positive regulation of catabolic process (GO:0009896),GO_Biological_Process_2021,1/67,0.1168584265281215,0.1769570458854411,0,0,8.37415824915825,17.977576828172595,AREL1
regulation of tyrosine phosphorylation of STAT protein (GO:0042509),GO_Biological_Process_2021,1/68,0.1184977275216925,0.1781667959900625,0,0,8.248756218905474,17.593454526083946,IL6R
regulation of myeloid cell differentiation (GO:0045637),GO_Biological_Process_2021,1/68,0.1184977275216925,0.1781667959900625,0,0,8.248756218905474,17.593454526083946,AGO4
positive regulation of cell-substrate adhesion (GO:0010811),GO_Biological_Process_2021,1/70,0.1217674523301673,0.1810404979000977,0,0,8.008856682769727,16.86378645814782,DOCK5
cellular response to light stimulus (GO:0071482),GO_Biological_Process_2021,1/70,0.1217674523301673,0.1810404979000977,0,0,8.008856682769727,16.86378645814782,MAPK13
wound healing (GO:0042060),GO_Biological_Process_2021,1/70,0.1217674523301673,0.1810404979000977,0,0,8.008856682769727,16.86378645814782,CFLAR
protein tetramerization (GO:0051262),GO_Biological_Process_2021,1/71,0.1233978865403968,0.1810404979000977,0,0,7.894047619047619,16.517041814545937,OSBPL2
positive regulation of cellular protein localization (GO:1903829),GO_Biological_Process_2021,1/71,0.1233978865403968,0.1810404979000977,0,0,7.894047619047619,16.517041814545937,STX3
phosphatidylinositol-mediated signaling (GO:0048015),GO_Biological_Process_2021,1/71,0.1233978865403968,0.1810404979000977,0,0,7.894047619047619,16.517041814545937,GAB2
myeloid leukocyte differentiation (GO:0002573),GO_Biological_Process_2021,1/71,0.1233978865403968,0.1810404979000977,0,0,7.894047619047619,16.517041814545937,GAB2
extrinsic apoptotic signaling pathway (GO:0097191),GO_Biological_Process_2021,1/72,0.1250253755206387,0.1815436959614754,0,0,7.782472613458529,16.181617135394756,IL6R
positive regulation of neurogenesis (GO:0050769),GO_Biological_Process_2021,1/72,0.1250253755206387,0.1815436959614754,0,0,7.782472613458529,16.181617135394756,NUMB
negative regulation of supramolecular fiber organization (GO:1902904),GO_Biological_Process_2021,1/72,0.1250253755206387,0.1815436959614754,0,0,7.782472613458529,16.181617135394756,SSH2
regulation of actin filament polymerization (GO:0030833),GO_Biological_Process_2021,1/73,0.1266499244454839,0.1820324337792718,0,0,7.673996913580247,15.85699852450674,SSH2
positive regulation of JNK cascade (GO:0046330),GO_Biological_Process_2021,1/73,0.1266499244454839,0.1820324337792718,0,0,7.673996913580247,15.85699852450674,RASSF2
defense response to Gram-negative bacterium (GO:0050829),GO_Biological_Process_2021,1/73,0.1266499244454839,0.1820324337792718,0,0,7.673996913580247,15.85699852450674,IL6R
intracellular protein transport (GO:0006886),GO_Biological_Process_2021,2/336,0.1278534494317634,0.1831216576552938,0,0,3.3582549187339605,6.907495800601156,FAM53C;STX3
regulation of cytokine-mediated signaling pathway (GO:0001959),GO_Biological_Process_2021,1/74,0.1282715384991091,0.1831216576552938,0,0,7.568493150684931,15.542701942518896,CFLAR
positive regulation of immune response (GO:0050778),GO_Biological_Process_2021,1/75,0.1298902228088851,0.1848102499025747,0,0,7.46584084084084,15.238271103442942,SLC15A4
establishment of protein localization to organelle (GO:0072594),GO_Biological_Process_2021,1/76,0.1315059825524281,0.1850569865012196,0,0,7.365925925925926,14.943275535371535,FAM53C
cellular response to hormone stimulus (GO:0032870),GO_Biological_Process_2021,1/76,0.1315059825524281,0.1850569865012196,0,0,7.365925925925926,14.943275535371535,STAT5B
protein import into nucleus (GO:0006606),GO_Biological_Process_2021,1/76,0.1315059825524281,0.1850569865012196,0,0,7.365925925925926,14.943275535371535,FAM53C
negative regulation of developmental process (GO:0051093),GO_Biological_Process_2021,1/77,0.1331188228369622,0.1850569865012196,0,0,7.268640350877193,14.65730881251084,RC3H1
import into nucleus (GO:0051170),GO_Biological_Process_2021,1/77,0.1331188228369622,0.1850569865012196,0,0,7.268640350877193,14.65730881251084,FAM53C
cellular response to UV (GO:0034644),GO_Biological_Process_2021,1/77,0.1331188228369622,0.1850569865012196,0,0,7.268640350877193,14.65730881251084,MAPK13
positive regulation of type I interferon production (GO:0032481),GO_Biological_Process_2021,1/77,0.1331188228369622,0.1850569865012196,0,0,7.268640350877193,14.65730881251084,STAT6
negative regulation of apoptotic signaling pathway (GO:2001234),GO_Biological_Process_2021,1/78,0.1347287487922272,0.1866829721826939,0,0,7.173881673881674,14.379986917991172,CFLAR
regulation of gene expression (GO:0010468),GO_Biological_Process_2021,4/1079,0.1368768775503876,0.1886661560370744,0,0,2.129725158562368,4.23532790257313,AGO4;ZNF516;ITGAX;RC3H1
positive regulation of cell adhesion (GO:0045785),GO_Biological_Process_2021,1/80,0.1379398782346534,0.1886661560370744,0,0,6.991561181434599,13.849844705127882,STX3
negative regulation of extrinsic apoptotic signaling pathway (GO:2001237),GO_Biological_Process_2021,1/80,0.1379398782346534,0.1886661560370744,0,0,6.991561181434599,13.849844705127882,CFLAR
regulation of NIK/NF-kappaB signaling (GO:1901222),GO_Biological_Process_2021,1/80,0.1379398782346534,0.1886661560370744,0,0,6.991561181434599,13.849844705127882,RASSF2
ubiquitin-dependent protein catabolic process (GO:0006511),GO_Biological_Process_2021,2/354,0.1391072355566644,0.1896327659579298,0,0,3.183603896103896,6.2796910446900345,AREL1;RC3H1
activation of cysteine-type endopeptidase activity involved in apoptotic process (GO:0006919),GO_Biological_Process_2021,1/81,0.1395410919313068,0.1896327659579298,0,0,6.903819444444444,13.596355470642331,CFLAR
regulation of defense response (GO:0031347),GO_Biological_Process_2021,1/83,0.1427348427146786,0.1927374946210947,0,0,6.734756097560975,13.110998342458275,AREL1
regulation of osteoblast differentiation (GO:0045667),GO_Biological_Process_2021,1/83,0.1427348427146786,0.1927374946210947,0,0,6.734756097560975,13.110998342458275,IL6R
positive regulation of protein catabolic process (GO:0045732),GO_Biological_Process_2021,1/85,0.145917058558831,0.1964089931077598,0,0,6.573743386243386,12.652595062512743,AREL1
regulation of Ras protein signal transduction (GO:0046578),GO_Biological_Process_2021,1/86,0.1475038535361489,0.1979165629725542,0,0,6.496078431372549,12.432850862154837,DENND3
positive regulation of protein phosphorylation (GO:0001934),GO_Biological_Process_2021,2/371,0.1499327815918548,0.2005410075550361,0,0,3.0343012001548586,5.757793491043135,RASSF2;IL6R
regulation of type I interferon production (GO:0032479),GO_Biological_Process_2021,1/89,0.1522470473115751,0.2017273376878371,0,0,6.273674242424242,11.80862815009642,STAT6
positive regulation of inflammatory response (GO:0050729),GO_Biological_Process_2021,1/89,0.1522470473115751,0.2017273376878371,0,0,6.273674242424242,11.80862815009642,MAPK13
protein import (GO:0017038),GO_Biological_Process_2021,1/89,0.1522470473115751,0.2017273376878371,0,0,6.273674242424242,11.80862815009642,FAM53C
"regulation of mRNA splicing, via spliceosome (GO:0048024)",GO_Biological_Process_2021,1/90,0.1538223982902694,0.2031797410438449,0,0,6.202871410736579,11.611506075891745,CELF2
negative regulation of programmed cell death (GO:0043069),GO_Biological_Process_2021,2/381,0.1563813531258029,0.2054104117431593,0,0,2.9527327553712777,5.478670678326552,AREL1;CFLAR
regulation of apoptotic process (GO:0042981),GO_Biological_Process_2021,3/742,0.1568997932136773,0.2054104117431593,0,0,2.295311629387885,4.251256699587741,AREL1;RASSF2;CFLAR
regulation of peptidyl-tyrosine phosphorylation (GO:0050730),GO_Biological_Process_2021,1/92,0.1569645599169424,0.2054104117431593,0,0,6.065934065934066,11.232503825658386,IL6R
positive regulation of macromolecule metabolic process (GO:0010604),GO_Biological_Process_2021,2/384,0.1583267522207072,0.2061880532666131,0,0,2.929094988780853,5.398598364099756,AGO4;ITGAX
regulation of heart contraction (GO:0008016),GO_Biological_Process_2021,1/93,0.1585313805776318,0.2061880532666131,0,0,5.99969806763285,11.050260223410378,CELF2
positive regulation of epithelial cell migration (GO:0010634),GO_Biological_Process_2021,1/94,0.1600953678234365,0.2069525486498082,0,0,5.934886499402628,10.872626559544203,DOCK5
interleukin-1-mediated signaling pathway (GO:0070498),GO_Biological_Process_2021,1/94,0.1600953678234365,0.2069525486498082,0,0,5.934886499402628,10.872626559544203,MAP3K3
mRNA metabolic process (GO:0016071),GO_Biological_Process_2021,1/95,0.1616565265625777,0.2083354628040515,0,0,5.87145390070922,10.699441239934089,AGO4
glycosaminoglycan biosynthetic process (GO:0006024),GO_Biological_Process_2021,1/97,0.1647703785734911,0.2117049712580613,0,0,5.7485532407407405,10.365805111339196,CHST15
regulation of peptidyl-serine phosphorylation (GO:0033135),GO_Biological_Process_2021,1/98,0.1663230817512098,0.2130543403701297,0,0,5.689003436426117,10.20506581753972,RASSF2
response to UV (GO:0009411),GO_Biological_Process_2021,1/99,0.1678729762999577,0.2137481740275738,0,0,5.630668934240362,10.048197177896714,MAPK13
positive regulation of stress-activated MAPK cascade (GO:0032874),GO_Biological_Process_2021,1/99,0.1678729762999577,0.2137481740275738,0,0,5.630668934240362,10.048197177896714,RASSF2
positive regulation of protein localization to membrane (GO:1905477),GO_Biological_Process_2021,1/101,0.170964359316039,0.217032599850301,0,0,5.5175,9.745561183866672,STX3
positive regulation of vasculature development (GO:1904018),GO_Biological_Process_2021,1/102,0.1725058575997924,0.2176859631616427,0,0,5.462596259625963,9.599551979063234,ITGAX
regulation of protein catabolic process (GO:0042176),GO_Biological_Process_2021,1/102,0.1725058575997924,0.2176859631616427,0,0,5.462596259625963,9.599551979063234,AREL1
"positive regulation of transcription, DNA-templated (GO:0045893)",GO_Biological_Process_2021,4/1183,0.1732522516672573,0.2176956341626297,0,0,1.931169198344771,3.385352436082094,STAT5B;ZNF516;STAT6;FOSL2
cellular response to organonitrogen compound (GO:0071417),GO_Biological_Process_2021,1/103,0.1740445669835931,0.2176956341626297,0,0,5.408769063180828,9.456929169416776,MAPK13
regulation of cell migration (GO:0030334),GO_Biological_Process_2021,2/408,0.1740538207102157,0.2176956341626297,0,0,2.752568613652357,4.812565401470046,NUMB;ITGAX
regulation of JNK cascade (GO:0046328),GO_Biological_Process_2021,1/105,0.1771136386190957,0.2208711258073429,0,0,5.304220085470085,9.181412564378912,RASSF2
protein localization to nucleus (GO:0034504),GO_Biological_Process_2021,1/106,0.1786440106564406,0.2221262771798558,0,0,5.253439153439153,9.048314619475114,FAM53C
lipid transport (GO:0006869),GO_Biological_Process_2021,1/109,0.1832185301984112,0.227148119310311,0,0,5.106738683127572,8.666522046159436,OSBPL2
regulation of protein kinase activity (GO:0045859),GO_Biological_Process_2021,1/110,0.1847378540788072,0.2283639945463973,0,0,5.059633027522936,8.54479661722006,RASSF2
Fc-epsilon receptor signaling pathway (GO:0038095),GO_Biological_Process_2021,1/111,0.186254428043214,0.2295694113090778,0,0,5.013383838383838,8.425701672570376,GAB2
Fc receptor signaling pathway (GO:0038093),GO_Biological_Process_2021,1/112,0.1877682569704956,0.2300975172123993,0,0,4.967967967967968,8.309158689911323,GAB2
phosphatidylinositol metabolic process (GO:0046488),GO_Biological_Process_2021,1/112,0.1877682569704956,0.2300975172123993,0,0,4.967967967967968,8.309158689911323,LPGAT1
sulfur compound biosynthetic process (GO:0044272),GO_Biological_Process_2021,1/113,0.189279345620976,0.2312808142458035,0,0,4.923363095238095,8.195092150328568,CHST15
response to lipid (GO:0033993),GO_Biological_Process_2021,1/114,0.1907876989081632,0.2317879207365651,0,0,4.8795476892822025,8.083429391488162,STAT5B
positive regulation of kinase activity (GO:0033674),GO_Biological_Process_2021,1/114,0.1907876989081632,0.2317879207365651,0,0,4.8795476892822025,8.083429391488162,RASSF2
positive regulation of protein metabolic process (GO:0051247),GO_Biological_Process_2021,1/115,0.1922933215627638,0.2329496238360338,0,0,4.836500974658869,7.9741004844715615,AREL1
regulation of intracellular signal transduction (GO:1902531),GO_Biological_Process_2021,2/437,0.1933913558410646,0.2334363540198583,0,0,2.565254515599343,4.214814221473363,RASSF2;SLC15A4
positive regulation of angiogenesis (GO:0045766),GO_Biological_Process_2021,1/116,0.1937962184315805,0.2334363540198583,0,0,4.794202898550725,7.867038101208447,ITGAX
positive regulation of cysteine-type endopeptidase activity involved in apoptotic process (GO:0043280),GO_Biological_Process_2021,1/119,0.1982886022832236,0.2381710123741836,0,0,4.671610169491525,7.558813448212846,CFLAR
protein homooligomerization (GO:0051260),GO_Biological_Process_2021,1/121,0.2012699836333163,0.2410691329393393,0,0,4.593287037037037,7.363535517159015,OSBPL2
regulation of mRNA catabolic process (GO:0061013),GO_Biological_Process_2021,1/122,0.2027566262521277,0.2421656606504286,0,0,4.555096418732783,7.268790120703895,RC3H1
regulation of anatomical structure morphogenesis (GO:0022603),GO_Biological_Process_2021,1/123,0.2042405764894552,0.2425714409846751,0,0,4.517531876138434,7.175903701327498,RC3H1
cellular response to organic substance (GO:0071310),GO_Biological_Process_2021,1/123,0.2042405764894552,0.2425714409846751,0,0,4.517531876138434,7.175903701327498,STAT5B
non-canonical Wnt signaling pathway (GO:0035567),GO_Biological_Process_2021,1/124,0.2057218390754153,0.2436482116423913,0,0,4.480578139114725,7.084825997590153,AGO4
plasma membrane bounded cell projection organization (GO:0120036),GO_Biological_Process_2021,1/128,0.2116201076481627,0.249935726024571,0,0,4.338582677165355,6.737656447306114,STX3
regulation of response to external stimulus (GO:0032101),GO_Biological_Process_2021,1/130,0.2145532387720854,0.2526960367760117,0,0,4.270887166236004,6.573738302407942,AREL1
regulation of cell adhesion (GO:0030155),GO_Biological_Process_2021,1/133,0.2189330370507407,0.2571401875609808,0,0,4.173190235690235,6.339031577010457,STX3
positive regulation of peptidyl-tyrosine phosphorylation (GO:0050731),GO_Biological_Process_2021,1/134,0.2203876822446283,0.2581336388721614,0,0,4.141604010025063,6.263625610568688,IL6R
ribonucleoprotein complex assembly (GO:0022618),GO_Biological_Process_2021,1/136,0.2232890692501646,0.2608114748266386,0,0,4.079835390946502,6.116848538578219,CELF2
positive regulation of gene expression (GO:0010628),GO_Biological_Process_2021,2/482,0.2239296903645956,0.2608411777873312,0,0,2.319404761904762,3.470811000111883,AGO4;ITGAX
negative regulation of apoptotic process (GO:0043066),GO_Biological_Process_2021,2/485,0.2259825640145137,0.262511252444257,0,0,2.3046435965690626,3.427690505305364,AREL1;CFLAR
positive regulation of cellular catabolic process (GO:0031331),GO_Biological_Process_2021,1/141,0.2304966496511054,0.2670234411258707,0,0,3.9331349206349207,5.771950035968074,RC3H1
neuron development (GO:0048666),GO_Biological_Process_2021,1/143,0.2333614238192782,0.2688729448352554,0,0,3.877347417840376,5.642187436346101,STX3
nitrogen compound transport (GO:0071705),GO_Biological_Process_2021,1/143,0.2333614238192782,0.2688729448352554,0,0,3.877347417840376,5.642187436346101,SLC15A4
positive regulation of transcription by RNA polymerase II (GO:0045944),GO_Biological_Process_2021,3/908,0.2353269055754444,0.2704027316097248,0,0,1.858108547286318,2.688273622461147,STAT5B;STAT6;FOSL2
regulation of mRNA stability (GO:0043488),GO_Biological_Process_2021,1/146,0.2376391377208042,0.2723216064692459,0,0,3.796551724137931,5.455652359988538,RC3H1
response to cytokine (GO:0034097),GO_Biological_Process_2021,1/150,0.2433066460654102,0.2780647383604688,0,0,3.693885160328113,5.221058124508576,IL6R
negative regulation of protein phosphorylation (GO:0001933),GO_Biological_Process_2021,1/152,0.2461250061241192,0.280529576872652,0,0,3.644591611479029,5.109410262691594,RASSF2
positive regulation of NF-kappaB transcription factor activity (GO:0051092),GO_Biological_Process_2021,1/155,0.2503334052868782,0.284561297162564,0,0,3.573051948051948,4.948539844529104,CFLAR
peptidyl-serine phosphorylation (GO:0018105),GO_Biological_Process_2021,1/156,0.2517311187494596,0.2853850116304034,0,0,3.549820788530466,4.896600610022758,MAPK13
protein ubiquitination (GO:0016567),GO_Biological_Process_2021,2/525,0.2534824452317299,0.2862494214648098,0,0,2.1240098333788584,2.9151200395646217,AREL1;RC3H1
cellular response to growth factor stimulus (GO:0071363),GO_Biological_Process_2021,1/158,0.2545189431420597,0.2862494214648098,0,0,3.5042462845010616,4.795140576282281,STAT5B
T cell receptor signaling pathway (GO:0050852),GO_Biological_Process_2021,1/158,0.2545189431420597,0.2862494214648098,0,0,3.5042462845010616,4.795140576282281,RC3H1
protein autophosphorylation (GO:0046777),GO_Biological_Process_2021,1/159,0.2559090630217686,0.2870514357704494,0,0,3.4818917018284106,4.745585521302798,MAP3K3
positive regulation of protein kinase B signaling (GO:0051897),GO_Biological_Process_2021,1/161,0.2586817404514753,0.289395931270252,0,0,3.4380208333333333,4.648743159713795,GAB2
peptidyl-serine modification (GO:0018209),GO_Biological_Process_2021,1/169,0.2696722688150313,0.3008974788883508,0,0,3.272982804232804,4.289400663785751,MAPK13
neuron projection development (GO:0031175),GO_Biological_Process_2021,1/171,0.272395031891726,0.3023442238798215,0,0,3.2341503267973857,4.206018784458753,STX3
nuclear-transcribed mRNA catabolic process (GO:0000956),GO_Biological_Process_2021,1/171,0.272395031891726,0.3023442238798215,0,0,3.2341503267973857,4.206018784458753,RC3H1
defense response to bacterium (GO:0042742),GO_Biological_Process_2021,1/176,0.279158801740364,0.3090426421355466,0,0,3.140952380952381,4.007775072253056,IL6R
negative regulation of immune response (GO:0050777),GO_Biological_Process_2021,1/178,0.2818471457810456,0.3110662347379052,0,0,3.105147520401758,3.93232898320769,RC3H1
protein stabilization (GO:0050821),GO_Biological_Process_2021,1/179,0.2831876570963005,0.3110662347379052,0,0,3.0875468164794007,3.895389552644805,RASSF2
RNA processing (GO:0006396),GO_Biological_Process_2021,1/179,0.2831876570963005,0.3110662347379052,0,0,3.0875468164794007,3.895389552644805,CELF2
positive regulation of cellular biosynthetic process (GO:0031328),GO_Biological_Process_2021,1/180,0.2845257336910242,0.3117284524160058,0,0,3.070142768466791,3.858959392091554,LPGAT1
antigen receptor-mediated signaling pathway (GO:0050851),GO_Biological_Process_2021,1/185,0.2911797463356244,0.3181964238306823,0,0,2.985960144927536,3.6841209754801154,RC3H1
cellular protein modification process (GO:0006464),GO_Biological_Process_2021,3/1025,0.2944144595362633,0.3209041923994232,0,0,1.6352883619201104,1.999576281505537,PTPRE;TYK2;SSH2
negative regulation of macromolecule metabolic process (GO:0010605),GO_Biological_Process_2021,1/194,0.3030055560079692,0.3294214249932793,0,0,2.8454231433506045,3.3974470046218697,AGO4
endomembrane system organization (GO:0010256),GO_Biological_Process_2021,1/199,0.3094922686789796,0.3356130995393538,0,0,2.772867564534231,3.252080546409763,OSBPL2
ncRNA processing (GO:0034470),GO_Biological_Process_2021,1/201,0.3120704738038972,0.3375456145225827,0,0,2.744861111111111,3.196462786581096,AGO4
regulation of angiogenesis (GO:0045765),GO_Biological_Process_2021,1/203,0.3146393117416017,0.3385966197422313,0,0,2.717409240924092,3.1422173120611325,ITGAX
axon guidance (GO:0007411),GO_Biological_Process_2021,1/203,0.3146393117416017,0.3385966197422313,0,0,2.717409240924092,3.1422173120611325,GAB2
proteasomal protein catabolic process (GO:0010498),GO_Biological_Process_2021,1/205,0.3171988154408463,0.340486829739035,0,0,2.690495642701525,3.089298458719968,AREL1
regulation of protein kinase B signaling (GO:0051896),GO_Biological_Process_2021,1/207,0.319749018036185,0.3423575344629859,0,0,2.664104638619201,3.037662486010966,GAB2
extracellular structure organization (GO:0043062),GO_Biological_Process_2021,1/216,0.3311107061150312,0.3536295702588746,0,0,2.551421188630491,2.8200922182497528,ITGAX
external encapsulating structure organization (GO:0045229),GO_Biological_Process_2021,1/217,0.3323616595846455,0.3540737277987177,0,0,2.5394804526748973,2.797317882053829,ITGAX
apoptotic process (GO:0006915),GO_Biological_Process_2021,1/231,0.3496378079063128,0.3715449387275104,0,0,2.3832125603864736,2.5044167809338336,CFLAR
axonogenesis (GO:0007409),GO_Biological_Process_2021,1/240,0.3605133778796519,0.382144180552431,0,0,2.292422129242213,2.3387891491405592,GAB2
membrane organization (GO:0061024),GO_Biological_Process_2021,1/242,0.3629060307454294,0.3837210898654914,0,0,2.273167358229599,2.30410822724823,OSBPL2
anterograde trans-synaptic signaling (GO:0098916),GO_Biological_Process_2021,1/244,0.3652899724994078,0.3852809660192759,0,0,2.254229538180156,2.2701529548741157,SLC12A6
positive regulation of DNA-binding transcription factor activity (GO:0051091),GO_Biological_Process_2021,1/246,0.3676652339194849,0.386823968193205,0,0,2.2356009070294784,2.236903022200789,CFLAR
positive regulation of cell differentiation (GO:0045597),GO_Biological_Process_2021,1/258,0.381736230585308,0.4006340637826005,0,0,2.129917855598789,2.051165004924558,IL6R
negative regulation of signal transduction (GO:0009968),GO_Biological_Process_2021,1/267,0.3920890759375598,0.4104833782654947,0,0,2.0569131161236425,1.9258182896393168,PTPRE
positive regulation of programmed cell death (GO:0043068),GO_Biological_Process_2021,1/286,0.4133941681227758,0.4317219883843767,0,0,1.9179337231968807,1.6942139254231945,RASSF2
extracellular matrix organization (GO:0030198),GO_Biological_Process_2021,1/300,0.4286259732139273,0.446529269392396,0,0,1.8268301746562616,1.5476368108739915,ITGAX
chemical synaptic transmission (GO:0007268),GO_Biological_Process_2021,1/306,0.4350354470358511,0.4520956606451002,0,0,1.7903460837887066,1.4901547523025307,SLC12A6
positive regulation of apoptotic process (GO:0043065),GO_Biological_Process_2021,1/310,0.4392695072225643,0.4553796358493087,0,0,1.7668104998202083,1.453452775148989,RASSF2
proteasome-mediated ubiquitin-dependent protein catabolic process (GO:0043161),GO_Biological_Process_2021,1/321,0.4507546035527954,0.4660773885312897,0,0,1.7051215277777778,1.3586957448203962,AREL1
negative regulation of gene expression (GO:0010629),GO_Biological_Process_2021,1/322,0.4517872799206606,0.4660773885312897,0,0,1.699723087573555,1.3505044912103314,AGO4
cellular protein localization (GO:0034613),GO_Biological_Process_2021,1/329,0.4589633036116017,0.4723311668235901,0,0,1.6628556910569106,1.2950071037413764,STX3
cellular response to DNA damage stimulus (GO:0006974),GO_Biological_Process_2021,1/350,0.4799473306528794,0.4927304314692999,0,0,1.561127029608405,1.1459904265605352,SUSD6
gene expression (GO:0010467),GO_Biological_Process_2021,1/356,0.4857958741664639,0.4975300740255573,0,0,1.5342723004694836,1.1076935945389452,CELF2
protein transport (GO:0015031),GO_Biological_Process_2021,1/369,0.4982490199260528,0.5090544203581842,0,0,1.4790911835748792,1.0304166928796366,STX3
phosphorylation (GO:0016310),GO_Biological_Process_2021,1/400,0.5267725319202946,0.5369027729187618,0,0,1.3620161514898357,0.8730339003110233,TYK2
protein modification by small protein conjugation (GO:0032446),GO_Biological_Process_2021,1/409,0.5347537230650751,0.5437304042676062,0,0,1.3313589324618735,0.8333627508643024,AREL1
cellular protein metabolic process (GO:0044267),GO_Biological_Process_2021,1/417,0.5417380504683532,0.5495141947334492,0,0,1.305221688034188,0.800065257108564,DENND3
organelle assembly (GO:0070925),GO_Biological_Process_2021,1/425,0.5486203203854992,0.5551671022516746,0,0,1.2800707547169812,0.768488763226817,RC3H1
regulation of nucleic acid-templated transcription (GO:1903506),GO_Biological_Process_2021,1/430,0.5528705583770053,0.55813599226631,0,0,1.2648277648277648,0.7495766193177322,ZNF516
regulation of cellular macromolecule biosynthetic process (GO:2000112),GO_Biological_Process_2021,1/468,0.5839241652598034,0.5880851450597545,0,0,1.1596478705686415,0.6238721839118695,ZNF516
regulation of transcription by RNA polymerase II (GO:0006357),GO_Biological_Process_2021,4/2206,0.594542457831805,0.5973601945987804,0,0,0.9776786942999476,0.5083568913137634,STAT5B;AGO4;STAT6;FOSL2
"regulation of transcription, DNA-templated (GO:0006355)",GO_Biological_Process_2021,4/2244,0.6086531539331339,0.6100920502781294,0,0,0.9590367965367964,0.4761682020181866,STAT5B;ZNF516;STAT6;FOSL2
positive regulation of nucleic acid-templated transcription (GO:1903508),GO_Biological_Process_2021,1/511,0.6165356722929626,0.6165356722929626,0,0,1.0595315904139433,0.5124308999902076,ZNF516
ficolin-1-rich granule membrane (GO:0101003),GO_Cellular_Component_2021,2/61,0.0056897326746611,0.1004540160809378,0,0,19.277481840193705,99.6470774215715,ITGAX;NBEAL2
tertiary granule membrane (GO:0070821),GO_Cellular_Component_2021,2/73,0.0080579741821395,0.1004540160809378,0,0,16.009657947686115,77.18405140445952,ITGAX;NBEAL2
secretory granule membrane (GO:0030667),GO_Cellular_Component_2021,3/274,0.0140178535476459,0.1004540160809378,0,0,6.411547644888214,27.360789145077582,ITGAX;NBEAL2;SLC15A4
death-inducing signaling complex (GO:0031264),GO_Cellular_Component_2021,1/8,0.014706952762456,0.1004540160809378,0,0,79.19047619047619,334.1390605677817,CFLAR
RISC-loading complex (GO:0070578),GO_Cellular_Component_2021,1/8,0.014706952762456,0.1004540160809378,0,0,79.19047619047619,334.1390605677817,AGO4
integral component of lysosomal membrane (GO:1905103),GO_Cellular_Component_2021,1/10,0.0183506949831896,0.1004540160809378,0,0,61.58641975308642,246.2279153977221,SLC15A4
primary lysosome (GO:0005766),GO_Cellular_Component_2021,1/11,0.0201676468856421,0.1004540160809378,0,0,55.425,216.36122001333428,STX3
integral component of vacuolar membrane (GO:0031166),GO_Cellular_Component_2021,1/12,0.0219813268798694,0.1004540160809378,0,0,50.38383838383838,192.34342502593887,SLC15A4
RISC complex (GO:0016442),GO_Cellular_Component_2021,1/13,0.0237917406507484,0.1004540160809378,0,0,46.18287037037037,172.65081800368927,AGO4
endolysosome membrane (GO:0036020),GO_Cellular_Component_2021,1/17,0.0310008470344359,0.1168603949479776,0,0,34.630208333333336,120.29636590931148,SLC15A4
specific granule (GO:0042581),GO_Cellular_Component_2021,2/160,0.0352810981575247,0.1168603949479776,0,0,7.162748643761302,23.955153303292768,STX3;SLC15A4
tertiary granule (GO:0070820),GO_Cellular_Component_2021,2/164,0.0369032826151508,0.1168603949479776,0,0,6.984479717813051,23.04497493579852,ITGAX;NBEAL2
endolysosome (GO:0036019),GO_Cellular_Component_2021,1/25,0.0452640027356933,0.1233147858808757,0,0,23.077546296296298,71.43061833824453,SLC15A4
ficolin-1-rich granule (GO:0101002),GO_Cellular_Component_2021,2/184,0.04543176321927,0.1233147858808757,0,0,6.210675039246468,19.20057383799743,ITGAX;NBEAL2
lytic vacuole membrane (GO:0098852),GO_Cellular_Component_2021,2/267,0.0871927883294397,0.2208883971012473,0,0,4.2475471698113205,10.362459022981833,AP5B1;SLC15A4
cytoplasmic stress granule (GO:0010494),GO_Cellular_Component_2021,1/65,0.1135709213309876,0.2611638485016327,0,0,8.63671875,18.78769422199511,RC3H1
lysosomal membrane (GO:0005765),GO_Cellular_Component_2021,2/330,0.1241542894209868,0.2611638485016327,0,0,3.4207317073170733,7.136433853131749,AP5B1;SLC15A4
lipid droplet (GO:0005811),GO_Cellular_Component_2021,1/77,0.1331188228369622,0.2611638485016327,0,0,7.268640350877193,14.65730881251084,OSBPL2
clathrin-coated vesicle (GO:0030136),GO_Cellular_Component_2021,1/80,0.1379398782346534,0.2611638485016327,0,0,6.991561181434599,13.849844705127882,NUMB
P-body (GO:0000932),GO_Cellular_Component_2021,1/80,0.1379398782346534,0.2611638485016327,0,0,6.991561181434599,13.849844705127882,RC3H1
coated vesicle (GO:0030135),GO_Cellular_Component_2021,1/84,0.1443273899614286,0.2611638485016327,0,0,6.653279785809906,12.878560859975796,NUMB
specific granule membrane (GO:0035579),GO_Cellular_Component_2021,1/91,0.1553949008269251,0.2684093741555979,0,0,6.133641975308642,11.419526641299596,SLC15A4
lysosome (GO:0005764),GO_Cellular_Component_2021,2/477,0.2205121320671036,0.3643243921108668,0,0,2.3444210526315787,3.54430176056538,AP5B1;SLC15A4
basolateral plasma membrane (GO:0016323),GO_Cellular_Component_2021,1/151,0.2447171051793132,0.3805067760360549,0,0,3.669074074074074,5.164780956686146,SLC12A6
azurophil granule (GO:0042582),GO_Cellular_Component_2021,1/155,0.2503334052868782,0.3805067760360549,0,0,3.573051948051948,4.948539844529104,STX3
cell-cell junction (GO:0005911),GO_Cellular_Component_2021,1/271,0.3966360137886954,0.5796987893834779,0,0,2.026028806584362,1.8735423026583011,STX3
bounding membrane of organelle (GO:0098588),GO_Cellular_Component_2021,2/767,0.4176178396614007,0.5877584410049345,0,0,1.4340242763772175,1.2521735410268782,ITGAX;CHST15
nucleus (GO:0005634),GO_Cellular_Component_2021,9/4484,0.4534483400109026,0.5960417760590863,0,0,1.112466081404629,0.8798204216740347,STAT5B;PTPRE;RASSF2;CELF2;ZNF516;FAM53C;TYK2;MAPK13;FOSL2
endosome membrane (GO:0010008),GO_Cellular_Component_2021,1/325,0.4548739869924605,0.5960417760590863,0,0,1.6837277091906722,1.3263309945315895,SLC15A4
intracellular membrane-bounded organelle (GO:0043231),GO_Cellular_Component_2021,10/5192,0.5035744356544994,0.6003745469992303,0,0,1.0564346670097349,0.724739262697266,STAT5B;PTPRE;RASSF2;CELF2;OSBPL2;ZNF516;FAM53C;TYK2;MAPK13;FOSL2
cytoplasmic vesicle membrane (GO:0030659),GO_Cellular_Component_2021,1/380,0.5085566766483628,0.6003745469992303,0,0,1.4353562005277043,0.9705571622535356,ITGAX
focal adhesion (GO:0005925),GO_Cellular_Component_2021,1/387,0.5150085073945224,0.6003745469992303,0,0,1.4088226827864134,0.9348550869591316,NUMB
cell-substrate junction (GO:0030055),GO_Cellular_Component_2021,1/394,0.5213778960782789,0.6003745469992303,0,0,1.3832343794175854,0.9008731242488256,NUMB
Golgi membrane (GO:0000139),GO_Cellular_Component_2021,1/472,0.5870681847436584,0.6561350300076182,0,0,1.1495635763151686,0.6122740085905751,CHST15
neuron projection (GO:0043005),GO_Cellular_Component_2021,1/556,0.6479982607666936,0.7035409688324102,0,0,0.9713713713713714,0.4214462417848549,STX3
endoplasmic reticulum membrane (GO:0005789),GO_Cellular_Component_2021,1/712,0.7387937452808685,0.7798378422409168,0,0,0.7521487732458196,0.2277028846433179,LPGAT1
integral component of plasma membrane (GO:0005887),GO_Cellular_Component_2021,2/1454,0.7613306082598192,0.7819071111857603,0,0,0.7284927194018103,0.1986509139506898,CSF3R;IL6R
intracellular non-membrane-bounded organelle (GO:0043232),GO_Cellular_Component_2021,1/1158,0.8901741522942027,0.8901741522942027,0,0,0.4515029290310189,0.0525270193944594,OSBPL2
potassium:chloride symporter activity (GO:0015379),GO_Molecular_Function_2021,2/9,0.00011890590002824751,0.0064579822385019,0,0,162.9061224489796,1472.2116476467231,SLC12A6;SLC12A9
cation:chloride symporter activity (GO:0015377),GO_Molecular_Function_2021,2/10,0.0001484593618046431,0.0064579822385019,0,0,142.53571428571428,1256.4807280914272,SLC12A6;SLC12A9
miRNA binding (GO:0035198),GO_Molecular_Function_2021,2/30,0.0014020717242409,0.0346905641693601,0,0,40.68367346938776,267.2837742480994,AGO4;RC3H1
potassium ion transmembrane transporter activity (GO:0015079),GO_Molecular_Function_2021,2/32,0.0015949684675567,0.0346905641693601,0,0,37.967619047619046,244.54568735621928,SLC12A6;SLC12A9
regulatory RNA binding (GO:0061980),GO_Molecular_Function_2021,2/40,0.0024849910419855,0.0432388441305481,0,0,29.962406015037597,179.69911732131763,AGO4;RC3H1
receptor tyrosine kinase binding (GO:0030971),GO_Molecular_Function_2021,2/56,0.0048159350655821,0.0553134807131605,0,0,21.067724867724863,112.4136941826544,ITGAX;GAB2
double-stranded RNA binding (GO:0003725),GO_Molecular_Function_2021,2/73,0.0080579741821395,0.0553134807131605,0,0,16.009657947686115,77.18405140445952,AGO4;RC3H1
oligopeptide transmembrane transporter activity (GO:0035673),GO_Molecular_Function_2021,1/5,0.0092166585448215,0.0553134807131605,0,0,138.60416666666666,649.6020692107373,SLC15A4
L-histidine transmembrane transporter activity (GO:0005290),GO_Molecular_Function_2021,1/5,0.0092166585448215,0.0553134807131605,0,0,138.60416666666666,649.6020692107373,SLC15A4
mRNA 3'-UTR binding (GO:0003730),GO_Molecular_Function_2021,2/85,0.0107953452970748,0.0553134807131605,0,0,13.686746987951809,61.982353010592334,CELF2;RC3H1
arachidonic acid binding (GO:0050544),GO_Molecular_Function_2021,1/6,0.0110500548998867,0.0553134807131605,0,0,110.87777777777778,499.5398567734965,STX3
icosatetraenoic acid binding (GO:0050543),GO_Molecular_Function_2021,1/6,0.0110500548998867,0.0553134807131605,0,0,110.87777777777778,499.5398567734965,STX3
cytokine receptor activity (GO:0004896),GO_Molecular_Function_2021,2/88,0.0115354217357383,0.0553134807131605,0,0,13.207308970099668,58.93540836866378,CSF3R;IL6R
ubiquitin protein ligase activity (GO:0061630),GO_Molecular_Function_2021,3/263,0.0125635194023204,0.0553134807131605,0,0,6.686538461538461,29.266697677222687,AREL1;RNF24;RC3H1
icosanoid binding (GO:0050542),GO_Molecular_Function_2021,1/7,0.012880151107249,0.0553134807131605,0,0,92.39351851851852,402.10285931653846,STX3
interleukin-6 receptor binding (GO:0005138),GO_Molecular_Function_2021,1/7,0.012880151107249,0.0553134807131605,0,0,92.39351851851852,402.10285931653846,IL6R
peptide transmembrane transporter activity (GO:1904680),GO_Molecular_Function_2021,1/7,0.012880151107249,0.0553134807131605,0,0,92.39351851851852,402.10285931653846,SLC15A4
ubiquitin-like protein ligase activity (GO:0061659),GO_Molecular_Function_2021,3/270,0.0134783538631444,0.0553134807131605,0,0,6.508922670191672,28.031783935252516,AREL1;RNF24;RC3H1
lysophospholipid acyltransferase activity (GO:0071617),GO_Molecular_Function_2021,1/8,0.014706952762456,0.0553134807131605,0,0,79.19047619047619,334.1390605677817,LPGAT1
ciliary neurotrophic factor receptor activity (GO:0004897),GO_Molecular_Function_2021,1/8,0.014706952762456,0.0553134807131605,0,0,79.19047619047619,334.1390605677817,IL6R
glycogen binding (GO:2001069),GO_Molecular_Function_2021,1/8,0.014706952762456,0.0553134807131605,0,0,79.19047619047619,334.1390605677817,PPP1R3B
cytokine receptor binding (GO:0005126),GO_Molecular_Function_2021,2/105,0.0161333853747678,0.0553134807131605,0,0,11.018030513176145,45.46991929571752,TYK2;IL6R
aromatic amino acid transmembrane transporter activity (GO:0015173),GO_Molecular_Function_2021,1/9,0.0165304655004847,0.0553134807131605,0,0,69.28819444444444,284.25829643277825,SLC15A4
glucocorticoid receptor binding (GO:0035259),GO_Molecular_Function_2021,1/9,0.0165304655004847,0.0553134807131605,0,0,69.28819444444444,284.25829643277825,STAT5B
growth hormone receptor binding (GO:0005131),GO_Molecular_Function_2021,1/9,0.0165304655004847,0.0553134807131605,0,0,69.28819444444444,284.25829643277825,TYK2
phosphatidylinositol transfer activity (GO:0008526),GO_Molecular_Function_2021,1/9,0.0165304655004847,0.0553134807131605,0,0,69.28819444444444,284.25829643277825,OSBPL2
cysteine-type endopeptidase activity involved in apoptotic signaling pathway (GO:0097199),GO_Molecular_Function_2021,1/10,0.0183506949831896,0.0570182308406249,0,0,61.58641975308642,246.2279153977221,CFLAR
ammonium transmembrane transporter activity (GO:0008519),GO_Molecular_Function_2021,1/10,0.0183506949831896,0.0570182308406249,0,0,61.58641975308642,246.2279153977221,SLC12A6
protein phosphatase binding (GO:0019903),GO_Molecular_Function_2021,2/123,0.0217147875530482,0.0616895302757626,0,0,9.370484061393151,35.88672187268507,PPP1R3B;STAT6
RNA stem-loop binding (GO:0035613),GO_Molecular_Function_2021,1/12,0.0219813268798694,0.0616895302757626,0,0,50.38383838383838,192.34342502593887,RC3H1
transmembrane receptor protein tyrosine kinase adaptor activity (GO:0005068),GO_Molecular_Function_2021,1/12,0.0219813268798694,0.0616895302757626,0,0,50.38383838383838,192.34342502593887,GAB2
basic amino acid transmembrane transporter activity (GO:0015174),GO_Molecular_Function_2021,1/13,0.0237917406507484,0.0627236798974276,0,0,46.18287037037037,172.65081800368927,SLC15A4
cysteine-type endopeptidase activity involved in execution phase of apoptosis (GO:0097200),GO_Molecular_Function_2021,1/13,0.0237917406507484,0.0627236798974276,0,0,46.18287037037037,172.65081800368927,CFLAR
MAP kinase activity (GO:0004707),GO_Molecular_Function_2021,1/14,0.025598893875467,0.0655030519754598,0,0,42.62820512820513,156.2411590204543,MAPK13
cysteine-type endopeptidase activity involved in apoptotic process (GO:0097153),GO_Molecular_Function_2021,1/15,0.0274027922368154,0.0668605105769937,0,0,39.58134920634921,142.37848146420913,CFLAR
transmembrane receptor protein phosphatase activity (GO:0019198),GO_Molecular_Function_2021,1/16,0.0292034414014455,0.0668605105769937,0,0,36.94074074074074,130.52895191723596,PTPRE
transmembrane receptor protein tyrosine phosphatase activity (GO:0005001),GO_Molecular_Function_2021,1/16,0.0292034414014455,0.0668605105769937,0,0,36.94074074074074,130.52895191723596,PTPRE
solute:proton symporter activity (GO:0015295),GO_Molecular_Function_2021,1/16,0.0292034414014455,0.0668605105769937,0,0,36.94074074074074,130.52895191723596,SLC15A4
guanyl-nucleotide exchange factor activity (GO:0005085),GO_Molecular_Function_2021,2/149,0.0309709360907339,0.0690890112793294,0,0,7.703012633624878,26.765704676216348,DOCK5;DENND3
cholesterol transfer activity (GO:0120020),GO_Molecular_Function_2021,1/18,0.0327950148043916,0.0713291571995517,0,0,32.591503267973856,111.38077026649428,OSBPL2
sterol transfer activity (GO:0120015),GO_Molecular_Function_2021,1/19,0.0345859503542857,0.0733896995322648,0,0,30.77932098765432,103.55110778477112,OSBPL2
ubiquitin-protein transferase activity (GO:0004842),GO_Molecular_Function_2021,3/392,0.0355181150571434,0.0735732383326543,0,0,4.439891123544533,14.819079788020652,AREL1;RNF24;RC3H1
acylglycerol O-acyltransferase activity (GO:0016411),GO_Molecular_Function_2021,1/20,0.0363736593292806,0.0735932177127305,0,0,29.157894736842103,96.62665093408292,LPGAT1
hormone receptor binding (GO:0051427),GO_Molecular_Function_2021,1/21,0.0381581473785356,0.0754490641348318,0,0,27.698611111111116,90.46410657809346,TYK2
phospholipid transfer activity (GO:0120014),GO_Molecular_Function_2021,1/22,0.0399394201291641,0.0772162122497173,0,0,26.37830687830688,84.948474454672,OSBPL2
protein phosphatase 1 binding (GO:0008157),GO_Molecular_Function_2021,1/23,0.0417174831924768,0.0772217242073507,0,0,25.178030303030305,79.98644731441095,PPP1R3B
carboxy-lyase activity (GO:0016831),GO_Molecular_Function_2021,1/23,0.0417174831924768,0.0772217242073507,0,0,25.178030303030305,79.98644731441095,CSAD
"phosphatidylinositol-3,4-bisphosphate binding (GO:0043325)",GO_Molecular_Function_2021,1/26,0.0470324704132764,0.0852463526240636,0,0,22.15333333333333,67.72090251278901,GAB2
pre-mRNA binding (GO:0036002),GO_Molecular_Function_2021,1/29,0.0523187720746184,0.0928925136835061,0,0,19.776785714285715,58.34942939474461,CELF2
"phosphatidylinositol-3,4,5-trisphosphate binding (GO:0005547)",GO_Molecular_Function_2021,1/35,0.0628059195635094,0.1092823000405064,0,0,16.28186274509804,45.063408386674496,GAB2
signaling receptor complex adaptor activity (GO:0030159),GO_Molecular_Function_2021,1/39,0.069734529574374,0.1189589033915792,0,0,14.565058479532164,38.78761998968224,GAB2
sulfotransferase activity (GO:0008146),GO_Molecular_Function_2021,1/40,0.0714588797420938,0.1195562026454263,0,0,14.190883190883191,37.444534151430766,CHST15
single-stranded RNA binding (GO:0003727),GO_Molecular_Function_2021,1/45,0.0800340894644018,0.1295979951215827,0,0,12.575126262626265,31.755999257171126,AGO4
transcription cis-regulatory region binding (GO:0000976),GO_Molecular_Function_2021,3/549,0.0804401349030513,0.1295979951215827,0,0,3.137847446670976,7.9081350408397615,ZNF516;STAT6;FOSL2
mRNA binding (GO:0003729),GO_Molecular_Function_2021,2/263,0.0849788790295766,0.1322744548630375,0,0,4.3135194307608105,10.63434606500932,CELF2;RC3H1
cation transmembrane transporter activity (GO:0008324),GO_Molecular_Function_2021,1/48,0.0851421778428747,0.1322744548630375,0,0,11.770685579196217,28.996292220497825,SLC15A4
cholesterol binding (GO:0015485),GO_Molecular_Function_2021,1/50,0.0885322278902676,0.135128137306198,0,0,11.289115646258503,27.36920368672352,OSBPL2
inorganic cation transmembrane transporter activity (GO:0022890),GO_Molecular_Function_2021,1/51,0.0902226663638392,0.1353339995457589,0,0,11.062777777777775,26.61123087706132,SLC12A6
L-amino acid transmembrane transporter activity (GO:0015179),GO_Molecular_Function_2021,1/53,0.093594397093596,0.1380120770702179,0,0,10.636217948717947,25.194910953322605,SLC15A4
sterol binding (GO:0032934),GO_Molecular_Function_2021,1/60,0.1052999788759501,0.1526849693701277,0,0,9.370998116760829,21.09357380941926,OSBPL2
protein tyrosine kinase binding (GO:1990782),GO_Molecular_Function_2021,1/72,0.1250253755206387,0.1733487951827461,0,0,7.782472613458529,16.181617135394756,ITGAX
"DNA-binding transcription activator activity, RNA polymerase II-specific (GO:0001228)",GO_Molecular_Function_2021,2/333,0.1260004671112627,0.1733487951827461,0,0,3.389210185584808,7.020646087088026,STAT6;FOSL2
GTPase activator activity (GO:0005096),GO_Molecular_Function_2021,2/336,0.1278534494317634,0.1733487951827461,0,0,3.3582549187339605,6.907495800601156,DOCK5;DENND3
protein tyrosine phosphatase activity (GO:0004725),GO_Molecular_Function_2021,1/74,0.1282715384991091,0.1733487951827461,0,0,7.568493150684931,15.542701942518896,PTPRE
"phosphatidylinositol-4,5-bisphosphate binding (GO:0005546)",GO_Molecular_Function_2021,1/75,0.1298902228088851,0.1733487951827461,0,0,7.46584084084084,15.238271103442942,OSBPL2
"acyltransferase activity, transferring groups other than amino-acyl groups (GO:0016747)",GO_Molecular_Function_2021,1/76,0.1315059825524281,0.1733487951827461,0,0,7.365925925925926,14.943275535371535,LPGAT1
phosphatidylinositol bisphosphate binding (GO:1902936),GO_Molecular_Function_2021,1/94,0.1600953678234365,0.2029840269712615,0,0,5.934886499402628,10.872626559544203,OSBPL2
RNA polymerase II cis-regulatory region sequence-specific DNA binding (GO:0000978),GO_Molecular_Function_2021,4/1149,0.160987331735828,0.2029840269712615,0,0,1.9921132724626172,3.6384546512913465,STAT5B;ZNF516;STAT6;FOSL2
cis-regulatory region sequence-specific DNA binding (GO:0000987),GO_Molecular_Function_2021,4/1149,0.160987331735828,0.2029840269712615,0,0,1.9921132724626172,3.6384546512913465,STAT5B;ZNF516;STAT6;FOSL2
phosphatidylinositol phosphate binding (GO:1901981),GO_Molecular_Function_2021,1/102,0.1725058575997924,0.2140123133314073,0,0,5.462596259625963,9.599551979063234,GAB2
cysteine-type endopeptidase activity (GO:0004197),GO_Molecular_Function_2021,1/105,0.1771136386190957,0.2140123133314073,0,0,5.304220085470085,9.181412564378912,CFLAR
growth factor receptor binding (GO:0070851),GO_Molecular_Function_2021,1/105,0.1771136386190957,0.2140123133314073,0,0,5.304220085470085,9.181412564378912,IL6R
protein tyrosine kinase activity (GO:0004713),GO_Molecular_Function_2021,1/108,0.181696451581132,0.2165423464049108,0,0,5.15472481827622,8.79095962810174,TYK2
phosphatase binding (GO:0019902),GO_Molecular_Function_2021,1/114,0.1907876989081632,0.2243044568244621,0,0,4.8795476892822025,8.083429391488162,STAT6
protease binding (GO:0002020),GO_Molecular_Function_2021,1/118,0.1967938540239151,0.2282808706677415,0,0,4.711775878442545,7.659455915322864,CFLAR
nuclear receptor binding (GO:0016922),GO_Molecular_Function_2021,1/120,0.1997806438965778,0.2286962634079246,0,0,4.632119514472456,7.460191968044992,STAT5B
organic anion transmembrane transporter activity (GO:0008514),GO_Molecular_Function_2021,1/144,0.2347899168512696,0.2652821138449411,0,0,3.85003885003885,5.578953217926415,SLC15A4
RNA polymerase II transcription regulatory region sequence-specific DNA binding (GO:0000977),GO_Molecular_Function_2021,4/1359,0.2415057023032051,0.2693717448766518,0,0,1.6645868276864586,2.3651484923343027,STAT5B;ZNF516;STAT6;FOSL2
actin binding (GO:0003779),GO_Molecular_Function_2021,1/177,0.2805041954180982,0.3089096835617031,0,0,3.1229482323232323,3.969787477726487,SSH2
cadherin binding (GO:0045296),GO_Molecular_Function_2021,1/322,0.4517872799206606,0.4913186669137183,0,0,1.699723087573555,1.3505044912103314,NUMB
zinc ion binding (GO:0008270),GO_Molecular_Function_2021,1/336,0.4660479003103342,0.5005699669999887,0,0,1.6275290215588722,1.2425644712798456,RC3H1
protein serine/threonine kinase activity (GO:0004674),GO_Molecular_Function_2021,1/344,0.4740340834771918,0.5029386007623865,0,0,1.5889212827988335,1.1860916889859283,MAPK13
RNA binding (GO:0003723),GO_Molecular_Function_2021,3/1406,0.487466730183851,0.5109591027228317,0,0,1.1672466563246824,0.8387055179376308,AGO4;CELF2;RC3H1
transition metal ion binding (GO:0046914),GO_Molecular_Function_2021,1/445,0.565388963002432,0.5855814259668046,0,0,1.2211586586586587,0.6963551676977084,RC3H1
kinase binding (GO:0019900),GO_Molecular_Function_2021,1/461,0.5783659969782257,0.5919746086718309,0,0,1.1777173913043475,0.6448572708339187,NBEAL2
protein kinase binding (GO:0019901),GO_Molecular_Function_2021,1/506,0.6128753785094471,0.6200018363990918,0,0,1.0702970297029704,0.5240106415732804,NBEAL2
protein homodimerization activity (GO:0042803),GO_Molecular_Function_2021,1/636,0.6978423295857129,0.6978423295857129,0,0,0.8454943132108487,0.3041768016960761,IL6R
