Term,Gene_set,Overlap,P-value,Adjusted P-value,Old P-value,Old Adjusted P-value,Odds Ratio,Combined Score,Genes
positive regulation of glycoprotein metabolic process (GO:1903020),GO_Biological_Process_2021,1/5,0.0047413916093995,0.0751585310785823,0,0,277.4583333333333,1484.7973498875915,CCL19
establishment of T cell polarity (GO:0001768),GO_Biological_Process_2021,1/5,0.0047413916093995,0.0751585310785823,0,0,277.4583333333333,1484.7973498875915,CCL19
response to prostaglandin (GO:0034694),GO_Biological_Process_2021,1/5,0.0047413916093995,0.0751585310785823,0,0,277.4583333333333,1484.7973498875915,CCL19
mature conventional dendritic cell differentiation (GO:0097029),GO_Biological_Process_2021,1/5,0.0047413916093995,0.0751585310785823,0,0,277.4583333333333,1484.7973498875915,CCL19
positive regulation of antigen processing and presentation (GO:0002579),GO_Biological_Process_2021,1/6,0.0056871157389833,0.0751585310785823,0,0,221.95555555555555,1147.4107993095174,CCL19
establishment of lymphocyte polarity (GO:0001767),GO_Biological_Process_2021,1/6,0.0056871157389833,0.0751585310785823,0,0,221.95555555555555,1147.4107993095174,CCL19
positive regulation of dendritic cell antigen processing and presentation (GO:0002606),GO_Biological_Process_2021,1/6,0.0056871157389833,0.0751585310785823,0,0,221.95555555555555,1147.4107993095174,CCL19
regulation of T-helper 1 cell differentiation (GO:0045625),GO_Biological_Process_2021,1/7,0.006631989066781,0.0751585310785823,0,0,184.9537037037037,927.7001289942034,CCL19
negative regulation of dendritic cell apoptotic process (GO:2000669),GO_Biological_Process_2021,1/7,0.006631989066781,0.0751585310785823,0,0,184.9537037037037,927.7001289942034,CCL19
immunological synapse formation (GO:0001771),GO_Biological_Process_2021,1/8,0.0075760122063041,0.0751585310785823,0,0,158.52380952380952,774.0350338275504,CCL19
regulation of dendritic cell antigen processing and presentation (GO:0002604),GO_Biological_Process_2021,1/9,0.0085191858003351,0.0751585310785823,0,0,138.70138888888889,660.9723846479391,CCL19
regulation of glycoprotein biosynthetic process (GO:0010559),GO_Biological_Process_2021,1/10,0.0094615105123957,0.0751585310785823,0,0,123.28395061728396,574.5677163606151,CCL19
response to prostaglandin E (GO:0034695),GO_Biological_Process_2021,1/11,0.0104029870187894,0.0751585310785823,0,0,110.95,506.5602322657193,CCL19
regulation of dendritic cell apoptotic process (GO:2000668),GO_Biological_Process_2021,1/11,0.0104029870187894,0.0751585310785823,0,0,110.95,506.5602322657193,CCL19
negative regulation of leukocyte apoptotic process (GO:2000107),GO_Biological_Process_2021,1/12,0.0113436160025479,0.0751585310785823,0,0,100.85858585858584,451.7557080600296,CCL19
response to nitric oxide (GO:0071731),GO_Biological_Process_2021,1/13,0.0122833981550328,0.0751585310785823,0,0,92.44907407407408,406.7303181925871,CCL19
positive regulation of T-helper cell differentiation (GO:0045624),GO_Biological_Process_2021,1/14,0.013222334171232,0.0751585310785823,0,0,85.33333333333333,369.13902050225767,CCL19
positive regulation of glycoprotein biosynthetic process (GO:0010560),GO_Biological_Process_2021,1/14,0.013222334171232,0.0751585310785823,0,0,85.33333333333333,369.13902050225767,CCL19
regulation of cell projection organization (GO:0031344),GO_Biological_Process_2021,1/14,0.013222334171232,0.0751585310785823,0,0,85.33333333333333,369.13902050225767,CCL19
dendritic cell chemotaxis (GO:0002407),GO_Biological_Process_2021,1/16,0.0150976705893844,0.0815274211826759,0,0,73.94814814814815,310.08047018396815,CCL19
dendritic cell migration (GO:0036336),GO_Biological_Process_2021,1/18,0.01696963087688,0.0872723873668115,0,0,65.24183006535948,265.9472259849427,CCL19
positive regulation of neutrophil chemotaxis (GO:0090023),GO_Biological_Process_2021,1/19,0.0179043467326211,0.087894065778322,0,0,61.6141975308642,247.8561570760289,CCL19
positive regulation of neutrophil migration (GO:1902624),GO_Biological_Process_2021,1/22,0.020703445636816,0.0915526039196317,0,0,52.8042328042328,204.7460437251252,CCL19
positive regulation of granulocyte chemotaxis (GO:0071624),GO_Biological_Process_2021,1/22,0.020703445636816,0.0915526039196317,0,0,52.8042328042328,204.7460437251252,CCL19
dendritic cell differentiation (GO:0097028),GO_Biological_Process_2021,1/24,0.0225653114296027,0.0915526039196317,0,0,48.20772946859904,182.7719626724847,CCL19
negative regulation of sequestering of calcium ion (GO:0051283),GO_Biological_Process_2021,1/25,0.0234949864071648,0.0915526039196317,0,0,46.19675925925926,173.2825760780302,CCL19
regulation of neutrophil chemotaxis (GO:0090022),GO_Biological_Process_2021,1/25,0.0234949864071648,0.0915526039196317,0,0,46.19675925925926,173.2825760780302,CCL19
release of sequestered calcium ion into cytosol (GO:0051209),GO_Biological_Process_2021,1/27,0.0253518240632961,0.0915526039196317,0,0,42.638888888888886,156.69384876205734,CCL19
positive regulation of cellular component movement (GO:0051272),GO_Biological_Process_2021,1/27,0.0253518240632961,0.0915526039196317,0,0,42.638888888888886,156.69384876205734,CCL19
positive regulation of phosphatidylinositol 3-kinase activity (GO:0043552),GO_Biological_Process_2021,1/28,0.0262789881621165,0.0915526039196317,0,0,41.05761316872428,149.40806261137496,CCL19
response to ketone (GO:1901654),GO_Biological_Process_2021,1/28,0.0262789881621165,0.0915526039196317,0,0,41.05761316872428,149.40806261137496,CCL19
response to alcohol (GO:0097305),GO_Biological_Process_2021,1/30,0.0281308104264749,0.0920644704866452,0,0,38.22222222222222,136.48734525751556,CCL19
positive regulation of lipid kinase activity (GO:0090218),GO_Biological_Process_2021,1/30,0.0281308104264749,0.0920644704866452,0,0,38.22222222222222,136.48734525751556,CCL19
positive regulation of locomotion (GO:0040017),GO_Biological_Process_2021,1/31,0.0290554700086194,0.0922938459097322,0,0,36.946296296296296,130.736261970552,CCL19
regulation of chemotaxis (GO:0050920),GO_Biological_Process_2021,1/32,0.0299792961708411,0.0925075424700239,0,0,35.75268817204301,125.39355349635466,CCL19
positive regulation of interleukin-12 production (GO:0032735),GO_Biological_Process_2021,1/34,0.0318244510525941,0.0930669570465721,0,0,33.582491582491585,115.77632426352072,CCL19
cellular response to virus (GO:0098586),GO_Biological_Process_2021,1/35,0.0327457811830531,0.0930669570465721,0,0,32.59313725490196,111.43532169951338,CCL19
regulation of phosphatidylinositol 3-kinase activity (GO:0043551),GO_Biological_Process_2021,1/35,0.0327457811830531,0.0930669570465721,0,0,32.59313725490196,111.43532169951338,CCL19
regulation of receptor-mediated endocytosis (GO:0048259),GO_Biological_Process_2021,1/39,0.0364228027645029,0.0983415674641578,0,0,29.156432748538013,96.58244018092805,CCL19
regulation of cellular component biogenesis (GO:0044087),GO_Biological_Process_2021,1/39,0.0364228027645029,0.0983415674641578,0,0,29.156432748538013,96.58244018092805,CCL19
lymphocyte migration (GO:0072676),GO_Biological_Process_2021,1/40,0.0373399869476018,0.0983589900083169,0,0,28.40740740740741,93.39476319093392,CCL19
calcium ion transmembrane import into cytosol (GO:0097553),GO_Biological_Process_2021,1/42,0.0391718747772544,0.0983851738591507,0,0,27.018970189701896,87.53595883632167,CCL19
monocyte chemotaxis (GO:0002548),GO_Biological_Process_2021,1/42,0.0391718747772544,0.0983851738591507,0,0,27.018970189701896,87.53595883632167,CCL19
lymphocyte chemotaxis (GO:0048247),GO_Biological_Process_2021,1/44,0.0410004599209637,0.098401103810313,0,0,25.75968992248062,82.28088014399276,CCL19
positive regulation of receptor-mediated endocytosis (GO:0048260),GO_Biological_Process_2021,1/44,0.0410004599209637,0.098401103810313,0,0,25.75968992248062,82.28088014399276,CCL19
positive regulation of chemotaxis (GO:0050921),GO_Biological_Process_2021,1/45,0.0419135157339488,0.0984056456362277,0,0,25.1729797979798,79.85239065693193,CCL19
positive regulation of endocytosis (GO:0045807),GO_Biological_Process_2021,1/48,0.0446477445751972,0.1025948173217297,0,0,23.56264775413712,73.25512875801161,CCL19
regulation of interleukin-12 production (GO:0032655),GO_Biological_Process_2021,1/51,0.047374580199126,0.1065928054480336,0,0,22.14555555555556,67.53662482568532,CCL19
positive regulation of NIK/NF-kappaB signaling (GO:1901224),GO_Biological_Process_2021,1/53,0.049188372572355,0.1084151885268233,0,0,21.291666666666668,64.13258686532767,CCL19
positive regulation of interleukin-1 beta production (GO:0032731),GO_Biological_Process_2021,1/56,0.0519029280414418,0.1099120829112885,0,0,20.12727272727273,59.54412256861738,CCL19
chemokine-mediated signaling pathway (GO:0070098),GO_Biological_Process_2021,1/56,0.0519029280414418,0.1099120829112885,0,0,20.12727272727273,59.54412256861738,CCL19
cellular response to chemokine (GO:1990869),GO_Biological_Process_2021,1/60,0.0555109160756712,0.1146200572545592,0,0,18.75894538606403,54.2354050228785,CCL19
regulation of endocytosis (GO:0030100),GO_Biological_Process_2021,1/61,0.0564108785625051,0.1146200572545592,0,0,18.44537037037037,53.032159970359054,CCL19
positive regulation of interleukin-1 production (GO:0032732),GO_Biological_Process_2021,1/62,0.0573100286272796,0.1146200572545592,0,0,18.14207650273224,51.8732701693752,CCL19
positive regulation of T cell proliferation (GO:0042102),GO_Biological_Process_2021,1/66,0.0608985184770234,0.1189654922559687,0,0,17.022222222222222,47.63747925968391,CCL19
neutrophil chemotaxis (GO:0030593),GO_Biological_Process_2021,1/70,0.0644740648279743,0.1189654922559687,0,0,16.03220611916264,43.95216853322471,CCL19
myeloid leukocyte differentiation (GO:0002573),GO_Biological_Process_2021,1/71,0.0653659341620674,0.1189654922559687,0,0,15.802380952380952,43.10500849393286,CCL19
granulocyte chemotaxis (GO:0071621),GO_Biological_Process_2021,1/73,0.0671472569391821,0.1189654922559687,0,0,15.361882716049385,41.49040525939519,CCL19
positive regulation of JNK cascade (GO:0046330),GO_Biological_Process_2021,1/73,0.0671472569391821,0.1189654922559687,0,0,15.361882716049385,41.49040525939519,CCL19
positive regulation of lymphocyte proliferation (GO:0050671),GO_Biological_Process_2021,1/75,0.0689253631035833,0.1189654922559687,0,0,14.945195195195195,39.97437769651857,CCL19
positive regulation of T cell activation (GO:0050870),GO_Biological_Process_2021,1/75,0.0689253631035833,0.1189654922559687,0,0,14.945195195195195,39.97437769651857,CCL19
regulation of T cell proliferation (GO:0042129),GO_Biological_Process_2021,1/76,0.0698132116714254,0.1189654922559687,0,0,14.745185185185186,39.25068041075836,CCL19
positive regulation of tumor necrosis factor production (GO:0032760),GO_Biological_Process_2021,1/77,0.0707002581349002,0.1189654922559687,0,0,14.550438596491228,38.54856507595181,CCL19
neutrophil migration (GO:1990266),GO_Biological_Process_2021,1/77,0.0707002581349002,0.1189654922559687,0,0,14.550438596491228,38.54856507595181,CCL19
response to interferon-gamma (GO:0034341),GO_Biological_Process_2021,1/80,0.0733565917964349,0.1189654922559687,0,0,13.9957805907173,36.56289786863212,CCL19
regulation of NIK/NF-kappaB signaling (GO:1901222),GO_Biological_Process_2021,1/80,0.0733565917964349,0.1189654922559687,0,0,13.9957805907173,36.56289786863212,CCL19
positive regulation of tumor necrosis factor superfamily cytokine production (GO:1903557),GO_Biological_Process_2021,1/81,0.0742404367111781,0.1189654922559687,0,0,13.82013888888889,35.93852915100192,CCL19
positive regulation of plasma membrane bounded cell projection assembly (GO:0120034),GO_Biological_Process_2021,1/83,0.0760057311635355,0.1189654922559687,0,0,13.481707317073171,34.74163890932849,CCL19
regulation of interleukin-1 beta production (GO:0032651),GO_Biological_Process_2021,1/83,0.0760057311635355,0.1189654922559687,0,0,13.481707317073171,34.74163890932849,CCL19
response to interleukin-1 (GO:0070555),GO_Biological_Process_2021,1/86,0.0786476946512038,0.1213421574618574,0,0,13.003921568627453,33.06607217254294,CCL19
positive regulation of transport (GO:0051050),GO_Biological_Process_2021,1/91,0.0830350705457495,0.1258652510137873,0,0,12.278395061728396,30.55469063103589,CCL19
T cell activation (GO:0042110),GO_Biological_Process_2021,1/92,0.0839101673425248,0.1258652510137873,0,0,12.142857142857142,30.0901030781943,CCL19
calcium ion homeostasis (GO:0055074),GO_Biological_Process_2021,1/97,0.0882737965448864,0.1305968496828456,0,0,11.507523148148149,27.93234868581689,CCL19
positive regulation of stress-activated MAPK cascade (GO:0032874),GO_Biological_Process_2021,1/99,0.090013728593284,0.1313713876766848,0,0,11.27154195011338,27.13954071246509,CCL19
cellular metal ion homeostasis (GO:0006875),GO_Biological_Process_2021,1/104,0.0943498067238511,0.1353050576990812,0,0,10.72168284789644,25.311170493332494,CCL19
regulation of JNK cascade (GO:0046328),GO_Biological_Process_2021,1/105,0.0952146702326868,0.1353050576990812,0,0,10.618055555555555,24.96964507784911,CCL19
response to tumor necrosis factor (GO:0034612),GO_Biological_Process_2021,1/110,0.0995272639526803,0.1372385291351946,0,0,10.128440366972477,23.369590125738124,CCL19
regulation of protein kinase activity (GO:0045859),GO_Biological_Process_2021,1/110,0.0995272639526803,0.1372385291351946,0,0,10.128440366972477,23.369590125738124,CCL19
cellular divalent inorganic cation homeostasis (GO:0072503),GO_Biological_Process_2021,1/111,0.1003874426081516,0.1372385291351946,0,0,10.035858585858586,23.06961031396871,CCL19
positive regulation of cellular component organization (GO:0051130),GO_Biological_Process_2021,1/114,0.1029633103992646,0.1372844138656861,0,0,9.76794493608653,22.20627570308965,CCL19
positive regulation of kinase activity (GO:0033674),GO_Biological_Process_2021,1/114,0.1029633103992646,0.1372844138656861,0,0,9.76794493608653,22.20627570308965,CCL19
cellular response to interferon-gamma (GO:0071346),GO_Biological_Process_2021,1/121,0.1089465226762619,0.1434905420614182,0,0,9.194907407407408,20.38417308108671,CCL19
regulation of tumor necrosis factor production (GO:0032680),GO_Biological_Process_2021,1/124,0.1114991655980416,0.1450832516215481,0,0,8.969286359530262,19.67626585833512,CCL19
positive regulation of macromolecule biosynthetic process (GO:0010557),GO_Biological_Process_2021,1/129,0.1157381819076726,0.1488062338812934,0,0,8.616753472222221,18.581379947017677,CCL19
regulation of cell motility (GO:2000145),GO_Biological_Process_2021,1/133,0.1191155925522913,0.1513468705370289,0,0,8.353956228956228,17.77438595644681,CCL19
cellular calcium ion homeostasis (GO:0006874),GO_Biological_Process_2021,1/136,0.1216406266536847,0.1527579962627669,0,0,8.167078189300412,17.205455108167765,CCL19
positive regulation of response to external stimulus (GO:0032103),GO_Biological_Process_2021,1/139,0.1241588027455548,0.1541281689255163,0,0,7.988325281803543,16.66519519795103,CCL19
positive regulation of hydrolase activity (GO:0051345),GO_Biological_Process_2021,1/149,0.1325034185366835,0.1626178318404751,0,0,7.44481981981982,15.047074005639388,CCL19
positive regulation of protein kinase activity (GO:0045860),GO_Biological_Process_2021,1/154,0.1366474272873018,0.16496877052305,0,0,7.199709513435003,14.32995042513854,CCL19
cellular response to interleukin-1 (GO:0071347),GO_Biological_Process_2021,1/155,0.137473975435875,0.16496877052305,0,0,7.152597402597403,14.19304672243636,CCL19
positive regulation of protein kinase B signaling (GO:0051897),GO_Biological_Process_2021,1/161,0.1424175430850783,0.1690230181669061,0,0,6.882291666666666,13.41353203158835,CCL19
positive regulation of I-kappaB kinase/NF-kappaB signaling (GO:0043123),GO_Biological_Process_2021,1/171,0.150597222044936,0.1758322594163509,0,0,6.474183006535948,12.256576314585203,CCL19
positive regulation of ERK1 and ERK2 cascade (GO:0070374),GO_Biological_Process_2021,1/172,0.151411112275191,0.1758322594163509,0,0,6.435997400909682,12.149596209925718,CCL19
positive regulation of cellular biosynthetic process (GO:0031328),GO_Biological_Process_2021,1/180,0.1578956885859118,0.1814120677370051,0,0,6.145872129112353,11.34417776687738,CCL19
regulation of GTPase activity (GO:0043087),GO_Biological_Process_2021,1/189,0.1651347170981347,0.1877320994378795,0,0,5.848995271867612,10.534003466039604,CCL19
cellular response to tumor necrosis factor (GO:0071356),GO_Biological_Process_2021,1/194,0.1691308849868909,0.1902722456102522,0,0,5.696027633851468,10.122310437674162,CCL19
regulation of protein kinase B signaling (GO:0051896),GO_Biological_Process_2021,1/207,0.1794362861481224,0.1997847309690435,0,0,5.333063646170443,9.161857153014829,CCL19
positive regulation of GTPase activity (GO:0043547),GO_Biological_Process_2021,1/214,0.1849350729015806,0.2038059987078643,0,0,5.1559728742827335,8.701995656275924,CCL19
positive regulation of cell motility (GO:2000147),GO_Biological_Process_2021,1/221,0.1903989381057389,0.2077079324789879,0,0,4.990151515151515,8.276833639884153,CCL19
regulation of I-kappaB kinase/NF-kappaB signaling (GO:0043122),GO_Biological_Process_2021,1/224,0.1927299562972926,0.208148352801076,0,0,4.922272047832586,8.10434992715991,CCL19
inflammatory response (GO:0006954),GO_Biological_Process_2021,1/230,0.1973729314247441,0.2110522435036868,0,0,4.791848617176128,7.775542451895799,CCL19
regulation of ERK1 and ERK2 cascade (GO:0070372),GO_Biological_Process_2021,1/238,0.2035242224826307,0.2154962355698443,0,0,4.628223159868729,7.367993589129905,CCL19
positive regulation of MAPK cascade (GO:0043410),GO_Biological_Process_2021,1/274,0.2306565265219531,0.2418534452851547,0,0,4.01058201058201,5.882824256392369,CCL19
positive regulation of cytokine production (GO:0001819),GO_Biological_Process_2021,1/335,0.2746424392492445,0.2852056099896,0,0,3.2679640718562872,4.223141761864464,CCL19
positive regulation of protein phosphorylation (GO:0001934),GO_Biological_Process_2021,1/371,0.2994720051947031,0.308028348200266,0,0,2.9445945945945944,3.55039881301226,CCL19
cellular response to cytokine stimulus (GO:0071345),GO_Biological_Process_2021,1/482,0.371059336780009,0.378060456341896,0,0,2.2522522522522523,2.2328677742137457,CCL19
positive regulation of intracellular signal transduction (GO:1902533),GO_Biological_Process_2021,1/546,0.4091250807062953,0.4129486795914008,0,0,1.981243628950051,1.770705484722428,CCL19
cytokine-mediated signaling pathway (GO:0019221),GO_Biological_Process_2021,1/621,0.4509556768628543,0.4509556768628543,0,0,1.7348566308243727,1.3816159175434592,CCL19
CCR chemokine receptor binding (GO:0048020),GO_Molecular_Function_2021,1/42,0.0391718747772544,0.0929329105904872,0,0,27.018970189701896,87.53595883632167,CCL19
chemokine activity (GO:0008009),GO_Molecular_Function_2021,1/46,0.042825747982937,0.0929329105904872,0,0,24.612345679012343,77.54404440566205,CCL19
chemokine receptor binding (GO:0042379),GO_Molecular_Function_2021,1/50,0.0464664552952436,0.0929329105904872,0,0,22.598639455782312,69.35578082800635,CCL19
cytokine receptor binding (GO:0005126),GO_Molecular_Function_2021,1/105,0.0952146702326868,0.1428220053490302,0,0,10.618055555555555,24.96964507784911,CCL19
G protein-coupled receptor binding (GO:0001664),GO_Molecular_Function_2021,1/143,0.1275057332493747,0.1522242636521507,0,0,7.761737089201878,15.986026740575618,CCL19
cytokine activity (GO:0005125),GO_Molecular_Function_2021,1/173,0.1522242636521507,0.1522242636521507,0,0,6.398255813953488,12.044079474530164,CCL19
