Term,Gene_set,Overlap,P-value,Adjusted P-value,Old P-value,Old Adjusted P-value,Odds Ratio,Combined Score,Genes
platelet degranulation (GO:0002576),GO_Biological_Process_2021,5/125,3.400153742156609e-07,0.00011050499662008978,0,0,43.54385964912281,648.5542202658863,SELP;SPARC;ITGB3;ITGA2B;CLU
integrin-mediated signaling pathway (GO:0007229),GO_Biological_Process_2021,4/75,1.8306365438259367e-06,0.0002238427834859418,0,0,56.070422535211264,740.7377628773261,MPIG6B;ITGB5;ITGB3;ITGA2B
regulated exocytosis (GO:0045055),GO_Biological_Process_2021,5/180,2.0662410783317705e-06,0.0002238427834859418,0,0,29.77593984962406,389.7604872043992,SELP;SPARC;ITGB3;ITGA2B;CLU
extracellular structure organization (GO:0043062),GO_Biological_Process_2021,4/216,0.00011865554528257858,0.0078511524409284,0,0,18.645283018867925,168.54004276967285,SPARC;ITGB5;ITGB3;ITGA2B
external encapsulating structure organization (GO:0045229),GO_Biological_Process_2021,4/217,0.00012078696062966802,0.0078511524409284,0,0,18.55680751173709,167.40990902890007,SPARC;ITGB5;ITGB3;ITGA2B
cell-matrix adhesion (GO:0007160),GO_Biological_Process_2021,3/100,0.00022743640782365407,0.0123194720904479,0,0,29.276877761413843,245.59318448881905,ITGB5;CTTN;ITGB3
extracellular matrix organization (GO:0030198),GO_Biological_Process_2021,4/300,0.00041602303201919097,0.0193153550580338,0,0,13.297297297297296,103.51640020086478,SPARC;ITGB5;ITGB3;ITGA2B
lamellipodium organization (GO:0097581),GO_Biological_Process_2021,2/29,0.0005493106201692561,0.022315743944376,0,0,67.16835016835017,504.2224932837275,ABLIM3;CTTN
negative regulation of protein metabolic process (GO:0051248),GO_Biological_Process_2021,2/52,0.0017641092615234,0.0637039455550136,0,0,36.22909090909091,229.6963992347988,ITGB3;CLU
negative regulation of response to stimulus (GO:0048585),GO_Biological_Process_2021,2/61,0.002418659096373,0.0714378403389963,0,0,30.688751926040062,184.8856744391506,MPIG6B;CLU
positive regulation of endothelial cell migration (GO:0010595),GO_Biological_Process_2021,2/86,0.0047432708947267,0.0714378403389963,0,0,21.528138528138527,115.19767892114508,SPARC;ITGB3
regulation of endothelial cell migration (GO:0010594),GO_Biological_Process_2021,2/89,0.0050708641872874,0.0714378403389963,0,0,20.782654127481717,109.82061589185456,SPARC;ITGB3
positive regulation of supramolecular fiber organization (GO:1902905),GO_Biological_Process_2021,2/91,0.0052949165624022,0.0714378403389963,0,0,20.31358529111338,106.46366419478711,CTTN;CLU
regulation of endothelial cell proliferation (GO:0001936),GO_Biological_Process_2021,2/92,0.0054086318869985,0.0714378403389963,0,0,20.086868686868687,104.84861570028022,SPARC;ITGB3
positive regulation of epithelial cell migration (GO:0010634),GO_Biological_Process_2021,2/94,0.005639427655241,0.0714378403389963,0,0,19.64822134387352,101.73795368654676,SPARC;ITGB3
negative regulation of lipid transport (GO:0032369),GO_Biological_Process_2021,1/5,0.005986138987596,0.0714378403389963,0,0,217.08695652173915,1111.118047594182,ITGB3
positive regulation of leukocyte tethering or rolling (GO:1903238),GO_Biological_Process_2021,1/5,0.005986138987596,0.0714378403389963,0,0,217.08695652173915,1111.118047594182,SELP
cilium assembly (GO:0060271),GO_Biological_Process_2021,3/314,0.0060760545511784,0.0714378403389963,0,0,9.03307303628847,46.0993823693472,EHD3;ABLIM3;PRKAR2B
regulation of proteasomal ubiquitin-dependent protein catabolic process (GO:0032434),GO_Biological_Process_2021,2/102,0.0066070951989085,0.0714378403389963,0,0,18.06909090909091,90.69981068989615,MAP1A;CLU
megakaryocyte development (GO:0035855),GO_Biological_Process_2021,1/6,0.0071792448741713,0.0714378403389963,0,0,173.66086956521738,857.2874884567655,MPIG6B
positive regulation of tau-protein kinase activity (GO:1902949),GO_Biological_Process_2021,1/6,0.0071792448741713,0.0714378403389963,0,0,173.66086956521738,857.2874884567655,CLU
regulation of protein depolymerization (GO:1901879),GO_Biological_Process_2021,1/6,0.0071792448741713,0.0714378403389963,0,0,173.66086956521738,857.2874884567655,MAP1A
activation of protein kinase activity (GO:0032147),GO_Biological_Process_2021,2/114,0.008189768331845,0.0714378403389963,0,0,16.123376623376622,77.47072328706658,PRKAR2B;ITGB3
smooth muscle cell migration (GO:0014909),GO_Biological_Process_2021,1/7,0.0083709789916443,0.0714378403389963,0,0,144.71014492753622,692.1463710595567,ITGB3
maintenance of protein location in extracellular region (GO:0071694),GO_Biological_Process_2021,1/7,0.0083709789916443,0.0714378403389963,0,0,144.71014492753622,692.1463710595567,LTBP1
regulation of transforming growth factor beta activation (GO:1901388),GO_Biological_Process_2021,1/7,0.0083709789916443,0.0714378403389963,0,0,144.71014492753622,692.1463710595567,LTBP1
glycerol transport (GO:0015793),GO_Biological_Process_2021,1/7,0.0083709789916443,0.0714378403389963,0,0,144.71014492753622,692.1463710595567,AQP10
regulation of cardiac muscle cell membrane potential (GO:0086036),GO_Biological_Process_2021,1/7,0.0083709789916443,0.0714378403389963,0,0,144.71014492753622,692.1463710595567,EHD3
negative regulation of low-density lipoprotein receptor activity (GO:1905598),GO_Biological_Process_2021,1/7,0.0083709789916443,0.0714378403389963,0,0,144.71014492753622,692.1463710595567,ITGB3
regulation of protein-containing complex assembly (GO:0043254),GO_Biological_Process_2021,2/116,0.008468586951413,0.0714378403389963,0,0,15.83891547049442,75.57366845167758,SELP;CLU
protein homooligomerization (GO:0051260),GO_Biological_Process_2021,2/121,0.009184151715531,0.0714378403389963,0,0,15.16959511077158,71.14958666409741,EHD3;AQP10
protein localization to presynapse (GO:1905383),GO_Biological_Process_2021,1/8,0.0095613427178271,0.0714378403389963,0,0,124.03105590062113,576.7477724354015,MAP1A
negative regulation of cAMP-dependent protein kinase activity (GO:2000480),GO_Biological_Process_2021,1/8,0.0095613427178271,0.0714378403389963,0,0,124.03105590062113,576.7477724354015,PRKAR2B
anterograde axonal protein transport (GO:0099641),GO_Biological_Process_2021,1/8,0.0095613427178271,0.0714378403389963,0,0,124.03105590062113,576.7477724354015,MAP1A
axo-dendritic protein transport (GO:0099640),GO_Biological_Process_2021,1/8,0.0095613427178271,0.0714378403389963,0,0,124.03105590062113,576.7477724354015,MAP1A
positive regulation of muscle contraction (GO:0045933),GO_Biological_Process_2021,1/8,0.0095613427178271,0.0714378403389963,0,0,124.03105590062113,576.7477724354015,CTTN
regulation of extent of cell growth (GO:0061387),GO_Biological_Process_2021,1/8,0.0095613427178271,0.0714378403389963,0,0,124.03105590062113,576.7477724354015,CTTN
associative learning (GO:0008306),GO_Biological_Process_2021,1/9,0.0107503374648081,0.0714378403389963,0,0,108.52173913043478,491.9093069362492,MAP1A
regulation of lipid transport (GO:0032368),GO_Biological_Process_2021,1/9,0.0107503374648081,0.0714378403389963,0,0,108.52173913043478,491.9093069362492,ITGB3
positive regulation of smooth muscle contraction (GO:0045987),GO_Biological_Process_2021,1/9,0.0107503374648081,0.0714378403389963,0,0,108.52173913043478,491.9093069362492,CTTN
mesodermal cell differentiation (GO:0048333),GO_Biological_Process_2021,1/9,0.0107503374648081,0.0714378403389963,0,0,108.52173913043478,491.9093069362492,ITGB3
bone cell development (GO:0098751),GO_Biological_Process_2021,1/9,0.0107503374648081,0.0714378403389963,0,0,108.52173913043478,491.9093069362492,MPIG6B
negative regulation of lipid localization (GO:1905953),GO_Biological_Process_2021,1/9,0.0107503374648081,0.0714378403389963,0,0,108.52173913043478,491.9093069362492,ITGB3
response to misfolded protein (GO:0051788),GO_Biological_Process_2021,1/9,0.0107503374648081,0.0714378403389963,0,0,108.52173913043478,491.9093069362492,CLU
positive regulation of cell activation (GO:0050867),GO_Biological_Process_2021,1/10,0.0119379646683197,0.0714378403389963,0,0,96.45893719806764,427.1232267263204,SELP
receptor recycling (GO:0001881),GO_Biological_Process_2021,1/10,0.0119379646683197,0.0714378403389963,0,0,96.45893719806764,427.1232267263204,EHD3
regulation of tau-protein kinase activity (GO:1902947),GO_Biological_Process_2021,1/10,0.0119379646683197,0.0714378403389963,0,0,96.45893719806764,427.1232267263204,CLU
neuron projection maintenance (GO:1990535),GO_Biological_Process_2021,1/10,0.0119379646683197,0.0714378403389963,0,0,96.45893719806764,427.1232267263204,MAP1A
regulation of leukocyte tethering or rolling (GO:1903236),GO_Biological_Process_2021,1/10,0.0119379646683197,0.0714378403389963,0,0,96.45893719806764,427.1232267263204,SELP
positive regulation of vascular endothelial growth factor receptor signaling pathway (GO:0030949),GO_Biological_Process_2021,1/10,0.0119379646683197,0.0714378403389963,0,0,96.45893719806764,427.1232267263204,ITGB3
muscle cell migration (GO:0014812),GO_Biological_Process_2021,1/10,0.0119379646683197,0.0714378403389963,0,0,96.45893719806764,427.1232267263204,ITGB3
myelin maintenance (GO:0043217),GO_Biological_Process_2021,1/10,0.0119379646683197,0.0714378403389963,0,0,96.45893719806764,427.1232267263204,CLU
cellular response to acidic pH (GO:0071468),GO_Biological_Process_2021,1/10,0.0119379646683197,0.0714378403389963,0,0,96.45893719806764,427.1232267263204,AQP10
neuron projection morphogenesis (GO:0048812),GO_Biological_Process_2021,2/140,0.012139621936859,0.0714378403389963,0,0,13.068511198945982,57.64887039031692,CTTN;MAP1A
receptor-mediated endocytosis (GO:0006898),GO_Biological_Process_2021,2/143,0.0126397458709847,0.0714378403389963,0,0,12.788523533204383,55.89747255184229,SPARC;CTTN
central nervous system myelination (GO:0022010),GO_Biological_Process_2021,1/11,0.0131242257813257,0.0714378403389963,0,0,86.80869565217391,376.1677267870623,CLU
angiogenesis involved in wound healing (GO:0060055),GO_Biological_Process_2021,1/11,0.0131242257813257,0.0714378403389963,0,0,86.80869565217391,376.1677267870623,ITGB3
cyclooxygenase pathway (GO:0019371),GO_Biological_Process_2021,1/11,0.0131242257813257,0.0714378403389963,0,0,86.80869565217391,376.1677267870623,PTGS1
Golgi to lysosome transport (GO:0090160),GO_Biological_Process_2021,1/11,0.0131242257813257,0.0714378403389963,0,0,86.80869565217391,376.1677267870623,EHD3
epithelial cell-cell adhesion (GO:0090136),GO_Biological_Process_2021,1/12,0.014309122256811,0.0714378403389963,0,0,78.91304347826087,335.1324919763037,ITGB5
megakaryocyte differentiation (GO:0030219),GO_Biological_Process_2021,1/12,0.014309122256811,0.0714378403389963,0,0,78.91304347826087,335.1324919763037,MPIG6B
early endosome to Golgi transport (GO:0034498),GO_Biological_Process_2021,1/12,0.014309122256811,0.0714378403389963,0,0,78.91304347826087,335.1324919763037,EHD3
polyol transport (GO:0015791),GO_Biological_Process_2021,1/12,0.014309122256811,0.0714378403389963,0,0,78.91304347826087,335.1324919763037,AQP10
negative regulation of amyloid fibril formation (GO:1905907),GO_Biological_Process_2021,1/12,0.014309122256811,0.0714378403389963,0,0,78.91304347826087,335.1324919763037,CLU
positive regulation of protein kinase activity (GO:0045860),GO_Biological_Process_2021,2/154,0.0145495707624935,0.0714378403389963,0,0,11.85645933014354,50.15512059015245,ITGB3;CLU
positive regulation of protein localization to cell surface (GO:2000010),GO_Biological_Process_2021,1/13,0.0154926555661662,0.0714378403389963,0,0,72.33333333333333,301.441152263015,MAP1A
negative regulation of macrophage derived foam cell differentiation (GO:0010745),GO_Biological_Process_2021,1/13,0.0154926555661662,0.0714378403389963,0,0,72.33333333333333,301.441152263015,ITGB3
sequestering of extracellular ligand from receptor (GO:0035581),GO_Biological_Process_2021,1/14,0.0166748271779813,0.0714378403389963,0,0,66.76588628762542,273.3298608380045,LTBP1
regulation of response to endoplasmic reticulum stress (GO:1905897),GO_Biological_Process_2021,1/14,0.0166748271779813,0.0714378403389963,0,0,66.76588628762542,273.3298608380045,CLU
regulation of lipase activity (GO:0060191),GO_Biological_Process_2021,1/14,0.0166748271779813,0.0714378403389963,0,0,66.76588628762542,273.3298608380045,PCSK6
regulation of cAMP-dependent protein kinase activity (GO:2000479),GO_Biological_Process_2021,1/14,0.0166748271779813,0.0714378403389963,0,0,66.76588628762542,273.3298608380045,PRKAR2B
carbohydrate transport (GO:0008643),GO_Biological_Process_2021,1/14,0.0166748271779813,0.0714378403389963,0,0,66.76588628762542,273.3298608380045,AQP10
stress fiber assembly (GO:0043149),GO_Biological_Process_2021,1/15,0.0178556385652366,0.0714378403389963,0,0,61.993788819875775,249.55202523941097,ITGB5
regulation of integrin activation (GO:0033623),GO_Biological_Process_2021,1/15,0.0178556385652366,0.0714378403389963,0,0,61.993788819875775,249.55202523941097,SELP
regulation of amyloid fibril formation (GO:1905906),GO_Biological_Process_2021,1/15,0.0178556385652366,0.0714378403389963,0,0,61.993788819875775,249.55202523941097,CLU
contractile actin filament bundle assembly (GO:0030038),GO_Biological_Process_2021,1/15,0.0178556385652366,0.0714378403389963,0,0,61.993788819875775,249.55202523941097,ITGB5
response to acidic pH (GO:0010447),GO_Biological_Process_2021,1/15,0.0178556385652366,0.0714378403389963,0,0,61.993788819875775,249.55202523941097,AQP10
prostanoid biosynthetic process (GO:0046457),GO_Biological_Process_2021,1/15,0.0178556385652366,0.0714378403389963,0,0,61.993788819875775,249.55202523941097,PTGS1
regulation of intrinsic apoptotic signaling pathway in response to DNA damage (GO:1902229),GO_Biological_Process_2021,1/16,0.0190350912060612,0.0714378403389963,0,0,57.85797101449276,229.20267994354347,CLU
neuron projection organization (GO:0106027),GO_Biological_Process_2021,1/16,0.0190350912060612,0.0714378403389963,0,0,57.85797101449276,229.20267994354347,MAP1A
regulation of amyloid-beta clearance (GO:1900221),GO_Biological_Process_2021,1/16,0.0190350912060612,0.0714378403389963,0,0,57.85797101449276,229.20267994354347,CLU
positive regulation of leukocyte adhesion to vascular endothelial cell (GO:1904996),GO_Biological_Process_2021,1/16,0.0190350912060612,0.0714378403389963,0,0,57.85797101449276,229.20267994354347,SELP
retrograde axonal transport (GO:0008090),GO_Biological_Process_2021,1/16,0.0190350912060612,0.0714378403389963,0,0,57.85797101449276,229.20267994354347,MAP1A
negative regulation of release of cytochrome c from mitochondria (GO:0090201),GO_Biological_Process_2021,1/16,0.0190350912060612,0.0714378403389963,0,0,57.85797101449276,229.20267994354347,CLU
activation of protein kinase A activity (GO:0034199),GO_Biological_Process_2021,1/17,0.0202131865779684,0.0714378403389963,0,0,54.23913043478261,211.60963296162683,PRKAR2B
regulation of Golgi organization (GO:1903358),GO_Biological_Process_2021,1/17,0.0202131865779684,0.0714378403389963,0,0,54.23913043478261,211.60963296162683,EHD3
regulation of cellular response to growth factor stimulus (GO:0090287),GO_Biological_Process_2021,1/17,0.0202131865779684,0.0714378403389963,0,0,54.23913043478261,211.60963296162683,PCSK6
reverse cholesterol transport (GO:0043691),GO_Biological_Process_2021,1/17,0.0202131865779684,0.0714378403389963,0,0,54.23913043478261,211.60963296162683,CLU
negative regulation of amyloid-beta formation (GO:1902430),GO_Biological_Process_2021,1/17,0.0202131865779684,0.0714378403389963,0,0,54.23913043478261,211.60963296162683,CLU
positive regulation of amyloid-beta formation (GO:1902004),GO_Biological_Process_2021,1/18,0.0213899261577365,0.0714378403389963,0,0,51.0460358056266,196.26359569838613,CLU
leukocyte tethering or rolling (GO:0050901),GO_Biological_Process_2021,1/18,0.0213899261577365,0.0714378403389963,0,0,51.0460358056266,196.26359569838613,SELP
cellular response to pH (GO:0071467),GO_Biological_Process_2021,1/18,0.0213899261577365,0.0714378403389963,0,0,51.0460358056266,196.26359569838613,AQP10
fluid transport (GO:0042044),GO_Biological_Process_2021,1/18,0.0213899261577365,0.0714378403389963,0,0,51.0460358056266,196.26359569838613,AQP10
regulation of transforming growth factor beta production (GO:0071634),GO_Biological_Process_2021,1/18,0.0213899261577365,0.0714378403389963,0,0,51.0460358056266,196.26359569838613,LTBP1
release of cytochrome c from mitochondria (GO:0001836),GO_Biological_Process_2021,1/18,0.0213899261577365,0.0714378403389963,0,0,51.0460358056266,196.26359569838613,CLU
water transport (GO:0006833),GO_Biological_Process_2021,1/18,0.0213899261577365,0.0714378403389963,0,0,51.0460358056266,196.26359569838613,AQP10
prostanoid metabolic process (GO:0006692),GO_Biological_Process_2021,1/18,0.0213899261577365,0.0714378403389963,0,0,51.0460358056266,196.26359569838613,PTGS1
cellular response to glucagon stimulus (GO:0071377),GO_Biological_Process_2021,1/19,0.0225653114296027,0.0714378403389963,0,0,48.20772946859904,182.7719626724847,PRKAR2B
leukocyte adhesion to vascular endothelial cell (GO:0061756),GO_Biological_Process_2021,1/19,0.0225653114296027,0.0714378403389963,0,0,48.20772946859904,182.7719626724847,SELP
prostaglandin biosynthetic process (GO:0001516),GO_Biological_Process_2021,1/19,0.0225653114296027,0.0714378403389963,0,0,48.20772946859904,182.7719626724847,PTGS1
negative regulation of amyloid precursor protein catabolic process (GO:1902992),GO_Biological_Process_2021,1/19,0.0225653114296027,0.0714378403389963,0,0,48.20772946859904,182.7719626724847,CLU
regulation of signal transduction (GO:0009966),GO_Biological_Process_2021,2/198,0.0233285705497785,0.0714378403389963,0,0,9.174397031539888,34.478085571504906,MPIG6B;CLU
protein targeting to lysosome (GO:0006622),GO_Biological_Process_2021,1/20,0.0237393438664972,0.0714378403389963,0,0,45.66819221967963,170.827422984315,CLU
regulation of smooth muscle contraction (GO:0006940),GO_Biological_Process_2021,1/20,0.0237393438664972,0.0714378403389963,0,0,45.66819221967963,170.827422984315,CTTN
mesoderm formation (GO:0001707),GO_Biological_Process_2021,1/20,0.0237393438664972,0.0714378403389963,0,0,45.66819221967963,170.827422984315,ITGB3
negative regulation of lipid storage (GO:0010888),GO_Biological_Process_2021,1/20,0.0237393438664972,0.0714378403389963,0,0,45.66819221967963,170.827422984315,ITGB3
myeloid cell development (GO:0061515),GO_Biological_Process_2021,1/20,0.0237393438664972,0.0714378403389963,0,0,45.66819221967963,170.827422984315,MPIG6B
regulation of protein kinase A signaling (GO:0010738),GO_Biological_Process_2021,1/20,0.0237393438664972,0.0714378403389963,0,0,45.66819221967963,170.827422984315,PRKAR2B
negative regulation of cell communication (GO:0010648),GO_Biological_Process_2021,1/21,0.0249120249496479,0.0716496292799607,0,0,43.38260869565217,160.18614661402282,MPIG6B
focal adhesion assembly (GO:0048041),GO_Biological_Process_2021,1/21,0.0249120249496479,0.0716496292799607,0,0,43.38260869565217,160.18614661402282,CTTN
regulation of lipoprotein lipase activity (GO:0051004),GO_Biological_Process_2021,1/21,0.0249120249496479,0.0716496292799607,0,0,43.38260869565217,160.18614661402282,PCSK6
response to glucagon (GO:0033762),GO_Biological_Process_2021,1/21,0.0249120249496479,0.0716496292799607,0,0,43.38260869565217,160.18614661402282,PRKAR2B
calcium-mediated signaling using intracellular calcium source (GO:0035584),GO_Biological_Process_2021,1/21,0.0249120249496479,0.0716496292799607,0,0,43.38260869565217,160.18614661402282,SELP
positive regulation of amyloid precursor protein catabolic process (GO:1902993),GO_Biological_Process_2021,1/22,0.0260833561592032,0.0718397521333987,0,0,41.31469979296066,150.65231192236567,CLU
chaperone-mediated protein complex assembly (GO:0051131),GO_Biological_Process_2021,1/22,0.0260833561592032,0.0718397521333987,0,0,41.31469979296066,150.65231192236567,CLU
regulation of lipid storage (GO:0010883),GO_Biological_Process_2021,1/22,0.0260833561592032,0.0718397521333987,0,0,41.31469979296066,150.65231192236567,ITGB3
microglial cell activation (GO:0001774),GO_Biological_Process_2021,1/22,0.0260833561592032,0.0718397521333987,0,0,41.31469979296066,150.65231192236567,CLU
regulation of platelet activation (GO:0010543),GO_Biological_Process_2021,1/22,0.0260833561592032,0.0718397521333987,0,0,41.31469979296066,150.65231192236567,SELP
regulation of supramolecular fiber organization (GO:1902903),GO_Biological_Process_2021,1/23,0.0272533389718204,0.074431387948249,0,0,39.43478260869565,142.06692893534887,MAP1A
regulation of vascular endothelial growth factor receptor signaling pathway (GO:0030947),GO_Biological_Process_2021,1/24,0.0284219748654964,0.0769761819273861,0,0,37.71833648393195,134.2996324147713,ITGB3
negative regulation of response to endoplasmic reticulum stress (GO:1903573),GO_Biological_Process_2021,1/25,0.0295892653137072,0.0775525098947972,0,0,36.14492753623188,127.2425658336615,CLU
negative regulation of signaling (GO:0023057),GO_Biological_Process_2021,1/25,0.0295892653137072,0.0775525098947972,0,0,36.14492753623188,127.2425658336615,MPIG6B
regulation of cAMP-mediated signaling (GO:0043949),GO_Biological_Process_2021,1/25,0.0295892653137072,0.0775525098947972,0,0,36.14492753623188,127.2425658336615,PRKAR2B
regulation of microtubule depolymerization (GO:0031114),GO_Biological_Process_2021,1/25,0.0295892653137072,0.0775525098947972,0,0,36.14492753623188,127.2425658336615,MAP1A
cilium organization (GO:0044782),GO_Biological_Process_2021,2/228,0.0302882213539566,0.0780894049475,0,0,7.944489139179405,27.781849730759703,EHD3;ABLIM3
lamellipodium assembly (GO:0030032),GO_Biological_Process_2021,1/26,0.0307552117947077,0.0780894049475,0,0,34.697391304347825,120.8057619164666,ABLIM3
negative regulation of intrinsic apoptotic signaling pathway in response to DNA damage (GO:1902230),GO_Biological_Process_2021,1/26,0.0307552117947077,0.0780894049475,0,0,34.697391304347825,120.8057619164666,CLU
negative regulation of receptor-mediated endocytosis (GO:0048261),GO_Biological_Process_2021,1/26,0.0307552117947077,0.0780894049475,0,0,34.697391304347825,120.8057619164666,ITGB3
positive regulation of nitric oxide biosynthetic process (GO:0045429),GO_Biological_Process_2021,1/27,0.0319198157870248,0.0804181405487061,0,0,33.36120401337793,114.91361059553886,CLU
positive regulation of nitric oxide metabolic process (GO:1904407),GO_Biological_Process_2021,1/28,0.0330830787572745,0.0814545499705623,0,0,32.12399355877617,109.5021279575476,CLU
leukocyte cell-cell adhesion (GO:0007159),GO_Biological_Process_2021,1/28,0.0330830787572745,0.0814545499705623,0,0,32.12399355877617,109.5021279575476,SELP
regulation of microtubule polymerization or depolymerization (GO:0031110),GO_Biological_Process_2021,1/28,0.0330830787572745,0.0814545499705623,0,0,32.12399355877617,109.5021279575476,MAP1A
regulation of actin polymerization or depolymerization (GO:0008064),GO_Biological_Process_2021,1/29,0.0342450021823671,0.083101900617557,0,0,30.975155279503102,104.51682262493934,CTTN
heterotypic cell-cell adhesion (GO:0034113),GO_Biological_Process_2021,1/30,0.035405587532064,0.083101900617557,0,0,29.90554722638681,99.91101302805887,ITGB3
negative regulation of response to DNA damage stimulus (GO:2001021),GO_Biological_Process_2021,1/31,0.036564836271725,0.083101900617557,0,0,28.9072463768116,95.64448851318151,CLU
positive regulation of protein targeting to mitochondrion (GO:1903955),GO_Biological_Process_2021,1/31,0.036564836271725,0.083101900617557,0,0,28.9072463768116,95.64448851318151,ABLIM3
positive regulation of proteolysis involved in cellular protein catabolic process (GO:1903052),GO_Biological_Process_2021,1/31,0.036564836271725,0.083101900617557,0,0,28.9072463768116,95.64448851318151,CLU
regulation of transmembrane receptor protein serine/threonine kinase signaling pathway (GO:0090092),GO_Biological_Process_2021,1/31,0.036564836271725,0.083101900617557,0,0,28.9072463768116,95.64448851318151,PCSK6
regulation of macrophage derived foam cell differentiation (GO:0010743),GO_Biological_Process_2021,1/31,0.036564836271725,0.083101900617557,0,0,28.9072463768116,95.64448851318151,ITGB3
renal water homeostasis (GO:0003091),GO_Biological_Process_2021,1/31,0.036564836271725,0.083101900617557,0,0,28.9072463768116,95.64448851318151,PRKAR2B
prostaglandin metabolic process (GO:0006693),GO_Biological_Process_2021,1/31,0.036564836271725,0.083101900617557,0,0,28.9072463768116,95.64448851318151,PTGS1
regulation of developmental growth (GO:0048638),GO_Biological_Process_2021,1/31,0.036564836271725,0.083101900617557,0,0,28.9072463768116,95.64448851318151,CTTN
negative regulation of proteasomal ubiquitin-dependent protein catabolic process (GO:0032435),GO_Biological_Process_2021,1/31,0.036564836271725,0.083101900617557,0,0,28.9072463768116,95.64448851318151,MAP1A
regulation of cell morphogenesis (GO:0022604),GO_Biological_Process_2021,1/32,0.0377227498799882,0.0845509911103184,0,0,27.97335203366059,91.6824353057917,SPARC
endodermal cell differentiation (GO:0035987),GO_Biological_Process_2021,1/32,0.0377227498799882,0.0845509911103184,0,0,27.97335203366059,91.6824353057917,ITGB5
apoptotic cell clearance (GO:0043277),GO_Biological_Process_2021,1/33,0.0388793298193351,0.084803907324053,0,0,27.097826086956523,87.994568412846,ITGB3
apoptotic mitochondrial changes (GO:0008637),GO_Biological_Process_2021,1/33,0.0388793298193351,0.084803907324053,0,0,27.097826086956523,87.994568412846,CLU
negative chemotaxis (GO:0050919),GO_Biological_Process_2021,1/33,0.0388793298193351,0.084803907324053,0,0,27.097826086956523,87.994568412846,ITGB3
regulation of protein localization to cell surface (GO:2000008),GO_Biological_Process_2021,1/33,0.0388793298193351,0.084803907324053,0,0,27.097826086956523,87.994568412846,MAP1A
regulation of amyloid-beta formation (GO:1902003),GO_Biological_Process_2021,1/34,0.0400345775570758,0.085600248066116,0,0,26.27536231884058,84.55442492330164,CLU
negative regulation of mitochondrion organization (GO:0010823),GO_Biological_Process_2021,1/34,0.0400345775570758,0.085600248066116,0,0,26.27536231884058,84.55442492330164,CLU
cell-substrate junction assembly (GO:0007044),GO_Biological_Process_2021,1/34,0.0400345775570758,0.085600248066116,0,0,26.27536231884058,84.55442492330164,CTTN
regulation of protein polymerization (GO:0032271),GO_Biological_Process_2021,1/35,0.0411884945546998,0.0870939983661993,0,0,25.50127877237852,81.33878492786673,CTTN
negative regulation of cellular protein localization (GO:1903828),GO_Biological_Process_2021,1/36,0.0423410822826446,0.0870939983661993,0,0,24.77142857142857,78.32719402267635,MAP1A
macrophage activation (GO:0042116),GO_Biological_Process_2021,1/36,0.0423410822826446,0.0870939983661993,0,0,24.77142857142857,78.32719402267635,CLU
calcium-dependent cell-cell adhesion via plasma membrane cell adhesion molecules (GO:0016339),GO_Biological_Process_2021,1/36,0.0423410822826446,0.0870939983661993,0,0,24.77142857142857,78.32719402267635,SELP
endoderm formation (GO:0001706),GO_Biological_Process_2021,1/36,0.0423410822826446,0.0870939983661993,0,0,24.77142857142857,78.32719402267635,ITGB5
platelet aggregation (GO:0070527),GO_Biological_Process_2021,1/36,0.0423410822826446,0.0870939983661993,0,0,24.77142857142857,78.32719402267635,ITGB3
plasma membrane bounded cell projection assembly (GO:0120031),GO_Biological_Process_2021,2/278,0.0434646984513939,0.0877951007043489,0,0,6.488801054018445,20.34762257711454,EHD3;ABLIM3
anterograde axonal transport (GO:0008089),GO_Biological_Process_2021,1/37,0.0434923421950774,0.0877951007043489,0,0,24.082125603864736,75.50156731119475,MAP1A
negative regulation of endothelial cell proliferation (GO:0001937),GO_Biological_Process_2021,1/37,0.0434923421950774,0.0877951007043489,0,0,24.082125603864736,75.50156731119475,SPARC
negative regulation of ubiquitin-dependent protein catabolic process (GO:2000059),GO_Biological_Process_2021,1/38,0.0446422757586845,0.0884679245217834,0,0,23.43008225616921,72.84585913763358,MAP1A
regulation of axon extension (GO:0030516),GO_Biological_Process_2021,1/38,0.0446422757586845,0.0884679245217834,0,0,23.43008225616921,72.84585913763358,CTTN
negative regulation of proteasomal protein catabolic process (GO:1901799),GO_Biological_Process_2021,1/38,0.0446422757586845,0.0884679245217834,0,0,23.43008225616921,72.84585913763358,MAP1A
regulation of protein targeting to mitochondrion (GO:1903214),GO_Biological_Process_2021,1/39,0.0457908844272047,0.0891139966397696,0,0,22.812356979405035,70.34578626791965,ABLIM3
regulation of receptor-mediated endocytosis (GO:0048259),GO_Biological_Process_2021,1/39,0.0457908844272047,0.0891139966397696,0,0,22.812356979405035,70.34578626791965,CLU
negative regulation of cellular metabolic process (GO:0031324),GO_Biological_Process_2021,1/39,0.0457908844272047,0.0891139966397696,0,0,22.812356979405035,70.34578626791965,ITGB3
regulation of nitric oxide biosynthetic process (GO:0045428),GO_Biological_Process_2021,1/40,0.0469381696680575,0.0908030067983257,0,0,22.22630992196209,67.98859468163421,CLU
regulation of release of cytochrome c from mitochondria (GO:0090199),GO_Biological_Process_2021,1/41,0.0480841329275167,0.0924694863990706,0,0,21.669565217391305,65.76286224679887,CLU
regulation of ubiquitin-dependent protein catabolic process (GO:2000058),GO_Biological_Process_2021,1/42,0.0492287756703269,0.0935634625313231,0,0,21.139978791092258,63.65833096505315,CLU
heterophilic cell-cell adhesion via plasma membrane cell adhesion molecules (GO:0007157),GO_Biological_Process_2021,1/42,0.0492287756703269,0.0935634625313231,0,0,21.139978791092258,63.65833096505315,SELP
positive regulation of receptor-mediated endocytosis (GO:0048260),GO_Biological_Process_2021,1/44,0.0515141054042076,0.0967750535050143,0,0,20.154701718907987,59.77682211833107,CLU
homotypic cell-cell adhesion (GO:0034109),GO_Biological_Process_2021,1/44,0.0515141054042076,0.0967750535050143,0,0,20.154701718907987,59.77682211833107,ITGB3
erythrocyte differentiation (GO:0030218),GO_Biological_Process_2021,1/46,0.05379417048562,0.0999034594732943,0,0,19.257004830917875,56.28033307969816,MPIG6B
regulation of cellular protein localization (GO:1903827),GO_Biological_Process_2021,1/46,0.05379417048562,0.0999034594732943,0,0,19.257004830917875,56.28033307969816,MAP1A
positive regulation of neuron death (GO:1901216),GO_Biological_Process_2021,1/47,0.0549322324024034,0.1014373609703473,0,0,18.83742911153119,54.65972021027424,CLU
substrate adhesion-dependent cell spreading (GO:0034446),GO_Biological_Process_2021,1/48,0.0560689824984696,0.102373142202262,0,0,18.43570767807585,53.1164542750393,ITGB3
positive regulation of endocytosis (GO:0045807),GO_Biological_Process_2021,1/48,0.0560689824984696,0.102373142202262,0,0,18.43570767807585,53.1164542750393,CLU
positive regulation of actin filament polymerization (GO:0030838),GO_Biological_Process_2021,1/49,0.0572044222192574,0.1038627777723947,0,0,18.05072463768116,51.645362778983234,CTTN
regulation of complement activation (GO:0030449),GO_Biological_Process_2021,1/50,0.0583385530130099,0.1053258845579965,0,0,17.68145519077196,50.24171555062859,CLU
negative regulation of transport (GO:0051051),GO_Biological_Process_2021,1/51,0.0594713763211451,0.1053258845579965,0,0,17.32695652173913,48.901178953928365,ITGB3
cholesterol transport (GO:0030301),GO_Biological_Process_2021,1/51,0.0594713763211451,0.1053258845579965,0,0,17.32695652173913,48.901178953928365,CLU
protein homotetramerization (GO:0051289),GO_Biological_Process_2021,1/52,0.0606028935764472,0.1053258845579965,0,0,16.986359761295823,47.619775632857134,AQP10
myeloid cell differentiation (GO:0030099),GO_Biological_Process_2021,1/52,0.0606028935764472,0.1053258845579965,0,0,16.986359761295823,47.619775632857134,MPIG6B
endocytic recycling (GO:0032456),GO_Biological_Process_2021,1/52,0.0606028935764472,0.1053258845579965,0,0,16.986359761295823,47.619775632857134,EHD3
plasma membrane bounded cell projection morphogenesis (GO:0120039),GO_Biological_Process_2021,1/52,0.0606028935764472,0.1053258845579965,0,0,16.986359761295823,47.619775632857134,CTTN
negative regulation of protein-containing complex assembly (GO:0031333),GO_Biological_Process_2021,1/52,0.0606028935764472,0.1053258845579965,0,0,16.986359761295823,47.619775632857134,CLU
regulation of immune effector process (GO:0002697),GO_Biological_Process_2021,1/53,0.06173310622682,0.1067194655516835,0,0,16.65886287625418,46.3938490228076,CLU
regulation of humoral immune response (GO:0002920),GO_Biological_Process_2021,1/54,0.0628620157036355,0.1069641628465003,0,0,16.343724364232976,45.22003200693963,CLU
regulation of megakaryocyte differentiation (GO:0045652),GO_Biological_Process_2021,1/54,0.0628620157036355,0.1069641628465003,0,0,16.343724364232976,45.22003200693963,ITGA2B
unsaturated fatty acid metabolic process (GO:0033559),GO_Biological_Process_2021,1/54,0.0628620157036355,0.1069641628465003,0,0,16.343724364232976,45.22003200693963,PTGS1
glycoprotein metabolic process (GO:0009100),GO_Biological_Process_2021,1/55,0.0639896234601604,0.1083157688778757,0,0,16.0402576489533,44.09521913474902,PCSK6
positive regulation of establishment of protein localization to mitochondrion (GO:1903749),GO_Biological_Process_2021,1/56,0.0651159309062086,0.1096511789871389,0,0,15.747826086956522,43.01654198332297,ABLIM3
arachidonic acid metabolic process (GO:0019369),GO_Biological_Process_2021,1/57,0.0662409394878685,0.1104015658131141,0,0,15.46583850931677,41.9813471983268,PTGS1
icosanoid metabolic process (GO:0006690),GO_Biological_Process_2021,1/57,0.0662409394878685,0.1104015658131141,0,0,15.46583850931677,41.9813471983268,PTGS1
receptor metabolic process (GO:0043112),GO_Biological_Process_2021,1/58,0.0673646506413824,0.1117015890737209,0,0,15.193745232646837,40.98717694310057,EHD3
protein transport (GO:0015031),GO_Biological_Process_2021,2/369,0.0717855869549109,0.1184279987834825,0,0,4.857319791924697,12.794527930808536,CTTN;CLU
actin cytoskeleton reorganization (GO:0031532),GO_Biological_Process_2021,1/63,0.07296379491735,0.1197638047885796,0,0,13.964936886395511,36.55729895706928,CTTN
negative regulation of intrinsic apoptotic signaling pathway (GO:2001243),GO_Biological_Process_2021,1/64,0.0740797514672648,0.120984518727945,0,0,13.742581090407178,35.766620798258494,CLU
positive regulation of cell death (GO:0010942),GO_Biological_Process_2021,1/66,0.0763078036201209,0.123383264559897,0,0,13.31839464882943,34.26796400153892,CLU
regulation of protein localization (GO:0032880),GO_Biological_Process_2021,1/66,0.0763078036201209,0.123383264559897,0,0,13.31839464882943,34.26796400153892,ITGB3
vascular endothelial growth factor receptor signaling pathway (GO:0048010),GO_Biological_Process_2021,1/67,0.0774199020723618,0.1245617236312753,0,0,13.115942028985508,33.55728718613052,ITGB3
negative regulation of transforming growth factor beta receptor signaling pathway (GO:0030512),GO_Biological_Process_2021,1/68,0.0785307173419281,0.1251102114516011,0,0,12.919532770927969,32.870720562250014,LTBP1
regulation of myeloid cell differentiation (GO:0045637),GO_Biological_Process_2021,1/68,0.0785307173419281,0.1251102114516011,0,0,12.919532770927969,32.870720562250014,ITGA2B
positive regulation of protein polymerization (GO:0032273),GO_Biological_Process_2021,1/69,0.0796402508235888,0.1262589342325188,0,0,12.728900255754477,32.20711721652364,CTTN
wound healing (GO:0042060),GO_Biological_Process_2021,1/70,0.0807485039378433,0.127075899777172,0,0,12.54379332073094,31.56540025786133,ITGB3
protein tetramerization (GO:0051262),GO_Biological_Process_2021,1/71,0.0818554781101707,0.127075899777172,0,0,12.363975155279505,30.944557621408983,AQP10
positive regulation of cellular protein localization (GO:1903829),GO_Biological_Process_2021,1/71,0.0818554781101707,0.127075899777172,0,0,12.363975155279505,30.944557621408983,MAP1A
negative regulation of supramolecular fiber organization (GO:1902904),GO_Biological_Process_2021,1/72,0.0829611747365632,0.127075899777172,0,0,12.189222290263318,30.343637326988627,CLU
negative regulation of epithelial cell proliferation (GO:0050680),GO_Biological_Process_2021,1/72,0.0829611747365632,0.127075899777172,0,0,12.189222290263318,30.343637326988627,SPARC
cell morphogenesis involved in differentiation (GO:0000904),GO_Biological_Process_2021,1/72,0.0829611747365632,0.127075899777172,0,0,12.189222290263318,30.343637326988627,ITGB3
"antigen processing and presentation of exogenous peptide antigen via MHC class I, TAP-dependent (GO:0002479)",GO_Biological_Process_2021,1/73,0.0840655952372061,0.127075899777172,0,0,12.019323671497585,29.76174313200534,ITGB5
regulation of actin filament polymerization (GO:0030833),GO_Biological_Process_2021,1/73,0.0840655952372061,0.127075899777172,0,0,12.019323671497585,29.76174313200534,CTTN
defense response to Gram-negative bacterium (GO:0050829),GO_Biological_Process_2021,1/73,0.0840655952372061,0.127075899777172,0,0,12.019323671497585,29.76174313200534,SELP
response to molecule of bacterial origin (GO:0002237),GO_Biological_Process_2021,1/73,0.0840655952372061,0.127075899777172,0,0,12.019323671497585,29.76174313200534,SELP
actomyosin structure organization (GO:0031032),GO_Biological_Process_2021,1/76,0.0873712140350116,0.128544399579229,0,0,11.5368115942029,28.122009760714384,ITGB5
regulation of BMP signaling pathway (GO:0030510),GO_Biological_Process_2021,1/76,0.0873712140350116,0.128544399579229,0,0,11.5368115942029,28.122009760714384,PCSK6
cell morphogenesis involved in neuron differentiation (GO:0048667),GO_Biological_Process_2021,1/76,0.0873712140350116,0.128544399579229,0,0,11.5368115942029,28.122009760714384,MAP1A
positive regulation of phosphatidylinositol 3-kinase signaling (GO:0014068),GO_Biological_Process_2021,1/77,0.08847054408079,0.128544399579229,0,0,11.384439359267734,27.608240154776084,SELP
positive regulation of endothelial cell proliferation (GO:0001938),GO_Biological_Process_2021,1/77,0.08847054408079,0.128544399579229,0,0,11.384439359267734,27.608240154776084,ITGB3
positive regulation of tumor necrosis factor production (GO:0032760),GO_Biological_Process_2021,1/77,0.08847054408079,0.128544399579229,0,0,11.384439359267734,27.608240154776084,CLU
negative regulation of apoptotic signaling pathway (GO:2001234),GO_Biological_Process_2021,1/78,0.0895686050392431,0.128544399579229,0,0,11.236024844720497,27.109723557490454,CLU
negative regulation of blood vessel morphogenesis (GO:2000181),GO_Biological_Process_2021,1/78,0.0895686050392431,0.128544399579229,0,0,11.236024844720497,27.109723557490454,SPARC
antigen processing and presentation of exogenous peptide antigen via MHC class I (GO:0042590),GO_Biological_Process_2021,1/78,0.0895686050392431,0.128544399579229,0,0,11.236024844720497,27.109723557490454,ITGB5
negative regulation of protein serine/threonine kinase activity (GO:0071901),GO_Biological_Process_2021,1/78,0.0895686050392431,0.128544399579229,0,0,11.236024844720497,27.109723557490454,PRKAR2B
positive regulation of proteasomal ubiquitin-dependent protein catabolic process (GO:0032436),GO_Biological_Process_2021,1/79,0.0906653982949543,0.128544399579229,0,0,11.091415830546266,26.62582536725388,CLU
regulation of ion transport (GO:0043269),GO_Biological_Process_2021,1/79,0.0906653982949543,0.128544399579229,0,0,11.091415830546266,26.62582536725388,ITGB3
axon development (GO:0061564),GO_Biological_Process_2021,1/79,0.0906653982949543,0.128544399579229,0,0,11.091415830546266,26.62582536725388,MAP1A
positive regulation of ubiquitin-dependent protein catabolic process (GO:2000060),GO_Biological_Process_2021,1/79,0.0906653982949543,0.128544399579229,0,0,11.091415830546266,26.62582536725388,CLU
organelle assembly (GO:0070925),GO_Biological_Process_2021,2/425,0.0915154635897318,0.128544399579229,0,0,4.202235117128734,10.048583461839948,EHD3;ABLIM3
negative regulation of cellular component organization (GO:0051129),GO_Biological_Process_2021,1/80,0.0917609252380958,0.128544399579229,0,0,10.950467804072646,26.155944898719028,CLU
regulation of organelle organization (GO:0033043),GO_Biological_Process_2021,1/80,0.0917609252380958,0.128544399579229,0,0,10.950467804072646,26.155944898719028,EHD3
positive regulation of cellular amide metabolic process (GO:0034250),GO_Biological_Process_2021,1/81,0.0928551872903362,0.1289655379032447,0,0,10.81304347826087,25.69951317247928,CLU
positive regulation of tumor necrosis factor superfamily cytokine production (GO:1903557),GO_Biological_Process_2021,1/81,0.0928551872903362,0.1289655379032447,0,0,10.81304347826087,25.69951317247928,CLU
positive regulation of cytoskeleton organization (GO:0051495),GO_Biological_Process_2021,1/82,0.093948185827494,0.1299283421018534,0,0,10.679012345679013,25.25599088572858,CTTN
regulation of cell cycle G2/M phase transition (GO:1902749),GO_Biological_Process_2021,1/85,0.0972196143523994,0.1336818458676597,0,0,10.296066252587991,23.99789406869696,PRKAR2B
negative regulation of cellular amide metabolic process (GO:0034249),GO_Biological_Process_2021,1/86,0.0983075728072943,0.1336818458676597,0,0,10.174424552429668,23.601146819428006,CLU
positive regulation of proteasomal protein catabolic process (GO:1901800),GO_Biological_Process_2021,1/86,0.0983075728072943,0.1336818458676597,0,0,10.174424552429668,23.601146819428006,CLU
regulation of neuron death (GO:1901214),GO_Biological_Process_2021,1/86,0.0983075728072943,0.1336818458676597,0,0,10.174424552429668,23.601146819428006,CLU
negative regulation of angiogenesis (GO:0016525),GO_Biological_Process_2021,1/87,0.0993942747281716,0.1345964136943991,0,0,10.055611729019212,23.21499626974228,SPARC
"retrograde transport, endosome to Golgi (GO:0042147)",GO_Biological_Process_2021,1/88,0.1004797214862166,0.1355016990996697,0,0,9.93953023488256,22.83904609412469,EHD3
transforming growth factor beta receptor signaling pathway (GO:0007179),GO_Biological_Process_2021,1/89,0.1015639144603895,0.1358365111095745,0,0,9.826086956521738,22.47291901655056,ITGB5
protein import (GO:0017038),GO_Biological_Process_2021,1/89,0.1015639144603895,0.1358365111095745,0,0,9.826086956521738,22.47291901655056,CLU
protein complex oligomerization (GO:0051259),GO_Biological_Process_2021,1/90,0.1026468550534564,0.1367222454605464,0,0,9.715192965315095,22.1162556930706,EHD3
positive regulation of cellular component biogenesis (GO:0044089),GO_Biological_Process_2021,1/92,0.1048089846474298,0.1384671545138808,0,0,9.500716674629718,21.42996644691597,CLU
regulation of peptidyl-tyrosine phosphorylation (GO:0050730),GO_Biological_Process_2021,1/92,0.1048089846474298,0.1384671545138808,0,0,9.500716674629718,21.42996644691597,ITGB3
negative regulation of cell death (GO:0060548),GO_Biological_Process_2021,1/94,0.1069661212646203,0.1407448964008162,0,0,9.295465170640488,20.77762455454772,CLU
ciliary basal body-plasma membrane docking (GO:0097711),GO_Biological_Process_2021,1/95,0.1080428206619952,0.141588373851405,0,0,9.196114708603146,20.463448656194377,PRKAR2B
protein maturation (GO:0051604),GO_Biological_Process_2021,1/97,0.1101924885374388,0.1438255372476611,0,0,9.003623188405797,19.85772995832064,PCSK6
regulation of cell death (GO:0010941),GO_Biological_Process_2021,1/102,0.1155449584465577,0.1496100059566983,0,0,8.55574687903573,18.464119473101512,CLU
calcium-mediated signaling (GO:0019722),GO_Biological_Process_2021,1/102,0.1155449584465577,0.1496100059566983,0,0,8.55574687903573,18.464119473101512,SELP
protein processing (GO:0016485),GO_Biological_Process_2021,1/106,0.1198047049497415,0.1532934216876614,0,0,8.228157349896481,17.45926389427172,PCSK6
cellular response to peptide hormone stimulus (GO:0071375),GO_Biological_Process_2021,1/106,0.1198047049497415,0.1532934216876614,0,0,8.228157349896481,17.45926389427172,PRKAR2B
regulation of phosphatidylinositol 3-kinase signaling (GO:0014066),GO_Biological_Process_2021,1/106,0.1198047049497415,0.1532934216876614,0,0,8.228157349896481,17.45926389427172,SELP
cellular response to transforming growth factor beta stimulus (GO:0071560),GO_Biological_Process_2021,1/114,0.1282652898280583,0.1622031875257547,0,0,7.6425548287803,15.695167750756225,ITGB5
positive regulation of cellular component organization (GO:0051130),GO_Biological_Process_2021,1/114,0.1282652898280583,0.1622031875257547,0,0,7.6425548287803,15.695167750756225,CLU
response to lipid (GO:0033993),GO_Biological_Process_2021,1/114,0.1282652898280583,0.1622031875257547,0,0,7.6425548287803,15.695167750756225,SELP
positive regulation of protein metabolic process (GO:0051247),GO_Biological_Process_2021,1/115,0.1293173667465542,0.1628997836923648,0,0,7.575133485888634,15.494827134911327,CLU
cytosolic transport (GO:0016482),GO_Biological_Process_2021,1/116,0.1303682267646687,0.1635894737394491,0,0,7.508884688090737,15.298543987469415,EHD3
positive regulation of protein-containing complex assembly (GO:0031334),GO_Biological_Process_2021,1/118,0.1324663015463994,0.1655828769329993,0,0,7.379784466740989,14.917695529897635,CLU
regulation of anatomical structure morphogenesis (GO:0022603),GO_Biological_Process_2021,1/123,0.1376902871907423,0.1707990203701956,0,0,7.075552387740556,14.029040259048296,SPARC
positive regulation of epithelial cell proliferation (GO:0050679),GO_Biological_Process_2021,1/123,0.1376902871907423,0.1707990203701956,0,0,7.075552387740556,14.029040259048296,ITGB3
regulation of tumor necrosis factor production (GO:0032680),GO_Biological_Process_2021,1/124,0.1387314605097311,0.1714362154587931,0,0,7.017674089784376,13.86141620257972,CLU
plasma membrane bounded cell projection organization (GO:0120036),GO_Biological_Process_2021,1/128,0.142884119029497,0.1758990101688884,0,0,6.7952755905511815,13.221712684740355,CTTN
muscle contraction (GO:0006936),GO_Biological_Process_2021,1/129,0.1439192816023307,0.1765047793236131,0,0,6.741847826086956,13.069090085751164,ITGB5
G2/M transition of mitotic cell cycle (GO:0000086),GO_Biological_Process_2021,1/130,0.1449532460203582,0.1771045299120918,0,0,6.689248399056286,12.919239959338638,PRKAR2B
cell cycle G2/M phase transition (GO:0044839),GO_Biological_Process_2021,1/131,0.1459860136050108,0.177698331167148,0,0,6.637458193979933,12.77209215219812,PRKAR2B
transmembrane receptor protein serine/threonine kinase signaling pathway (GO:0007178),GO_Biological_Process_2021,1/133,0.1480479635854841,0.1795357767361281,0,0,6.536231884057971,12.485634198946752,ITGB5
positive regulation of peptidyl-tyrosine phosphorylation (GO:0050731),GO_Biological_Process_2021,1/134,0.1490771486063101,0.1801117966433115,0,0,6.486760379208892,12.34619479702853,ITGB3
protein localization to plasma membrane (GO:0072659),GO_Biological_Process_2021,1/136,0.1511319453719111,0.181246797955244,0,0,6.3900161030595815,12.074587293407255,EHD3
negative regulation of inflammatory response to antigenic stimulus (GO:0002862),GO_Biological_Process_2021,1/136,0.1511319453719111,0.181246797955244,0,0,6.3900161030595815,12.074587293407255,PRKAR2B
regulation of inflammatory response to antigenic stimulus (GO:0002861),GO_Biological_Process_2021,1/137,0.1521575597172713,0.1818059077504161,0,0,6.342710997442455,11.942301842584484,PRKAR2B
protein localization to cell periphery (GO:1990778),GO_Biological_Process_2021,1/140,0.1552272825349906,0.1841199519119415,0,0,6.204879574601189,11.558852350583765,EHD3
enzyme linked receptor protein signaling pathway (GO:0007167),GO_Biological_Process_2021,1/140,0.1552272825349906,0.1841199519119415,0,0,6.204879574601189,11.558852350583765,GP6
positive regulation of intracellular protein transport (GO:0090316),GO_Biological_Process_2021,1/148,0.163361225602997,0.1930632666217238,0,0,5.8648328896776105,10.625853921726192,ABLIM3
regulation of G2/M transition of mitotic cell cycle (GO:0010389),GO_Biological_Process_2021,1/149,0.1643726754156526,0.1935547808336489,0,0,5.824911868390129,10.51757164836888,PRKAR2B
response to cytokine (GO:0034097),GO_Biological_Process_2021,1/150,0.1653829533371849,0.1940413712439896,0,0,5.78552669973738,10.411006495037403,SELP
positive regulation of NF-kappaB transcription factor activity (GO:0051092),GO_Biological_Process_2021,1/155,0.1704168099322024,0.1992282849926826,0,0,5.596273291925466,9.902650470022865,CLU
response to lipopolysaccharide (GO:0032496),GO_Biological_Process_2021,1/159,0.17442293322238,0.2031808361909445,0,0,5.453494771601541,9.5232867395977,SELP
adenylate cyclase-modulating G protein-coupled receptor signaling pathway (GO:0007188),GO_Biological_Process_2021,1/165,0.1803973746800748,0.2093898098965155,0,0,5.252386002120891,8.995200678276463,GNAZ
cellular protein-containing complex assembly (GO:0034622),GO_Biological_Process_2021,1/168,0.1833690358937122,0.2120816251439732,0,0,5.1572507159593854,8.748010080857481,CLU
cell-cell adhesion via plasma-membrane adhesion molecules (GO:0098742),GO_Biological_Process_2021,1/170,0.1853444039713198,0.2136061393286487,0,0,5.095703627476203,8.5890099560058,SELP
neuron projection development (GO:0031175),GO_Biological_Process_2021,1/171,0.186330370023192,0.2139836404859979,0,0,5.065473145780051,8.511180194969183,CTTN
defense response to bacterium (GO:0042742),GO_Biological_Process_2021,1/176,0.1912430710318092,0.2188521059342887,0,0,4.919503105590062,8.137891413487603,SELP
negative regulation of immune response (GO:0050777),GO_Biological_Process_2021,1/178,0.1932001814397508,0.2198868850246864,0,0,4.863424220093343,7.995607626987774,PRKAR2B
protein stabilization (GO:0050821),GO_Biological_Process_2021,1/179,0.1941770338525692,0.2198868850246864,0,0,4.835857352222765,7.925897616026212,CLU
regulation of immune response (GO:0050776),GO_Biological_Process_2021,1/179,0.1941770338525692,0.2198868850246864,0,0,4.835857352222765,7.925897616026212,TREML1
positive regulation of cellular biosynthetic process (GO:0031328),GO_Biological_Process_2021,1/180,0.1951527527278988,0.2202244605436359,0,0,4.808598494049065,7.857118567173795,CLU
regulation of mitotic cell cycle phase transition (GO:1901990),GO_Biological_Process_2021,1/188,0.2029178475987033,0.2281948113134206,0,0,4.601023017902813,7.338420404589049,PRKAR2B
negative regulation of cell differentiation (GO:0045596),GO_Biological_Process_2021,1/191,0.2058112067011053,0.2306504902684801,0,0,4.527688787185355,7.157352336409843,ITGB3
regulation of programmed cell death (GO:0043067),GO_Biological_Process_2021,1/194,0.2086944992118575,0.2330780489479508,0,0,4.456634377111962,6.983028308919875,CLU
protein localization to membrane (GO:0072657),GO_Biological_Process_2021,1/195,0.2096533654566449,0.2333470677171561,0,0,4.43343792021515,6.926358966609525,EHD3
regulation of angiogenesis (GO:0045765),GO_Biological_Process_2021,1/203,0.2172843114526798,0.2410150212359077,0,0,4.256134309083082,6.497195836752411,SPARC
mitotic cell cycle phase transition (GO:0044772),GO_Biological_Process_2021,1/209,0.2229611312169307,0.2464706382500085,0,0,4.132107023411371,6.201291937509133,PRKAR2B
negative regulation of inflammatory response (GO:0050728),GO_Biological_Process_2021,1/212,0.2257847238627902,0.248745882221718,0,0,4.072738512260457,6.060940642399396,PRKAR2B
positive regulation of protein modification process (GO:0031401),GO_Biological_Process_2021,1/214,0.2276616534130022,0.2499663424298166,0,0,4.034088589508063,5.970026437793035,ITGB3
axonogenesis (GO:0007409),GO_Biological_Process_2021,1/240,0.2516683864989877,0.2753946990308789,0,0,3.590503911224304,4.953613532492497,MAP1A
membrane organization (GO:0061024),GO_Biological_Process_2021,1/242,0.253485135459449,0.276451909477587,0,0,3.560346382825185,4.886397731024324,CTTN
anterograde trans-synaptic signaling (GO:0098916),GO_Biological_Process_2021,1/244,0.2552976572008228,0.2774974534791553,0,0,3.5306852746466277,4.820533336639566,PRKAR2B
positive regulation of DNA-binding transcription factor activity (GO:0051091),GO_Biological_Process_2021,1/246,0.2571059611071415,0.27853145786607,0,0,3.50150842945874,4.755983276534011,CLU
positive regulation of signal transduction (GO:0009967),GO_Biological_Process_2021,1/252,0.2625056596400677,0.2834363434651894,0,0,3.416767711761649,4.569867487945139,ITGB3
positive regulation of phosphorylation (GO:0042327),GO_Biological_Process_2021,1/253,0.2634019447621731,0.2834623577738618,0,0,3.4030365769496203,4.53990298042899,ITGB3
regulation of protein phosphorylation (GO:0001932),GO_Biological_Process_2021,1/266,0.2749590753763177,0.2948956464133467,0,0,3.233962264150944,4.17547542976305,ITGB3
negative regulation of signal transduction (GO:0009968),GO_Biological_Process_2021,1/267,0.2758408507989458,0.2948956464133467,0,0,3.221641059169664,4.149252058239344,MPIG6B
positive regulation of programmed cell death (GO:0043068),GO_Biological_Process_2021,1/286,0.2924006097171435,0.3114711275342341,0,0,3.0039664378337148,3.693768650479621,CLU
proteolysis (GO:0006508),GO_Biological_Process_2021,1/287,0.2932620462322328,0.3114711275342341,0,0,2.9933110367892977,3.671860866085976,PCSK6
innate immune response (GO:0045087),GO_Biological_Process_2021,1/302,0.3060636112091975,0.3240087089348182,0,0,2.8419760219558,3.3647925211139205,TREML1
chemical synaptic transmission (GO:0007268),GO_Biological_Process_2021,1/306,0.3094396490710855,0.3265191102211129,0,0,2.8041339985744838,3.289227310312704,PRKAR2B
positive regulation of apoptotic process (GO:0043065),GO_Biological_Process_2021,1/310,0.3127999435192308,0.3289967043487056,0,0,2.767271703953848,3.216099516586545,CLU
cellular protein localization (GO:0034613),GO_Biological_Process_2021,1/329,0.3285484949269612,0.3444460027460077,0,0,2.6044538706256626,2.898941622630818,CTTN
intracellular protein transport (GO:0006886),GO_Biological_Process_2021,1/336,0.3342629328700249,0.3493101388513122,0,0,2.5491239454899417,2.7933997929212744,CTTN
post-translational protein modification (GO:0043687),GO_Biological_Process_2021,1/345,0.3415416105082819,0.355772510946127,0,0,2.4812942366026287,2.665619067489702,LTBP1
positive regulation of protein phosphorylation (GO:0001934),GO_Biological_Process_2021,1/371,0.3621430107568825,0.3760270878466032,0,0,2.3038777908343127,2.340085736548144,ITGB3
positive regulation of macromolecule metabolic process (GO:0010604),GO_Biological_Process_2021,1/384,0.3722106443667701,0.3852498707617844,0,0,2.2242025201498468,2.1981689784721854,CLU
transmembrane receptor protein tyrosine kinase signaling pathway (GO:0007169),GO_Biological_Process_2021,1/404,0.3874025348099571,0.3997010279785272,0,0,2.1116625310173696,2.0024705413086514,ITGB3
cellular protein metabolic process (GO:0044267),GO_Biological_Process_2021,1/417,0.3970876513344265,0.4083971097585083,0,0,2.044314381270903,1.8881251613726444,LTBP1
regulation of intracellular signal transduction (GO:1902531),GO_Biological_Process_2021,1/437,0.4117018535084788,0.4220918056474941,0,0,1.9485440765855604,1.7292468361072793,PRKAR2B
positive regulation of gene expression (GO:0010628),GO_Biological_Process_2021,1/482,0.4433528396441811,0.4531121788816317,0,0,1.76218024044111,1.433338637192094,CLU
positive regulation of intracellular signal transduction (GO:1902533),GO_Biological_Process_2021,1/546,0.4855701054864659,0.4947030855269638,0,0,1.5501396090945354,1.1198698428965903,SELP
negative regulation of cellular process (GO:0048523),GO_Biological_Process_2021,1/566,0.4981213043167395,0.5059044496966886,0,0,1.493728357060408,1.040996691959688,CLU
positive regulation of cellular process (GO:0048522),GO_Biological_Process_2021,1/625,0.533460579687173,0.5401080635462032,0,0,1.3483835005574136,0.8472838763864958,MAP1A
regulation of apoptotic process (GO:0042981),GO_Biological_Process_2021,1/742,0.5966164254287997,0.6021749635539128,0,0,1.1286158540163116,0.5829085044449913,CLU
regulation of cell population proliferation (GO:0042127),GO_Biological_Process_2021,1/764,0.6075383846913414,0.6113002322745695,0,0,1.094820217676221,0.5455926208805588,CLU
cellular protein modification process (GO:0006464),GO_Biological_Process_2021,1/1025,0.7173035549138566,0.7195174547747017,0,0,0.8046875,0.2673623786669588,LTBP1
regulation of gene expression (GO:0010468),GO_Biological_Process_2021,1/1079,0.7360037974567523,0.7360037974567523,0,0,0.7622005323868678,0.2336297077044465,CLU
platelet alpha granule membrane (GO:0031092),GO_Cellular_Component_2021,4/17,3.754660024555181e-09,2.177702814242005e-07,0,0,307.1230769230769,5958.270030539231,SELP;SPARC;ITGB3;ITGA2B
platelet alpha granule (GO:0031091),GO_Cellular_Component_2021,5/90,6.550956378943134e-08,1.899777349893509e-06,0,0,61.58204334365325,1018.6328707792678,SELP;SPARC;ITGB3;ITGA2B;CLU
focal adhesion (GO:0005925),GO_Cellular_Component_2021,5/387,8.295715754433641e-05,0.0013089507468449,0,0,13.49820887296776,126.8451829232136,EHD3;ITGB5;CTTN;TSPAN9;ITGB3
cell-substrate junction (GO:0030055),GO_Cellular_Component_2021,5/394,9.027246529964956e-05,0.0013089507468449,0,0,13.250575023677444,123.39833942119049,EHD3;ITGB5;CTTN;TSPAN9;ITGB3
secretory granule membrane (GO:0030667),GO_Cellular_Component_2021,4/274,0.0002950251201878696,0.0034222913941792,0,0,14.597037037037037,118.65128646377964,SELP;SPARC;ITGB3;ITGA2B
collagen-containing extracellular matrix (GO:0062023),GO_Cellular_Component_2021,4/380,0.0010086419979031,0.00975020597973,0,0,10.425531914893616,71.92731277872319,SPARC;PCSK6;CLU;LTBP1
endocytic vesicle (GO:0030139),GO_Cellular_Component_2021,3/189,0.0014523438778403,0.0120337064163918,0,0,15.199692780337942,99.32355616389044,EHD3;SPARC;ITGB5
platelet alpha granule lumen (GO:0031093),GO_Cellular_Component_2021,2/67,0.0029094268308419,0.0210933445236044,0,0,27.84755244755245,162.62411401910555,SPARC;CLU
polymeric cytoskeletal fiber (GO:0099513),GO_Cellular_Component_2021,3/256,0.0034385038761719,0.022159247201997,0,0,11.13664596273292,63.17506116584656,CTTN;TUBB1;MAP1A
neurofibrillary tangle (GO:0097418),GO_Cellular_Component_2021,1/5,0.005986138987596,0.0332209452574859,0,0,217.08695652173915,1111.118047594182,CLU
integral component of plasma membrane (GO:0005887),GO_Cellular_Component_2021,6/1454,0.0063005241005576,0.0332209452574859,0,0,4.265193370165746,21.6122571157272,SELP;GP9;TSPAN9;AQP10;ITGB3;GP6
platelet dense granule membrane (GO:0031088),GO_Cellular_Component_2021,1/6,0.0071792448741713,0.0346996835584946,0,0,173.66086956521738,857.2874884567655,SELP
spherical high-density lipoprotein particle (GO:0034366),GO_Cellular_Component_2021,1/8,0.0095613427178271,0.0426582982795365,0,0,124.03105590062113,576.7477724354015,CLU
apical dendrite (GO:0097440),GO_Cellular_Component_2021,1/10,0.0119379646683197,0.0475753184573057,0,0,96.45893719806764,427.1232267263204,CLU
microfibril (GO:0001527),GO_Cellular_Component_2021,1/11,0.0131242257813257,0.0475753184573057,0,0,86.80869565217391,376.1677267870623,LTBP1
microvillus membrane (GO:0031528),GO_Cellular_Component_2021,1/11,0.0131242257813257,0.0475753184573057,0,0,86.80869565217391,376.1677267870623,ITGB3
filopodium membrane (GO:0031527),GO_Cellular_Component_2021,1/12,0.014309122256811,0.0488193582879434,0,0,78.91304347826087,335.1324919763037,ITGB3
microtubule (GO:0005874),GO_Cellular_Component_2021,2/182,0.0199319709919696,0.0642252398630132,0,0,9.9979797979798,39.14639257902854,TUBB1;MAP1A
supramolecular fiber (GO:0099512),GO_Cellular_Component_2021,1/19,0.0225653114296027,0.0654394031458478,0,0,48.20772946859904,182.7719626724847,LTBP1
high-density lipoprotein particle (GO:0034364),GO_Cellular_Component_2021,1/19,0.0225653114296027,0.0654394031458478,0,0,48.20772946859904,182.7719626724847,CLU
endocytic vesicle lumen (GO:0071682),GO_Cellular_Component_2021,1/21,0.0249120249496479,0.0656771566854353,0,0,43.38260869565217,160.18614661402282,SPARC
platelet dense granule (GO:0042827),GO_Cellular_Component_2021,1/21,0.0249120249496479,0.0656771566854353,0,0,43.38260869565217,160.18614661402282,SELP
pigment granule (GO:0048770),GO_Cellular_Component_2021,1/24,0.0284219748654964,0.0716728061825562,0,0,37.71833648393195,134.2996324147713,ITGB3
melanosome (GO:0042470),GO_Cellular_Component_2021,1/28,0.0330830787572745,0.0790007752788744,0,0,32.12399355877617,109.5021279575476,ITGB3
cytoskeleton (GO:0005856),GO_Cellular_Component_2021,3/600,0.0340520583098596,0.0790007752788744,0,0,4.637233787987557,15.67322324282742,ABLIM3;CTTN;CLU
heterotrimeric G-protein complex (GO:0005834),GO_Cellular_Component_2021,1/33,0.0388793298193351,0.0867308126739013,0,0,27.097826086956523,87.994568412846,GNAZ
dendrite (GO:0030425),GO_Cellular_Component_2021,2/270,0.0412322501617018,0.0885729818288409,0,0,6.685210312075983,21.316024106996924,MAP1A;CLU
cortical actin cytoskeleton (GO:0030864),GO_Cellular_Component_2021,1/42,0.0492287756703269,0.101973892459963,0,0,21.139978791092258,63.65833096505315,CTTN
actin cytoskeleton (GO:0015629),GO_Cellular_Component_2021,2/316,0.0546650523434693,0.1056857678640408,0,0,5.692530399536769,16.545514199374207,ABLIM3;CTTN
secretory granule lumen (GO:0034774),GO_Cellular_Component_2021,2/316,0.0546650523434693,0.1056857678640408,0,0,5.692530399536769,16.545514199374207,SPARC;CLU
microtubule cytoskeleton (GO:0015630),GO_Cellular_Component_2021,2/331,0.0593423333632089,0.1110275914537458,0,0,5.428847747996684,15.333413164471953,TUBB1;MAP1A
microvillus (GO:0005902),GO_Cellular_Component_2021,1/57,0.0662409394878685,0.1116328496342909,0,0,15.46583850931677,41.9813471983268,ITGB3
recycling endosome membrane (GO:0055038),GO_Cellular_Component_2021,1/58,0.0673646506413824,0.1116328496342909,0,0,15.193745232646837,40.98717694310057,EHD3
filopodium (GO:0030175),GO_Cellular_Component_2021,1/58,0.0673646506413824,0.1116328496342909,0,0,15.193745232646837,40.98717694310057,ITGB3
cortical cytoskeleton (GO:0030863),GO_Cellular_Component_2021,1/58,0.0673646506413824,0.1116328496342909,0,0,15.193745232646837,40.98717694310057,CTTN
intracellular organelle lumen (GO:0070013),GO_Cellular_Component_2021,3/848,0.079397794029921,0.124841474264004,0,0,3.234319526627219,8.193452152677079,SPARC;PCSK6;LTBP1
glutamatergic synapse (GO:0098978),GO_Cellular_Component_2021,1/69,0.0796402508235888,0.124841474264004,0,0,12.728900255754477,32.20711721652364,ITGB3
actin filament (GO:0005884),GO_Cellular_Component_2021,1/72,0.0829611747365632,0.1266249509137018,0,0,12.189222290263318,30.343637326988627,CTTN
cell projection membrane (GO:0031253),GO_Cellular_Component_2021,1/92,0.1048089846474298,0.1558697720397674,0,0,9.500716674629718,21.42996644691597,ITGB3
Golgi lumen (GO:0005796),GO_Cellular_Component_2021,1/100,0.113407683581024,0.1604303816512047,0,0,8.729468599033817,19.002011610155247,PCSK6
phagocytic vesicle (GO:0045335),GO_Cellular_Component_2021,1/100,0.113407683581024,0.1604303816512047,0,0,8.729468599033817,19.002011610155247,ITGB5
recycling endosome (GO:0055037),GO_Cellular_Component_2021,1/145,0.1603198317525559,0.2213940533725772,0,0,5.98792270531401,10.961398554621582,EHD3
axon (GO:0030424),GO_Cellular_Component_2021,1/204,0.2182332001613957,0.2876710365763852,0,0,4.234953951595631,6.446409054924387,MAP1A
nuclear membrane (GO:0031965),GO_Cellular_Component_2021,1/204,0.2182332001613957,0.2876710365763852,0,0,4.234953951595631,6.446409054924387,SH3BGRL2
early endosome (GO:0005769),GO_Cellular_Component_2021,1/266,0.2749590753763177,0.3522336045605341,0,0,3.233962264150944,4.17547542976305,EHD3
cell-cell junction (GO:0005911),GO_Cellular_Component_2021,1/271,0.279357686375596,0.3522336045605341,0,0,3.173268921095008,4.046750185514887,ITGB3
endoplasmic reticulum lumen (GO:0005788),GO_Cellular_Component_2021,1/285,0.2915381669838309,0.3597705039374934,0,0,3.014696876913656,3.715868186598972,LTBP1
endosome membrane (GO:0010008),GO_Cellular_Component_2021,1/325,0.3252620278540052,0.3879233167409121,0,0,2.63714439076758,2.96184063653358,EHD3
mitochondrial inner membrane (GO:0005743),GO_Cellular_Component_2021,1/328,0.3277283193155982,0.3879233167409121,0,0,2.6125515224039355,2.9144849080637005,CLU
organelle inner membrane (GO:0019866),GO_Cellular_Component_2021,1/346,0.3423456285998442,0.3971209291758192,0,0,2.473976055450536,2.6519401432651453,CLU
cytoplasmic vesicle membrane (GO:0030659),GO_Cellular_Component_2021,1/380,0.3691292443467487,0.4197940425904201,0,0,2.24813582654583,2.2405111403161344,EHD3
intracellular non-membrane-bounded organelle (GO:0043232),GO_Cellular_Component_2021,2/1158,0.4086400170276437,0.455790788223141,0,0,1.4800251651462724,1.3245051042234042,CTTN;CLU
mitochondrial membrane (GO:0031966),GO_Cellular_Component_2021,1/469,0.4343808982166568,0.4677145616987872,0,0,1.8123374210330727,1.5111876261937391,CLU
intracellular membrane-bounded organelle (GO:0043231),GO_Cellular_Component_2021,7/5192,0.4354583850299053,0.4677145616987872,0,0,1.1746213625276534,0.9765285691699964,EHD3;SPARC;CTTN;AQP10;ITGB3;CLU;PTGS1
neuron projection (GO:0043005),GO_Cellular_Component_2021,1/556,0.4918828429964846,0.5187128162508383,0,0,1.5214257735996866,1.0794739739008374,MAP1A
endoplasmic reticulum membrane (GO:0005789),GO_Cellular_Component_2021,1/712,0.5812525153789663,0.602011533785358,0,0,1.1780713019017917,0.6391861398597051,PTGS1
bounding membrane of organelle (GO:0098588),GO_Cellular_Component_2021,1/767,0.6090056010328475,0.6196899098228975,0,0,1.090362129640141,0.5407409076566227,EHD3
nucleus (GO:0005634),GO_Cellular_Component_2021,3/4484,0.9301038189971016,0.9301038189971016,0,0,0.4939904995696114,0.0357940900808566,EHD3;ITGB3;CLU
tau protein binding (GO:0048156),GO_Molecular_Function_2021,2/40,0.0010468624608583,0.0422292636704032,0,0,47.69856459330144,327.30553357779627,MAP1A;CLU
fucose binding (GO:0042806),GO_Molecular_Function_2021,1/5,0.005986138987596,0.0422292636704032,0,0,217.08695652173915,1111.118047594182,SELP
C-X3-C chemokine binding (GO:0019960),GO_Molecular_Function_2021,1/5,0.005986138987596,0.0422292636704032,0,0,217.08695652173915,1111.118047594182,ITGB3
glycerol channel activity (GO:0015254),GO_Molecular_Function_2021,1/5,0.005986138987596,0.0422292636704032,0,0,217.08695652173915,1111.118047594182,AQP10
nerve growth factor binding (GO:0048406),GO_Molecular_Function_2021,1/5,0.005986138987596,0.0422292636704032,0,0,217.08695652173915,1111.118047594182,PCSK6
neuregulin binding (GO:0038132),GO_Molecular_Function_2021,1/5,0.005986138987596,0.0422292636704032,0,0,217.08695652173915,1111.118047594182,ITGB3
urea transmembrane transporter activity (GO:0015204),GO_Molecular_Function_2021,1/6,0.0071792448741713,0.0422292636704032,0,0,173.66086956521738,857.2874884567655,AQP10
RNA polymerase II CTD heptapeptide repeat phosphatase activity (GO:0008420),GO_Molecular_Function_2021,1/7,0.0083709789916443,0.0422292636704032,0,0,144.71014492753622,692.1463710595567,CTDSPL
glycerol transmembrane transporter activity (GO:0015168),GO_Molecular_Function_2021,1/7,0.0083709789916443,0.0422292636704032,0,0,144.71014492753622,692.1463710595567,AQP10
cAMP-dependent protein kinase inhibitor activity (GO:0004862),GO_Molecular_Function_2021,1/8,0.0095613427178271,0.0422292636704032,0,0,124.03105590062113,576.7477724354015,PRKAR2B
vascular endothelial growth factor receptor 2 binding (GO:0043184),GO_Molecular_Function_2021,1/8,0.0095613427178271,0.0422292636704032,0,0,124.03105590062113,576.7477724354015,ITGB3
neurotrophin binding (GO:0043121),GO_Molecular_Function_2021,1/8,0.0095613427178271,0.0422292636704032,0,0,124.03105590062113,576.7477724354015,PCSK6
cAMP-dependent protein kinase regulator activity (GO:0008603),GO_Molecular_Function_2021,1/10,0.0119379646683197,0.0432163550003585,0,0,96.45893719806764,427.1232267263204,PRKAR2B
transforming growth factor beta-activated receptor activity (GO:0005024),GO_Molecular_Function_2021,1/12,0.014309122256811,0.0432163550003585,0,0,78.91304347826087,335.1324919763037,LTBP1
vascular endothelial growth factor receptor binding (GO:0005172),GO_Molecular_Function_2021,1/12,0.014309122256811,0.0432163550003585,0,0,78.91304347826087,335.1324919763037,ITGB3
platelet-derived growth factor receptor binding (GO:0005161),GO_Molecular_Function_2021,1/13,0.0154926555661662,0.0432163550003585,0,0,72.33333333333333,301.441152263015,ITGB3
insulin-like growth factor I binding (GO:0031994),GO_Molecular_Function_2021,1/13,0.0154926555661662,0.0432163550003585,0,0,72.33333333333333,301.441152263015,ITGB3
protein kinase A catalytic subunit binding (GO:0034236),GO_Molecular_Function_2021,1/13,0.0154926555661662,0.0432163550003585,0,0,72.33333333333333,301.441152263015,PRKAR2B
water channel activity (GO:0015250),GO_Molecular_Function_2021,1/13,0.0154926555661662,0.0432163550003585,0,0,72.33333333333333,301.441152263015,AQP10
insulin-like growth factor binding (GO:0005520),GO_Molecular_Function_2021,1/15,0.0178556385652366,0.0450642306646448,0,0,61.993788819875775,249.55202523941097,ITGB3
water transmembrane transporter activity (GO:0005372),GO_Molecular_Function_2021,1/15,0.0178556385652366,0.0450642306646448,0,0,61.993788819875775,249.55202523941097,AQP10
transmembrane receptor protein serine/threonine kinase activity (GO:0004675),GO_Molecular_Function_2021,1/18,0.0213899261577365,0.0515302766527288,0,0,51.0460358056266,196.26359569838613,LTBP1
fibroblast growth factor binding (GO:0017134),GO_Molecular_Function_2021,1/21,0.0249120249496479,0.0574059705361451,0,0,43.38260869565217,160.18614661402282,ITGB3
low-density lipoprotein particle receptor binding (GO:0050750),GO_Molecular_Function_2021,1/23,0.0272533389718204,0.0601844568961034,0,0,39.43478260869565,142.06692893534887,CLU
transforming growth factor beta binding (GO:0050431),GO_Molecular_Function_2021,1/24,0.0284219748654964,0.0602545867148524,0,0,37.71833648393195,134.2996324147713,LTBP1
lipoprotein particle receptor binding (GO:0070325),GO_Molecular_Function_2021,1/28,0.0330830787572745,0.067438583620598,0,0,32.12399355877617,109.5021279575476,CLU
protein serine/threonine kinase inhibitor activity (GO:0030291),GO_Molecular_Function_2021,1/30,0.035405587532064,0.069499857007385,0,0,29.90554722638681,99.91101302805887,PRKAR2B
chemokine binding (GO:0019956),GO_Molecular_Function_2021,1/32,0.0377227498799882,0.0714037765585491,0,0,27.97335203366059,91.6824353057917,ITGB3
ubiquitin protein ligase binding (GO:0031625),GO_Molecular_Function_2021,2/265,0.0398602008243282,0.0728479532306689,0,0,6.814033874870376,21.957385531147484,PRKAR2B;CLU
nucleoside-triphosphatase activity (GO:0017111),GO_Molecular_Function_2021,2/278,0.0434646984513939,0.0762478737992421,0,0,6.488801054018445,20.34762257711454,GNAZ;CLU
ubiquitin-like protein ligase binding (GO:0044389),GO_Molecular_Function_2021,2/282,0.0445978129769152,0.0762478737992421,0,0,6.394805194805195,19.88829471815396,PRKAR2B;CLU
ATP hydrolysis activity (GO:0140603),GO_Molecular_Function_2021,1/45,0.0526547952997809,0.0863966980526624,0,0,19.695652173913043,57.98395993375175,CLU
channel activity (GO:0015267),GO_Molecular_Function_2021,1/46,0.05379417048562,0.0863966980526624,0,0,19.257004830917875,56.28033307969816,AQP10
calcium ion binding (GO:0005509),GO_Molecular_Function_2021,2/348,0.0648070374263872,0.1010227348117212,0,0,5.157645822385707,14.113078136076217,SELP;SPARC
protein serine/threonine phosphatase activity (GO:0004722),GO_Molecular_Function_2021,1/62,0.0718465495096426,0.108796203543173,0,0,14.194583036350677,37.3774981425394,CTDSPL
amyloid-beta binding (GO:0001540),GO_Molecular_Function_2021,1/80,0.0917609252380958,0.1350924732671966,0,0,10.950467804072646,26.155944898719028,CLU
protein kinase regulator activity (GO:0019887),GO_Molecular_Function_2021,1/98,0.1112654597409712,0.1593802531424723,0,0,8.910354101299866,19.565679904837808,PRKAR2B
serine-type endopeptidase activity (GO:0004252),GO_Molecular_Function_2021,1/105,0.1187416153127211,0.1613668105531851,0,0,8.307692307692308,17.70207601668742,PCSK6
growth factor receptor binding (GO:0070851),GO_Molecular_Function_2021,1/105,0.1187416153127211,0.1613668105531851,0,0,8.307692307692308,17.70207601668742,ITGB3
metal ion binding (GO:0046872),GO_Molecular_Function_2021,2/517,0.1268817352805457,0.1681182992467231,0,0,3.4353045013239187,7.092185609274508,SELP;SPARC
protease binding (GO:0002020),GO_Molecular_Function_2021,1/118,0.1324663015463994,0.1712369263892481,0,0,7.379784466740989,14.917695529897635,ITGB3
serine-type peptidase activity (GO:0008236),GO_Molecular_Function_2021,1/125,0.1397714290303165,0.1763782318715899,0,0,6.9607293127629735,13.696953111939228,PCSK6
G protein-coupled receptor binding (GO:0001664),GO_Molecular_Function_2021,1/143,0.1582863525332583,0.1950971321921556,0,0,6.072872014696877,11.19442576486264,GNAZ
actin binding (GO:0003779),GO_Molecular_Function_2021,1/177,0.1922221942596202,0.2315403703581789,0,0,4.891304347826087,8.066266211233987,MAP1A
GTP binding (GO:0005525),GO_Molecular_Function_2021,1/189,0.203883421235608,0.240129362788605,0,0,4.57631822386679,7.277292875760221,TUBB1
guanyl ribonucleotide binding (GO:0032561),GO_Molecular_Function_2021,1/214,0.2276616534130022,0.2588364629820116,0,0,4.034088589508063,5.970026437793035,TUBB1
GTPase activity (GO:0003924),GO_Molecular_Function_2021,1/216,0.2295342218897084,0.2588364629820116,0,0,3.996157735085945,5.881157909080661,GNAZ
microtubule binding (GO:0008017),GO_Molecular_Function_2021,1/232,0.2443589293687948,0.2698129845113777,0,0,3.716356107660456,5.236780987740579,MAP1A
tubulin binding (GO:0015631),GO_Molecular_Function_2021,1/307,0.3102811959254574,0.3354453832326418,0,0,2.7948280761579998,3.270721085323333,MAP1A
endopeptidase activity (GO:0004175),GO_Molecular_Function_2021,1/315,0.3169782792721852,0.3354453832326418,0,0,2.7225145389088894,3.1279569228484423,PCSK6
cadherin binding (GO:0045296),GO_Molecular_Function_2021,1/322,0.3227870668842402,0.3354453832326418,0,0,2.662196938913721,3.010312223355003,CTTN
purine ribonucleoside triphosphate binding (GO:0035639),GO_Molecular_Function_2021,1/460,0.4280885489252566,0.436321021019973,0,0,1.8487259638154776,1.568505722932165,TUBB1
protein kinase binding (GO:0019901),GO_Molecular_Function_2021,1/506,0.4595593464997006,0.4595593464997006,0,0,1.6763667671114937,1.3033536888656982,PRKAR2B
