Term,Gene_set,Overlap,P-value,Adjusted P-value,Old P-value,Old Adjusted P-value,Odds Ratio,Combined Score,Genes
protein exit from endoplasmic reticulum (GO:0032527),GO_Biological_Process_2021,2/24,0.0011538849900373,0.043656818846792,0,0,45.30909090909091,306.4988177902879,LMAN1;HSP90B1
protein N-linked glycosylation via asparagine (GO:0018279),GO_Biological_Process_2021,2/30,0.0018041720679571,0.043656818846792,0,0,35.589285714285715,224.8407747627622,LMAN1;DERL3
peptidyl-asparagine modification (GO:0018196),GO_Biological_Process_2021,2/31,0.0019260361255937,0.043656818846792,0,0,34.360344827586204,214.8308819031652,LMAN1;DERL3
protein N-linked glycosylation (GO:0006487),GO_Biological_Process_2021,2/67,0.0087310942741686,0.1267546436846876,0,0,15.302307692307693,72.54616838649514,LMAN1;DERL3
ubiquitin-dependent ERAD pathway (GO:0030433),GO_Biological_Process_2021,2/73,0.0102957865198813,0.1267546436846876,0,0,14.00492957746479,64.08684545227543,DERL3;HSP90B1
negative regulation of establishment of protein localization to mitochondrion (GO:1903748),GO_Biological_Process_2021,1/6,0.0125354765664381,0.1267546436846876,0,0,97.33170731707315,426.2342855403557,LMAN1
ERAD pathway (GO:0036503),GO_Biological_Process_2021,2/87,0.0143877391432927,0.1267546436846876,0,0,11.69,49.58171914777238,DERL3;HSP90B1
integrin activation (GO:0033622),GO_Biological_Process_2021,1/8,0.0166797975569068,0.1267546436846876,0,0,69.51567944250871,284.56639751252425,MZB1
"negative regulation of retrograde protein transport, ER to cytosol (GO:1904153)",GO_Biological_Process_2021,1/9,0.0187455870090272,0.1267546436846876,0,0,60.823170731707314,241.881397652512,DERL3
ATF6-mediated unfolded protein response (GO:0036500),GO_Biological_Process_2021,1/9,0.0187455870090272,0.1267546436846876,0,0,60.823170731707314,241.881397652512,HSP90B1
negative regulation of protein exit from endoplasmic reticulum (GO:0070862),GO_Biological_Process_2021,1/10,0.0208071402680988,0.1267546436846876,0,0,54.06233062330623,209.35416251688036,DERL3
response to endoplasmic reticulum stress (GO:0034976),GO_Biological_Process_2021,2/110,0.0223684665325919,0.1267546436846876,0,0,9.189814814814817,34.92224336189293,PDIA4;HSP90B1
early endosome to Golgi transport (GO:0034498),GO_Biological_Process_2021,1/12,0.0249175717978689,0.1303380678657762,0,0,44.22838137472284,163.29923491461832,LMAN1
"regulation of retrograde protein transport, ER to cytosol (GO:1904152)",GO_Biological_Process_2021,1/13,0.0269664668566584,0.1309799818751979,0,0,40.540650406504064,146.47990317146446,DERL3
endoplasmic reticulum to cytosol transport (GO:1903513),GO_Biological_Process_2021,1/15,0.03105165746751,0.1319695442369177,0,0,34.745644599303134,120.6404600270104,HSP90B1
cellular response to ATP (GO:0071318),GO_Biological_Process_2021,1/15,0.03105165746751,0.1319695442369177,0,0,34.745644599303134,120.6404600270104,HSP90B1
"retrograde protein transport, ER to cytosol (GO:0030970)",GO_Biological_Process_2021,1/17,0.0351201045195048,0.1401940781501739,0,0,30.39939024390244,101.80699657630194,HSP90B1
response to ATP (GO:0033198),GO_Biological_Process_2021,1/19,0.0391718747772544,0.1401940781501739,0,0,27.018970189701896,87.53595883632167,HSP90B1
regulation of lymphocyte proliferation (GO:0050670),GO_Biological_Process_2021,1/19,0.0391718747772544,0.1401940781501739,0,0,27.018970189701896,87.53595883632167,MZB1
negative regulation of intracellular protein transport (GO:0090317),GO_Biological_Process_2021,1/23,0.047225650914242,0.1605672131084229,0,0,22.1019955654102,67.473371719961,LMAN1
regulation of phosphatase activity (GO:0010921),GO_Biological_Process_2021,1/28,0.0572002447510628,0.1691137670900988,0,0,18.004516711833784,51.5144710341427,HSP90B1
regulation of B cell activation (GO:0050864),GO_Biological_Process_2021,1/28,0.0572002447510628,0.1691137670900988,0,0,18.004516711833784,51.5144710341427,MZB1
regulation of immunoglobulin production (GO:0002637),GO_Biological_Process_2021,1/28,0.0572002447510628,0.1691137670900988,0,0,18.004516711833784,51.5144710341427,MZB1
actin filament bundle assembly (GO:0051017),GO_Biological_Process_2021,1/33,0.0670728776613437,0.1824382272388549,0,0,15.1875,41.03625327755503,HSP90B1
positive regulation of organelle organization (GO:0010638),GO_Biological_Process_2021,1/33,0.0670728776613437,0.1824382272388549,0,0,15.1875,41.03625327755503,LMAN1
positive regulation of immunoglobulin production (GO:0002639),GO_Biological_Process_2021,1/35,0.0709936097840018,0.1847416478980025,0,0,14.292682926829269,37.8065104803334,MZB1
regulation of phosphoprotein phosphatase activity (GO:0043666),GO_Biological_Process_2021,1/38,0.0768445661301127,0.1847416478980025,0,0,13.1318391562294,33.69591213484643,HSP90B1
positive regulation of production of molecular mediator of immune response (GO:0002702),GO_Biological_Process_2021,1/38,0.0768445661301127,0.1847416478980025,0,0,13.1318391562294,33.69591213484643,MZB1
regulation of protein targeting to mitochondrion (GO:1903214),GO_Biological_Process_2021,1/39,0.0787868792506187,0.1847416478980025,0,0,12.785622593068036,32.488379560233064,LMAN1
regulation of protein dephosphorylation (GO:0035304),GO_Biological_Process_2021,1/41,0.0826595450922536,0.1873616355424414,0,0,12.145121951219512,30.278092327846075,HSP90B1
regulation of insulin receptor signaling pathway (GO:0046626),GO_Biological_Process_2021,1/45,0.0903572583768995,0.1901358561296033,0,0,11.03880266075388,26.537104191380894,MZB1
establishment of protein localization to extracellular region (GO:0035592),GO_Biological_Process_2021,1/46,0.0922718125334839,0.1901358561296033,0,0,10.792953929539296,25.71978809417909,PDIA4
regulation of B cell proliferation (GO:0030888),GO_Biological_Process_2021,1/46,0.0922718125334839,0.1901358561296033,0,0,10.792953929539296,25.71978809417909,MZB1
protein-containing complex assembly (GO:0065003),GO_Biological_Process_2021,2/267,0.108028654052949,0.216057308105898,0,0,3.7156603773584895,8.268677413571563,LMAN1;MZB1
pattern recognition receptor signaling pathway (GO:0002221),GO_Biological_Process_2021,1/61,0.1205224510129981,0.219812058920236,0,0,8.088617886178861,17.114862112869186,HSP90B1
COPII vesicle coating (GO:0048208),GO_Biological_Process_2021,1/63,0.1242237419956353,0.219812058920236,0,0,7.82690794649882,16.3243546760876,LMAN1
vesicle coating (GO:0006901),GO_Biological_Process_2021,1/63,0.1242237419956353,0.219812058920236,0,0,7.82690794649882,16.3243546760876,LMAN1
"vesicle targeting, rough ER to cis-Golgi (GO:0048207)",GO_Biological_Process_2021,1/63,0.1242237419956353,0.219812058920236,0,0,7.82690794649882,16.3243546760876,LMAN1
protein secretion (GO:0009306),GO_Biological_Process_2021,1/64,0.1260686808513118,0.219812058920236,0,0,7.7022841656988,15.950879288687084,PDIA4
COPII-coated vesicle budding (GO:0090114),GO_Biological_Process_2021,1/70,0.1370589006925748,0.2330001311773771,0,0,7.030399434429127,13.971825743625908,LMAN1
endoplasmic reticulum organization (GO:0007029),GO_Biological_Process_2021,1/73,0.1425032997927373,0.2360710871233286,0,0,6.736449864498645,13.125232380756088,LMAN1
proteasome-mediated ubiquitin-dependent protein catabolic process (GO:0043161),GO_Biological_Process_2021,2/321,0.1458086126349971,0.2360710871233286,0,0,3.0782131661442005,5.926977522099257,DERL3;HSP90B1
regulation of organelle organization (GO:0033043),GO_Biological_Process_2021,1/80,0.1550768262210607,0.2452377716984215,0,0,6.1373880827415865,11.439076457528104,LMAN1
"retrograde transport, endosome to Golgi (GO:0042147)",GO_Biological_Process_2021,1/88,0.1692262614697213,0.2615314949986602,0,0,5.570787776843286,9.896608292857469,LMAN1
toll-like receptor signaling pathway (GO:0002224),GO_Biological_Process_2021,1/91,0.174472441534073,0.2636472449848215,0,0,5.384281842818428,9.400894059774712,HSP90B1
protein transport (GO:0015031),GO_Biological_Process_2021,2/369,0.1813571065113929,0.2680931139733635,0,0,2.669073569482289,4.5568752139079205,PDIA4;HSP90B1
cellular response to organonitrogen compound (GO:0071417),GO_Biological_Process_2021,1/103,0.1951356547221859,0.2823239259810349,0,0,4.747967479674797,7.75846515017039,HSP90B1
positive regulation of cellular component organization (GO:0051130),GO_Biological_Process_2021,1/114,0.2136328385925159,0.3026465213393976,0,0,4.283401683574358,6.611415271034119,LMAN1
Golgi organization (GO:0007030),GO_Biological_Process_2021,1/130,0.2397991107760301,0.3327824394442867,0,0,3.749101909623748,5.353544110680372,LMAN1
organic substance transport (GO:0071702),GO_Biological_Process_2021,1/136,0.2493906922816959,0.3391713415031065,0,0,3.5813911472448057,4.97360168367863,HSP90B1
receptor-mediated endocytosis (GO:0006898),GO_Biological_Process_2021,1/143,0.26043161336327,0.3405644174750453,0,0,3.4036413603572657,4.579310048714377,HSP90B1
nitrogen compound transport (GO:0071705),GO_Biological_Process_2021,1/143,0.26043161336327,0.3405644174750453,0,0,3.4036413603572657,4.579310048714377,HSP90B1
cellular response to organic cyclic compound (GO:0071407),GO_Biological_Process_2021,1/150,0.2713139414347713,0.348100905991782,0,0,3.242592895727615,4.229893278072021,HSP90B1
endoplasmic reticulum to Golgi vesicle-mediated transport (GO:0006888),GO_Biological_Process_2021,1/185,0.3234234452265699,0.4072739680630881,0,0,2.6211558854718984,2.9587419918624187,LMAN1
regulation of signal transduction (GO:0009966),GO_Biological_Process_2021,1/198,0.3418366468986575,0.4167824521555068,0,0,2.4465766992695306,2.626209979517433,MZB1
endomembrane system organization (GO:0010256),GO_Biological_Process_2021,1/199,0.3432326076574762,0.4167824521555068,0,0,2.434097068243409,2.6028941669423,LMAN1
cellular response to oxygen-containing compound (GO:1901701),GO_Biological_Process_2021,1/323,0.4956794878465286,0.5913369328695429,0,0,1.487350401454325,1.0438608184327616,HSP90B1
intracellular protein transport (GO:0006886),GO_Biological_Process_2021,1/336,0.5094997461020729,0.5973445299127751,0,0,1.428685839097197,0.9633998994794508,LMAN1
post-translational protein modification (GO:0043687),GO_Biological_Process_2021,1/345,0.5188503138654849,0.5979969719127622,0,0,1.390669313669881,0.9124735548789497,HSP90B1
negative regulation of programmed cell death (GO:0043069),GO_Biological_Process_2021,1/381,0.5545430557448989,0.6284821298442188,0,0,1.2566110397946084,0.7409114748108157,HSP90B1
cellular protein metabolic process (GO:0044267),GO_Biological_Process_2021,1/417,0.5876464626562365,0.6474192793420818,0,0,1.1457551594746718,0.6091175472046976,HSP90B1
organelle organization (GO:0006996),GO_Biological_Process_2021,1/420,0.5902940488118982,0.6474192793420818,0,0,1.1373770300948831,0.5995506475254475,LMAN1
cellular response to cytokine stimulus (GO:0071345),GO_Biological_Process_2021,1/482,0.6414398557539007,0.6839840579655515,0,0,0.9876274022615484,0.4385459284611778,HSP90B1
negative regulation of apoptotic process (GO:0043066),GO_Biological_Process_2021,1/485,0.6437497016146367,0.6839840579655515,0,0,0.9813545656117718,0.4322329967496308,HSP90B1
cytokine-mediated signaling pathway (GO:0019221),GO_Biological_Process_2021,1/621,0.7345033534295088,0.7684035082031785,0,0,0.7607395751376869,0.2347343493509157,HSP90B1
regulation of apoptotic process (GO:0042981),GO_Biological_Process_2021,1/742,0.7959715241242302,0.8175679655770932,0,0,0.6325334913268161,0.1443389986364223,HSP90B1
regulation of cell population proliferation (GO:0042127),GO_Biological_Process_2021,1/764,0.805544907259783,0.8175679655770932,0,0,0.6135920467985807,0.1326808905565573,MZB1
cellular protein modification process (GO:0006464),GO_Biological_Process_2021,1/1025,0.8905113369753509,0.8905113369753509,0,0,0.4509813262195122,0.0522955444341093,HSP90B1
Hrd1p ubiquitin ligase ERAD-L complex (GO:0000839),GO_Cellular_Component_2021,1/9,0.0187455870090272,0.2392821130831372,0,0,60.823170731707314,241.881397652512,DERL3
Hrd1p ubiquitin ligase complex (GO:0000836),GO_Cellular_Component_2021,1/10,0.0208071402680988,0.2392821130831372,0,0,54.06233062330623,209.35416251688036,DERL3
endocytic vesicle lumen (GO:0071682),GO_Cellular_Component_2021,1/21,0.0432070348019609,0.3312539334817004,0,0,24.314634146341465,76.39054934861029,HSP90B1
endoplasmic reticulum-Golgi intermediate compartment membrane (GO:0033116),GO_Cellular_Component_2021,1/49,0.0979919034498567,0.3458701412119426,0,0,10.116869918699187,23.50017789315131,LMAN1
ER to Golgi transport vesicle membrane (GO:0012507),GO_Cellular_Component_2021,1/54,0.1074472877222849,0.3458701412119426,0,0,9.160147261849977,20.434043374832477,LMAN1
coated vesicle membrane (GO:0030662),GO_Cellular_Component_2021,1/55,0.1093267198217217,0.3458701412119426,0,0,8.990063233965673,19.898735873248288,LMAN1
transport vesicle membrane (GO:0030658),GO_Cellular_Component_2021,1/60,0.1186660835892662,0.3458701412119426,0,0,8.226126498553121,17.533509462955344,LMAN1
endoplasmic reticulum lumen (GO:0005788),GO_Cellular_Component_2021,2/285,0.1203026578128496,0.3458701412119426,0,0,3.4761484098939928,7.361594395366749,MZB1;HSP90B1
COPII-coated ER to Golgi transport vesicle (GO:0030134),GO_Cellular_Component_2021,1/79,0.1532916900800223,0.3730156152779145,0,0,6.216385240775485,11.65828783789299,LMAN1
coated vesicle (GO:0030135),GO_Cellular_Component_2021,1/84,0.1621807022947454,0.3730156152779145,0,0,5.8404349103732,10.62400877689836,LMAN1
collagen-containing extracellular matrix (GO:0062023),GO_Cellular_Component_2021,2/380,0.1896909496995209,0.3966265311899074,0,0,2.5899470899470898,4.305422143713806,LMAN1;HSP90B1
intrinsic component of endoplasmic reticulum membrane (GO:0031227),GO_Cellular_Component_2021,1/121,0.2251870148627015,0.4316084451535114,0,0,4.032113821138212,6.011172236111181,DERL3
integral component of endoplasmic reticulum membrane (GO:0030176),GO_Cellular_Component_2021,1/142,0.2588641009233133,0.457990332402785,0,0,3.42795364123854,4.632715016375334,DERL3
endocytic vesicle (GO:0030139),GO_Cellular_Component_2021,1/189,0.3291419591356655,0.5407332185800219,0,0,2.564867669953295,2.850250581210622,HSP90B1
integral component of organelle membrane (GO:0031301),GO_Cellular_Component_2021,1/214,0.3638284107420481,0.5578702298044738,0,0,2.260964158937364,2.285999637694765,DERL3
endoplasmic reticulum membrane (GO:0005789),GO_Cellular_Component_2021,2/712,0.4437355191065126,0.6378698087156119,0,0,1.355492957746479,1.1013740459542964,LMAN1;HSP90B1
intracellular organelle lumen (GO:0070013),GO_Cellular_Component_2021,2/848,0.5367409348881002,0.6861092051309174,0,0,1.1295508274231678,0.7028514032960372,MZB1;HSP90B1
focal adhesion (GO:0005925),GO_Cellular_Component_2021,1/387,0.5602349834601749,0.6861092051309174,0,0,1.2366991027423229,0.7165421862598814,HSP90B1
cell-substrate junction (GO:0030055),GO_Cellular_Component_2021,1/394,0.5667858651081492,0.6861092051309174,0,0,1.2142369515298206,0.6894118182252692,HSP90B1
Golgi membrane (GO:0000139),GO_Cellular_Component_2021,1/472,0.6336342888965183,0.728679432230996,0,0,1.0091139764900834,0.4604418778425427,LMAN1
bounding membrane of organelle (GO:0098588),GO_Cellular_Component_2021,1/767,0.8068159072417168,0.8836555174552138,0,0,0.6110934216391772,0.1311771651698447,LMAN1
nucleus (GO:0005634),GO_Cellular_Component_2021,1/4484,0.9999738800848502,0.9999936408871548,0,0,0.0841934027192156,2.199153256170464e-06,HSP90B1
intracellular membrane-bounded organelle (GO:0043231),GO_Cellular_Component_2021,1/5192,0.9999936408871548,0.9999936408871548,0,0,0.0693836894061485,4.412201134349737e-07,HSP90B1
signal recognition particle binding (GO:0005047),GO_Molecular_Function_2021,1/7,0.0146097635321501,0.1258405384523382,0,0,81.10569105691057,342.7579416357621,DERL3
mannose binding (GO:0005537),GO_Molecular_Function_2021,1/15,0.03105165746751,0.1258405384523382,0,0,34.745644599303134,120.6404600270104,LMAN1
ubiquitin-specific protease binding (GO:1990381),GO_Molecular_Function_2021,1/21,0.0432070348019609,0.1258405384523382,0,0,24.314634146341465,76.39054934861029,DERL3
low-density lipoprotein particle receptor binding (GO:0050750),GO_Molecular_Function_2021,1/23,0.047225650914242,0.1258405384523382,0,0,22.1019955654102,67.473371719961,HSP90B1
lipoprotein particle receptor binding (GO:0070325),GO_Molecular_Function_2021,1/28,0.0572002447510628,0.1258405384523382,0,0,18.004516711833784,51.5144710341427,HSP90B1
phosphatase binding (GO:0019902),GO_Molecular_Function_2021,1/114,0.2136328385925159,0.3141292771186085,0,0,4.283401683574358,6.611415271034119,HSP90B1
protease binding (GO:0002020),GO_Molecular_Function_2021,1/118,0.2202556614746431,0.3141292771186085,0,0,4.136126745882844,6.257820419296072,DERL3
protein phosphatase binding (GO:0019903),GO_Molecular_Function_2021,1/123,0.2284576560862607,0.3141292771186085,0,0,3.9656137544982006,5.854849589310862,HSP90B1
calcium ion binding (GO:0005509),GO_Molecular_Function_2021,1/348,0.5219283260320723,0.637912398483644,0,0,1.3784353693681028,0.8962931476672835,HSP90B1
metal ion binding (GO:0046872),GO_Molecular_Function_2021,1/517,0.6675017368877185,0.7342519105764904,0,0,0.9189827944791076,0.3714650557147874,HSP90B1
RNA binding (GO:0003723),GO_Molecular_Function_2021,2/1406,0.804808048414108,0.804808048414108,0,0,0.6607549857549857,0.1434839225270478,PDIA4;HSP90B1
