Term,Gene_set,Overlap,P-value,Adjusted P-value,Old P-value,Old Adjusted P-value,Odds Ratio,Combined Score,Genes
omega-hydroxylase P450 pathway (GO:0097267),GO_Biological_Process_2021,1/10,0.0099572476243861,0.0514352450440773,0,0,116.78947368421052,538.3357753631753,CYP2U1
protein polyglutamylation (GO:0018095),GO_Biological_Process_2021,1/11,0.0109477797028559,0.0514352450440773,0,0,105.10526315789474,474.5101770765117,TTLL11
exogenous drug catabolic process (GO:0042738),GO_Biological_Process_2021,1/22,0.0217816918149241,0.0514352450440773,0,0,50.02255639097744,191.42059056605152,CYP2U1
drug catabolic process (GO:0042737),GO_Biological_Process_2021,1/23,0.0227609834903901,0.0514352450440773,0,0,47.74641148325359,180.6107068727385,CYP2U1
glucose 6-phosphate metabolic process (GO:0051156),GO_Biological_Process_2021,1/23,0.0227609834903901,0.0514352450440773,0,0,47.74641148325359,180.6107068727385,HKDC1
peptidyl-glutamic acid modification (GO:0018200),GO_Biological_Process_2021,1/24,0.0237393438664972,0.0514352450440773,0,0,45.66819221967963,170.827422984315,TTLL11
glycolytic process (GO:0006096),GO_Biological_Process_2021,1/29,0.0286172054274548,0.0531462386509875,0,0,37.50375939849624,133.2788782141628,HKDC1
carbohydrate catabolic process (GO:0016052),GO_Biological_Process_2021,1/41,0.0402297877766736,0.0608867285430543,0,0,26.23684210526316,84.30284540999916,HKDC1
cellular glucose homeostasis (GO:0001678),GO_Biological_Process_2021,1/43,0.0421523505298068,0.0608867285430543,0,0,24.98496240601504,79.11400474395023,HKDC1
pyruvate metabolic process (GO:0006090),GO_Biological_Process_2021,1/55,0.0536111215176,0.0656006122005762,0,0,19.42105263157895,56.82597555721978,HKDC1
arachidonic acid metabolic process (GO:0019369),GO_Biological_Process_2021,1/57,0.0555082103235644,0.0656006122005762,0,0,18.72556390977444,54.1398060702703,CYP2U1
glucose homeostasis (GO:0042593),GO_Biological_Process_2021,1/86,0.0826132694677771,0.0894977085900918,0,0,12.318885448916408,30.718187529247054,HKDC1
phosphate-containing compound metabolic process (GO:0006796),GO_Biological_Process_2021,1/212,0.1920320863229375,0.1920320863229375,0,0,4.931154901471689,8.13686322154003,HKDC1
cilium (GO:0005929),GO_Cellular_Component_2021,1/237,0.2122140513138953,0.636642153941686,0,0,4.40321141837645,6.8256814975862765,TTLL11
endoplasmic reticulum membrane (GO:0005789),GO_Cellular_Component_2021,1/712,0.5158362747669231,0.7737544121503845,0,0,1.4263824117255164,0.9442164610267382,CYP2U1
intracellular membrane-bounded organelle (GO:0043231),GO_Cellular_Component_2021,1/5192,0.997554988941146,0.997554988941146,0,0,0.1499457563191353,0.00036706795812433,CYP2U1
glucokinase activity (GO:0004340),GO_Molecular_Function_2021,1/5,0.0049904406959516,0.0124761017398791,0,0,262.8421052631579,1393.123889480945,HKDC1
mannokinase activity (GO:0019158),GO_Molecular_Function_2021,1/5,0.0049904406959516,0.0124761017398791,0,0,262.8421052631579,1393.123889480945,HKDC1
fructokinase activity (GO:0008865),GO_Molecular_Function_2021,1/5,0.0049904406959516,0.0124761017398791,0,0,262.8421052631579,1393.123889480945,HKDC1
hexokinase activity (GO:0004396),GO_Molecular_Function_2021,1/5,0.0049904406959516,0.0124761017398791,0,0,262.8421052631579,1393.123889480945,HKDC1
tubulin-glutamic acid ligase activity (GO:0070740),GO_Molecular_Function_2021,1/8,0.0079733565142536,0.0149429558271957,0,0,150.17293233082708,725.5830081396662,TTLL11
"oxidoreductase activity, acting on paired donors, with incorporation or reduction of molecular oxygen, reduced iron-sulfur protein as one donor, and incorporation of one atom of oxygen (GO:0016713)",GO_Molecular_Function_2021,1/9,0.0089657734963174,0.0149429558271957,0,0,131.39473684210526,619.439581424405,CYP2U1
"oxidoreductase activity, acting on paired donors, with incorporation or reduction of molecular oxygen, reduced flavin or flavoprotein as one donor, and incorporation of one atom of oxygen (GO:0016712)",GO_Molecular_Function_2021,1/20,0.019820311238232,0.0283147303403315,0,0,55.29362880886426,216.80897525048425,CYP2U1
steroid hydroxylase activity (GO:0008395),GO_Molecular_Function_2021,1/36,0.0354073301248565,0.0442591626560706,0,0,29.99248120300752,100.19997336732251,CYP2U1
heme binding (GO:0020037),GO_Molecular_Function_2021,1/91,0.0872112207421384,0.0969013563801537,0,0,11.63157894736842,28.37433281380585,CYP2U1
tubulin binding (GO:0015631),GO_Molecular_Function_2021,1/307,0.2662068921600892,0.2662068921600892,0,0,3.3839009287925697,4.478530217691708,TTLL11
