Term,Gene_set,Overlap,P-value,Adjusted P-value,Old P-value,Old Adjusted P-value,Odds Ratio,Combined Score,Genes
intermediate filament bundle assembly (GO:0045110),GO_Biological_Process_2021,1/7,0.0038441720045859,0.0715357668227554,0,0,333.05,1852.1566750462316,KRT14
hemidesmosome assembly (GO:0031581),GO_Biological_Process_2021,1/12,0.0065817961978748,0.0715357668227554,0,0,181.61818181818185,912.3494182081016,KRT14
intermediate filament organization (GO:0045109),GO_Biological_Process_2021,1/18,0.0098579216348164,0.0715357668227554,0,0,117.48235294117649,542.7073703814344,KRT14
positive regulation of calcium ion transmembrane transport (GO:1904427),GO_Biological_Process_2021,1/27,0.014753702756032,0.0715357668227554,0,0,76.78076923076924,323.7277777065472,CXCL9
positive regulation of calcium ion transport into cytosol (GO:0010524),GO_Biological_Process_2021,1/34,0.0185463099170106,0.0715357668227554,0,0,60.47272727272728,241.13405880391545,CXCL9
cell-substrate junction assembly (GO:0007044),GO_Biological_Process_2021,1/34,0.0185463099170106,0.0715357668227554,0,0,60.47272727272728,241.13405880391545,KRT14
positive regulation of release of sequestered calcium ion into cytosol (GO:0051281),GO_Biological_Process_2021,1/34,0.0185463099170106,0.0715357668227554,0,0,60.47272727272728,241.13405880391545,CXCL9
cellular defense response (GO:0006968),GO_Biological_Process_2021,1/49,0.0266286776759158,0.0747973406518684,0,0,41.54375,150.62793852241148,CXCL9
regulation of release of sequestered calcium ion into cytosol (GO:0051279),GO_Biological_Process_2021,1/52,0.0282378723956638,0.0747973406518684,0,0,39.09411764705882,139.4522833938583,CXCL9
chemokine-mediated signaling pathway (GO:0070098),GO_Biological_Process_2021,1/56,0.0303797035423347,0.0747973406518684,0,0,36.24363636363636,126.63456015986765,CXCL9
cellular response to chemokine (GO:1990869),GO_Biological_Process_2021,1/60,0.03251724254582,0.0747973406518684,0,0,33.77966101694916,115.72860487101576,CXCL9
antimicrobial humoral immune response mediated by antimicrobial peptide (GO:0061844),GO_Biological_Process_2021,1/64,0.0346504971189346,0.0747973406518684,0,0,31.62857142857143,106.3492751339043,CXCL9
neutrophil chemotaxis (GO:0030593),GO_Biological_Process_2021,1/70,0.0378423625037638,0.0747973406518684,0,0,28.869565217391305,94.52837096535384,CXCL9
granulocyte chemotaxis (GO:0071621),GO_Biological_Process_2021,1/73,0.0394346948215383,0.0747973406518684,0,0,27.6625,89.43588520720674,CXCL9
neutrophil migration (GO:1990266),GO_Biological_Process_2021,1/77,0.0415540781399269,0.0747973406518684,0,0,26.20131578947369,83.34008705275691,CXCL9
epidermis development (GO:0008544),GO_Biological_Process_2021,1/83,0.0447251834731767,0.0754737471109857,0,0,24.276829268292683,75.43341417316094,KRT14
cellular response to molecule of bacterial origin (GO:0071219),GO_Biological_Process_2021,1/115,0.0614772434102234,0.0910475411935968,0,0,17.43421052631579,48.62555082904469,CXCL9
adenylate cyclase-activating G protein-coupled receptor signaling pathway (GO:0007189),GO_Biological_Process_2021,1/118,0.0630339752254168,0.0910475411935968,0,0,16.984615384615385,46.94685961789818,CXCL9
cellular response to lipopolysaccharide (GO:0071222),GO_Biological_Process_2021,1/120,0.0640704919510496,0.0910475411935968,0,0,16.69747899159664,45.88085464119431,CXCL9
response to lipopolysaccharide (GO:0032496),GO_Biological_Process_2021,1/159,0.0840753591599023,0.1120092301322929,0,0,12.55126582278481,31.077458185860923,CXCL9
adenylate cyclase-modulating G protein-coupled receptor signaling pathway (GO:0007188),GO_Biological_Process_2021,1/165,0.0871182901028945,0.1120092301322929,0,0,12.08841463414634,29.50163602107077,CXCL9
cellular response to lipid (GO:0071396),GO_Biological_Process_2021,1/219,0.1140939693759314,0.1400244169613703,0,0,9.06926605504587,19.68695399920425,CXCL9
inflammatory response (GO:0006954),GO_Biological_Process_2021,1/230,0.1194993517397675,0.1402818476945097,0,0,8.62882096069869,18.33144978522568,CXCL9
cellular component assembly (GO:0022607),GO_Biological_Process_2021,1/261,0.1345717890784102,0.1513932627132114,0,0,7.588076923076923,15.219083198139,KRT14
cellular response to oxygen-containing compound (GO:1901701),GO_Biological_Process_2021,1/323,0.1640152030795641,0.1771364193259292,0,0,6.10776397515528,11.041592222297409,CXCL9
cytokine-mediated signaling pathway (GO:0019221),GO_Biological_Process_2021,1/621,0.2932317122765541,0.3045098550564216,0,0,3.124032258064516,3.832538268101902,CXCL9
regulation of cell population proliferation (GO:0042127),GO_Biological_Process_2021,1/764,0.3485435267787443,0.3485435267787443,0,0,2.5197903014416774,2.6558392202469148,CXCL9
keratin filament (GO:0045095),GO_Cellular_Component_2021,1/15,0.0082210881236714,0.0493265287420287,0,0,142.67857142857142,685.0073410932765,KRT14
intermediate filament (GO:0005882),GO_Cellular_Component_2021,1/50,0.0271653448579923,0.0814960345739772,0,0,40.69387755102041,146.73452100035948,KRT14
intermediate filament cytoskeleton (GO:0045111),GO_Cellular_Component_2021,1/84,0.0452527727730833,0.0905055455461666,0,0,23.98313253012048,74.23957890820988,KRT14
polymeric cytoskeletal fiber (GO:0099513),GO_Cellular_Component_2021,1/256,0.1321567273135563,0.1982350909703344,0,0,7.738823529411765,15.661573608125948,KRT14
nucleus (GO:0005634),GO_Cellular_Component_2021,1/4484,0.9387773652637352,0.9633790537137972,0,0,0.3458844523756413,0.0218519163075956,KRT14
intracellular membrane-bounded organelle (GO:0043231),GO_Cellular_Component_2021,1/5192,0.9633790537137972,0.9633790537137972,0,0,0.2850703140050086,0.0106354965121138,KRT14
CXCR3 chemokine receptor binding (GO:0048248),GO_Molecular_Function_2021,1/5,0.0027472053583369,0.0115353898674366,0,0,499.625,2946.374119506432,CXCL9
keratin filament binding (GO:1990254),GO_Molecular_Function_2021,1/6,0.0032958256764104,0.0115353898674366,0,0,399.68,2284.210591570385,KRT14
CXCR chemokine receptor binding (GO:0045236),GO_Molecular_Function_2021,1/17,0.0093125834341288,0.0217293613463006,0,0,124.83125,583.7594513941907,CXCL9
chemokine activity (GO:0008009),GO_Molecular_Function_2021,1/46,0.0250170610222384,0.0380314828011893,0,0,44.32,163.46090194189088,CXCL9
chemokine receptor binding (GO:0042379),GO_Molecular_Function_2021,1/50,0.0271653448579923,0.0380314828011893,0,0,40.69387755102041,146.73452100035948,CXCL9
cytokine activity (GO:0005125),GO_Molecular_Function_2021,1/173,0.0911612354100186,0.1063547746450218,0,0,11.521511627906976,27.5954665588185,CXCL9
receptor ligand activity (GO:0048018),GO_Molecular_Function_2021,1/307,0.1565053957478445,0.1565053957478445,0,0,6.432352941176471,11.929858529552073,CXCL9
