Term,Gene_set,Overlap,P-value,Adjusted P-value,Old P-value,Old Adjusted P-value,Odds Ratio,Combined Score,Genes
neutrophil degranulation (GO:0043312),GO_Biological_Process_2021,8/481,2.5110119239283392e-08,3.7915863420659462e-06,0,0,23.563877982482637,412.3677448737429,ADGRG3;CR1;LRG1;ALOX5;SLC2A3;LILRB3;MAPK14;CD55
neutrophil activation involved in immune response (GO:0002283),GO_Biological_Process_2021,8/485,2.6775171559909707e-08,3.7915863420659462e-06,0,0,23.361485474693023,407.32597382158326,ADGRG3;CR1;LRG1;ALOX5;SLC2A3;LILRB3;MAPK14;CD55
neutrophil mediated immunity (GO:0002446),GO_Biological_Process_2021,8/488,2.8085824756044054e-08,3.7915863420659462e-06,0,0,23.21190476190476,403.6086196133231,ADGRG3;CR1;LRG1;ALOX5;SLC2A3;LILRB3;MAPK14;CD55
regulation of toll-like receptor signaling pathway (GO:0034121),GO_Biological_Process_2021,3/27,3.3213166651514407e-06,0.0003362833123465834,0,0,131.27631578947367,1656.0703190066345,FLOT1;FLOT2;TLR5
protein localization to membrane raft (GO:1903044),GO_Biological_Process_2021,2/5,1.1526778589426107e-05,0.0009336690657435148,0,0,665.8333333333334,7571.082739637043,FLOT1;FLOT2
membrane raft assembly (GO:0001765),GO_Biological_Process_2021,2/6,1.7278715595310902e-05,0.0011663133026834,0,0,499.35,5475.88964033087,FLOT1;FLOT2
"negative regulation of complement activation, classical pathway (GO:0045959)",GO_Biological_Process_2021,2/8,3.2210818955169004e-05,0.0016306727096054,0,0,332.8666666666667,3442.9092260043108,CR1;CD55
regulation of toll-like receptor 3 signaling pathway (GO:0034139),GO_Biological_Process_2021,2/8,3.2210818955169004e-05,0.0016306727096054,0,0,332.8666666666667,3442.9092260043108,FLOT1;FLOT2
"regulation of complement activation, classical pathway (GO:0030450)",GO_Biological_Process_2021,2/9,4.138640590652375e-05,0.0018623882657935,0,0,285.3,2879.406823305432,CR1;CD55
negative regulation of humoral immune response mediated by circulating immunoglobulin (GO:0002924),GO_Biological_Process_2021,2/10,5.1698634856081705e-05,0.001903449737883,0,0,249.625,2463.8185157826147,CR1;CD55
positive regulation of myoblast fusion (GO:1901741),GO_Biological_Process_2021,2/10,5.1698634856081705e-05,0.001903449737883,0,0,249.625,2463.8185157826147,FLOT1;MAPK14
negative regulation of complement activation (GO:0045916),GO_Biological_Process_2021,2/12,7.572389207798609e-05,0.002359090483968,0,0,199.68,1894.6470730177257,CR1;CD55
regulation of myoblast fusion (GO:1901739),GO_Biological_Process_2021,2/12,7.572389207798609e-05,0.002359090483968,0,0,199.68,1894.6470730177257,FLOT1;MAPK14
membrane raft organization (GO:0031579),GO_Biological_Process_2021,2/15,0.00012022963193032818,0.0032713014884536,0,0,153.57692307692307,1386.20174723602,FLOT1;FLOT2
negative regulation of immune effector process (GO:0002698),GO_Biological_Process_2021,2/16,0.00013731388963879662,0.0032713014884536,0,0,142.6,1268.176179092661,CR1;CD55
positive regulation of syncytium formation by plasma membrane fusion (GO:0060143),GO_Biological_Process_2021,2/16,0.00013731388963879662,0.0032713014884536,0,0,142.6,1268.176179092661,FLOT1;MAPK14
regulation of neurotransmitter transport (GO:0051588),GO_Biological_Process_2021,2/16,0.00013731388963879662,0.0032713014884536,0,0,142.6,1268.176179092661,FLOT1;MCTP2
regulation of programmed necrotic cell death (GO:0062098),GO_Biological_Process_2021,2/20,0.00021683563043902655,0.004878801684878,0,0,110.88888888888889,935.4998014387868,FLOT1;FLOT2
regulation of necroptotic process (GO:0060544),GO_Biological_Process_2021,2/23,0.0002881577630424514,0.0061423102122206,0,0,95.03333333333332,774.7119651640849,FLOT1;FLOT2
regulation of heterotypic cell-cell adhesion (GO:0034114),GO_Biological_Process_2021,2/25,0.000341234455643778,0.0069099977267865,0,0,86.76086956521739,692.6068823488023,FLOT1;FLOT2
positive regulation of toll-like receptor signaling pathway (GO:0034123),GO_Biological_Process_2021,2/27,0.00039871314788414447,0.0076894678520513,0,0,79.812,624.7099397333159,FLOT1;TLR5
regulation of cytokine production (GO:0001817),GO_Biological_Process_2021,3/150,0.0005735091467614126,0.010557782019926,0,0,21.30075187969925,158.98320295643575,ALOX5;FLOT1;MAPK14
positive regulation of NF-kappaB transcription factor activity (GO:0051092),GO_Biological_Process_2021,3/155,0.0006309562704553133,0.010703764657476,0,0,20.594875346260388,151.74868454291305,FLOT1;TRIM25;FLOT2
regulation of myoblast differentiation (GO:0045661),GO_Biological_Process_2021,2/34,0.0006342971648874719,0.010703764657476,0,0,62.33125,458.94455736927694,FLOT2;MAPK14
membrane assembly (GO:0071709),GO_Biological_Process_2021,2/36,0.0007113647786947809,0.0115241094148554,0,0,58.65882352941176,425.1782293491763,FLOT1;FLOT2
regulation of cytokine production involved in inflammatory response (GO:1900015),GO_Biological_Process_2021,2/43,0.001014884135775,0.0158087721149576,0,0,48.62682926829268,335.18380172445745,ALOX5;MAPK14
protein localization to membrane (GO:0072657),GO_Biological_Process_2021,3/195,0.0012259869245403,0.0183898038681058,0,0,16.27138157894737,109.08349028325718,SH3GLB1;FLOT1;FLOT2
regulation of complement activation (GO:0030449),GO_Biological_Process_2021,2/50,0.001370383663162,0.0198216208421646,0,0,41.520833333333336,273.7329252658829,CR1;CD55
regulation of immune effector process (GO:0002697),GO_Biological_Process_2021,2/53,0.0015384685356761,0.0208585200922406,0,0,39.07254901960784,253.0716424387,CR1;CD55
phosphate-containing compound metabolic process (GO:0006796),GO_Biological_Process_2021,3/212,0.0015583922637164,0.0208585200922406,0,0,14.935028959959707,96.5415295018257,PFKFB4;LIMK2;ALPL
regulation of humoral immune response (GO:0002920),GO_Biological_Process_2021,2/54,0.0015965780811344,0.0208585200922406,0,0,38.31923076923077,246.7717321748194,CR1;CD55
regulation of reactive oxygen species metabolic process (GO:2000377),GO_Biological_Process_2021,2/57,0.0017771204626455,0.0224916808553571,0,0,36.223636363636366,229.39562954849325,ALOX5;MAPK14
pattern recognition receptor signaling pathway (GO:0002221),GO_Biological_Process_2021,2/61,0.0020322626452387,0.0249414051915662,0,0,33.76101694915254,209.27122545032168,ALPK1;TLR5
positive regulation of DNA-binding transcription factor activity (GO:0051091),GO_Biological_Process_2021,3/246,0.0023813695214303,0.0283663134170378,0,0,12.823261858349577,77.4535214279562,FLOT1;TRIM25;FLOT2
positive regulation of phosphorylation (GO:0042327),GO_Biological_Process_2021,3/253,0.0025785083750861,0.0298370254831398,0,0,12.45978947368421,74.26712583614179,PFKFB4;LIMK2;FLOT1
innate immune response (GO:0045087),GO_Biological_Process_2021,3/302,0.0042436443760897,0.0451857617781544,0,0,10.392008449216688,56.76460919462211,CR1;TRIM25;ALPK1
positive regulation of cellular component biogenesis (GO:0044089),GO_Biological_Process_2021,2/92,0.0045538802449072,0.0451857617781544,0,0,22.09777777777778,119.14625922138045,SH3GLB1;FLOT1
negative regulation of B cell differentiation (GO:0045578),GO_Biological_Process_2021,1/5,0.0054883894433205,0.0451857617781544,0,0,237.78571428571428,1237.7032790036255,CR1
regulation of skeletal muscle tissue development (GO:0048641),GO_Biological_Process_2021,1/5,0.0054883894433205,0.0451857617781544,0,0,237.78571428571428,1237.7032790036255,FLOT1
"positive regulation of CD4-positive, alpha-beta T cell proliferation (GO:2000563)",GO_Biological_Process_2021,1/5,0.0054883894433205,0.0451857617781544,0,0,237.78571428571428,1237.7032790036255,CD55
negative regulation of CREB transcription factor activity (GO:0032792),GO_Biological_Process_2021,1/5,0.0054883894433205,0.0451857617781544,0,0,237.78571428571428,1237.7032790036255,ADGRG3
"fructose 2,6-bisphosphate metabolic process (GO:0006003)",GO_Biological_Process_2021,1/5,0.0054883894433205,0.0451857617781544,0,0,237.78571428571428,1237.7032790036255,PFKFB4
glucose import across plasma membrane (GO:0098708),GO_Biological_Process_2021,1/5,0.0054883894433205,0.0451857617781544,0,0,237.78571428571428,1237.7032790036255,SLC2A3
negative regulation of immunoglobulin production (GO:0002638),GO_Biological_Process_2021,1/5,0.0054883894433205,0.0451857617781544,0,0,237.78571428571428,1237.7032790036255,CR1
regulation of cyclase activity (GO:0031279),GO_Biological_Process_2021,1/5,0.0054883894433205,0.0451857617781544,0,0,237.78571428571428,1237.7032790036255,MAPK14
regulation of inflammatory response to wounding (GO:0106014),GO_Biological_Process_2021,1/5,0.0054883894433205,0.0451857617781544,0,0,237.78571428571428,1237.7032790036255,ALOX5
p38MAPK cascade (GO:0038066),GO_Biological_Process_2021,1/5,0.0054883894433205,0.0451857617781544,0,0,237.78571428571428,1237.7032790036255,MAPK14
positive regulation of cytokine production (GO:0001819),GO_Biological_Process_2021,3/335,0.0056636358254255,0.0451857617781544,0,0,9.343373493975903,48.33971073371261,FLOT1;MAPK14;TLR5
regulation of serine-type endopeptidase activity (GO:1900003),GO_Biological_Process_2021,1/6,0.0065826171479286,0.0451857617781544,0,0,190.2190476190476,955.5316921910462,CR1
hexose import across plasma membrane (GO:0140271),GO_Biological_Process_2021,1/6,0.0065826171479286,0.0451857617781544,0,0,190.2190476190476,955.5316921910462,SLC2A3
response to lipoteichoic acid (GO:0070391),GO_Biological_Process_2021,1/6,0.0065826171479286,0.0451857617781544,0,0,190.2190476190476,955.5316921910462,MAPK14
negative regulation of serine-type peptidase activity (GO:1902572),GO_Biological_Process_2021,1/6,0.0065826171479286,0.0451857617781544,0,0,190.2190476190476,955.5316921910462,CR1
cellular response to lipoteichoic acid (GO:0071223),GO_Biological_Process_2021,1/6,0.0065826171479286,0.0451857617781544,0,0,190.2190476190476,955.5316921910462,MAPK14
leukocyte chemotaxis involved in inflammatory response (GO:0002232),GO_Biological_Process_2021,1/6,0.0065826171479286,0.0451857617781544,0,0,190.2190476190476,955.5316921910462,ALOX5
lipoxin metabolic process (GO:2001300),GO_Biological_Process_2021,1/6,0.0065826171479286,0.0451857617781544,0,0,190.2190476190476,955.5316921910462,ALOX5
regulation of membrane tubulation (GO:1903525),GO_Biological_Process_2021,1/6,0.0065826171479286,0.0451857617781544,0,0,190.2190476190476,955.5316921910462,SH3GLB1
positive regulation of toll-like receptor 3 signaling pathway (GO:0034141),GO_Biological_Process_2021,1/6,0.0065826171479286,0.0451857617781544,0,0,190.2190476190476,955.5316921910462,FLOT1
vesicle localization (GO:0051648),GO_Biological_Process_2021,1/6,0.0065826171479286,0.0451857617781544,0,0,190.2190476190476,955.5316921910462,LIMK2
plasma membrane raft assembly (GO:0044854),GO_Biological_Process_2021,1/6,0.0065826171479286,0.0451857617781544,0,0,190.2190476190476,955.5316921910462,FLOT1
positive regulation of cellular component organization (GO:0051130),GO_Biological_Process_2021,2/114,0.0069054863588978,0.0466120329225607,0,0,17.7375,88.25185030626267,SH3GLB1;FLOT1
RIG-I signaling pathway (GO:0039529),GO_Biological_Process_2021,1/7,0.0076756962402828,0.0469724371067956,0,0,158.5079365079365,771.8855078560287,TRIM25
interleukin-18-mediated signaling pathway (GO:0035655),GO_Biological_Process_2021,1/7,0.0076756962402828,0.0469724371067956,0,0,158.5079365079365,771.8855078560287,ALOX5
cellular response to interleukin-18 (GO:0071351),GO_Biological_Process_2021,1/7,0.0076756962402828,0.0469724371067956,0,0,158.5079365079365,771.8855078560287,ALOX5
lipoxin biosynthetic process (GO:2001301),GO_Biological_Process_2021,1/7,0.0076756962402828,0.0469724371067956,0,0,158.5079365079365,771.8855078560287,ALOX5
"complement activation, alternative pathway (GO:0006957)",GO_Biological_Process_2021,1/7,0.0076756962402828,0.0469724371067956,0,0,158.5079365079365,771.8855078560287,CR1
membrane fission (GO:0090148),GO_Biological_Process_2021,1/7,0.0076756962402828,0.0469724371067956,0,0,158.5079365079365,771.8855078560287,SH3GLB1
regulation of response to wounding (GO:1903034),GO_Biological_Process_2021,1/8,0.0087676277457428,0.0469724371067956,0,0,135.85714285714286,643.5130349149837,ALOX5
regulation of vascular wound healing (GO:0061043),GO_Biological_Process_2021,1/8,0.0087676277457428,0.0469724371067956,0,0,135.85714285714286,643.5130349149837,ALOX5
"regulation of CD4-positive, alpha-beta T cell activation (GO:2000514)",GO_Biological_Process_2021,1/8,0.0087676277457428,0.0469724371067956,0,0,135.85714285714286,643.5130349149837,CD55
positive regulation of myotube differentiation (GO:0010831),GO_Biological_Process_2021,1/8,0.0087676277457428,0.0469724371067956,0,0,135.85714285714286,643.5130349149837,MAPK14
stress-induced premature senescence (GO:0090400),GO_Biological_Process_2021,1/8,0.0087676277457428,0.0469724371067956,0,0,135.85714285714286,643.5130349149837,MAPK14
regulation of response to external stimulus (GO:0032101),GO_Biological_Process_2021,2/130,0.0088948009726725,0.0469724371067956,0,0,15.5078125,73.23236204384786,ALOX5;CD55
protein localization to plasma membrane (GO:0072659),GO_Biological_Process_2021,2/136,0.0096994885175385,0.0469724371067956,0,0,14.808955223880597,68.64960902147224,FLOT1;FLOT2
positive regulation of autophagosome assembly (GO:2000786),GO_Biological_Process_2021,1/9,0.0098584127261176,0.0469724371067956,0,0,118.86904761904762,549.107257058779,SH3GLB1
positive regulation of cell-cell adhesion mediated by cadherin (GO:2000049),GO_Biological_Process_2021,1/9,0.0098584127261176,0.0469724371067956,0,0,118.86904761904762,549.107257058779,FLOT1
astral microtubule organization (GO:0030953),GO_Biological_Process_2021,1/9,0.0098584127261176,0.0469724371067956,0,0,118.86904761904762,549.107257058779,LIMK2
regulation of cell adhesion molecule production (GO:0060353),GO_Biological_Process_2021,1/9,0.0098584127261176,0.0469724371067956,0,0,118.86904761904762,549.107257058779,FLOT1
hepoxilin biosynthetic process (GO:0051122),GO_Biological_Process_2021,1/9,0.0098584127261176,0.0469724371067956,0,0,118.86904761904762,549.107257058779,ALOX5
hepoxilin metabolic process (GO:0051121),GO_Biological_Process_2021,1/9,0.0098584127261176,0.0469724371067956,0,0,118.86904761904762,549.107257058779,ALOX5
regulation of cellular response to oxidative stress (GO:1900407),GO_Biological_Process_2021,1/9,0.0098584127261176,0.0469724371067956,0,0,118.86904761904762,549.107257058779,ALOX5
regulation of complement-dependent cytotoxicity (GO:1903659),GO_Biological_Process_2021,1/9,0.0098584127261176,0.0469724371067956,0,0,118.86904761904762,549.107257058779,CD55
response to vitamin (GO:0033273),GO_Biological_Process_2021,1/9,0.0098584127261176,0.0469724371067956,0,0,118.86904761904762,549.107257058779,ALPL
response to vitamin D (GO:0033280),GO_Biological_Process_2021,1/9,0.0098584127261176,0.0469724371067956,0,0,118.86904761904762,549.107257058779,ALPL
negative regulation of production of molecular mediator of immune response (GO:0002701),GO_Biological_Process_2021,1/9,0.0098584127261176,0.0469724371067956,0,0,118.86904761904762,549.107257058779,CR1
L-ascorbic acid metabolic process (GO:0019852),GO_Biological_Process_2021,1/9,0.0098584127261176,0.0469724371067956,0,0,118.86904761904762,549.107257058779,SLC2A3
protein localization to cell periphery (GO:1990778),GO_Biological_Process_2021,2/140,0.0102534006226635,0.0482863633974273,0,0,14.376811594202898,65.84789410830417,FLOT1;FLOT2
positive regulation of cellular catabolic process (GO:0031331),GO_Biological_Process_2021,2/141,0.0103940429573733,0.0483860620429447,0,0,14.272661870503596,65.17643056037258,SH3GLB1;PFKFB4
positive regulation of skeletal muscle tissue development (GO:0048643),GO_Biological_Process_2021,1/10,0.0109480522580432,0.0498197883652532,0,0,105.65608465608466,476.9942956890701,FLOT1
cytoplasmic pattern recognition receptor signaling pathway in response to virus (GO:0039528),GO_Biological_Process_2021,1/10,0.0109480522580432,0.0498197883652532,0,0,105.65608465608466,476.9942956890701,TRIM25
regulation of biosynthetic process (GO:0009889),GO_Biological_Process_2021,1/11,0.0120365474388125,0.0513137022391482,0,0,95.08571428571427,420.260566245477,ALOX5
"regulation of CD4-positive, alpha-beta T cell proliferation (GO:2000561)",GO_Biological_Process_2021,1/11,0.0120365474388125,0.0513137022391482,0,0,95.08571428571427,420.260566245477,CD55
negative regulation of sprouting angiogenesis (GO:1903671),GO_Biological_Process_2021,1/11,0.0120365474388125,0.0513137022391482,0,0,95.08571428571427,420.260566245477,ALOX5
complement receptor mediated signaling pathway (GO:0002430),GO_Biological_Process_2021,1/11,0.0120365474388125,0.0513137022391482,0,0,95.08571428571427,420.260566245477,CR1
positive regulation of vacuole organization (GO:0044090),GO_Biological_Process_2021,1/11,0.0120365474388125,0.0513137022391482,0,0,95.08571428571427,420.260566245477,SH3GLB1
protein kinase C signaling (GO:0070528),GO_Biological_Process_2021,1/11,0.0120365474388125,0.0513137022391482,0,0,95.08571428571427,420.260566245477,FLOT1
regulation of cell differentiation (GO:0045595),GO_Biological_Process_2021,2/156,0.0126060598558803,0.0531517924437447,0,0,12.872727272727271,56.29987216191576,ALOX5;FLOT2
regulation of response to oxidative stress (GO:1902882),GO_Biological_Process_2021,1/12,0.0131238993688258,0.0531517924437447,0,0,86.43722943722943,374.560203730456,ALOX5
negative regulation of cilium assembly (GO:1902018),GO_Biological_Process_2021,1/12,0.0131238993688258,0.0531517924437447,0,0,86.43722943722943,374.560203730456,LIMK2
regulation of amyloid precursor protein catabolic process (GO:1902991),GO_Biological_Process_2021,1/12,0.0131238993688258,0.0531517924437447,0,0,86.43722943722943,374.560203730456,FLOT2
ATP transport (GO:0015867),GO_Biological_Process_2021,1/12,0.0131238993688258,0.0531517924437447,0,0,86.43722943722943,374.560203730456,CR1
"positive regulation of CD4-positive, alpha-beta T cell activation (GO:2000516)",GO_Biological_Process_2021,1/13,0.0142101091631312,0.0548104210577918,0,0,79.23015873015873,337.0293803138913,CD55
glucose import (GO:0046323),GO_Biological_Process_2021,1/13,0.0142101091631312,0.0548104210577918,0,0,79.23015873015873,337.0293803138913,SLC2A3
negative regulation of hippo signaling (GO:0035331),GO_Biological_Process_2021,1/13,0.0142101091631312,0.0548104210577918,0,0,79.23015873015873,337.0293803138913,MAPK14
lipid oxidation (GO:0034440),GO_Biological_Process_2021,1/13,0.0142101091631312,0.0548104210577918,0,0,79.23015873015873,337.0293803138913,ALOX5
lymphocyte mediated immunity (GO:0002449),GO_Biological_Process_2021,1/13,0.0142101091631312,0.0548104210577918,0,0,79.23015873015873,337.0293803138913,CD55
positive regulation of I-kappaB kinase/NF-kappaB signaling (GO:0043123),GO_Biological_Process_2021,2/171,0.0150057251859696,0.0562164258634197,0,0,11.721301775147928,49.221537662509824,TRIM25;ALPK1
protein localization to vacuole (GO:0072665),GO_Biological_Process_2021,1/14,0.0152951779293368,0.0562164258634197,0,0,73.13186813186813,305.7071272789262,SH3GLB1
regulation of response to endoplasmic reticulum stress (GO:1905897),GO_Biological_Process_2021,1/14,0.0152951779293368,0.0562164258634197,0,0,73.13186813186813,305.7071272789262,ALOX5
positive regulation of cyclase activity (GO:0031281),GO_Biological_Process_2021,1/14,0.0152951779293368,0.0562164258634197,0,0,73.13186813186813,305.7071272789262,MAPK14
positive regulation of regulatory T cell differentiation (GO:0045591),GO_Biological_Process_2021,1/14,0.0152951779293368,0.0562164258634197,0,0,73.13186813186813,305.7071272789262,CR1
negative regulation of immune response (GO:0050777),GO_Biological_Process_2021,2/178,0.016188047511993,0.0562164258634197,0,0,11.251136363636364,46.393859590929104,CR1;MAPK14
protein stabilization (GO:0050821),GO_Biological_Process_2021,2/179,0.0163601409715452,0.0562164258634197,0,0,11.187005649717516,46.01111754868441,FLOT1;FLOT2
positive regulation of heterotypic cell-cell adhesion (GO:0034116),GO_Biological_Process_2021,1/15,0.0163791067947741,0.0562164258634197,0,0,67.9047619047619,279.20731867751766,FLOT1
heterocycle biosynthetic process (GO:0018130),GO_Biological_Process_2021,1/15,0.0163791067947741,0.0562164258634197,0,0,67.9047619047619,279.20731867751766,ALOX5
icosanoid biosynthetic process (GO:0046456),GO_Biological_Process_2021,1/15,0.0163791067947741,0.0562164258634197,0,0,67.9047619047619,279.20731867751766,ALOX5
cellular response to exogenous dsRNA (GO:0071360),GO_Biological_Process_2021,1/15,0.0163791067947741,0.0562164258634197,0,0,67.9047619047619,279.20731867751766,FLOT1
positive regulation of pattern recognition receptor signaling pathway (GO:0062208),GO_Biological_Process_2021,1/15,0.0163791067947741,0.0562164258634197,0,0,67.9047619047619,279.20731867751766,TLR5
lipoxygenase pathway (GO:0019372),GO_Biological_Process_2021,1/15,0.0163791067947741,0.0562164258634197,0,0,67.9047619047619,279.20731867751766,ALOX5
negative regulation of cytokine production (GO:0001818),GO_Biological_Process_2021,2/182,0.0168811674114442,0.0574527126187807,0,0,10.998888888888889,44.89258789743452,CR1;TRIM25
positive regulation of alpha-beta T cell proliferation (GO:0046641),GO_Biological_Process_2021,1/16,0.0174618968734111,0.0579677724076352,0,0,63.37460317460317,256.52354192445085,CD55
positive regulation of leukocyte adhesion to vascular endothelial cell (GO:1904996),GO_Biological_Process_2021,1/16,0.0174618968734111,0.0579677724076352,0,0,63.37460317460317,256.52354192445085,ALOX5
T cell mediated immunity (GO:0002456),GO_Biological_Process_2021,1/16,0.0174618968734111,0.0579677724076352,0,0,63.37460317460317,256.52354192445085,CD55
regulation of cell killing (GO:0031341),GO_Biological_Process_2021,1/17,0.0185435492893687,0.0610580281479213,0,0,59.410714285714285,236.908142520545,CD55
3'-UTR-mediated mRNA stabilization (GO:0070935),GO_Biological_Process_2021,1/18,0.0196240651712844,0.062091768706017,0,0,55.91316526610644,219.7945772360195,MAPK14
establishment of vesicle localization (GO:0051650),GO_Biological_Process_2021,1/18,0.0196240651712844,0.062091768706017,0,0,55.91316526610644,219.7945772360195,LIMK2
cellular response to dsRNA (GO:0071359),GO_Biological_Process_2021,1/18,0.0196240651712844,0.062091768706017,0,0,55.91316526610644,219.7945772360195,FLOT1
positive regulation of myoblast differentiation (GO:0045663),GO_Biological_Process_2021,1/18,0.0196240651712844,0.062091768706017,0,0,55.91316526610644,219.7945772360195,MAPK14
dendritic cell migration (GO:0036336),GO_Biological_Process_2021,1/18,0.0196240651712844,0.062091768706017,0,0,55.91316526610644,219.7945772360195,ALOX5
negative regulation of intracellular signal transduction (GO:1902532),GO_Biological_Process_2021,2/198,0.0197784149484075,0.0620950236752329,0,0,10.092857142857143,39.59593470888901,ADGRG3;MAPK14
regulation of T cell cytokine production (GO:0002724),GO_Biological_Process_2021,1/19,0.020703445636816,0.0625832364955327,0,0,52.8042328042328,204.7460437251252,CD55
regulation of cell-cell adhesion mediated by cadherin (GO:2000047),GO_Biological_Process_2021,1/19,0.020703445636816,0.0625832364955327,0,0,52.8042328042328,204.7460437251252,FLOT1
leukotriene biosynthetic process (GO:0019370),GO_Biological_Process_2021,1/19,0.020703445636816,0.0625832364955327,0,0,52.8042328042328,204.7460437251252,ALOX5
negative regulation of amyloid precursor protein catabolic process (GO:1902992),GO_Biological_Process_2021,1/19,0.020703445636816,0.0625832364955327,0,0,52.8042328042328,204.7460437251252,FLOT2
positive regulation of alpha-beta T cell activation (GO:0046635),GO_Biological_Process_2021,1/20,0.0217816918149241,0.0625832364955327,0,0,50.02255639097744,191.42059056605152,CD55
adaptive immune response based on somatic recombination of immune receptors built from immunoglobulin superfamily domains (GO:0002460),GO_Biological_Process_2021,1/20,0.0217816918149241,0.0625832364955327,0,0,50.02255639097744,191.42059056605152,CD55
glucose transmembrane transport (GO:1904659),GO_Biological_Process_2021,1/20,0.0217816918149241,0.0625832364955327,0,0,50.02255639097744,191.42059056605152,SLC2A3
negative regulation of osteoclast differentiation (GO:0045671),GO_Biological_Process_2021,1/20,0.0217816918149241,0.0625832364955327,0,0,50.02255639097744,191.42059056605152,LILRB3
regulation of hippo signaling (GO:0035330),GO_Biological_Process_2021,1/20,0.0217816918149241,0.0625832364955327,0,0,50.02255639097744,191.42059056605152,MAPK14
neuromuscular synaptic transmission (GO:0007274),GO_Biological_Process_2021,1/20,0.0217816918149241,0.0625832364955327,0,0,50.02255639097744,191.42059056605152,KIF1B
modulation by symbiont of entry into host (GO:0052372),GO_Biological_Process_2021,1/20,0.0217816918149241,0.0625832364955327,0,0,50.02255639097744,191.42059056605152,TRIM25
negative regulation of inflammatory response (GO:0050728),GO_Biological_Process_2021,2/212,0.0224731027818104,0.0625832364955327,0,0,9.413333333333334,35.72770531271647,ALOX5;MAPK14
positive regulation of glycolytic process (GO:0045821),GO_Biological_Process_2021,1/21,0.0228588048336812,0.0625832364955327,0,0,47.51904761904762,179.54686782262274,PFKFB4
negative regulation of response to wounding (GO:1903035),GO_Biological_Process_2021,1/21,0.0228588048336812,0.0625832364955327,0,0,47.51904761904762,179.54686782262274,ALOX5
linoleic acid metabolic process (GO:0043651),GO_Biological_Process_2021,1/21,0.0228588048336812,0.0625832364955327,0,0,47.51904761904762,179.54686782262274,ALOX5
positive regulation of purine nucleotide metabolic process (GO:1900544),GO_Biological_Process_2021,1/21,0.0228588048336812,0.0625832364955327,0,0,47.51904761904762,179.54686782262274,PFKFB4
regulation of lipopolysaccharide-mediated signaling pathway (GO:0031664),GO_Biological_Process_2021,1/21,0.0228588048336812,0.0625832364955327,0,0,47.51904761904762,179.54686782262274,CD55
positive regulation of T cell cytokine production (GO:0002726),GO_Biological_Process_2021,1/21,0.0228588048336812,0.0625832364955327,0,0,47.51904761904762,179.54686782262274,CD55
positive regulation of protein modification process (GO:0031401),GO_Biological_Process_2021,2/214,0.0228699234600959,0.0625832364955327,0,0,9.323584905660375,35.22387552890871,LIMK2;FLOT1
regulation of viral release from host cell (GO:1902186),GO_Biological_Process_2021,1/22,0.023934785813165,0.0641959487041844,0,0,45.25396825396825,168.9069250201691,TRIM25
negative regulation of interleukin-2 production (GO:0032703),GO_Biological_Process_2021,1/22,0.023934785813165,0.0641959487041844,0,0,45.25396825396825,168.9069250201691,CR1
osteoclast differentiation (GO:0030316),GO_Biological_Process_2021,1/22,0.023934785813165,0.0641959487041844,0,0,45.25396825396825,168.9069250201691,MAPK14
regulation of I-kappaB kinase/NF-kappaB signaling (GO:0043122),GO_Biological_Process_2021,2/224,0.0248976385354044,0.0653477582636967,0,0,8.899099099099098,32.86421561860828,TRIM25;ALPK1
regulation of toll-like receptor 4 signaling pathway (GO:0034143),GO_Biological_Process_2021,1/23,0.0250096358786987,0.0653477582636967,0,0,43.1948051948052,159.3237838191313,FLOT1
hexose transmembrane transport (GO:0008645),GO_Biological_Process_2021,1/23,0.0250096358786987,0.0653477582636967,0,0,43.1948051948052,159.3237838191313,SLC2A3
cytoskeleton-dependent intracellular transport (GO:0030705),GO_Biological_Process_2021,1/23,0.0250096358786987,0.0653477582636967,0,0,43.1948051948052,159.3237838191313,KIF1B
positive regulation of carbohydrate metabolic process (GO:0045913),GO_Biological_Process_2021,1/24,0.0260833561592032,0.0664387373866497,0,0,41.31469979296066,150.65231192236567,PFKFB4
negative regulation of NIK/NF-kappaB signaling (GO:1901223),GO_Biological_Process_2021,1/24,0.0260833561592032,0.0664387373866497,0,0,41.31469979296066,150.65231192236567,ADGRG3
immune response-activating cell surface receptor signaling pathway (GO:0002429),GO_Biological_Process_2021,1/24,0.0260833561592032,0.0664387373866497,0,0,41.31469979296066,150.65231192236567,CR1
leukotriene metabolic process (GO:0006691),GO_Biological_Process_2021,1/24,0.0260833561592032,0.0664387373866497,0,0,41.31469979296066,150.65231192236567,ALOX5
receptor catabolic process (GO:0032801),GO_Biological_Process_2021,1/25,0.0271559477765973,0.0678898694414934,0,0,39.59126984126984,142.77242140898989,SH3GLB1
negative regulation of response to endoplasmic reticulum stress (GO:1903573),GO_Biological_Process_2021,1/25,0.0271559477765973,0.0678898694414934,0,0,39.59126984126984,142.77242140898989,ALOX5
regulation of myotube differentiation (GO:0010830),GO_Biological_Process_2021,1/25,0.0271559477765973,0.0678898694414934,0,0,39.59126984126984,142.77242140898989,MAPK14
regulation of regulatory T cell differentiation (GO:0045589),GO_Biological_Process_2021,1/26,0.0282274118595077,0.0689859799890153,0,0,38.00571428571429,135.5839309094672,CR1
regulation of viral life cycle (GO:1903900),GO_Biological_Process_2021,1/26,0.0282274118595077,0.0689859799890153,0,0,38.00571428571429,135.5839309094672,TRIM25
membrane organization (GO:0061024),GO_Biological_Process_2021,2/242,0.0287264852525304,0.0689859799890153,0,0,8.224166666666667,29.195263269425524,SH3GLB1;CR1
positive regulation of erythrocyte differentiation (GO:0045648),GO_Biological_Process_2021,1/27,0.0292977495261991,0.0689859799890153,0,0,36.54212454212454,129.00263688319484,MAPK14
regulation of cell junction assembly (GO:1901888),GO_Biological_Process_2021,1/27,0.0292977495261991,0.0689859799890153,0,0,36.54212454212454,129.00263688319484,FLOT1
negative regulation of plasma membrane bounded cell projection assembly (GO:0120033),GO_Biological_Process_2021,1/27,0.0292977495261991,0.0689859799890153,0,0,36.54212454212454,129.00263688319484,LIMK2
positive regulation of muscle cell differentiation (GO:0051149),GO_Biological_Process_2021,1/27,0.0292977495261991,0.0689859799890153,0,0,36.54212454212454,129.00263688319484,MAPK14
cellular senescence (GO:0090398),GO_Biological_Process_2021,1/27,0.0292977495261991,0.0689859799890153,0,0,36.54212454212454,129.00263688319484,MAPK14
positive regulation of striated muscle cell differentiation (GO:0051155),GO_Biological_Process_2021,1/27,0.0292977495261991,0.0689859799890153,0,0,36.54212454212454,129.00263688319484,MAPK14
cytoplasmic pattern recognition receptor signaling pathway (GO:0002753),GO_Biological_Process_2021,1/27,0.0292977495261991,0.0689859799890153,0,0,36.54212454212454,129.00263688319484,ALPK1
cytokine-mediated signaling pathway (GO:0019221),GO_Biological_Process_2021,3/621,0.0295772586792049,0.069241559335711,0,0,4.946346448645887,17.414846789859755,IL4R;ALOX5;TRIM25
regulation of reactive oxygen species biosynthetic process (GO:1903426),GO_Biological_Process_2021,1/28,0.0303669619032499,0.0698785202887285,0,0,35.18694885361552,122.95727551819456,ALOX5
regulation of immunoglobulin production (GO:0002637),GO_Biological_Process_2021,1/28,0.0303669619032499,0.0698785202887285,0,0,35.18694885361552,122.95727551819456,CR1
macromolecule catabolic process (GO:0009057),GO_Biological_Process_2021,1/28,0.0303669619032499,0.0698785202887285,0,0,35.18694885361552,122.95727551819456,SH3GLB1
regulation of response to biotic stimulus (GO:0002831),GO_Biological_Process_2021,1/29,0.031435050111481,0.0699516225008233,0,0,33.92857142857143,117.38714910240454,CD55
negative regulation of interferon-gamma production (GO:0032689),GO_Biological_Process_2021,1/29,0.031435050111481,0.0699516225008233,0,0,33.92857142857143,117.38714910240454,CR1
negative regulation of myeloid leukocyte differentiation (GO:0002762),GO_Biological_Process_2021,1/29,0.031435050111481,0.0699516225008233,0,0,33.92857142857143,117.38714910240454,LILRB3
limb development (GO:0060173),GO_Biological_Process_2021,1/29,0.031435050111481,0.0699516225008233,0,0,33.92857142857143,117.38714910240454,KREMEN1
negative regulation of wound healing (GO:0061045),GO_Biological_Process_2021,1/29,0.031435050111481,0.0699516225008233,0,0,33.92857142857143,117.38714910240454,ALOX5
MyD88-dependent toll-like receptor signaling pathway (GO:0002755),GO_Biological_Process_2021,1/29,0.031435050111481,0.0699516225008233,0,0,33.92857142857143,117.38714910240454,TLR5
positive regulation of endopeptidase activity (GO:0010950),GO_Biological_Process_2021,1/30,0.0325020152689227,0.0715397618690963,0,0,32.756978653530375,112.24025378249362,CR1
long-chain fatty acid biosynthetic process (GO:0042759),GO_Biological_Process_2021,1/30,0.0325020152689227,0.0715397618690963,0,0,32.756978653530375,112.24025378249362,ALOX5
positive regulation of protein targeting to mitochondrion (GO:1903955),GO_Biological_Process_2021,1/31,0.0335678584979562,0.0734863929279583,0,0,31.663492063492065,107.4717897739846,SH3GLB1
regulation of protein phosphorylation (GO:0001932),GO_Biological_Process_2021,2/266,0.0341752339128009,0.074413815777873,0,0,7.467424242424243,25.21192135526794,LIMK2;FLOT1
positive regulation of ATP metabolic process (GO:1903580),GO_Biological_Process_2021,1/33,0.0356961836698558,0.076089233612061,0,0,29.68154761904762,98.92003496654242,PFKFB4
regulation of sprouting angiogenesis (GO:1903670),GO_Biological_Process_2021,1/33,0.0356961836698558,0.076089233612061,0,0,29.68154761904762,98.92003496654242,ALOX5
positive regulation of cytokine production involved in immune response (GO:0002720),GO_Biological_Process_2021,1/33,0.0356961836698558,0.076089233612061,0,0,29.68154761904762,98.92003496654242,CD55
regulation of neurotransmitter secretion (GO:0046928),GO_Biological_Process_2021,1/33,0.0356961836698558,0.076089233612061,0,0,29.68154761904762,98.92003496654242,MCTP2
positive regulation of interleukin-12 production (GO:0032735),GO_Biological_Process_2021,1/34,0.0367586678440145,0.0764393951834135,0,0,28.78066378066378,95.0735042734142,MAPK14
cellular response to vascular endothelial growth factor stimulus (GO:0035924),GO_Biological_Process_2021,1/34,0.0367586678440145,0.0764393951834135,0,0,28.78066378066378,95.0735042734142,MAPK14
organic cyclic compound biosynthetic process (GO:1901362),GO_Biological_Process_2021,1/34,0.0367586678440145,0.0764393951834135,0,0,28.78066378066378,95.0735042734142,ALOX5
regulation of autophagosome assembly (GO:2000785),GO_Biological_Process_2021,1/35,0.037820034565529,0.0764393951834135,0,0,27.932773109243698,91.47749401004982,SH3GLB1
response to estrogen (GO:0043627),GO_Biological_Process_2021,1/35,0.037820034565529,0.0764393951834135,0,0,27.932773109243698,91.47749401004982,TRIM25
response to exogenous dsRNA (GO:0043330),GO_Biological_Process_2021,1/35,0.037820034565529,0.0764393951834135,0,0,27.932773109243698,91.47749401004982,FLOT1
negative regulation of organelle assembly (GO:1902116),GO_Biological_Process_2021,1/35,0.037820034565529,0.0764393951834135,0,0,27.932773109243698,91.47749401004982,LIMK2
negative regulation of T cell proliferation (GO:0042130),GO_Biological_Process_2021,1/35,0.037820034565529,0.0764393951834135,0,0,27.932773109243698,91.47749401004982,CR1
cellular response to virus (GO:0098586),GO_Biological_Process_2021,1/35,0.037820034565529,0.0764393951834135,0,0,27.932773109243698,91.47749401004982,MAPK14
regulation of muscle cell differentiation (GO:0051147),GO_Biological_Process_2021,1/35,0.037820034565529,0.0764393951834135,0,0,27.932773109243698,91.47749401004982,MAPK14
regulation of receptor internalization (GO:0002090),GO_Biological_Process_2021,1/36,0.0388802849574893,0.0764393951834135,0,0,27.133333333333333,88.10920425980879,FLOT1
positive regulation of bone mineralization (GO:0030501),GO_Biological_Process_2021,1/36,0.0388802849574893,0.0764393951834135,0,0,27.133333333333333,88.10920425980879,ALOX5
axonal transport (GO:0098930),GO_Biological_Process_2021,1/36,0.0388802849574893,0.0764393951834135,0,0,27.133333333333333,88.10920425980879,KIF1B
positive regulation of interferon-beta production (GO:0032728),GO_Biological_Process_2021,1/36,0.0388802849574893,0.0764393951834135,0,0,27.133333333333333,88.10920425980879,FLOT1
positive regulation of T cell mediated immunity (GO:0002711),GO_Biological_Process_2021,1/36,0.0388802849574893,0.0764393951834135,0,0,27.133333333333333,88.10920425980879,CD55
regulation of osteoclast differentiation (GO:0045670),GO_Biological_Process_2021,1/36,0.0388802849574893,0.0764393951834135,0,0,27.133333333333333,88.10920425980879,LILRB3
anterograde axonal transport (GO:0008089),GO_Biological_Process_2021,1/37,0.0399394201291641,0.0770260245348166,0,0,26.37830687830688,84.948474454672,KIF1B
negative regulation of endothelial cell proliferation (GO:0001937),GO_Biological_Process_2021,1/37,0.0399394201291641,0.0770260245348166,0,0,26.37830687830688,84.948474454672,ALOX5
regulation of erythrocyte differentiation (GO:0045646),GO_Biological_Process_2021,1/37,0.0399394201291641,0.0770260245348166,0,0,26.37830687830688,84.948474454672,MAPK14
positive regulation of myeloid cell differentiation (GO:0045639),GO_Biological_Process_2021,1/37,0.0399394201291641,0.0770260245348166,0,0,26.37830687830688,84.948474454672,MAPK14
negative regulation of innate immune response (GO:0045824),GO_Biological_Process_2021,1/38,0.0409974411975465,0.0784885320570363,0,0,25.664092664092664,81.97741568726948,CR1
regulation of protein targeting to mitochondrion (GO:1903214),GO_Biological_Process_2021,1/39,0.0420543492750046,0.0784885320570363,0,0,24.9874686716792,79.18010249314726,SH3GLB1
protein monoubiquitination (GO:0006513),GO_Biological_Process_2021,1/39,0.0420543492750046,0.0784885320570363,0,0,24.9874686716792,79.18010249314726,TRIM25
regulation of receptor-mediated endocytosis (GO:0048259),GO_Biological_Process_2021,1/39,0.0420543492750046,0.0784885320570363,0,0,24.9874686716792,79.18010249314726,FLOT1
regulation of T cell differentiation (GO:0045580),GO_Biological_Process_2021,1/39,0.0420543492750046,0.0784885320570363,0,0,24.9874686716792,79.18010249314726,CR1
regulation of viral entry into host cell (GO:0046596),GO_Biological_Process_2021,1/39,0.0420543492750046,0.0784885320570363,0,0,24.9874686716792,79.18010249314726,TRIM25
negative regulation of lymphocyte proliferation (GO:0050672),GO_Biological_Process_2021,1/39,0.0420543492750046,0.0784885320570363,0,0,24.9874686716792,79.18010249314726,CR1
positive regulation of catalytic activity (GO:0043085),GO_Biological_Process_2021,1/40,0.043110145479118,0.0790027552897865,0,0,24.345543345543344,76.54231318763195,MAPK14
fatty acid derivative biosynthetic process (GO:1901570),GO_Biological_Process_2021,1/40,0.043110145479118,0.0790027552897865,0,0,24.345543345543344,76.54231318763195,ALOX5
carboxylic acid metabolic process (GO:0019752),GO_Biological_Process_2021,1/40,0.043110145479118,0.0790027552897865,0,0,24.345543345543344,76.54231318763195,SLC2A3
positive regulation of ossification (GO:0045778),GO_Biological_Process_2021,1/40,0.043110145479118,0.0790027552897865,0,0,24.345543345543344,76.54231318763195,ALOX5
positive regulation of biomineral tissue development (GO:0070169),GO_Biological_Process_2021,1/41,0.0441648309205672,0.0805709753280619,0,0,23.735714285714284,74.05131012000572,ALOX5
translesion synthesis (GO:0019985),GO_Biological_Process_2021,1/42,0.0452184067076381,0.0818327683531407,0,0,23.15563298490128,71.69565287330235,TRIM25
regulation of cell-cell adhesion (GO:0022407),GO_Biological_Process_2021,1/43,0.0462708739577018,0.0818327683531407,0,0,22.603174603174605,69.46503881508069,FLOT2
cellular response to glucose starvation (GO:0042149),GO_Biological_Process_2021,1/43,0.0462708739577018,0.0818327683531407,0,0,22.603174603174605,69.46503881508069,SH3GLB1
lipid modification (GO:0030258),GO_Biological_Process_2021,1/43,0.0462708739577018,0.0818327683531407,0,0,22.603174603174605,69.46503881508069,ALOX5
negative regulation of type I interferon production (GO:0032480),GO_Biological_Process_2021,1/43,0.0462708739577018,0.0818327683531407,0,0,22.603174603174605,69.46503881508069,TRIM25
positive regulation of T cell differentiation (GO:0045582),GO_Biological_Process_2021,1/43,0.0462708739577018,0.0818327683531407,0,0,22.603174603174605,69.46503881508069,CR1
DNA synthesis involved in DNA repair (GO:0000731),GO_Biological_Process_2021,1/43,0.0462708739577018,0.0818327683531407,0,0,22.603174603174605,69.46503881508069,TRIM25
mRNA stabilization (GO:0048255),GO_Biological_Process_2021,1/44,0.0473222337759817,0.0833282812142287,0,0,22.07641196013289,67.35016647561174,MAPK14
negative regulation of T cell activation (GO:0050868),GO_Biological_Process_2021,1/45,0.0483724872635307,0.0844433506109049,0,0,21.573593073593077,65.34261801768183,CR1
cellular response to radiation (GO:0071478),GO_Biological_Process_2021,1/45,0.0483724872635307,0.0844433506109049,0,0,21.573593073593077,65.34261801768183,MAPK14
positive regulation of organelle assembly (GO:1902117),GO_Biological_Process_2021,1/46,0.0494216355431908,0.0855374461324457,0,0,21.09312169312169,63.43475777373824,SH3GLB1
postreplication repair (GO:0006301),GO_Biological_Process_2021,1/46,0.0494216355431908,0.0855374461324457,0,0,21.09312169312169,63.43475777373824,TRIM25
positive regulation of cell-cell adhesion (GO:0022409),GO_Biological_Process_2021,1/47,0.050469679710716,0.0858832784993278,0,0,20.633540372670808,61.61964439333086,FLOT1
regulation of wound healing (GO:0061041),GO_Biological_Process_2021,1/47,0.050469679710716,0.0858832784993278,0,0,20.633540372670808,61.61964439333086,ALOX5
regulation of cellular metabolic process (GO:0031323),GO_Biological_Process_2021,1/47,0.050469679710716,0.0858832784993278,0,0,20.633540372670808,61.61964439333086,FLOT1
regulation of protein localization to nucleus (GO:1900180),GO_Biological_Process_2021,1/47,0.050469679710716,0.0858832784993278,0,0,20.633540372670808,61.61964439333086,LIMK2
positive regulation of blood vessel endothelial cell migration (GO:0043536),GO_Biological_Process_2021,1/48,0.0515166208717867,0.0862158324507174,0,0,20.193515704154,59.890954463772765,MAPK14
positive regulation of endocytosis (GO:0045807),GO_Biological_Process_2021,1/48,0.0515166208717867,0.0862158324507174,0,0,20.193515704154,59.890954463772765,FLOT1
cellular response to ionizing radiation (GO:0071479),GO_Biological_Process_2021,1/48,0.0515166208717867,0.0862158324507174,0,0,20.193515704154,59.890954463772765,MAPK14
regulation of interleukin-2 production (GO:0032663),GO_Biological_Process_2021,1/48,0.0515166208717867,0.0862158324507174,0,0,20.193515704154,59.890954463772765,CR1
cellular response to mechanical stimulus (GO:0071260),GO_Biological_Process_2021,1/49,0.0525624601312181,0.0868889647067076,0,0,19.771825396825395,58.24291595044674,TLR5
regulation of interferon-beta production (GO:0032648),GO_Biological_Process_2021,1/49,0.0525624601312181,0.0868889647067076,0,0,19.771825396825395,58.24291595044674,FLOT1
positive regulation of reactive oxygen species metabolic process (GO:2000379),GO_Biological_Process_2021,1/49,0.0525624601312181,0.0868889647067076,0,0,19.771825396825395,58.24291595044674,MAPK14
positive regulation of multicellular organismal process (GO:0051240),GO_Biological_Process_2021,2/345,0.0546288794899782,0.0896096726082764,0,0,5.724489795918367,16.642194417414643,IL4R;FLOT1
regulation of interleukin-12 production (GO:0032655),GO_Biological_Process_2021,1/51,0.0546508373685044,0.0896096726082764,0,0,18.97904761904762,55.16811991271338,MAPK14
negative regulation of protein metabolic process (GO:0051248),GO_Biological_Process_2021,1/52,0.0556933775463978,0.0905856140814905,0,0,18.605975723622784,53.732086291886986,FLOT2
signal transduction in response to DNA damage (GO:0042770),GO_Biological_Process_2021,1/52,0.0556933775463978,0.0905856140814905,0,0,18.605975723622784,53.732086291886986,MAPK14
positive regulation of macroautophagy (GO:0016239),GO_Biological_Process_2021,1/53,0.0567348202331589,0.0919104087777175,0,0,18.247252747252748,52.358067488080735,SH3GLB1
cytoplasmic microtubule organization (GO:0031122),GO_Biological_Process_2021,1/54,0.057775166528884,0.0928529462071351,0,0,17.902066486972146,51.04230466405881,LIMK2
unsaturated fatty acid metabolic process (GO:0033559),GO_Biological_Process_2021,1/54,0.057775166528884,0.0928529462071351,0,0,17.902066486972146,51.04230466405881,ALOX5
regulation of blood vessel endothelial cell migration (GO:0043535),GO_Biological_Process_2021,1/55,0.0588144175257853,0.0941495616519488,0,0,17.569664902998237,49.78133084189748,MAPK14
positive regulation of establishment of protein localization to mitochondrion (GO:1903749),GO_Biological_Process_2021,1/56,0.059852574330197,0.0954342228493299,0,0,17.24935064935065,48.57194341390608,SH3GLB1
positive regulation of cell junction assembly (GO:1901890),GO_Biological_Process_2021,1/57,0.0608896380354621,0.095582571334737,0,0,16.94047619047619,47.41117969569272,FLOT1
arachidonic acid metabolic process (GO:0019369),GO_Biological_Process_2021,1/57,0.0608896380354621,0.095582571334737,0,0,16.94047619047619,47.41117969569272,ALOX5
regulation of bone mineralization (GO:0030500),GO_Biological_Process_2021,1/57,0.0608896380354621,0.095582571334737,0,0,16.94047619047619,47.41117969569272,ALOX5
icosanoid metabolic process (GO:0006690),GO_Biological_Process_2021,1/57,0.0608896380354621,0.095582571334737,0,0,16.94047619047619,47.41117969569272,ALOX5
receptor metabolic process (GO:0043112),GO_Biological_Process_2021,1/58,0.061925609729227,0.0963913460387603,0,0,16.642439431913115,46.29629511520948,SH3GLB1
positive regulation of protein binding (GO:0032092),GO_Biological_Process_2021,1/58,0.061925609729227,0.0963913460387603,0,0,16.642439431913115,46.29629511520948,FLOT1
positive regulation of protein phosphorylation (GO:0001934),GO_Biological_Process_2021,2/371,0.0621188674472011,0.0963913460387603,0,0,5.314092140921409,14.766297126237154,LIMK2;FLOT1
regulation of secretion by cell (GO:1903530),GO_Biological_Process_2021,1/59,0.062960490519082,0.0973244223672833,0,0,16.354679802955665,45.22474371763155,MCTP2
response to organic cyclic compound (GO:0014070),GO_Biological_Process_2021,1/60,0.0639942814878953,0.0985463270060745,0,0,16.076674737691686,44.19416072773483,ALPL
B cell differentiation (GO:0030183),GO_Biological_Process_2021,1/61,0.0650269837291301,0.0986364359936243,0,0,15.807936507936509,43.20234688566271,ADGRG3
positive regulation of interleukin-8 production (GO:0032757),GO_Biological_Process_2021,1/61,0.0650269837291301,0.0986364359936243,0,0,15.807936507936509,43.20234688566271,TLR5
regulation of endocytosis (GO:0030100),GO_Biological_Process_2021,1/61,0.0650269837291301,0.0986364359936243,0,0,15.807936507936509,43.20234688566271,FLOT1
negative regulation of response to stimulus (GO:0048585),GO_Biological_Process_2021,1/61,0.0650269837291301,0.0986364359936243,0,0,15.807936507936509,43.20234688566271,ALOX5
stress-activated MAPK cascade (GO:0051403),GO_Biological_Process_2021,1/62,0.0660585983445957,0.0998273594386615,0,0,15.548009367681498,42.2472543776498,MAPK14
negative regulation of endopeptidase activity (GO:0010951),GO_Biological_Process_2021,1/63,0.0670891264160781,0.1006336896241172,0,0,15.296466973886329,41.32697417378087,CR1
monocarboxylic acid biosynthetic process (GO:0072330),GO_Biological_Process_2021,1/63,0.0670891264160781,0.1006336896241172,0,0,15.296466973886329,41.32697417378087,ALOX5
regulation of cilium assembly (GO:1902017),GO_Biological_Process_2021,1/64,0.0681185690281569,0.1014265457956013,0,0,15.052910052910052,40.43972459506669,LIMK2
plasma membrane organization (GO:0007009),GO_Biological_Process_2021,1/64,0.0681185690281569,0.1014265457956013,0,0,15.052910052910052,40.43972459506669,CR1
extracellular matrix disassembly (GO:0022617),GO_Biological_Process_2021,1/66,0.0701742022596553,0.1033474615096742,0,0,14.588278388278388,38.75776638076853,FLOT1
cellular component disassembly (GO:0022411),GO_Biological_Process_2021,1/66,0.0701742022596553,0.1033474615096742,0,0,14.588278388278388,38.75776638076853,FLOT1
regulation of protein localization (GO:0032880),GO_Biological_Process_2021,1/66,0.0701742022596553,0.1033474615096742,0,0,14.588278388278388,38.75776638076853,TRIM25
vascular endothelial growth factor receptor signaling pathway (GO:0048010),GO_Biological_Process_2021,1/67,0.0712003950414228,0.1044788405499139,0,0,14.366522366522366,37.96004302786625,MAPK14
interferon-gamma-mediated signaling pathway (GO:0060333),GO_Biological_Process_2021,1/68,0.0722255067202058,0.1052206123082136,0,0,14.15138592750533,37.18930470253887,TRIM25
positive regulation of protein localization to nucleus (GO:1900182),GO_Biological_Process_2021,1/68,0.0722255067202058,0.1052206123082136,0,0,14.15138592750533,37.18930470253887,LIMK2
carbohydrate homeostasis (GO:0033500),GO_Biological_Process_2021,1/70,0.0742724910847293,0.1077534212372382,0,0,13.739820565907522,35.72373458022456,ALOX5
fatty acid biosynthetic process (GO:0006633),GO_Biological_Process_2021,1/71,0.075294365950959,0.1077534212372382,0,0,13.542857142857144,35.026568142715256,ALOX5
positive regulation of cellular protein localization (GO:1903829),GO_Biological_Process_2021,1/71,0.075294365950959,0.1077534212372382,0,0,13.542857142857144,35.026568142715256,LIMK2
regulation of glycolytic process (GO:0006110),GO_Biological_Process_2021,1/71,0.075294365950959,0.1077534212372382,0,0,13.542857142857144,35.026568142715256,PFKFB4
myeloid leukocyte differentiation (GO:0002573),GO_Biological_Process_2021,1/71,0.075294365950959,0.1077534212372382,0,0,13.542857142857144,35.026568142715256,MAPK14
negative regulation of epithelial cell proliferation (GO:0050680),GO_Biological_Process_2021,1/72,0.0763151640250253,0.1084478646671413,0,0,13.351441985244804,34.35170636454176,ALOX5
response to ionizing radiation (GO:0010212),GO_Biological_Process_2021,1/72,0.0763151640250253,0.1084478646671413,0,0,13.351441985244804,34.35170636454176,MAPK14
positive regulation of synaptic transmission (GO:0050806),GO_Biological_Process_2021,1/73,0.0773348864227629,0.1091311115025052,0,0,13.165343915343914,33.69814742858341,FLOT1
ubiquitin-dependent ERAD pathway (GO:0030433),GO_Biological_Process_2021,1/73,0.0773348864227629,0.1091311115025052,0,0,13.165343915343914,33.69814742858341,TRIM25
cellular response to amino acid starvation (GO:0034198),GO_Biological_Process_2021,1/74,0.078353534197411,0.1098033956745725,0,0,12.984344422700588,33.06494733744324,SH3GLB1
regulation of peptide hormone secretion (GO:0090276),GO_Biological_Process_2021,1/74,0.078353534197411,0.1098033956745725,0,0,12.984344422700588,33.06494733744324,ALOX5
response to amino acid starvation (GO:1990928),GO_Biological_Process_2021,1/75,0.0793711084262534,0.1103626512989183,0,0,12.808236808236808,32.45121583769236,SH3GLB1
positive regulation of T cell activation (GO:0050870),GO_Biological_Process_2021,1/75,0.0793711084262534,0.1103626512989183,0,0,12.808236808236808,32.45121583769236,FLOT2
regulation of T cell proliferation (GO:0042129),GO_Biological_Process_2021,1/76,0.0803876102053849,0.1103626512989183,0,0,12.636825396825396,31.85611269580601,CR1
regulation of cell division (GO:0051302),GO_Biological_Process_2021,1/76,0.0803876102053849,0.1103626512989183,0,0,12.636825396825396,31.85611269580601,SH3GLB1
RNA transport (GO:0050658),GO_Biological_Process_2021,1/76,0.0803876102053849,0.1103626512989183,0,0,12.636825396825396,31.85611269580601,FLOT1
water-soluble vitamin metabolic process (GO:0006767),GO_Biological_Process_2021,1/76,0.0803876102053849,0.1103626512989183,0,0,12.636825396825396,31.85611269580601,SLC2A3
positive regulation of type I interferon production (GO:0032481),GO_Biological_Process_2021,1/77,0.0814030405988153,0.1113791602787844,0,0,12.469924812030076,31.278844284190207,FLOT1
negative regulation of blood vessel morphogenesis (GO:2000181),GO_Biological_Process_2021,1/78,0.0824174006878716,0.1123873645743703,0,0,12.307359307359308,30.71866042602228,ALOX5
regulation of fat cell differentiation (GO:0045598),GO_Biological_Process_2021,1/80,0.0844429142331597,0.1139979342147657,0,0,11.994575045207956,29.646745779715985,ALOX5
lipid biosynthetic process (GO:0008610),GO_Biological_Process_2021,1/80,0.0844429142331597,0.1139979342147657,0,0,11.994575045207956,29.646745779715985,ALOX5
regulation of NIK/NF-kappaB signaling (GO:1901222),GO_Biological_Process_2021,1/80,0.0844429142331597,0.1139979342147657,0,0,11.994575045207956,29.646745779715985,ADGRG3
regulation of interleukin-8 production (GO:0032677),GO_Biological_Process_2021,1/81,0.0854540698286766,0.1149797285070233,0,0,11.844047619047618,29.13370694679182,TLR5
epidermis development (GO:0008544),GO_Biological_Process_2021,1/83,0.0874731840460648,0.1165349984824219,0,0,11.554006968641117,28.15044832788816,FLOT2
regulation of defense response (GO:0031347),GO_Biological_Process_2021,1/83,0.0874731840460648,0.1165349984824219,0,0,11.554006968641117,28.15044832788816,ALOX5
long-chain fatty acid metabolic process (GO:0001676),GO_Biological_Process_2021,1/83,0.0874731840460648,0.1165349984824219,0,0,11.554006968641117,28.15044832788816,ALOX5
regulation of cytokinesis (GO:0032465),GO_Biological_Process_2021,1/84,0.0884811447938404,0.1167259402003432,0,0,11.414228341939186,27.679113395058145,SH3GLB1
lymphocyte differentiation (GO:0030098),GO_Biological_Process_2021,1/84,0.0884811447938404,0.1167259402003432,0,0,11.414228341939186,27.679113395058145,ADGRG3
vascular transport (GO:0010232),GO_Biological_Process_2021,1/84,0.0884811447938404,0.1167259402003432,0,0,11.414228341939186,27.679113395058145,SLC2A3
negative regulation of defense response (GO:0031348),GO_Biological_Process_2021,1/85,0.0894880427418254,0.1170927187615704,0,0,11.27777777777778,27.220611302509276,ALOX5
B cell activation (GO:0042113),GO_Biological_Process_2021,1/85,0.0894880427418254,0.1170927187615704,0,0,11.27777777777778,27.220611302509276,ADGRG3
glucose homeostasis (GO:0042593),GO_Biological_Process_2021,1/86,0.0904938789441273,0.1170927187615704,0,0,11.14453781512605,26.774451939878727,ALOX5
positive regulation of endothelial cell migration (GO:0010595),GO_Biological_Process_2021,1/86,0.0904938789441273,0.1170927187615704,0,0,11.14453781512605,26.774451939878727,MAPK14
regulation of interferon-gamma production (GO:0032649),GO_Biological_Process_2021,1/86,0.0904938789441273,0.1170927187615704,0,0,11.14453781512605,26.774451939878727,CR1
transport across blood-brain barrier (GO:0150104),GO_Biological_Process_2021,1/86,0.0904938789441273,0.1170927187615704,0,0,11.14453781512605,26.774451939878727,SLC2A3
negative regulation of angiogenesis (GO:0016525),GO_Biological_Process_2021,1/87,0.0914986544722913,0.1176411271786603,0,0,11.014396456256922,26.340169264282206,ALOX5
ERAD pathway (GO:0036503),GO_Biological_Process_2021,1/87,0.0914986544722913,0.1176411271786603,0,0,11.014396456256922,26.340169264282206,TRIM25
regulation of type I interferon production (GO:0032479),GO_Biological_Process_2021,1/89,0.0935050277472241,0.119462259424687,0,0,10.762987012987011,25.5054816130164,TRIM25
second-messenger-mediated signaling (GO:0019932),GO_Biological_Process_2021,1/89,0.0935050277472241,0.119462259424687,0,0,10.762987012987011,25.5054816130164,MCTP2
positive regulation of autophagy (GO:0010508),GO_Biological_Process_2021,1/90,0.0945066276095651,0.1199849033914542,0,0,10.64151952915998,25.10425243464053,SH3GLB1
positive regulation of binding (GO:0051099),GO_Biological_Process_2021,1/90,0.0945066276095651,0.1199849033914542,0,0,10.64151952915998,25.10425243464053,FLOT1
toll-like receptor signaling pathway (GO:0002224),GO_Biological_Process_2021,1/91,0.0955071710697484,0.1204997018169723,0,0,10.522751322751322,24.71324912687108,TLR5
positive regulation of transport (GO:0051050),GO_Biological_Process_2021,1/91,0.0955071710697484,0.1204997018169723,0,0,10.522751322751322,24.71324912687108,FLOT1
regulation of endothelial cell proliferation (GO:0001936),GO_Biological_Process_2021,1/92,0.0965066591594856,0.1213825992533902,0,0,10.406593406593409,24.332106297541305,ALOX5
positive regulation of gene expression (GO:0010628),GO_Biological_Process_2021,2/482,0.0975848912388425,0.1219811140485531,0,0,4.062083333333334,9.452600342317862,FLOT1;MAPK14
cellular response to cytokine stimulus (GO:0071345),GO_Biological_Process_2021,2/482,0.0975848912388425,0.1219811140485531,0,0,4.062083333333334,9.452600342317862,IL4R;ALOX5
positive regulation of cold-induced thermogenesis (GO:0120162),GO_Biological_Process_2021,1/97,0.1014883062274201,0.1264700431449389,0,0,9.862103174603174,22.56263499711162,IL4R
protein phosphorylation (GO:0006468),GO_Biological_Process_2021,2/496,0.1024056753186682,0.1272217745523333,0,0,3.9441295546558703,8.98793427425421,LIMK2;MAPK14
calcium-mediated signaling (GO:0019722),GO_Biological_Process_2021,1/102,0.1064437278194509,0.1318339748222557,0,0,9.371522866572372,20.9935120892893,MCTP2
regulation of insulin secretion (GO:0050796),GO_Biological_Process_2021,1/104,0.108418582791051,0.1338705061901697,0,0,9.188626907073507,20.41488491079557,ALOX5
activation of GTPase activity (GO:0090630),GO_Biological_Process_2021,1/105,0.109404447269235,0.1342690943758794,0,0,9.09981684981685,20.13519876202632,SIPA1L2
positive regulation of cellular metabolic process (GO:0031325),GO_Biological_Process_2021,1/105,0.109404447269235,0.1342690943758794,0,0,9.09981684981685,20.13519876202632,MAPK14
regulation of cell cycle process (GO:0010564),GO_Biological_Process_2021,1/106,0.1103892711343678,0.1346616108717438,0,0,9.012698412698413,19.8616650141474,SH3GLB1
small GTPase mediated signal transduction (GO:0007264),GO_Biological_Process_2021,1/106,0.1103892711343678,0.1346616108717438,0,0,9.012698412698413,19.8616650141474,MAPK14
modulation of chemical synaptic transmission (GO:0050804),GO_Biological_Process_2021,1/109,0.113337509489395,0.1378429169465614,0,0,8.761022927689595,19.07612080351189,MCTP2
response to endoplasmic reticulum stress (GO:0034976),GO_Biological_Process_2021,1/110,0.1143181813424375,0.1386193516278059,0,0,8.680209698558322,18.825375384313688,FLOT1
regulation of Wnt signaling pathway (GO:0030111),GO_Biological_Process_2021,1/111,0.1152978178149341,0.1393898991493979,0,0,8.600865800865801,18.57990662598213,KREMEN1
regulation of macroautophagy (GO:0016241),GO_Biological_Process_2021,1/112,0.1162764199182915,0.1401546132943693,0,0,8.522951522951523,18.3395591765212,SH3GLB1
positive regulation of metabolic process (GO:0009893),GO_Biological_Process_2021,1/113,0.1172539887068551,0.1409135472589801,0,0,8.446428571428571,18.104183565431285,IL4R
response to lipid (GO:0033993),GO_Biological_Process_2021,1/114,0.1182305252425444,0.1416667536190251,0,0,8.37126000842815,17.873635934356088,ALPL
cellular response to molecule of bacterial origin (GO:0071219),GO_Biological_Process_2021,1/115,0.1192060305308392,0.142414284262507,0,0,8.297410192147034,17.647777784279164,MAPK14
positive regulation of intracellular signal transduction (GO:1902533),GO_Biological_Process_2021,2/546,0.1201528499345568,0.1427363776425157,0,0,3.572426470588235,7.5699381006366595,TRIM25;ALPK1
regulation of protein-containing complex assembly (GO:0043254),GO_Biological_Process_2021,1/116,0.1201805056199947,0.1427363776425157,0,0,8.224844720496895,17.42647572499955,SH3GLB1
adenylate cyclase-activating G protein-coupled receptor signaling pathway (GO:0007189),GO_Biological_Process_2021,1/118,0.1221263693496126,0.1429513860884194,0,0,8.083435083435084,16.997030510778643,ADGRG3
regulation of cellular response to stress (GO:0080135),GO_Biological_Process_2021,1/118,0.1221263693496126,0.1429513860884194,0,0,8.083435083435084,16.997030510778643,ALOX5
negative regulation of response to external stimulus (GO:0032102),GO_Biological_Process_2021,1/118,0.1221263693496126,0.1429513860884194,0,0,8.083435083435084,16.997030510778643,ALOX5
positive regulation of protein-containing complex assembly (GO:0031334),GO_Biological_Process_2021,1/118,0.1221263693496126,0.1429513860884194,0,0,8.083435083435084,16.997030510778643,SH3GLB1
regulation of protein binding (GO:0043393),GO_Biological_Process_2021,1/118,0.1221263693496126,0.1429513860884194,0,0,8.083435083435084,16.997030510778643,FLOT1
cellular response to lipopolysaccharide (GO:0071222),GO_Biological_Process_2021,1/120,0.1240681247160871,0.1448057363401016,0,0,7.946778711484594,16.58432696153108,MAPK14
cellular response to interferon-gamma (GO:0071346),GO_Biological_Process_2021,1/121,0.125037464342257,0.1455177386741784,0,0,7.880158730158731,16.383967972675826,TRIM25
negative regulation of cellular process (GO:0048523),GO_Biological_Process_2021,2/566,0.1274631863331194,0.1479157319911558,0,0,3.442198581560284,7.090680175105316,CR1;ALOX5
fatty acid metabolic process (GO:0006631),GO_Biological_Process_2021,1/124,0.1279393433544284,0.1480440973101243,0,0,7.686798296554394,15.805587027633496,ALOX5
regulation of protein secretion (GO:0050708),GO_Biological_Process_2021,1/125,0.1289045931711755,0.148736069043664,0,0,7.624423963133641,15.620025745756442,ALOX5
regulation of cell motility (GO:2000145),GO_Biological_Process_2021,1/133,0.1365899620298394,0.1571560642672869,0,0,7.159451659451659,14.252834602798108,ADGRG3
negative regulation of inflammatory response to antigenic stimulus (GO:0002862),GO_Biological_Process_2021,1/136,0.1394552542319498,0.159998237858186,0,0,6.999294532627866,13.788690632752695,MAPK14
regulation of inflammatory response to antigenic stimulus (GO:0002861),GO_Biological_Process_2021,1/137,0.1404083330010567,0.1606366521622259,0,0,6.947478991596639,13.639293794381585,MAPK14
Ras protein signal transduction (GO:0007265),GO_Biological_Process_2021,1/142,0.145158632579542,0.1656035104076465,0,0,6.699425869638636,12.929410352051812,MAPK14
negative regulation of DNA-binding transcription factor activity (GO:0043433),GO_Biological_Process_2021,1/143,0.1461056807448291,0.1662157323080219,0,0,6.6519114688128775,12.794453338425477,ADGRG3
positive regulation of cellular process (GO:0048522),GO_Biological_Process_2021,2/625,0.1496341666823576,0.1695613589534675,0,0,3.106741573033708,5.901447778033546,CR1;FLOT1
positive regulation of cytosolic calcium ion concentration (GO:0007204),GO_Biological_Process_2021,1/147,0.1498838679144231,0.1695613589534675,0,0,6.46836268754077,12.27626995994421,CD55
positive regulation of intracellular protein transport (GO:0090316),GO_Biological_Process_2021,1/148,0.1508259183728456,0.1696791581694514,0,0,6.424036281179139,12.151893106042852,SH3GLB1
regulation of cytosolic calcium ion concentration (GO:0051480),GO_Biological_Process_2021,1/148,0.1508259183728456,0.1696791581694514,0,0,6.424036281179139,12.151893106042852,CD55
dephosphorylation (GO:0016311),GO_Biological_Process_2021,1/153,0.155521242851137,0.1744767405947659,0,0,6.211152882205514,11.558787481713887,ALPL
regulation of signal transduction by p53 class mediator (GO:1901796),GO_Biological_Process_2021,1/156,0.158326531364545,0.1766453035885419,0,0,6.090015360983103,11.22448127300066,MAPK14
peptidyl-serine phosphorylation (GO:0018105),GO_Biological_Process_2021,1/156,0.158326531364545,0.1766453035885419,0,0,6.090015360983103,11.22448127300066,MAPK14
cellular response to growth factor stimulus (GO:0071363),GO_Biological_Process_2021,1/158,0.1601917794461548,0.1772613952887779,0,0,6.011828935395815,11.009964677714818,MAPK14
skeletal system development (GO:0001501),GO_Biological_Process_2021,1/158,0.1601917794461548,0.1772613952887779,0,0,6.011828935395815,11.009964677714818,ALPL
cellular response to starvation (GO:0009267),GO_Biological_Process_2021,1/158,0.1601917794461548,0.1772613952887779,0,0,6.011828935395815,11.009964677714818,SH3GLB1
response to lipopolysaccharide (GO:0032496),GO_Biological_Process_2021,1/159,0.1611229231905072,0.1778059506598241,0,0,5.973477998794454,10.905108004046104,MAPK14
negative regulation of canonical Wnt signaling pathway (GO:0090090),GO_Biological_Process_2021,1/165,0.1666891242318726,0.1829514778154699,0,0,5.753193960511034,10.307564592903963,KREMEN1
adenylate cyclase-modulating G protein-coupled receptor signaling pathway (GO:0007188),GO_Biological_Process_2021,1/165,0.1666891242318726,0.1829514778154699,0,0,5.753193960511034,10.307564592903963,ADGRG3
peptidyl-serine modification (GO:0018209),GO_Biological_Process_2021,1/169,0.1703803199916138,0.1864973772881178,0,0,5.615079365079365,9.937130406480772,MAPK14
endoplasmic reticulum to Golgi vesicle-mediated transport (GO:0006888),GO_Biological_Process_2021,1/185,0.18498962777366,0.2019428551167987,0,0,5.122670807453416,8.64427913919146,CD55
negative regulation of Wnt signaling pathway (GO:0030178),GO_Biological_Process_2021,1/191,0.1904045432176171,0.2072952688256315,0,0,4.959398496240602,8.225679648824455,KREMEN1
negative regulation of macromolecule metabolic process (GO:0010605),GO_Biological_Process_2021,1/194,0.1930991060543861,0.2096652492011431,0,0,4.881569207994079,8.027993032435198,FLOT2
regulation of signal transduction (GO:0009966),GO_Biological_Process_2021,1/198,0.1966785424615375,0.2129807745907024,0,0,4.781484167270969,7.77557614353097,CD55
endomembrane system organization (GO:0010256),GO_Biological_Process_2021,1/199,0.1975710304615086,0.2133767128984293,0,0,4.757094757094757,7.714376542410185,CR1
regulation of macromolecule metabolic process (GO:0060255),GO_Biological_Process_2021,1/200,0.1984625719282345,0.2137695256141887,0,0,4.732950466618808,7.653913334056085,FLOT1
modification-dependent protein catabolic process (GO:0019941),GO_Biological_Process_2021,1/201,0.1993531678153524,0.2141592386345297,0,0,4.709047619047619,7.594174268418155,TRIM25
regulation of angiogenesis (GO:0045765),GO_Biological_Process_2021,1/203,0.2011315266869379,0.2154980643074334,0,0,4.661951909476662,7.476820865614278,ALOX5
regulation of inflammatory response (GO:0050727),GO_Biological_Process_2021,1/206,0.2037919970458268,0.2177724506690234,0,0,4.593031358885018,7.305930260288714,ALOX5
positive regulation of GTPase activity (GO:0043547),GO_Biological_Process_2021,1/214,0.2108453005712249,0.2247167019245949,0,0,4.418734630002236,6.878337481148603,SIPA1L2
cellular response to lipid (GO:0071396),GO_Biological_Process_2021,1/219,0.2152232852926055,0.2287806575945019,0,0,4.316295325469637,6.630171701499756,MAPK14
inflammatory response (GO:0006954),GO_Biological_Process_2021,1/230,0.224773389069998,0.2379755297266488,0,0,4.106674984404242,6.129879929572163,TLR5
apoptotic process (GO:0006915),GO_Biological_Process_2021,1/231,0.2256360578148966,0.2379755297266488,0,0,4.088612836438924,6.087257386867498,KREMEN1
regulation of autophagy (GO:0010506),GO_Biological_Process_2021,1/231,0.2256360578148966,0.2379755297266488,0,0,4.088612836438924,6.087257386867498,SH3GLB1
regulation of canonical Wnt signaling pathway (GO:0060828),GO_Biological_Process_2021,1/253,0.2443845589549899,0.2570798607188855,0,0,3.727513227513227,5.252111736530547,KREMEN1
positive regulation of cell differentiation (GO:0045597),GO_Biological_Process_2021,1/258,0.2485847395515439,0.2608207759543401,0,0,3.654067074300537,5.086357180263804,MAPK14
extracellular matrix organization (GO:0030198),GO_Biological_Process_2021,1/300,0.2829970744143095,0.2961597290382309,0,0,3.1340977862716994,3.956230303260345,FLOT1
chemical synaptic transmission (GO:0007268),GO_Biological_Process_2021,1/306,0.2877885641907195,0.3003978569516531,0,0,3.071506635441062,3.8256512656575943,KIF1B
proteasome-mediated ubiquitin-dependent protein catabolic process (GO:0043161),GO_Biological_Process_2021,1/321,0.2996339346452691,0.3119582095921183,0,0,2.925297619047619,3.52555045781868,TRIM25
negative regulation of gene expression (GO:0010629),GO_Biological_Process_2021,1/322,0.3004169027815297,0.3119713990423579,0,0,2.9160361964100283,3.5067787446874603,FLOT2
cellular response to oxygen-containing compound (GO:1901701),GO_Biological_Process_2021,1/323,0.3011990353450692,0.3119836555364527,0,0,2.906832298136646,3.48815220707467,MAPK14
cellular response to DNA damage stimulus (GO:0006974),GO_Biological_Process_2021,1/350,0.3220038535230523,0.332682552747031,0,0,2.6782644289807616,3.034987198216077,MAPK14
ubiquitin-dependent protein catabolic process (GO:0006511),GO_Biological_Process_2021,1/354,0.3250353030589853,0.3349600451371223,0,0,2.647376230945636,2.975178268034171,TRIM25
regulation of gene expression (GO:0010468),GO_Biological_Process_2021,2/1079,0.3344829053113836,0.3438212605358131,0,0,1.7549675023212628,1.921986892418317,FLOT2;MAPK14
positive regulation of macromolecule metabolic process (GO:0010604),GO_Biological_Process_2021,1/384,0.347362303541246,0.3561562859093788,0,0,2.4362799950267315,2.5760906521081672,MAPK14
phosphorylation (GO:0016310),GO_Biological_Process_2021,1/400,0.3589799741312757,0.3671386099069865,0,0,2.336675020885547,2.393897094683075,LIMK2
transmembrane receptor protein tyrosine kinase signaling pathway (GO:0007169),GO_Biological_Process_2021,1/404,0.3618533958975492,0.3691451519861648,0,0,2.3130095710740872,2.3512115445323643,MAPK14
regulation of cell migration (GO:0030334),GO_Biological_Process_2021,1/408,0.3647145202862169,0.3711290972761755,0,0,2.28980928980929,2.309594083875582,ADGRG3
regulation of intracellular signal transduction (GO:1902531),GO_Biological_Process_2021,1/437,0.3850944981647776,0.3908853928740224,0,0,2.134338138925295,2.036727439078876,MAPK14
positive regulation of cell population proliferation (GO:0008284),GO_Biological_Process_2021,1/474,0.4101916076054392,0.4153190027005072,0,0,1.9636564985402196,1.749874968751734,CR1
protein ubiquitination (GO:0016567),GO_Biological_Process_2021,1/525,0.4431868017537408,0.4476076177313342,0,0,1.7679025808796802,1.4386553404568765,TRIM25
regulation of cell population proliferation (GO:0042127),GO_Biological_Process_2021,1/764,0.5757064854926407,0.5800028025485559,0,0,1.199213630406291,0.6621545866237808,CR1
cellular protein modification process (GO:0006464),GO_Biological_Process_2021,1/1025,0.685898937360573,0.6893029023102533,0,0,0.8814174107142857,0.332316384943559,LIMK2
regulation of transcription by RNA polymerase II (GO:0006357),GO_Biological_Process_2021,1/2206,0.923661277525486,0.9259475678163908,0,0,0.3838246409674981,0.0304794599724291,MAPK14
"regulation of transcription, DNA-templated (GO:0006355)",GO_Biological_Process_2021,1/2244,0.9271704853187338,0.9271704853187338,0,0,0.3765152962656306,0.0284712657188205,MAPK14
ficolin-1-rich granule (GO:0101002),GO_Cellular_Component_2021,6/184,3.6886072372295776e-08,2.1762782699654508e-06,0,0,41.71348314606742,713.9442759117193,CR1;LRG1;ALOX5;SLC2A3;MAPK14;CD55
secretory granule membrane (GO:0030667),GO_Cellular_Component_2021,5/274,1.0123309892147431e-05,0.00022669331225871347,0,0,21.54931117428384,247.8315140244429,ADGRG3;CR1;SLC2A3;LILRB3;CD55
flotillin complex (GO:0016600),GO_Cellular_Component_2021,2/5,1.1526778589426107e-05,0.00022669331225871347,0,0,665.8333333333334,7571.082739637043,FLOT1;FLOT2
tertiary granule (GO:0070820),GO_Cellular_Component_2021,4/164,2.8409927093983223e-05,0.00041904642463625255,0,0,27.525,288.1529473267641,CR1;LRG1;SLC2A3;CD55
ficolin-1-rich granule membrane (GO:0101003),GO_Cellular_Component_2021,3/61,3.988917451935989e-05,0.0004706922593284466,0,0,54.22867513611615,549.304244855207,CR1;SLC2A3;CD55
cytoplasmic vesicle membrane (GO:0030659),GO_Cellular_Component_2021,5/380,4.865185781383389e-05,0.00047840993516936665,0,0,15.374901960784314,152.68539254206334,CR1;SLC2A3;KIF1B;LILRB3;CD55
plasma membrane raft (GO:0044853),GO_Cellular_Component_2021,3/82,9.669776085625418e-05,0.0008150239843598567,0,0,39.77148567621585,367.6444442547159,CR1;FLOT1;FLOT2
ficolin-1-rich granule lumen (GO:1904813),GO_Cellular_Component_2021,3/123,0.0003209217587620363,0.00236679797087,0,0,26.12894736842105,210.18943639344343,LRG1;ALOX5;MAPK14
specific granule (GO:0042581),GO_Cellular_Component_2021,3/160,0.0006919647504825212,0.0043088654663636,0,0,19.9339591015756,145.03899888333748,ADGRG3;LRG1;SLC2A3
membrane raft (GO:0045121),GO_Cellular_Component_2021,3/163,0.0007303161807396025,0.0043088654663636,0,0,19.55723684210526,141.24300973131523,CR1;FLOT1;CD55
cortical actin cytoskeleton (GO:0030864),GO_Cellular_Component_2021,2/42,0.0009683243476237372,0.0051937396827091,0,0,49.845,345.92148161176414,FLOT1;FLOT2
cell-cell contact zone (GO:0044291),GO_Cellular_Component_2021,2/47,0.0012117096246851,0.0059575723213688,0,0,44.29555555555555,297.4766814031406,FLOT1;FLOT2
cortical cytoskeleton (GO:0030863),GO_Cellular_Component_2021,2/58,0.0018393653781464,0.008289241229938,0,0,35.575,224.06325588650645,FLOT1;FLOT2
caveola (GO:0005901),GO_Cellular_Component_2021,2/60,0.0019669385969344,0.008289241229938,0,0,34.3448275862069,214.01213271870947,FLOT1;FLOT2
integral component of plasma membrane (GO:0005887),GO_Cellular_Component_2021,6/1454,0.0039575358405432,0.0155663076394702,0,0,4.798860497237569,26.54793792582971,ADGRG3;CR1;IL4R;SLC2A3;LILRB3;TLR5
specific granule membrane (GO:0035579),GO_Cellular_Component_2021,2/91,0.0044578421583349,0.0164382929588601,0,0,22.34719101123596,120.96736627027472,ADGRG3;SLC2A3
secretory granule lumen (GO:0034774),GO_Cellular_Component_2021,3/316,0.0048155999714965,0.0167129646069585,0,0,9.920127795527156,52.93275670074607,LRG1;ALOX5;MAPK14
nuclear envelope lumen (GO:0005641),GO_Cellular_Component_2021,1/6,0.0065826171479286,0.0215763562070995,0,0,190.2190476190476,955.5316921910462,ALOX5
cytoplasmic vesicle lumen (GO:0060205),GO_Cellular_Component_2021,2/115,0.0070230470510205,0.0218084092636955,0,0,17.579646017699115,87.16969619603317,ALOX5;MAPK14
bounding membrane of organelle (GO:0098588),GO_Cellular_Component_2021,4/767,0.0090449889781785,0.0257338869403359,0,0,5.5963302752293576,26.333780467896357,CR1;SLC2A3;LILRB3;CD55
adherens junction (GO:0005912),GO_Cellular_Component_2021,2/132,0.0091595190804585,0.0257338869403359,0,0,15.267692307692307,71.65069377875064,FLOT1;FLOT2
basolateral plasma membrane (GO:0016323),GO_Cellular_Component_2021,2/151,0.0118475628176349,0.0317730093745664,0,0,13.308053691275168,59.029643475571206,FLOT1;FLOT2
autophagosome membrane (GO:0000421),GO_Cellular_Component_2021,1/22,0.023934785813165,0.0613979288250755,0,0,45.25396825396825,168.9069250201691,SH3GLB1
cell-cell junction (GO:0005911),GO_Cellular_Component_2021,2/271,0.0353579998037056,0.086921749517443,0,0,7.326765799256505,24.487740922545974,FLOT1;FLOT2
exocytic vesicle membrane (GO:0099501),GO_Cellular_Component_2021,1/41,0.0441648309205672,0.1002201932428257,0,0,23.735714285714284,74.05131012000572,MCTP2
synaptic vesicle membrane (GO:0030672),GO_Cellular_Component_2021,1/41,0.0441648309205672,0.1002201932428257,0,0,23.735714285714284,74.05131012000572,MCTP2
actin cytoskeleton (GO:0015629),GO_Cellular_Component_2021,2/316,0.0466987403323567,0.1019277410195826,0,0,6.2624203821656055,19.18829457579072,FLOT1;FLOT2
vacuolar membrane (GO:0005774),GO_Cellular_Component_2021,1/45,0.0483724872635307,0.1019277410195826,0,0,21.573593073593077,65.34261801768183,SH3GLB1
endoplasmic reticulum-Golgi intermediate compartment membrane (GO:0033116),GO_Cellular_Component_2021,1/49,0.0525624601312181,0.1069374188876507,0,0,19.771825396825395,58.24291595044674,CD55
tertiary granule lumen (GO:1904724),GO_Cellular_Component_2021,1/55,0.0588144175257853,0.1133241308305745,0,0,17.569664902998237,49.78133084189748,LRG1
intracellular organelle lumen (GO:0070013),GO_Cellular_Component_2021,3/848,0.0642425782410939,0.1133241308305745,0,0,3.575147928994083,9.8140995236655,LRG1;ALOX5;MAPK14
specific granule lumen (GO:0035580),GO_Cellular_Component_2021,1/62,0.0660585983445957,0.1133241308305745,0,0,15.548009367681498,42.2472543776498,LRG1
focal adhesion (GO:0005925),GO_Cellular_Component_2021,2/387,0.0668959067614145,0.1133241308305745,0,0,5.089090909090909,13.764044322418952,FLOT1;FLOT2
organelle envelope lumen (GO:0031970),GO_Cellular_Component_2021,1/64,0.0681185690281569,0.1133241308305745,0,0,15.052910052910052,40.43972459506669,ALOX5
cell-substrate junction (GO:0030055),GO_Cellular_Component_2021,2/394,0.0690243266219626,0.1133241308305745,0,0,4.996428571428571,13.35693389720156,FLOT1;FLOT2
cytoplasmic stress granule (GO:0010494),GO_Cellular_Component_2021,1/65,0.0691469272864522,0.1133241308305745,0,0,14.816964285714286,39.58384098532174,TRIM25
autophagosome (GO:0005776),GO_Cellular_Component_2021,1/69,0.0732495383636409,0.1168033179312112,0,0,13.942577030812323,36.444269724198726,SH3GLB1
tertiary granule membrane (GO:0070821),GO_Cellular_Component_2021,1/73,0.0773348864227629,0.1169938025370003,0,0,13.165343915343914,33.69814742858341,SLC2A3
vesicle membrane (GO:0012506),GO_Cellular_Component_2021,1/73,0.0773348864227629,0.1169938025370003,0,0,13.165343915343914,33.69814742858341,KIF1B
mitotic spindle (GO:0072686),GO_Cellular_Component_2021,1/120,0.1240681247160871,0.1830004839562284,0,0,7.946778711484594,16.58432696153108,LIMK2
microtubule (GO:0005874),GO_Cellular_Component_2021,1/182,0.1822692229713458,0.2622898574465708,0,0,5.208366219415943,8.866047844643044,KIF1B
endocytic vesicle (GO:0030139),GO_Cellular_Component_2021,1/189,0.188603398542744,0.2624864498217267,0,0,5.012664640324215,8.361670444603366,FLOT2
spindle (GO:0005819),GO_Cellular_Component_2021,1/192,0.1913036837683771,0.2624864498217267,0,0,4.933183744702069,8.158958784415127,LIMK2
axon (GO:0030424),GO_Cellular_Component_2021,1/204,0.2020192915801868,0.2648697378495782,0,0,4.638752052545156,7.419183309087755,KIF1B
nuclear membrane (GO:0031965),GO_Cellular_Component_2021,1/204,0.2020192915801868,0.2648697378495782,0,0,4.638752052545156,7.419183309087755,ALOX5
vesicle (GO:0031982),GO_Cellular_Component_2021,1/226,0.2213135316396514,0.2838586601465094,0,0,4.1805291005291005,6.304969006548125,FLOT2
polymeric cytoskeletal fiber (GO:0099513),GO_Cellular_Component_2021,1/256,0.2469073486582814,0.3051178363771384,0,0,3.683099906629318,5.1517069692534205,KIF1B
early endosome (GO:0005769),GO_Cellular_Component_2021,1/266,0.2552587088434812,0.3051178363771384,0,0,3.542318059299191,4.836956329181093,FLOT1
lytic vacuole membrane (GO:0098852),GO_Cellular_Component_2021,1/267,0.2560889655006607,0.3051178363771384,0,0,3.5288220551378444,4.807068585787497,FLOT1
dendrite (GO:0030425),GO_Cellular_Component_2021,1/270,0.2585744376077444,0.3051178363771384,0,0,3.48893609488405,4.719036108826175,KIF1B
lysosomal membrane (GO:0005765),GO_Cellular_Component_2021,1/330,0.3066506386486011,0.348810402175138,0,0,2.8439716312056738,3.361705757900601,FLOT1
microtubule cytoskeleton (GO:0015630),GO_Cellular_Component_2021,1/331,0.3074261171713081,0.348810402175138,0,0,2.835209235209235,3.3441873862714626,KIF1B
Golgi membrane (GO:0000139),GO_Cellular_Component_2021,1/472,0.4088603852671497,0.4503481765440484,0,0,1.97219694671924,1.763896537518137,CD55
lysosome (GO:0005764),GO_Cellular_Component_2021,1/477,0.4121830768369257,0.4503481765440484,0,0,1.9509803921568627,1.7291298602779912,FLOT1
neuron projection (GO:0043005),GO_Cellular_Component_2021,1/556,0.4623736502448903,0.4960008248081551,0,0,1.6664950664950664,1.2855042107456405,KIF1B
cytoskeleton (GO:0005856),GO_Cellular_Component_2021,1/600,0.4885261119737857,0.5146971536866671,0,0,1.5405835122028777,1.1036160337272731,CR1
intracellular non-membrane-bounded organelle (GO:0043232),GO_Cellular_Component_2021,1/1158,0.7309536568727613,0.7566011536051389,0,0,0.7746223813639544,0.2427706964020073,CR1
intracellular membrane-bounded organelle (GO:0043231),GO_Cellular_Component_2021,4/5192,0.8610902507709808,0.8759366344049632,0,0,0.6335132356720637,0.0947456796113169,LRG1;LIMK2;FLOT2;MAPK14
nucleus (GO:0005634),GO_Cellular_Component_2021,2/4484,0.9724364852436744,0.9724364852436744,0,0,0.3457385095939312,0.0096635698914362,LIMK2;MAPK14
complement component C3b binding (GO:0001851),GO_Molecular_Function_2021,1/5,0.0054883894433205,0.0493437615446752,0,0,237.78571428571428,1237.7032790036255,CR1
"fructose-2,6-bisphosphate 2-phosphatase activity (GO:0004331)",GO_Molecular_Function_2021,1/5,0.0054883894433205,0.0493437615446752,0,0,237.78571428571428,1237.7032790036255,PFKFB4
protein serine/threonine kinase activity (GO:0004674),GO_Molecular_Function_2021,3/344,0.006094829956611,0.0493437615446752,0,0,9.09260688377836,46.37515396173055,LIMK2;MAPK14;ALPK1
alkaline phosphatase activity (GO:0004035),GO_Molecular_Function_2021,1/6,0.0065826171479286,0.0493437615446752,0,0,190.2190476190476,955.5316921910462,ALPL
phosphofructokinase activity (GO:0008443),GO_Molecular_Function_2021,1/7,0.0076756962402828,0.0493437615446752,0,0,158.5079365079365,771.8855078560287,PFKFB4
"hydrolase activity, acting on acid anhydrides, in phosphorus-containing anhydrides (GO:0016818)",GO_Molecular_Function_2021,1/7,0.0076756962402828,0.0493437615446752,0,0,158.5079365079365,771.8855078560287,ALPL
sugar-phosphatase activity (GO:0050308),GO_Molecular_Function_2021,1/7,0.0076756962402828,0.0493437615446752,0,0,158.5079365079365,771.8855078560287,PFKFB4
interleukin-1 receptor binding (GO:0005149),GO_Molecular_Function_2021,1/10,0.0109480522580432,0.0601827371940627,0,0,105.65608465608466,476.9942956890701,TLR5
complement receptor activity (GO:0004875),GO_Molecular_Function_2021,1/11,0.0120365474388125,0.0601827371940627,0,0,95.08571428571427,420.260566245477,CR1
MAP kinase activity (GO:0004707),GO_Molecular_Function_2021,1/14,0.0152951779293368,0.061421650480403,0,0,73.13186813186813,305.7071272789262,MAPK14
MAP kinase kinase activity (GO:0004708),GO_Molecular_Function_2021,1/15,0.0163791067947741,0.061421650480403,0,0,67.9047619047619,279.20731867751766,MAPK14
hexose transmembrane transporter activity (GO:0015149),GO_Molecular_Function_2021,1/15,0.0163791067947741,0.061421650480403,0,0,67.9047619047619,279.20731867751766,SLC2A3
"oxidoreductase activity, acting on single donors with incorporation of molecular oxygen, incorporation of two atoms of oxygen (GO:0016702)",GO_Molecular_Function_2021,1/18,0.0196240651712844,0.0679294563621383,0,0,55.91316526610644,219.7945772360195,ALOX5
glucose transmembrane transporter activity (GO:0005355),GO_Molecular_Function_2021,1/21,0.0228588048336812,0.0734747298225467,0,0,47.51904761904762,179.54686782262274,SLC2A3
protein serine/threonine/tyrosine kinase activity (GO:0004712),GO_Molecular_Function_2021,1/28,0.0303669619032499,0.0832104267656852,0,0,35.18694885361552,122.95727551819456,MAPK14
kinesin binding (GO:0019894),GO_Molecular_Function_2021,1/29,0.031435050111481,0.0832104267656852,0,0,33.92857142857143,117.38714910240454,KIF1B
mitogen-activated protein kinase binding (GO:0051019),GO_Molecular_Function_2021,1/29,0.031435050111481,0.0832104267656852,0,0,33.92857142857143,117.38714910240454,MAPK14
cadherin binding (GO:0045296),GO_Molecular_Function_2021,2/322,0.0483011895373286,0.1207529738433215,0,0,6.143125,18.61550610048037,SH3GLB1;TRIM25
calcium-dependent phospholipid binding (GO:0005544),GO_Molecular_Function_2021,1/50,0.0536071985992547,0.1224257202208576,0,0,19.367346938775512,56.67024999786951,MCTP2
iron ion binding (GO:0005506),GO_Molecular_Function_2021,1/54,0.057775166528884,0.1224257202208576,0,0,17.902066486972146,51.04230466405881,ALOX5
pyrophosphatase activity (GO:0016462),GO_Molecular_Function_2021,1/54,0.057775166528884,0.1224257202208576,0,0,17.902066486972146,51.04230466405881,ALPL
microtubule motor activity (GO:0003777),GO_Molecular_Function_2021,1/56,0.059852574330197,0.1224257202208576,0,0,17.24935064935065,48.57194341390608,KIF1B
motor activity (GO:0003774),GO_Molecular_Function_2021,1/66,0.0701742022596553,0.1372973522471518,0,0,14.588278388278388,38.75776638076853,KIF1B
phosphatase activity (GO:0016791),GO_Molecular_Function_2021,1/79,0.0834306915403189,0.1519972456196876,0,0,12.148962148962148,30.174851502656868,ALPL
amyloid-beta binding (GO:0001540),GO_Molecular_Function_2021,1/80,0.0844429142331597,0.1519972456196876,0,0,11.994575045207956,29.646745779715985,LILRB3
cytokine receptor activity (GO:0004896),GO_Molecular_Function_2021,1/88,0.0925023703797257,0.1601002564264483,0,0,10.887246852764092,25.91731986388528,IL4R
growth factor receptor binding (GO:0070851),GO_Molecular_Function_2021,1/105,0.109404447269235,0.1758285759684134,0,0,9.09981684981685,20.13519876202632,TLR5
cytokine receptor binding (GO:0005126),GO_Molecular_Function_2021,1/105,0.109404447269235,0.1758285759684134,0,0,9.09981684981685,20.13519876202632,TLR5
phosphatase binding (GO:0019902),GO_Molecular_Function_2021,1/114,0.1182305252425444,0.183189554024419,0,0,8.37126000842815,17.873635934356088,MAPK14
protease binding (GO:0002020),GO_Molecular_Function_2021,1/118,0.1221263693496126,0.183189554024419,0,0,8.083435083435084,16.997030510778643,FLOT1
protein phosphatase binding (GO:0019903),GO_Molecular_Function_2021,1/123,0.1269730726287825,0.1843157505901682,0,0,7.750195160031225,15.994699639424006,MAPK14
RNA polymerase II-specific DNA-binding transcription factor binding (GO:0061629),GO_Molecular_Function_2021,1/190,0.1895044484736197,0.2664906306660277,0,0,4.985890652557319,8.293245218503335,MAPK14
microtubule binding (GO:0008017),GO_Molecular_Function_2021,1/232,0.2264978101920611,0.3009158564641674,0,0,4.070707070707071,6.045081422820178,KIF1B
GTPase regulator activity (GO:0030695),GO_Molecular_Function_2021,1/233,0.2273586471062598,0.3009158564641674,0,0,4.052955665024631,6.003345598201084,SIPA1L2
ubiquitin protein ligase activity (GO:0061630),GO_Molecular_Function_2021,1/263,0.2527626285517419,0.3232180470096806,0,0,3.583424209378408,4.928299289107686,TRIM25
ubiquitin-like protein ligase activity (GO:0061659),GO_Molecular_Function_2021,1/270,0.2585744376077444,0.3232180470096806,0,0,3.48893609488405,4.719036108826175,TRIM25
G protein-coupled receptor activity (GO:0004930),GO_Molecular_Function_2021,1/283,0.2692535140232305,0.3274704900282533,0,0,3.325903411009794,4.363924224303339,ADGRG3
tubulin binding (GO:0015631),GO_Molecular_Function_2021,1/307,0.2885841683456951,0.34174440988306,0,0,3.061313414254591,3.8045038519563534,KIF1B
GTPase activator activity (GO:0005096),GO_Molecular_Function_2021,1/336,0.3112911072924465,0.3591820468758998,0,0,2.792181947405828,3.2585510745910646,SIPA1L2
calcium ion binding (GO:0005509),GO_Molecular_Function_2021,1/348,0.3204832594677855,0.3605436669012586,0,0,2.693975572938109,3.065542791056162,MCTP2
ubiquitin-protein transferase activity (GO:0004842),GO_Molecular_Function_2021,1/392,0.3531960368779511,0.3876541868172634,0,0,2.3854585312385823,2.4826231019215133,TRIM25
transition metal ion binding (GO:0046914),GO_Molecular_Function_2021,1/445,0.390605789069156,0.4185062025740957,0,0,2.095023595023595,1.9694404217914496,ALOX5
metal ion binding (GO:0046872),GO_Molecular_Function_2021,1/517,0.4381302618216924,0.4585084135343293,0,0,1.7960502030269472,1.48217069397313,MCTP2
protein homodimerization activity (GO:0042803),GO_Molecular_Function_2021,1/636,0.5090158701380689,0.5205844126412068,0,0,1.450543682039745,0.9795174570821772,SH3GLB1
RNA binding (GO:0003723),GO_Molecular_Function_2021,1/1406,0.799014373637761,0.799014373637761,0,0,0.6294865277071683,0.141241885585708,TRIM25
