Term,Gene_set,Overlap,P-value,Adjusted P-value,Old P-value,Old Adjusted P-value,Odds Ratio,Combined Score,Genes
establishment of protein localization to mitochondrion (GO:0072655),GO_Biological_Process_2021,2/48,0.0047834481419476,0.1550858909961768,0,0,21.11452810180276,112.80634320901902,GRPEL2;TOMM22
protein targeting to mitochondrion (GO:0006626),GO_Biological_Process_2021,2/55,0.0062377586430528,0.1550858909961768,0,0,18.3193741371376,93.00992375609684,GRPEL2;TOMM22
"negative regulation of CD4-positive, alpha-beta T cell differentiation (GO:0043371)",GO_Biological_Process_2021,1/5,0.0107048332367716,0.1550858909961768,0,0,118.76785714285714,538.8568862241955,CBFB
"positive regulation of CD8-positive, alpha-beta T cell differentiation (GO:0043378)",GO_Biological_Process_2021,1/5,0.0107048332367716,0.1550858909961768,0,0,118.76785714285714,538.8568862241955,CBFB
C-terminal protein lipidation (GO:0006501),GO_Biological_Process_2021,1/5,0.0107048332367716,0.1550858909961768,0,0,118.76785714285714,538.8568862241955,ATG12
ubiquitin-dependent SMAD protein catabolic process (GO:0030579),GO_Biological_Process_2021,1/5,0.0107048332367716,0.1550858909961768,0,0,118.76785714285714,538.8568862241955,SMURF2
glycerol ether biosynthetic process (GO:0046504),GO_Biological_Process_2021,1/6,0.0128323377374525,0.1550858909961768,0,0,95.0095238095238,413.8412399700829,PEDS1
positive regulation of gluconeogenesis (GO:0045722),GO_Biological_Process_2021,1/6,0.0128323377374525,0.1550858909961768,0,0,95.0095238095238,413.8412399700829,ARPP19
cellular lipid biosynthetic process (GO:0097384),GO_Biological_Process_2021,1/6,0.0128323377374525,0.1550858909961768,0,0,95.0095238095238,413.8412399700829,PEDS1
"regulation of CD8-positive, alpha-beta T cell differentiation (GO:0043376)",GO_Biological_Process_2021,1/7,0.0149553741881686,0.1550858909961768,0,0,79.17063492063492,332.7292054829482,CBFB
positive regulation of trophoblast cell migration (GO:1901165),GO_Biological_Process_2021,1/7,0.0149553741881686,0.1550858909961768,0,0,79.17063492063492,332.7292054829482,SMURF2
positive regulation of helicase activity (GO:0051096),GO_Biological_Process_2021,1/7,0.0149553741881686,0.1550858909961768,0,0,79.17063492063492,332.7292054829482,CHTOP
"retrograde transport, endosome to Golgi (GO:0042147)",GO_Biological_Process_2021,2/88,0.0153765163993987,0.1550858909961768,0,0,11.271128757799206,47.055991472096665,STX16;PLEKHJ1
negative regulation of alpha-beta T cell differentiation (GO:0046639),GO_Biological_Process_2021,1/8,0.0170739515504476,0.1550858909961768,0,0,67.85714285714286,276.1922295799092,CBFB
regulation of helicase activity (GO:0051095),GO_Biological_Process_2021,1/9,0.01918807882344,0.1550858909961768,0,0,59.37202380952381,234.7252826710072,CHTOP
"positive regulation of CD8-positive, alpha-beta T cell activation (GO:2001187)",GO_Biological_Process_2021,1/9,0.01918807882344,0.1550858909961768,0,0,59.37202380952381,234.7252826710072,CBFB
mitochondrial respirasome assembly (GO:0097250),GO_Biological_Process_2021,1/9,0.01918807882344,0.1550858909961768,0,0,59.37202380952381,234.7252826710072,COX7A2L
response to type I interferon (GO:0034340),GO_Biological_Process_2021,1/9,0.01918807882344,0.1550858909961768,0,0,59.37202380952381,234.7252826710072,TRIM56
ether lipid biosynthetic process (GO:0008611),GO_Biological_Process_2021,1/10,0.0212977650246516,0.1550858909961768,0,0,52.77248677248677,203.12938317607103,PEDS1
receptor recycling (GO:0001881),GO_Biological_Process_2021,1/10,0.0212977650246516,0.1550858909961768,0,0,52.77248677248677,203.12938317607103,PLEKHJ1
formation of translation preinitiation complex (GO:0001731),GO_Biological_Process_2021,1/10,0.0212977650246516,0.1550858909961768,0,0,52.77248677248677,203.12938317607103,EIF2S3
nuclear pore complex assembly (GO:0051292),GO_Biological_Process_2021,1/10,0.0212977650246516,0.1550858909961768,0,0,52.77248677248677,203.12938317607103,TMEM170A
nucleoside metabolic process (GO:0009116),GO_Biological_Process_2021,1/10,0.0212977650246516,0.1550858909961768,0,0,52.77248677248677,203.12938317607103,ERH
regulation of DNA methylation (GO:0044030),GO_Biological_Process_2021,1/10,0.0212977650246516,0.1550858909961768,0,0,52.77248677248677,203.12938317607103,MPHOSPH8
signal peptide processing (GO:0006465),GO_Biological_Process_2021,1/11,0.0234030191755172,0.1550858909961768,0,0,47.49285714285714,178.3304657718936,SPCS3
positive regulation of DNA methylation-dependent heterochromatin assembly (GO:0090309),GO_Biological_Process_2021,1/11,0.0234030191755172,0.1550858909961768,0,0,47.49285714285714,178.3304657718936,MPHOSPH8
regulation of hemopoiesis (GO:1903706),GO_Biological_Process_2021,1/12,0.0255038503063682,0.1550858909961768,0,0,43.17316017316017,158.39912320457492,CBFB
pyrimidine-containing compound metabolic process (GO:0072527),GO_Biological_Process_2021,1/12,0.0255038503063682,0.1550858909961768,0,0,43.17316017316017,158.39912320457492,ERH
"regulation of CD4-positive, alpha-beta T cell differentiation (GO:0043370)",GO_Biological_Process_2021,1/12,0.0255038503063682,0.1550858909961768,0,0,43.17316017316017,158.39912320457492,CBFB
C-terminal protein amino acid modification (GO:0018410),GO_Biological_Process_2021,1/12,0.0255038503063682,0.1550858909961768,0,0,43.17316017316017,158.39912320457492,ATG12
cytosolic transport (GO:0016482),GO_Biological_Process_2021,2/116,0.0257993022609766,0.1550858909961768,0,0,8.490800171159606,31.05431904228195,STX16;PLEKHJ1
protein ubiquitination (GO:0016567),GO_Biological_Process_2021,4/525,0.0258460989437005,0.1550858909961768,0,0,3.8261725478616073,13.9869395334238,SMURF2;ANAPC16;CBFB;KLHL24
macroautophagy (GO:0016236),GO_Biological_Process_2021,2/120,0.027468963863687,0.1550858909961768,0,0,8.201322860686235,29.481282972352098,ATG12;TOMM22
"negative regulation of CD4-positive, alpha-beta T cell activation (GO:2000515)",GO_Biological_Process_2021,1/13,0.027600267431624,0.1550858909961768,0,0,39.573412698412696,142.06577419675818,CBFB
regulation of antigen receptor-mediated signaling pathway (GO:0050854),GO_Biological_Process_2021,1/13,0.027600267431624,0.1550858909961768,0,0,39.573412698412696,142.06577419675818,CBFB
Golgi ribbon formation (GO:0090161),GO_Biological_Process_2021,1/13,0.027600267431624,0.1550858909961768,0,0,39.573412698412696,142.06577419675818,STX16
positive regulation of heterochromatin assembly (GO:0031453),GO_Biological_Process_2021,1/13,0.027600267431624,0.1550858909961768,0,0,39.573412698412696,142.06577419675818,MPHOSPH8
protein targeting (GO:0006605),GO_Biological_Process_2021,2/125,0.0296159105400036,0.1550858909961768,0,0,7.865952805869522,27.68377681860984,SPCS3;TOMM22
positive regulation of alpha-beta T cell differentiation (GO:0046638),GO_Biological_Process_2021,1/14,0.0296922795635159,0.1550858909961768,0,0,36.527472527472526,128.46230708138887,CBFB
ether lipid metabolic process (GO:0046485),GO_Biological_Process_2021,1/14,0.0296922795635159,0.1550858909961768,0,0,36.527472527472526,128.46230708138887,PEDS1
regulation of histone methylation (GO:0031060),GO_Biological_Process_2021,1/14,0.0296922795635159,0.1550858909961768,0,0,36.527472527472526,128.46230708138887,CHTOP
regulation of trophoblast cell migration (GO:1901163),GO_Biological_Process_2021,1/14,0.0296922795635159,0.1550858909961768,0,0,36.527472527472526,128.46230708138887,SMURF2
nuclear pore organization (GO:0006999),GO_Biological_Process_2021,1/14,0.0296922795635159,0.1550858909961768,0,0,36.527472527472526,128.46230708138887,TMEM170A
positive regulation of glucose metabolic process (GO:0010907),GO_Biological_Process_2021,1/14,0.0296922795635159,0.1550858909961768,0,0,36.527472527472526,128.46230708138887,ARPP19
regulation of DNA methylation-dependent heterochromatin assembly (GO:0090308),GO_Biological_Process_2021,1/14,0.0296922795635159,0.1550858909961768,0,0,36.527472527472526,128.46230708138887,MPHOSPH8
protein polyubiquitination (GO:0000209),GO_Biological_Process_2021,3/314,0.0298008474979398,0.1550858909961768,0,0,4.737781350482315,16.64486083527323,SMURF2;CBFB;TRIM56
negative regulation of single stranded viral RNA replication via double stranded DNA intermediate (GO:0045869),GO_Biological_Process_2021,1/15,0.0317798956959378,0.1550858909961768,0,0,33.916666666666664,116.97591748147126,MPHOSPH8
pyrimidine nucleoside metabolic process (GO:0006213),GO_Biological_Process_2021,1/15,0.0317798956959378,0.1550858909961768,0,0,33.916666666666664,116.97591748147126,ERH
regulation of aerobic respiration (GO:1903715),GO_Biological_Process_2021,1/15,0.0317798956959378,0.1550858909961768,0,0,33.916666666666664,116.97591748147126,COX7A2L
endoplasmic reticulum tubular network organization (GO:0071786),GO_Biological_Process_2021,1/15,0.0317798956959378,0.1550858909961768,0,0,33.916666666666664,116.97591748147126,TMEM170A
autophagy of nucleus (GO:0044804),GO_Biological_Process_2021,1/16,0.0338631248228564,0.1577600883909088,0,0,31.65396825396825,107.16225006283427,ATG12
regulation of oxidative phosphorylation (GO:0002082),GO_Biological_Process_2021,1/16,0.0338631248228564,0.1577600883909088,0,0,31.65396825396825,107.16225006283427,COX7A2L
ribonucleoprotein complex assembly (GO:0022618),GO_Biological_Process_2021,2/136,0.0345659119584549,0.1577600883909088,0,0,7.216235893702221,24.28182041195219,EIF2S3;RSL24D1
establishment of protein localization to endoplasmic reticulum (GO:0072599),GO_Biological_Process_2021,1/17,0.035941975922897,0.1577600883909088,0,0,29.674107142857142,98.6916120526478,SPCS3
"mitochondrial electron transport, cytochrome c to oxygen (GO:0006123)",GO_Biological_Process_2021,1/17,0.035941975922897,0.1577600883909088,0,0,29.674107142857142,98.6916120526478,COX7A2L
regulation of single stranded viral RNA replication via double stranded DNA intermediate (GO:0045091),GO_Biological_Process_2021,1/18,0.0380164579400951,0.1577600883909088,0,0,27.92717086834734,91.3144790197023,MPHOSPH8
intermediate filament organization (GO:0045109),GO_Biological_Process_2021,1/18,0.0380164579400951,0.1577600883909088,0,0,27.92717086834734,91.3144790197023,KLHL24
"positive regulation of mRNA splicing, via spliceosome (GO:0048026)",GO_Biological_Process_2021,1/18,0.0380164579400951,0.1577600883909088,0,0,27.92717086834734,91.3144790197023,TRA2A
regulation of bicellular tight junction assembly (GO:2000810),GO_Biological_Process_2021,1/19,0.0400865798370342,0.1577600883909088,0,0,26.374338624338623,84.83869553971446,CBFB
cytoplasmic translational initiation (GO:0002183),GO_Biological_Process_2021,1/19,0.0400865798370342,0.1577600883909088,0,0,26.374338624338623,84.83869553971446,EIF2S3
protein import into mitochondrial matrix (GO:0030150),GO_Biological_Process_2021,1/19,0.0400865798370342,0.1577600883909088,0,0,26.374338624338623,84.83869553971446,GRPEL2
pore complex assembly (GO:0046931),GO_Biological_Process_2021,1/19,0.0400865798370342,0.1577600883909088,0,0,26.374338624338623,84.83869553971446,TMEM170A
negative regulation of dephosphorylation (GO:0035305),GO_Biological_Process_2021,1/20,0.0421523505298068,0.1632567226868709,0,0,24.98496240601504,79.11400474395023,ARPP19
nuclear envelope organization (GO:0006998),GO_Biological_Process_2021,1/21,0.0442137789372483,0.1685650321982594,0,0,23.73452380952381,74.02130556201558,TMEM170A
regulation of response to cytokine stimulus (GO:0060759),GO_Biological_Process_2021,1/22,0.0462708739577018,0.1703498435764983,0,0,22.603174603174605,69.46503881508069,CBFB
negative regulation of protein dephosphorylation (GO:0035308),GO_Biological_Process_2021,1/22,0.0462708739577018,0.1703498435764983,0,0,22.603174603174605,69.46503881508069,ARPP19
regulation of B cell receptor signaling pathway (GO:0050855),GO_Biological_Process_2021,1/23,0.0483236444741315,0.1703498435764983,0,0,21.57467532467533,65.36769140672365,CBFB
positive regulation of mRNA processing (GO:0050685),GO_Biological_Process_2021,1/23,0.0483236444741315,0.1703498435764983,0,0,21.57467532467533,65.36769140672365,TRA2A
regulation of cellular response to transforming growth factor beta stimulus (GO:1903844),GO_Biological_Process_2021,1/24,0.0503720993417929,0.1703498435764983,0,0,20.63561076604555,61.66576382608654,SMURF2
protein insertion into mitochondrial membrane (GO:0051204),GO_Biological_Process_2021,1/24,0.0503720993417929,0.1703498435764983,0,0,20.63561076604555,61.66576382608654,TOMM22
cellular protein-containing complex assembly (GO:0034622),GO_Biological_Process_2021,2/168,0.0506044999990996,0.1703498435764983,0,0,5.815750808110491,17.35254160721536,COX7A2L;TMEM170A
glycolytic process through glucose-6-phosphate (GO:0061620),GO_Biological_Process_2021,1/25,0.0524162474254504,0.1703498435764983,0,0,19.77480158730159,58.30676717854421,ADPGK
ribosomal large subunit assembly (GO:0000027),GO_Biological_Process_2021,1/25,0.0524162474254504,0.1703498435764983,0,0,19.77480158730159,58.30676717854421,RSL24D1
regulation of epidermal cell differentiation (GO:0045604),GO_Biological_Process_2021,1/25,0.0524162474254504,0.1703498435764983,0,0,19.77480158730159,58.30676717854421,CBFB
mitochondrion organization (GO:0007005),GO_Biological_Process_2021,2/175,0.0544115469488226,0.1703498435764983,0,0,5.578457634287325,16.23988809006048,COX7A2L;TOMM22
regulation of regulatory T cell differentiation (GO:0045589),GO_Biological_Process_2021,1/26,0.0544560975367494,0.1703498435764983,0,0,18.982857142857146,55.24695668935345,CBFB
positive regulation of glucose import (GO:0046326),GO_Biological_Process_2021,1/26,0.0544560975367494,0.1703498435764983,0,0,18.982857142857146,55.24695668935345,ARPP19
positive regulation of histone methylation (GO:0031062),GO_Biological_Process_2021,1/26,0.0544560975367494,0.1703498435764983,0,0,18.982857142857146,55.24695668935345,CHTOP
regulation of cell junction assembly (GO:1901888),GO_Biological_Process_2021,1/27,0.0564916585091406,0.1744805655219026,0,0,18.251831501831504,52.44959988716816,CBFB
protein modification by small protein conjugation (GO:0032446),GO_Biological_Process_2021,3/409,0.05743517739782,0.175177291063351,0,0,3.611637931034483,10.31880465335538,SMURF2;ANAPC16;KLHL24
regulation of gluconeogenesis (GO:0006111),GO_Biological_Process_2021,1/29,0.0605499481664255,0.1823973747235533,0,0,16.946428571428573,47.52264366272739,ARPP19
"negative regulation of gene expression, epigenetic (GO:0045814)",GO_Biological_Process_2021,1/30,0.0625726944066545,0.1861919199417524,0,0,16.361247947454842,45.34399265988268,MPHOSPH8
positive regulation of RNA splicing (GO:0033120),GO_Biological_Process_2021,1/31,0.0645911865897151,0.1868014454979482,0,0,15.815079365079365,43.328214060740166,TRA2A
regulation of transmembrane receptor protein serine/threonine kinase signaling pathway (GO:0090092),GO_Biological_Process_2021,1/31,0.0645911865897151,0.1868014454979482,0,0,15.815079365079365,43.328214060740166,SMURF2
protein transmembrane import into intracellular organelle (GO:0044743),GO_Biological_Process_2021,1/32,0.0666054334357438,0.1868014454979482,0,0,15.304147465437788,41.45846291696091,GRPEL2
regulation of intracellular estrogen receptor signaling pathway (GO:0033146),GO_Biological_Process_2021,1/32,0.0666054334357438,0.1868014454979482,0,0,15.304147465437788,41.45846291696091,CBFB
positive regulation of glucose transmembrane transport (GO:0010828),GO_Biological_Process_2021,1/32,0.0666054334357438,0.1868014454979482,0,0,15.304147465437788,41.45846291696091,ARPP19
endomembrane system organization (GO:0010256),GO_Biological_Process_2021,2/199,0.0681923684013015,0.1881142500661891,0,0,4.892905781849697,13.13951986737737,TMEM170A;PLEKHJ1
positive regulation of histone modification (GO:0031058),GO_Biological_Process_2021,1/33,0.0686154436716837,0.1881142500661891,0,0,14.82514880952381,39.72009675619261,CHTOP
modification-dependent protein catabolic process (GO:0019941),GO_Biological_Process_2021,2/201,0.0693886835550299,0.1881204309714144,0,0,4.843240593209952,12.921918396628186,SMURF2;ANAPC16
regulation of keratinocyte differentiation (GO:0045616),GO_Biological_Process_2021,1/34,0.0706212259710222,0.1893580124937299,0,0,14.375180375180376,38.10033066830352,CBFB
positive regulation of reproductive process (GO:2000243),GO_Biological_Process_2021,1/35,0.0726227890309385,0.1926082665603151,0,0,13.951680672268909,36.58795480887935,SMURF2
mitochondrion disassembly (GO:0061726),GO_Biological_Process_2021,1/36,0.074620141499927,0.1936948353827893,0,0,13.552380952380952,35.173101634547834,ATG12
positive regulation of interferon-beta production (GO:0032728),GO_Biological_Process_2021,1/36,0.074620141499927,0.1936948353827893,0,0,13.552380952380952,35.173101634547834,TRIM56
regulation of glucose import (GO:0046324),GO_Biological_Process_2021,1/37,0.0766132920442956,0.1947254506125848,0,0,13.17526455026455,33.84705294145367,ARPP19
regulation of intracellular steroid hormone receptor signaling pathway (GO:0033143),GO_Biological_Process_2021,1/37,0.0766132920442956,0.1947254506125848,0,0,13.17526455026455,33.84705294145367,CBFB
regulation of T cell differentiation (GO:0045580),GO_Biological_Process_2021,1/39,0.0805870217713491,0.2002791017052577,0,0,12.480576441102755,31.431304149217908,CBFB
regulation of exit from mitosis (GO:0007096),GO_Biological_Process_2021,1/39,0.0805870217713491,0.2002791017052577,0,0,12.480576441102755,31.431304149217908,ANAPC16
positive regulation of catalytic activity (GO:0043085),GO_Biological_Process_2021,1/40,0.0825676181726479,0.2002791017052577,0,0,12.15995115995116,30.328592704867837,CHTOP
autophagy of mitochondrion (GO:0000422),GO_Biological_Process_2021,1/40,0.0825676181726479,0.2002791017052577,0,0,12.15995115995116,30.328592704867837,ATG12
hexose metabolic process (GO:0019318),GO_Biological_Process_2021,1/41,0.0845440470313178,0.2002791017052577,0,0,11.855357142857144,29.28845370168136,ADPGK
regulation of protein dephosphorylation (GO:0035304),GO_Biological_Process_2021,1/41,0.0845440470313178,0.2002791017052577,0,0,11.855357142857144,29.28845370168136,ARPP19
endosome organization (GO:0007032),GO_Biological_Process_2021,1/41,0.0845440470313178,0.2002791017052577,0,0,11.855357142857144,29.28845370168136,PLEKHJ1
positive regulation of ATPase activity (GO:0032781),GO_Biological_Process_2021,1/42,0.0865163169313317,0.202980589723509,0,0,11.56562137049942,28.30595905166833,CHTOP
protein K63-linked ubiquitination (GO:0070534),GO_Biological_Process_2021,1/44,0.0904484139238324,0.2082020094095765,0,0,11.0265780730897,26.496598090748613,TRIM56
intracellular protein transmembrane transport (GO:0065002),GO_Biological_Process_2021,1/44,0.0904484139238324,0.2082020094095765,0,0,11.0265780730897,26.496598090748613,GRPEL2
vesicle organization (GO:0016050),GO_Biological_Process_2021,1/46,0.0943639772927112,0.2131926894390882,0,0,10.535449735449737,24.86993918817013,PLEKHJ1
regulation of DNA metabolic process (GO:0051052),GO_Biological_Process_2021,1/46,0.0943639772927112,0.2131926894390882,0,0,10.535449735449737,24.86993918817013,MPHOSPH8
nucleus organization (GO:0006997),GO_Biological_Process_2021,1/48,0.0982630748725642,0.2199650483385841,0,0,10.08611955420466,23.400876172094083,TMEM170A
regulation of interferon-beta production (GO:0032648),GO_Biological_Process_2021,1/49,0.1002064701400459,0.2222761701288292,0,0,9.875496031746032,22.71880101878368,TRIM56
ribosome assembly (GO:0042255),GO_Biological_Process_2021,1/50,0.1021457742794159,0.2245366569745719,0,0,9.673469387755102,22.068611238785657,RSL24D1
negative regulation of BMP signaling pathway (GO:0030514),GO_Biological_Process_2021,1/52,0.1060121428192819,0.2309550254277214,0,0,9.293183940242765,20.85577860728659,SMURF2
negative regulation of viral genome replication (GO:0045071),GO_Biological_Process_2021,1/54,0.1098622475311583,0.2351437578737073,0,0,8.941599281221922,19.747772315999956,MPHOSPH8
regulation of megakaryocyte differentiation (GO:0045652),GO_Biological_Process_2021,1/54,0.1098622475311583,0.2351437578737073,0,0,8.941599281221922,19.747772315999956,CBFB
regulation of ATP metabolic process (GO:1903578),GO_Biological_Process_2021,1/56,0.1136961552035784,0.2371099305100268,0,0,8.615584415584415,18.73222500578713,COX7A2L
autophagosome organization (GO:1905037),GO_Biological_Process_2021,1/56,0.1136961552035784,0.2371099305100268,0,0,8.615584415584415,18.73222500578713,ATG12
mitochondrial transport (GO:0006839),GO_Biological_Process_2021,1/56,0.1136961552035784,0.2371099305100268,0,0,8.615584415584415,18.73222500578713,TOMM22
ribosomal large subunit biogenesis (GO:0042273),GO_Biological_Process_2021,1/57,0.1156070559662541,0.2389449958409382,0,0,8.461309523809524,18.255768480581505,RSL24D1
receptor metabolic process (GO:0043112),GO_Biological_Process_2021,1/58,0.1175139323807893,0.2389449958409382,0,0,8.312447786131997,17.798599724969133,PLEKHJ1
autophagosome assembly (GO:0000045),GO_Biological_Process_2021,1/58,0.1175139323807893,0.2389449958409382,0,0,8.312447786131997,17.798599724969133,ATG12
"regulation of DNA-templated transcription, initiation (GO:2000142)",GO_Biological_Process_2021,1/61,0.1232104982600654,0.2459137314633445,0,0,7.895634920634921,16.53236217554523,CBFB
protein lipidation (GO:0006497),GO_Biological_Process_2021,1/61,0.1232104982600654,0.2459137314633445,0,0,7.895634920634921,16.53236217554523,ATG12
glucose metabolic process (GO:0006006),GO_Biological_Process_2021,1/62,0.1251013598850969,0.2459137314633445,0,0,7.765807962529274,16.14224910249594,ADPGK
COPII vesicle coating (GO:0048208),GO_Biological_Process_2021,1/63,0.1269882383786123,0.2459137314633445,0,0,7.640168970814132,15.766717271599331,TRAPPC2
vesicle coating (GO:0006901),GO_Biological_Process_2021,1/63,0.1269882383786123,0.2459137314633445,0,0,7.640168970814132,15.766717271599331,TRAPPC2
"vesicle targeting, rough ER to cis-Golgi (GO:0048207)",GO_Biological_Process_2021,1/63,0.1269882383786123,0.2459137314633445,0,0,7.640168970814132,15.766717271599331,TRAPPC2
regulation of transcription initiation from RNA polymerase II promoter (GO:0060260),GO_Biological_Process_2021,1/64,0.1288711419246356,0.2475949498394573,0,0,7.518518518518518,15.40501042790611,CBFB
protein autoubiquitination (GO:0051865),GO_Biological_Process_2021,1/65,0.1307500786928151,0.2492423375081787,0,0,7.400669642857143,15.056422415612554,KLHL24
positive regulation of catabolic process (GO:0009896),GO_Biological_Process_2021,1/67,0.1344960845583085,0.2520652534325369,0,0,7.175685425685426,14.396004988536754,SMURF2
mRNA processing (GO:0006397),GO_Biological_Process_2021,2/300,0.1358731350332661,0.2520652534325369,0,0,3.218038958913079,6.423314078739686,CHTOP;TRA2A
negative regulation of transforming growth factor beta receptor signaling pathway (GO:0030512),GO_Biological_Process_2021,1/68,0.1363631698897331,0.2520652534325369,0,0,7.068230277185501,14.082979394345454,SMURF2
regulation of myeloid cell differentiation (GO:0045637),GO_Biological_Process_2021,1/68,0.1363631698897331,0.2520652534325369,0,0,7.068230277185501,14.082979394345454,CBFB
RNA 3'-end processing (GO:0031123),GO_Biological_Process_2021,1/69,0.1382263210059717,0.2527997670714151,0,0,6.963935574229692,13.78067395390674,CHTOP
aerobic electron transport chain (GO:0019646),GO_Biological_Process_2021,1/70,0.1400855459416575,0.2527997670714151,0,0,6.862663906142167,13.488579636575569,COX7A2L
COPII-coated vesicle budding (GO:0090114),GO_Biological_Process_2021,1/70,0.1400855459416575,0.2527997670714151,0,0,6.862663906142167,13.488579636575569,TRAPPC2
regulation of hematopoietic stem cell differentiation (GO:1902036),GO_Biological_Process_2021,1/71,0.1419408528228847,0.2527997670714151,0,0,6.764285714285714,13.206218294131878,CBFB
mitochondrial ATP synthesis coupled electron transport (GO:0042775),GO_Biological_Process_2021,1/71,0.1419408528228847,0.2527997670714151,0,0,6.764285714285714,13.206218294131878,COX7A2L
"negative regulation of transcription, DNA-templated (GO:0045892)",GO_Biological_Process_2021,4/948,0.1452512517589279,0.2556553790421644,0,0,2.0657322903085613,3.98539719846109,SMURF2;CBFB;ZNF764;MPHOSPH8
endoplasmic reticulum organization (GO:0007029),GO_Biological_Process_2021,1/73,0.1456397446182822,0.2556553790421644,0,0,6.5757275132275135,12.66892294138346,TMEM170A
regulation of cytokine-mediated signaling pathway (GO:0001959),GO_Biological_Process_2021,1/74,0.1474833455711862,0.2565112584961449,0,0,6.485322896281801,12.413167572325236,CBFB
regulation of hematopoietic progenitor cell differentiation (GO:1901532),GO_Biological_Process_2021,1/75,0.149323060617621,0.2565112584961449,0,0,6.397361647361647,12.16549881472976,CBFB
regulation of BMP signaling pathway (GO:0030510),GO_Biological_Process_2021,1/76,0.15115889773631,0.2565112584961449,0,0,6.311746031746032,11.9255624938045,SMURF2
RNA transport (GO:0050658),GO_Biological_Process_2021,1/76,0.15115889773631,0.2565112584961449,0,0,6.311746031746032,11.9255624938045,CHTOP
proteasome-mediated ubiquitin-dependent protein catabolic process (GO:0043161),GO_Biological_Process_2021,2/321,0.1513836935387084,0.2565112584961449,0,0,3.002981879348574,5.669442547122636,SMURF2;ANAPC16
positive regulation of type I interferon production (GO:0032481),GO_Biological_Process_2021,1/77,0.1529908649057995,0.2574466968070006,0,0,6.228383458646617,11.693024262708771,TRIM56
mRNA 3'-end processing (GO:0031124),GO_Biological_Process_2021,1/79,0.1566432211995875,0.2617873011828723,0,0,6.068070818070818,11.24889584627262,CHTOP
negative regulation of cellular response to growth factor stimulus (GO:0090288),GO_Biological_Process_2021,1/80,0.1584636262338361,0.2630280598711293,0,0,5.990958408679927,11.036724504327369,SMURF2
negative regulation of protein modification process (GO:0031400),GO_Biological_Process_2021,1/81,0.1602801930656019,0.2642457237027492,0,0,5.9157738095238095,10.830786745015452,ARPP19
"regulation of gene expression, epigenetic (GO:0040029)",GO_Biological_Process_2021,1/82,0.1620929296100477,0.2654026600056166,0,0,5.842445620223398,10.630829151935398,MPHOSPH8
peptide metabolic process (GO:0006518),GO_Biological_Process_2021,1/83,0.1639018437591318,0.2654026600056166,0,0,5.770905923344948,10.43661147997999,SPCS3
anaphase-promoting complex-dependent catabolic process (GO:0031145),GO_Biological_Process_2021,1/84,0.1657069433475759,0.2654026600056166,0,0,5.701090074584051,10.247905824752978,ANAPC16
nuclear export (GO:0051168),GO_Biological_Process_2021,1/84,0.1657069433475759,0.2654026600056166,0,0,5.701090074584051,10.247905824752978,CHTOP
positive regulation of protein catabolic process (GO:0045732),GO_Biological_Process_2021,1/85,0.1675082362330531,0.2654026600056166,0,0,5.632936507936508,10.064495849636533,SMURF2
"Wnt signaling pathway, planar cell polarity pathway (GO:0060071)",GO_Biological_Process_2021,1/85,0.1675082362330531,0.2654026600056166,0,0,5.632936507936508,10.064495849636533,SMURF2
regulation of establishment of planar polarity (GO:0090175),GO_Biological_Process_2021,1/88,0.1728893531138499,0.2684549617450743,0,0,5.437876299945265,9.544035544311454,SMURF2
regulation of type I interferon production (GO:0032479),GO_Biological_Process_2021,1/89,0.1746754974797397,0.2684549617450743,0,0,5.375811688311688,9.379852384352931,TRIM56
post-Golgi vesicle-mediated transport (GO:0006892),GO_Biological_Process_2021,1/89,0.1746754974797397,0.2684549617450743,0,0,5.375811688311688,9.379852384352931,AP1S2
protein import (GO:0017038),GO_Biological_Process_2021,1/89,0.1746754974797397,0.2684549617450743,0,0,5.375811688311688,9.379852384352931,TOMM22
ubiquitin-dependent protein catabolic process (GO:0006511),GO_Biological_Process_2021,2/354,0.1764242450660172,0.2684549617450743,0,0,2.716879157427938,4.713415030684506,SMURF2;ANAPC16
"regulation of mRNA splicing, via spliceosome (GO:0048024)",GO_Biological_Process_2021,1/90,0.1764578741938549,0.2684549617450743,0,0,5.3151417870519,9.220033503106164,TRA2A
gene expression (GO:0010467),GO_Biological_Process_2021,2/356,0.1779639404013034,0.2684549617450743,0,0,2.701253961692159,4.662835250800162,CHTOP;RSL24D1
regulation of stem cell differentiation (GO:2000736),GO_Biological_Process_2021,1/91,0.1782364909946805,0.2684549617450743,0,0,5.2558201058201055,9.064418660017266,CBFB
negative regulation of transcription by RNA polymerase II (GO:0000122),GO_Biological_Process_2021,3/684,0.1813158785952562,0.2714176342162118,0,0,2.122907488986784,3.624895496174501,SMURF2;CBFB;ZNF764
regulation of cell cycle phase transition (GO:1901987),GO_Biological_Process_2021,1/95,0.1853135137833423,0.2757103497752167,0,0,5.031155015197569,8.481049298556284,ANAPC16
antigen processing and presentation of exogenous peptide antigen via MHC class II (GO:0019886),GO_Biological_Process_2021,1/98,0.1905821797563973,0.2802045741888049,0,0,4.87481590574374,8.080844796889387,AP1S2
mRNA-containing ribonucleoprotein complex export from nucleus (GO:0071427),GO_Biological_Process_2021,1/99,0.1923309947723218,0.2802045741888049,0,0,4.824829931972789,7.953912881527455,CHTOP
antigen processing and presentation of peptide antigen via MHC class II (GO:0002495),GO_Biological_Process_2021,1/100,0.1940761190078197,0.2802045741888049,0,0,4.775853775853776,7.830035336967146,AP1S2
regulation of transforming growth factor beta receptor signaling pathway (GO:0017015),GO_Biological_Process_2021,1/100,0.1940761190078197,0.2802045741888049,0,0,4.775853775853776,7.830035336967146,SMURF2
positive regulation of translation (GO:0045727),GO_Biological_Process_2021,1/100,0.1940761190078197,0.2802045741888049,0,0,4.775853775853776,7.830035336967146,EIF2S3
regulation of protein catabolic process (GO:0042176),GO_Biological_Process_2021,1/102,0.1975553255717607,0.2827129024730651,0,0,4.6808109382366805,7.591042436779819,SMURF2
protein targeting to ER (GO:0045047),GO_Biological_Process_2021,1/103,0.1992894230547836,0.2827129024730651,0,0,4.63468720821662,7.475737135844959,SPCS3
antigen processing and presentation of exogenous peptide antigen (GO:0002478),GO_Biological_Process_2021,1/103,0.1992894230547836,0.2827129024730651,0,0,4.63468720821662,7.475737135844959,AP1S2
mRNA transport (GO:0051028),GO_Biological_Process_2021,1/104,0.2010198600663773,0.2835193402092258,0,0,4.589459084604716,7.363105885558578,CHTOP
protein processing (GO:0016485),GO_Biological_Process_2021,1/106,0.2044697829355108,0.2850892973500837,0,0,4.501587301587302,7.145527417540153,SPCS3
RNA export from nucleus (GO:0006405),GO_Biological_Process_2021,1/106,0.2044697829355108,0.2850892973500837,0,0,4.501587301587302,7.145527417540153,CHTOP
mRNA export from nucleus (GO:0006406),GO_Biological_Process_2021,1/107,0.2061892837983776,0.2858533252659327,0,0,4.458894878706199,7.04041968388812,CHTOP
negative regulation of transmembrane receptor protein serine/threonine kinase signaling pathway (GO:0090101),GO_Biological_Process_2021,1/108,0.2079051543056224,0.2866037155399541,0,0,4.417000445037829,6.937664630615158,SMURF2
response to endoplasmic reticulum stress (GO:0034976),GO_Biological_Process_2021,1/110,0.2113260341370844,0.2896828782553293,0,0,4.335517693315858,6.738925594728281,TMX1
regulation of Wnt signaling pathway (GO:0030111),GO_Biological_Process_2021,1/111,0.2130310583523425,0.2903887052400647,0,0,4.295887445887446,6.642805119566827,CBFB
positive regulation of protein metabolic process (GO:0051247),GO_Biological_Process_2021,1/115,0.2198152241346445,0.297971748271407,0,0,4.144319131161237,6.278510765338484,SMURF2
cellular protein metabolic process (GO:0044267),GO_Biological_Process_2021,2/417,0.2257894121737746,0.3043790970740387,0,0,2.2970320305612693,3.4183340017003814,SPCS3;RSL24D1
non-canonical Wnt signaling pathway (GO:0035567),GO_Biological_Process_2021,1/124,0.2348714120416546,0.3131618827222062,0,0,3.839334107626791,5.562108964344489,SMURF2
defense response to symbiont (GO:0140546),GO_Biological_Process_2021,1/124,0.2348714120416546,0.3131618827222062,0,0,3.839334107626791,5.562108964344489,TRIM56
positive regulation of canonical Wnt signaling pathway (GO:0090263),GO_Biological_Process_2021,1/130,0.2447508079156754,0.3210709523194882,0,0,3.659653008490218,5.1510153938830125,SMURF2
G2/M transition of mitotic cell cycle (GO:0000086),GO_Biological_Process_2021,1/130,0.2447508079156754,0.3210709523194882,0,0,3.659653008490218,5.1510153938830125,ARPP19
Golgi organization (GO:0007030),GO_Biological_Process_2021,1/130,0.2447508079156754,0.3210709523194882,0,0,3.659653008490218,5.1510153938830125,STX16
cell cycle G2/M phase transition (GO:0044839),GO_Biological_Process_2021,1/131,0.2463852149221179,0.3214865905935657,0,0,3.631318681318681,5.086965650860344,ARPP19
transmembrane receptor protein serine/threonine kinase signaling pathway (GO:0007178),GO_Biological_Process_2021,1/133,0.2496436714693304,0.3222913007328922,0,0,3.5759379509379507,4.962403087713681,SMURF2
defense response to virus (GO:0051607),GO_Biological_Process_2021,1/133,0.2496436714693304,0.3222913007328922,0,0,3.5759379509379507,4.962403087713681,TRIM56
negative regulation of nucleic acid-templated transcription (GO:1903507),GO_Biological_Process_2021,2/464,0.2633197970666461,0.3381580551803245,0,0,2.058388765705839,2.746685207204384,SMURF2;MPHOSPH8
response to cytokine (GO:0034097),GO_Biological_Process_2021,1/150,0.276790579535935,0.3517546948269174,0,0,3.1652285075103865,4.065717309137326,TRIM56
regulation of cytokine production (GO:0001817),GO_Biological_Process_2021,1/150,0.276790579535935,0.3517546948269174,0,0,3.1652285075103865,4.065717309137326,TRIM56
positive regulation of Wnt signaling pathway (GO:0030177),GO_Biological_Process_2021,1/153,0.2814805847332201,0.3558614646368171,0,0,3.1022869674185465,3.9327437639069873,SMURF2
regulation of cell differentiation (GO:0045595),GO_Biological_Process_2021,1/156,0.2861408780983876,0.3598885270928174,0,0,3.0417818740399385,3.806093473704673,CBFB
skeletal system development (GO:0001501),GO_Biological_Process_2021,1/158,0.2892313245785877,0.36190996511372,0,0,3.002729754322111,3.7249717779080185,TRAPPC2
peptide biosynthetic process (GO:0043043),GO_Biological_Process_2021,1/162,0.2953730632759782,0.3658427788798918,0,0,2.927536231884058,3.570177569075536,RSL24D1
rRNA metabolic process (GO:0016072),GO_Biological_Process_2021,1/162,0.2953730632759782,0.3658427788798918,0,0,2.927536231884058,3.570177569075536,FCF1
rRNA processing (GO:0006364),GO_Biological_Process_2021,1/173,0.31199679241107,0.3844808956984902,0,0,2.7387873754152823,3.1900364796807583,FCF1
positive regulation of developmental process (GO:0051094),GO_Biological_Process_2021,1/177,0.3179462982532375,0.3896994820761539,0,0,2.6760010822510822,3.066356809785404,SMURF2
regulation of mitotic cell cycle (GO:0007346),GO_Biological_Process_2021,1/178,0.319425804980454,0.3896994820761539,0,0,2.660747914985203,3.036526019954649,ANAPC16
positive regulation of cellular biosynthetic process (GO:0031328),GO_Biological_Process_2021,1/180,0.3223754204297258,0.3913413063923039,0,0,2.630752859803139,2.978113549215391,ARPP19
negative regulation of cellular macromolecule biosynthetic process (GO:2000113),GO_Biological_Process_2021,2/547,0.3296294218464174,0.3962835712041284,0,0,1.7374804206757664,1.9282318277255237,SMURF2;MPHOSPH8
endoplasmic reticulum to Golgi vesicle-mediated transport (GO:0006888),GO_Biological_Process_2021,1/185,0.3296949383378609,0.3962835712041284,0,0,2.55861801242236,2.8390105161381136,TRAPPC2
regulation of mitotic cell cycle phase transition (GO:1901990),GO_Biological_Process_2021,1/188,0.3340495206858627,0.3995494267026985,0,0,2.517188693659282,2.760011897395603,ANAPC16
ribosome biogenesis (GO:0042254),GO_Biological_Process_2021,1/192,0.3398126714804756,0.4044599602011514,0,0,2.463974071303914,2.6595169741311544,FCF1
regulation of signal transduction (GO:0009966),GO_Biological_Process_2021,1/198,0.3483661651472519,0.4126278849316964,0,0,2.3882040125694948,2.518363886481836,CBFB
"regulation of transcription, DNA-templated (GO:0006355)",GO_Biological_Process_2021,6/2244,0.3511401777338098,0.4136295325099768,0,0,1.283892471560032,1.3436830467124627,TRAPPC2;SMURF2;CBFB;ZNF764;MPHOSPH8;TRIM56
ncRNA processing (GO:0034470),GO_Biological_Process_2021,1/201,0.3526022244347344,0.4136295325099768,0,0,2.3520238095238097,2.4517841946791843,FCF1
proteasomal protein catabolic process (GO:0010498),GO_Biological_Process_2021,1/205,0.3582084863946383,0.4181955534942189,0,0,2.305438842203548,2.3668559585674327,SMURF2
mitotic cell cycle phase transition (GO:0044772),GO_Biological_Process_2021,1/209,0.3637673192394975,0.4226629804497019,0,0,2.2606456043956045,2.286057179373668,ARPP19
translation (GO:0006412),GO_Biological_Process_2021,1/214,0.3706497597225184,0.4286186794895473,0,0,2.2070198971607424,2.190462185336013,RSL24D1
"transcription, DNA-templated (GO:0006351)",GO_Biological_Process_2021,1/221,0.3801631452747575,0.4375462615426454,0,0,2.136038961038961,2.0658803100760714,CBFB
membrane organization (GO:0061024),GO_Biological_Process_2021,1/242,0.4078683099694653,0.4672294255049274,0,0,1.947836395969176,1.7468409626707435,TMEM170A
"RNA splicing, via transesterification reactions with bulged adenosine as nucleophile (GO:0000377)",GO_Biological_Process_2021,1/251,0.4193682273395397,0.4781581657516247,0,0,1.8768571428571428,1.630999969639582,TRA2A
regulation of canonical Wnt signaling pathway (GO:0060828),GO_Biological_Process_2021,1/253,0.421893982374758,0.4788006125555393,0,0,1.8617724867724867,1.6067119332351796,SMURF2
protein-containing complex assembly (GO:0065003),GO_Biological_Process_2021,1/267,0.4392762339817574,0.4939327239241881,0,0,1.762531328320802,1.4499055579988582,TRAPPC2
protein deubiquitination (GO:0016579),GO_Biological_Process_2021,1/267,0.4392762339817574,0.4939327239241881,0,0,1.762531328320802,1.4499055579988582,SMURF2
positive regulation of cell migration (GO:0030335),GO_Biological_Process_2021,1/269,0.4417173644174665,0.4943992519167973,0,0,1.7492004264392325,1.4292455151984331,SMURF2
"mRNA splicing, via spliceosome (GO:0000398)",GO_Biological_Process_2021,1/274,0.4477748657223443,0.4988907179737534,0,0,1.7167277167277166,1.3793301280539918,TRA2A
protein modification by small protein removal (GO:0070646),GO_Biological_Process_2021,1/276,0.4501798492008718,0.4992903782046032,0,0,1.704069264069264,1.360031501652043,SMURF2
proteolysis (GO:0006508),GO_Biological_Process_2021,1/287,0.4632255076197757,0.511434497100567,0,0,1.6376123876123876,1.2602103426931175,SPCS3
innate immune response (GO:0045087),GO_Biological_Process_2021,1/302,0.4805288758429706,0.5281488545301118,0,0,1.5548172757475085,1.1394757603397323,TRIM56
cellular macromolecule biosynthetic process (GO:0034645),GO_Biological_Process_2021,1/314,0.4939781933218491,0.5404963191503641,0,0,1.494294842537654,1.0538722171272563,RSL24D1
transcription by RNA polymerase II (GO:0006366),GO_Biological_Process_2021,1/320,0.5005747027789447,0.5452096678665873,0,0,1.4657411553963278,1.0142905857415276,CBFB
negative regulation of gene expression (GO:0010629),GO_Biological_Process_2021,1/322,0.5027548166802547,0.5452096678665873,0,0,1.45646046580626,1.0015389276364557,MPHOSPH8
cellular protein localization (GO:0034613),GO_Biological_Process_2021,1/329,0.5103122599758136,0.5509565992659227,0,0,1.424869337979094,0.9585558637014526,STX16
intracellular protein transport (GO:0006886),GO_Biological_Process_2021,1/336,0.5177574716249802,0.5565322602488774,0,0,1.3945984363894812,0.9179921166806444,STX16
positive regulation of multicellular organismal process (GO:0051240),GO_Biological_Process_2021,1/345,0.527167591599051,0.5641618085533704,0,0,1.3574889258028793,0.869114325670502,SMURF2
supramolecular fiber organization (GO:0097435),GO_Biological_Process_2021,1/351,0.5333411118899856,0.568276119219024,0,0,1.3338095238095238,0.8384247634917896,KLHL24
protein transport (GO:0015031),GO_Biological_Process_2021,1/369,0.5513930606749786,0.5849561165421513,0,0,1.2674042443064182,0.754495081564532,STX16
positive regulation of macromolecule metabolic process (GO:0010604),GO_Biological_Process_2021,1/384,0.565913770547096,0.597761731660136,0,0,1.216834514484645,0.6927603908833613,MPHOSPH8
organelle assembly (GO:0070925),GO_Biological_Process_2021,1/425,0.6033012245918391,0.6345064603465894,0,0,1.096866576819407,0.5542890902036813,ATG12
regulation of nucleic acid-templated transcription (GO:1903506),GO_Biological_Process_2021,1/430,0.6076396521378642,0.636326502667978,0,0,1.083805083805084,0.5399227010995277,TRAPPC2
regulation of cellular macromolecule biosynthetic process (GO:2000112),GO_Biological_Process_2021,1/468,0.6391310977422311,0.6664443925175402,0,0,0.9936779851126746,0.4448156621772944,TRAPPC2
positive regulation of cell population proliferation (GO:0008284),GO_Biological_Process_2021,1/474,0.6438722767698177,0.6685312150290873,0,0,0.9807711668176784,0.4317893125042879,CHTOP
neutrophil degranulation (GO:0043312),GO_Biological_Process_2021,1/481,0.6493267845402435,0.671204697012943,0,0,0.9661210317460316,0.4171895809940065,METTL7A
neutrophil activation involved in immune response (GO:0002283),GO_Biological_Process_2021,1/485,0.6524069195572632,0.671204697012943,0,0,0.957939787485242,0.4091234403270243,METTL7A
neutrophil mediated immunity (GO:0002446),GO_Biological_Process_2021,1/488,0.654699663479838,0.671204697012943,0,0,0.9518920504546788,0.4032011758942271,METTL7A
positive regulation of nucleic acid-templated transcription (GO:1903508),GO_Biological_Process_2021,1/511,0.6717933542234454,0.6858476084959024,0,0,0.9078898225957048,0.361162651799123,TRIM56
positive regulation of cellular process (GO:0048522),GO_Biological_Process_2021,1/625,0.7450400199891868,0.7574573536556732,0,0,0.737675518925519,0.2171106994190209,CHTOP
regulation of cell population proliferation (GO:0042127),GO_Biological_Process_2021,1/764,0.8129886629866737,0.823108853812234,0,0,0.598951507208388,0.1240057905481104,CHTOP
regulation of transcription by RNA polymerase II (GO:0006357),GO_Biological_Process_2021,3/2206,0.8675249634116895,0.8746945912084803,0,0,0.6044257830231502,0.0858955471975789,SMURF2;CBFB;ZNF764
regulation of gene expression (GO:0010468),GO_Biological_Process_2021,1/1079,0.908125954732236,0.9118630985788708,0,0,0.4169758812615955,0.0401848802452465,TRAPPC2
"positive regulation of transcription, DNA-templated (GO:0045893)",GO_Biological_Process_2021,1/1183,0.9275311476302338,0.9275311476302338,0,0,0.3781927322536459,0.0284510242617624,TRIM56
nucleolus (GO:0005730),GO_Cellular_Component_2021,7/733,0.0008799053393087862,0.0232222133570466,0,0,5.150635139271503,36.23830420698814,COX7A2L;CDKN2AIPNL;TRA2A;ZFC3H1;FCF1;MPHOSPH8;RSL24D1
nuclear lumen (GO:0031981),GO_Cellular_Component_2021,7/745,0.0009675922232102772,0.0232222133570466,0,0,5.06372327612165,35.14578321315916,COX7A2L;CDKN2AIPNL;TRA2A;ZFC3H1;FCF1;MPHOSPH8;RSL24D1
intracellular non-membrane-bounded organelle (GO:0043232),GO_Cellular_Component_2021,8/1158,0.0029163160192928,0.0466610563086855,0,0,3.738037267080746,21.820546196712872,COX7A2L;CDKN2AIPNL;TRA2A;ZFC3H1;FCF1;METTL7A;MPHOSPH8;RSL24D1
"PAM complex, Tim23 associated import motor (GO:0001405)",GO_Cellular_Component_2021,1/5,0.0107048332367716,0.1284579988412602,0,0,118.76785714285714,538.8568862241955,GRPEL2
trans-Golgi network (GO:0005802),GO_Cellular_Component_2021,3/239,0.0146327592744678,0.1316461984535638,0,0,6.267266949152543,26.476022083522267,STX16;AP1S2;PLEKHJ1
endoplasmic reticulum membrane (GO:0005789),GO_Cellular_Component_2021,5/712,0.0177615359124249,0.1316461984535638,0,0,3.5825951016154245,14.440437955843432,SPCS3;TMX1;ADPGK;PEDS1;TMEM170A
trans-Golgi network membrane (GO:0032588),GO_Cellular_Component_2021,2/99,0.0191984039411447,0.1316461984535638,0,0,9.98742770932864,39.47958395321927,STX16;AP1S2
TIM23 mitochondrial import inner membrane translocase complex (GO:0005744),GO_Cellular_Component_2021,1/14,0.0296922795635159,0.1781536773810958,0,0,36.527472527472526,128.46230708138887,GRPEL2
desmosome (GO:0030057),GO_Cellular_Component_2021,1/17,0.035941975922897,0.1793228246757028,0,0,29.674107142857142,98.6916120526478,KLHL24
anaphase-promoting complex (GO:0005680),GO_Cellular_Component_2021,1/19,0.0400865798370342,0.1793228246757028,0,0,26.374338624338623,84.83869553971446,ANAPC16
mitochondrial outer membrane translocase complex (GO:0005742),GO_Cellular_Component_2021,1/21,0.0442137789372483,0.1793228246757028,0,0,23.73452380952381,74.02130556201558,TOMM22
cullin-RING ubiquitin ligase complex (GO:0031461),GO_Cellular_Component_2021,2/157,0.0448307061689257,0.1793228246757028,0,0,6.231943351691582,19.349323904308,ANAPC16;KLHL24
Golgi stack (GO:0005795),GO_Cellular_Component_2021,1/31,0.0645911865897151,0.2384905351004867,0,0,15.815079365079365,43.328214060740166,STX16
Cul3-RING ubiquitin ligase complex (GO:0031463),GO_Cellular_Component_2021,1/36,0.074620141499927,0.2451625345417461,0,0,13.552380952380952,35.173101634547834,KLHL24
small-subunit processome (GO:0032040),GO_Cellular_Component_2021,1/37,0.0766132920442956,0.2451625345417461,0,0,13.17526455026455,33.84705294145367,FCF1
phagocytic vesicle membrane (GO:0030670),GO_Cellular_Component_2021,1/45,0.0924082580584102,0.268274932412226,0,0,10.7754329004329,25.66211295508556,ATG12
precatalytic spliceosome (GO:0071011),GO_Cellular_Component_2021,1/52,0.1060121428192819,0.268274932412226,0,0,9.293183940242765,20.85577860728659,PRPF38B
Golgi cisterna (GO:0031985),GO_Cellular_Component_2021,1/53,0.107939223970153,0.268274932412226,0,0,9.114010989010987,20.289492337496565,STX16
cytosolic large ribosomal subunit (GO:0022625),GO_Cellular_Component_2021,1/55,0.1117812218384275,0.268274932412226,0,0,8.77557319223986,19.22913860440414,RSL24D1
tertiary granule lumen (GO:1904724),GO_Cellular_Component_2021,1/55,0.1117812218384275,0.268274932412226,0,0,8.77557319223986,19.22913860440414,METTL7A
large ribosomal subunit (GO:0015934),GO_Cellular_Component_2021,1/59,0.1194167927286883,0.2729526690941447,0,0,8.16871921182266,17.35963473969882,RSL24D1
autophagosome (GO:0005776),GO_Cellular_Component_2021,1/69,0.1382263210059717,0.3015847003766655,0,0,6.963935574229692,13.78067395390674,ATG12
vesicle membrane (GO:0012506),GO_Cellular_Component_2021,1/73,0.1456397446182822,0.3039438148555455,0,0,6.5757275132275135,12.66892294138346,AP1S2
lipid droplet (GO:0005811),GO_Cellular_Component_2021,1/77,0.1529908649057995,0.305981729811599,0,0,6.228383458646617,11.693024262708771,METTL7A
phagocytic vesicle (GO:0045335),GO_Cellular_Component_2021,1/100,0.1940761190078197,0.3726261484950139,0,0,4.775853775853776,7.830035336967146,ATG12
mitochondrial outer membrane (GO:0005741),GO_Cellular_Component_2021,1/126,0.2381784878120882,0.4176454892631291,0,0,3.7775238095238097,5.41974538710737,TOMM22
adherens junction (GO:0005912),GO_Cellular_Component_2021,1/132,0.2480161670641776,0.4176454892631291,0,0,3.6034169392948017,5.024104948978747,KLHL24
organelle outer membrane (GO:0031968),GO_Cellular_Component_2021,1/142,0.2641372315353104,0.4176454892631291,0,0,3.3461668355285377,4.454706716389069,TOMM22
mitochondrial membrane (GO:0031966),GO_Cellular_Component_2021,2/469,0.2673255680670598,0.4176454892631291,0,0,2.035828067060114,2.6858435538710634,COX7A2L;TOMM22
recycling endosome (GO:0055037),GO_Cellular_Component_2021,1/145,0.2689073752516658,0.4176454892631291,0,0,3.275958994708995,4.302606177567963,PLEKHJ1
Golgi membrane (GO:0000139),GO_Cellular_Component_2021,2/472,0.2697293784824375,0.4176454892631291,0,0,2.022522055007784,2.650183711357841,STX16;AP1S2
endocytic vesicle membrane (GO:0030666),GO_Cellular_Component_2021,1/158,0.2892313245785877,0.4338469868678816,0,0,3.002729754322111,3.7249717779080185,ATG12
tertiary granule (GO:0070820),GO_Cellular_Component_2021,1/164,0.2984244632547029,0.4340719465522951,0,0,2.8913234005258546,3.49629937698077,METTL7A
early endosome (GO:0005769),GO_Cellular_Component_2021,1/266,0.4380517622653311,0.5921974844880926,0,0,1.7692722371967655,1.4603894998526634,PLEKHJ1
lytic vacuole membrane (GO:0098852),GO_Cellular_Component_2021,1/267,0.4392762339817574,0.5921974844880926,0,0,1.762531328320802,1.4499055579988582,AP1S2
cell-cell junction (GO:0005911),GO_Cellular_Component_2021,1/271,0.4441481133660694,0.5921974844880926,0,0,1.736067019400353,1.408987103340205,KLHL24
bounding membrane of organelle (GO:0098588),GO_Cellular_Component_2021,2/767,0.4950014545452836,0.6207971798743563,0,0,1.223784473138849,0.8605586060813886,STX16;AP1S2
mitochondrial inner membrane (GO:0005743),GO_Cellular_Component_2021,1/328,0.5092395347697738,0.6207971798743563,0,0,1.4292995485656037,0.96454389695772,COX7A2L
lysosomal membrane (GO:0005765),GO_Cellular_Component_2021,1/330,0.5113826947751127,0.6207971798743563,0,0,1.420466058763931,0.9526171752575108,AP1S2
organelle inner membrane (GO:0019866),GO_Cellular_Component_2021,1/346,0.5282020226780507,0.6207971798743563,0,0,1.3534851621808144,0.8638977041024433,COX7A2L
mitochondrial matrix (GO:0005759),GO_Cellular_Component_2021,1/348,0.530264257809346,0.6207971798743563,0,0,1.3455468642788528,0.8535877466894694,GRPEL2
cytoplasmic vesicle membrane (GO:0030659),GO_Cellular_Component_2021,1/380,0.5620870998461763,0.6276415843011641,0,0,1.2299283829626837,0.7085598463071267,AP1S2
focal adhesion (GO:0005925),GO_Cellular_Component_2021,1/387,0.5687623201412028,0.6276415843011641,0,0,1.207192203306193,0.6812096840404314,STX16
cell-substrate junction (GO:0030055),GO_Cellular_Component_2021,1/394,0.5753381189427338,0.6276415843011641,0,0,1.185265963891918,0.6552119171485754,STX16
lysosome (GO:0005764),GO_Cellular_Component_2021,1/477,0.6462199955550936,0.6893013285920998,0,0,0.974439775910364,0.4254552983099922,AP1S2
intracellular membrane-bounded organelle (GO:0043231),GO_Cellular_Component_2021,9/5192,0.8221355464505841,0.8578805702093051,0,0,0.7545368909670757,0.1477760494634657,TRAPPC2;EIF2S3;SMURF2;STX16;TRA2A;ZFC3H1;AP1S2;ERH;MPHOSPH8
intracellular organelle lumen (GO:0070013),GO_Cellular_Component_2021,1/848,0.8450998482622414,0.8630806960976082,0,0,0.5371900826446281,0.0904093568083942,METTL7A
nucleus (GO:0005634),GO_Cellular_Component_2021,7/4484,0.8778426150328428,0.8778426150328428,0,0,0.6723252177797633,0.0875958779640845,TRAPPC2;EIF2S3;SMURF2;TRA2A;ZFC3H1;ERH;MPHOSPH8
RNA binding (GO:0003723),GO_Molecular_Function_2021,10/1406,0.0006430811213917824,0.0235810928654308,0,0,4.029044021880698,29.610410201651533,PNISR;PRPF38B;CHTOP;EIF2S3;TRA2A;FCF1;ERH;SREK1;RSL24D1;TRIM56
methyl-CpG binding (GO:0008327),GO_Molecular_Function_2021,2/24,0.0012092868136118,0.0235810928654308,0,0,44.20177383592018,296.9353391905164,CHTOP;ERH
protein carboxyl O-methyltransferase activity (GO:0051998),GO_Molecular_Function_2021,1/6,0.0128323377374525,0.1521196246408621,0,0,95.0095238095238,413.8412399700829,PCMTD2
disulfide oxidoreductase activity (GO:0015036),GO_Molecular_Function_2021,1/8,0.0170739515504476,0.1521196246408621,0,0,67.85714285714286,276.1922295799092,TMX1
adenyl nucleotide binding (GO:0030554),GO_Molecular_Function_2021,1/11,0.0234030191755172,0.1521196246408621,0,0,47.49285714285714,178.3304657718936,GRPEL2
adenyl-nucleotide exchange factor activity (GO:0000774),GO_Molecular_Function_2021,1/11,0.0234030191755172,0.1521196246408621,0,0,47.49285714285714,178.3304657718936,GRPEL2
cytochrome-c oxidase activity (GO:0004129),GO_Molecular_Function_2021,1/15,0.0317798956959378,0.1770594188773682,0,0,33.916666666666664,116.97591748147126,COX7A2L
phosphatase inhibitor activity (GO:0019212),GO_Molecular_Function_2021,1/23,0.0483236444741315,0.2063558873652451,0,0,21.57467532467533,65.36769140672365,ARPP19
protein phosphatase 2A binding (GO:0051721),GO_Molecular_Function_2021,1/24,0.0503720993417929,0.2063558873652451,0,0,20.63561076604555,61.66576382608654,ARPP19
protein phosphatase inhibitor activity (GO:0004864),GO_Molecular_Function_2021,1/29,0.0605499481664255,0.2063558873652451,0,0,16.946428571428573,47.52264366272739,ARPP19
ATPase regulator activity (GO:0060590),GO_Molecular_Function_2021,1/38,0.0786022492510684,0.2063558873652451,0,0,12.818532818532818,32.60207906919548,GRPEL2
proton transmembrane transporter activity (GO:0015078),GO_Molecular_Function_2021,1/40,0.0825676181726479,0.2063558873652451,0,0,12.15995115995116,30.328592704867837,COX7A2L
translation initiation factor activity (GO:0003743),GO_Molecular_Function_2021,1/41,0.0845440470313178,0.2063558873652451,0,0,11.855357142857144,29.28845370168136,EIF2S3
active ion transmembrane transporter activity (GO:0022853),GO_Molecular_Function_2021,1/42,0.0865163169313317,0.2063558873652451,0,0,11.56562137049942,28.30595905166833,COX7A2L
S-adenosylmethionine-dependent methyltransferase activity (GO:0008757),GO_Molecular_Function_2021,1/43,0.0884844363791005,0.2063558873652451,0,0,11.28968253968254,27.376674104260204,PCMTD2
tRNA binding (GO:0000049),GO_Molecular_Function_2021,1/49,0.1002064701400459,0.2063558873652451,0,0,9.875496031746032,22.71880101878368,EIF2S3
potassium channel regulator activity (GO:0015459),GO_Molecular_Function_2021,1/50,0.1021457742794159,0.2063558873652451,0,0,9.673469387755102,22.068611238785657,ARPP19
methyltransferase activity (GO:0008168),GO_Molecular_Function_2021,1/50,0.1021457742794159,0.2063558873652451,0,0,9.673469387755102,22.068611238785657,METTL7A
ubiquitin protein ligase activity (GO:0061630),GO_Molecular_Function_2021,2/263,0.1095704846880633,0.2063558873652451,0,0,3.6811512942715634,8.139714774184965,SMURF2;TRIM56
ubiquitin-like protein ligase activity (GO:0061659),GO_Molecular_Function_2021,2/270,0.1144331855284323,0.2063558873652451,0,0,3.5837277029486714,7.76867646939368,SMURF2;TRIM56
protein phosphatase regulator activity (GO:0019888),GO_Molecular_Function_2021,1/57,0.1156070559662541,0.2063558873652451,0,0,8.461309523809524,18.255768480581505,ARPP19
oxidoreduction-driven active transmembrane transporter activity (GO:0015453),GO_Molecular_Function_2021,1/58,0.1175139323807893,0.2063558873652451,0,0,8.312447786131997,17.798599724969133,COX7A2L
syntaxin binding (GO:0019905),GO_Molecular_Function_2021,1/62,0.1251013598850969,0.2063558873652451,0,0,7.765807962529274,16.14224910249594,STX16
methylation-dependent protein binding (GO:0140034),GO_Molecular_Function_2021,1/63,0.1269882383786123,0.2063558873652451,0,0,7.640168970814132,15.766717271599331,MPHOSPH8
methylated histone binding (GO:0035064),GO_Molecular_Function_2021,1/68,0.1363631698897331,0.2127265450279836,0,0,7.068230277185501,14.082979394345454,MPHOSPH8
"phosphotransferase activity, alcohol group as acceptor (GO:0016773)",GO_Molecular_Function_2021,1/75,0.149323060617621,0.2239845909264315,0,0,6.397361647361647,12.16549881472976,ADPGK
sequence-specific DNA binding (GO:0043565),GO_Molecular_Function_2021,3/707,0.1938234563401431,0.2799672147135401,0,0,2.0511008522727274,3.3654617705842624,CHTOP;CBFB;ERH
ubiquitin-protein transferase activity (GO:0004842),GO_Molecular_Function_2021,2/392,0.2060164561089567,0.2869514924374755,0,0,2.447404627892433,3.866407945074244,SMURF2;TRIM56
kinase activity (GO:0016301),GO_Molecular_Function_2021,1/112,0.2147324820693924,0.2887781655415967,0,0,4.256971256971257,6.548764072815388,ADPGK
protein phosphatase binding (GO:0019903),GO_Molecular_Function_2021,1/123,0.2332126200008682,0.3031764060011288,0,0,3.870999219359875,5.635418893350087,ARPP19
small GTPase binding (GO:0031267),GO_Molecular_Function_2021,1/175,0.3149778541190525,0.3962624616336467,0,0,2.7070333880678707,3.1273082992251062,SIKE1
GTPase binding (GO:0051020),GO_Molecular_Function_2021,1/201,0.3526022244347344,0.4297339610298325,0,0,2.3520238095238097,2.4517841946791843,SIKE1
"DNA-binding transcription repressor activity, RNA polymerase II-specific (GO:0001227)",GO_Molecular_Function_2021,1/256,0.4256625051414371,0.5030556878944258,0,0,1.8395891690009336,1.5712087239596748,ZNF764
cadherin binding (GO:0045296),GO_Molecular_Function_2021,1/322,0.5027548166802547,0.576689348544998,0,0,1.45646046580626,1.0015389276364557,EIF2S3
kinase binding (GO:0019900),GO_Molecular_Function_2021,1/461,0.6335217697775498,0.705924257752127,0,0,1.0091614906832298,0.4606427779464528,SIKE1
protein kinase binding (GO:0019901),GO_Molecular_Function_2021,1/506,0.6681491125054818,0.7238282052142719,0,0,0.9171145685997172,0.3698208627646683,SIKE1
transcription cis-regulatory region binding (GO:0000976),GO_Molecular_Function_2021,1/549,0.6982408675104661,0.7359836171056263,0,0,0.8432829336114007,0.3028997695274394,ZNF764
DNA binding (GO:0003677),GO_Molecular_Function_2021,1/811,0.8316806521785273,0.8535669851305938,0,0,0.5628159905937684,0.1037307823368719,CBFB
RNA polymerase II transcription regulatory region sequence-specific DNA binding (GO:0000977),GO_Molecular_Function_2021,1/1359,0.9516418530398656,0.9516418530398656,0,0,0.3260922925871379,0.0161632600652793,ZNF764
