Term,Gene_set,Overlap,P-value,Adjusted P-value,Old P-value,Old Adjusted P-value,Odds Ratio,Combined Score,Genes
"RNA splicing, via transesterification reactions with bulged adenosine as nucleophile (GO:0000377)",GO_Biological_Process_2021,6/251,5.22818308173393e-06,0.0019249613658285,0,0,16.097142857142856,195.7645455773368,XAB2;HNRNPM;SF3B3;CPSF3;HNRNPF;GTF2F1
"mRNA splicing, via spliceosome (GO:0000398)",GO_Biological_Process_2021,6/274,8.632113748109984e-06,0.0019249613658285,0,0,14.698507462686567,171.38490792662392,XAB2;HNRNPM;SF3B3;CPSF3;HNRNPF;GTF2F1
mRNA processing (GO:0006397),GO_Biological_Process_2021,6/300,1.4448929654537762e-05,0.0021480742086412,0,0,13.38095238095238,149.12924530468584,XAB2;HNRNPM;SF3B3;CPSF3;HNRNPF;GTF2F1
"endonucleolytic cleavage of tricistronic rRNA transcript (SSU-rRNA, 5.8S rRNA, LSU-rRNA) (GO:0000479)",GO_Biological_Process_2021,2/13,0.0002426595424912267,0.0207421881311218,0,0,106.70053475935828,888.1593696806578,NOP14;BMS1
nucleic acid metabolic process (GO:0090304),GO_Biological_Process_2021,3/71,0.0002814127134377623,0.0207421881311218,0,0,26.59893048128342,217.4645630011637,HNRNPM;HNRNPF;GTF2F1
fibroblast growth factor receptor signaling pathway (GO:0008543),GO_Biological_Process_2021,3/75,0.0003308337111650393,0.0207421881311218,0,0,25.116161616161616,201.278274259451,HNRNPM;HNRNPF;GTF2F1
regulation of mitotic cell cycle phase transition (GO:1901990),GO_Biological_Process_2021,4/188,0.0003520341279553166,0.0207421881311218,0,0,13.4375,106.85207643869998,PSMC5;ANAPC7;TUBB;CKAP5
negative regulation of DNA replication (GO:0008156),GO_Biological_Process_2021,2/16,0.0003720571862084629,0.0207421881311218,0,0,83.82352941176471,661.9093976190027,PDS5A;GTPBP4
cellular response to fibroblast growth factor stimulus (GO:0044344),GO_Biological_Process_2021,3/92,0.0006024988927659193,0.0298571673526222,0,0,20.301327885597548,150.52266753359507,HNRNPM;HNRNPF;GTF2F1
chaperone-mediated protein complex assembly (GO:0051131),GO_Biological_Process_2021,2/22,0.0007113647786947809,0.0317268691297872,0,0,58.65882352941176,425.1782293491763,HSPA4;LONP1
"regulation of DNA-templated transcription, elongation (GO:0032784)",GO_Biological_Process_2021,2/28,0.001156179752088,0.0429713474526071,0,0,45.10859728506787,305.05293486216044,SUPT16H;CCAR2
positive regulation of microtubule polymerization (GO:0031116),GO_Biological_Process_2021,2/28,0.001156179752088,0.0429713474526071,0,0,45.10859728506787,305.05293486216044,NUMA1;CKAP5
"maturation of SSU-rRNA from tricistronic rRNA transcript (SSU-rRNA, 5.8S rRNA, LSU-rRNA) (GO:0000462)",GO_Biological_Process_2021,2/30,0.00132751939454,0.0455441269203737,0,0,41.88235294117647,277.4472679372888,NOP14;BMS1
RNA metabolic process (GO:0016070),GO_Biological_Process_2021,3/133,0.0017483953828882,0.0536856369759336,0,0,13.86993006993007,88.06097432176118,HNRNPM;HNRNPF;GTF2F1
maturation of SSU-rRNA (GO:0030490),GO_Biological_Process_2021,2/35,0.0018055707503116,0.0536856369759336,0,0,35.52762923351159,224.42371839876355,NOP14;BMS1
ribosomal small subunit biogenesis (GO:0042274),GO_Biological_Process_2021,2/40,0.0023536356819974,0.0633931897235762,0,0,30.845201238390093,186.6688052523798,NOP14;SURF6
regulation of G2/M transition of mitotic cell cycle (GO:0010389),GO_Biological_Process_2021,3/149,0.0024163323437237,0.0633931897235762,0,0,12.339975093399753,74.35457482436954,PSMC5;TUBB;CKAP5
nucleus organization (GO:0006997),GO_Biological_Process_2021,2/48,0.0033731185420618,0.0796086111307015,0,0,25.47058823529412,144.97648892699738,NUP93;NUMA1
cellular protein-containing complex assembly (GO:0034622),GO_Biological_Process_2021,3/168,0.0033913982320254,0.0796086111307015,0,0,10.90853994490358,62.0315540419312,NUP93;HSPA4;LONP1
gene expression (GO:0010467),GO_Biological_Process_2021,4/356,0.0037091038225647,0.0827130152431935,0,0,6.964488636363637,38.97999906264103,NUP93;XAB2;CPSF3;HNRNPF
RNA processing (GO:0006396),GO_Biological_Process_2021,3/179,0.0040515505959769,0.0830680819826587,0,0,10.22107438016529,56.30437870339693,SF3B3;HNRNPF;CCAR2
regulation of DNA replication (GO:0006275),GO_Biological_Process_2021,2/53,0.0040975287076647,0.0830680819826587,0,0,22.967704728950405,126.26199945397896,PDS5A;GTPBP4
ribosome biogenesis (GO:0042254),GO_Biological_Process_2021,3/192,0.004926403585408,0.0897900054597194,0,0,9.511784511784512,50.53750033577027,NOP14;BMS1;SURF6
ribonucleoprotein complex biogenesis (GO:0022613),GO_Biological_Process_2021,2/60,0.0052217800953762,0.0897900054597194,0,0,20.188640973630832,106.0896310598831,NOP14;SURF6
modification-dependent protein catabolic process (GO:0019941),GO_Biological_Process_2021,3/201,0.0055940151848026,0.0897900054597194,0,0,9.075298438934803,47.0650237968777,ANAPC7;LONP1;KEAP1
protein modification by small protein conjugation (GO:0032446),GO_Biological_Process_2021,4/409,0.0060535687881942,0.0897900054597194,0,0,6.036728395061728,30.830219645514724,NUP93;ANAPC7;VPS11;KEAP1
mitotic cell cycle phase transition (GO:0044772),GO_Biological_Process_2021,3/209,0.0062310615280932,0.0897900054597194,0,0,8.719329214474845,44.27857234992769,ANAPC7;TUBB;CKAP5
transcription elongation from RNA polymerase II promoter (GO:0006368),GO_Biological_Process_2021,2/67,0.0064715616754313,0.0897900054597194,0,0,18.00814479638009,90.76713342592004,SUPT16H;GTF2F1
"DNA-templated transcription, elongation (GO:0006354)",GO_Biological_Process_2021,2/69,0.0068512571060586,0.0897900054597194,0,0,17.46883230904302,87.0528360021458,SUPT16H;GTF2F1
"transcription, DNA-templated (GO:0006351)",GO_Biological_Process_2021,3/221,0.0072652523923533,0.0897900054597194,0,0,8.234361968306922,40.551369126213295,XAB2;SUPT16H;GTF2F1
regulation of cellular response to heat (GO:1900034),GO_Biological_Process_2021,2/79,0.0088970620111385,0.0897900054597194,0,0,15.192513368983958,71.73956722387139,NUP93;CCAR2
positive regulation of feeding behavior (GO:2000253),GO_Biological_Process_2021,1/5,0.0089684554827598,0.0897900054597194,0,0,142.57142857142858,672.0876744444516,CFAP20
regulation of chromosome separation (GO:1905818),GO_Biological_Process_2021,1/5,0.0089684554827598,0.0897900054597194,0,0,142.57142857142858,672.0876744444516,NUMA1
rRNA 5'-end processing (GO:0000967),GO_Biological_Process_2021,1/5,0.0089684554827598,0.0897900054597194,0,0,142.57142857142858,672.0876744444516,NOP14
spliceosomal conformational changes to generate catalytic conformation (GO:0000393),GO_Biological_Process_2021,1/5,0.0089684554827598,0.0897900054597194,0,0,142.57142857142858,672.0876744444516,XAB2
positive regulation of protein localization to cell cortex (GO:1904778),GO_Biological_Process_2021,1/5,0.0089684554827598,0.0897900054597194,0,0,142.57142857142858,672.0876744444516,NUMA1
regulation of metaphase plate congression (GO:0090235),GO_Biological_Process_2021,1/5,0.0089684554827598,0.0897900054597194,0,0,142.57142857142858,672.0876744444516,NUMA1
mRNA 3'-end processing by stem-loop binding and cleavage (GO:0006398),GO_Biological_Process_2021,1/5,0.0089684554827598,0.0897900054597194,0,0,142.57142857142858,672.0876744444516,CPSF3
mRNA cleavage (GO:0006379),GO_Biological_Process_2021,1/5,0.0089684554827598,0.0897900054597194,0,0,142.57142857142858,672.0876744444516,CPSF3
"endonucleolytic cleavage in 5'-ETS of tricistronic rRNA transcript (SSU-rRNA, 5.8S rRNA, LSU-rRNA) (GO:0000480)",GO_Biological_Process_2021,1/5,0.0089684554827598,0.0897900054597194,0,0,142.57142857142858,672.0876744444516,NOP14
"endonucleolytic cleavage to generate mature 5'-end of SSU-rRNA from (SSU-rRNA, 5.8S rRNA, LSU-rRNA) (GO:0000472)",GO_Biological_Process_2021,1/5,0.0089684554827598,0.0897900054597194,0,0,142.57142857142858,672.0876744444516,NOP14
anaphase-promoting complex-dependent catabolic process (GO:0031145),GO_Biological_Process_2021,2/84,0.0100101503968335,0.0897900054597194,0,0,14.262553802008608,65.66701782939222,PSMC5;ANAPC7
regulation of cell cycle G2/M phase transition (GO:1902749),GO_Biological_Process_2021,2/85,0.0102398419737957,0.0897900054597194,0,0,14.090007087172218,64.55293197222584,TUBB;CKAP5
positive regulation of proteasomal protein catabolic process (GO:1901800),GO_Biological_Process_2021,2/86,0.0104718711803138,0.0897900054597194,0,0,13.92156862745098,63.46930219166045,PSMC5;KEAP1
neutrophil degranulation (GO:0043312),GO_Biological_Process_2021,4/481,0.0105901216831139,0.0897900054597194,0,0,5.106656184486373,23.22422272783293,TUBB;MLEC;APEH;VPS35L
attachment of GPI anchor to protein (GO:0016255),GO_Biological_Process_2021,1/6,0.010752747305294,0.0897900054597194,0,0,114.05142857142856,516.9488201244333,PIGS
metaphase/anaphase transition of cell cycle (GO:0044784),GO_Biological_Process_2021,1/6,0.010752747305294,0.0897900054597194,0,0,114.05142857142856,516.9488201244333,ANAPC7
metaphase/anaphase transition of mitotic cell cycle (GO:0007091),GO_Biological_Process_2021,1/6,0.010752747305294,0.0897900054597194,0,0,114.05142857142856,516.9488201244333,ANAPC7
vacuole organization (GO:0007033),GO_Biological_Process_2021,1/6,0.010752747305294,0.0897900054597194,0,0,114.05142857142856,516.9488201244333,VPS11
neutrophil activation involved in immune response (GO:0002283),GO_Biological_Process_2021,4/485,0.0108924543046344,0.0897900054597194,0,0,5.0631496881496885,22.883841673492608,TUBB;MLEC;APEH;VPS35L
negative regulation of binding (GO:0051100),GO_Biological_Process_2021,2/88,0.0109429078165413,0.0897900054597194,0,0,13.596443228454172,61.38880754927296,GTF2F1;GTPBP4
neutrophil mediated immunity (GO:0002446),GO_Biological_Process_2021,4/488,0.0111228567684529,0.0897900054597194,0,0,5.030991735537191,22.633189764506827,TUBB;MLEC;APEH;VPS35L
protein import (GO:0017038),GO_Biological_Process_2021,2/89,0.0111818979711597,0.0897900054597194,0,0,13.4394861392833,60.38978076507706,NUP93;HSPA4
positive regulation of transmembrane receptor protein serine/threonine kinase signaling pathway (GO:0090100),GO_Biological_Process_2021,2/92,0.0119126525829231,0.0897900054597194,0,0,12.98954248366013,57.5456762088212,NUP93;NUMA1
ganglioside catabolic process (GO:0006689),GO_Biological_Process_2021,1/7,0.0125339166174689,0.0897900054597194,0,0,95.03809523809524,416.20194419543344,HEXA
cellular protein complex disassembly (GO:0043624),GO_Biological_Process_2021,1/7,0.0125339166174689,0.0897900054597194,0,0,95.03809523809524,416.20194419543344,APEH
positive regulation of microtubule nucleation (GO:0090063),GO_Biological_Process_2021,1/7,0.0125339166174689,0.0897900054597194,0,0,95.03809523809524,416.20194419543344,CKAP5
positive regulation of RNA polymerase II transcription preinitiation complex assembly (GO:0045899),GO_Biological_Process_2021,1/7,0.0125339166174689,0.0897900054597194,0,0,95.03809523809524,416.20194419543344,PSMC5
mitochondrial DNA metabolic process (GO:0032042),GO_Biological_Process_2021,1/7,0.0125339166174689,0.0897900054597194,0,0,95.03809523809524,416.20194419543344,LONP1
regulation of cell cycle phase transition (GO:1901987),GO_Biological_Process_2021,2/95,0.0126639038591974,0.0897900054597194,0,0,12.568627450980392,54.91232765349326,PSMC5;ANAPC7
ciliary basal body-plasma membrane docking (GO:0097711),GO_Biological_Process_2021,2/95,0.0126639038591974,0.0897900054597194,0,0,12.568627450980392,54.91232765349326,TUBB;CKAP5
RNA splicing (GO:0008380),GO_Biological_Process_2021,2/98,0.0134354224146864,0.0897900054597194,0,0,12.174019607843135,52.46832740335703,SF3B3;CCAR2
mRNA-containing ribonucleoprotein complex export from nucleus (GO:0071427),GO_Biological_Process_2021,2/99,0.013697059712945,0.0897900054597194,0,0,12.047907822922983,51.69244112778035,NUP93;CPSF3
cellular response to chemical stress (GO:0062197),GO_Biological_Process_2021,2/101,0.0142269806187647,0.0897900054597194,0,0,11.803327391562686,50.19500798398928,LONP1;KEAP1
protein ubiquitination (GO:0016567),GO_Biological_Process_2021,4/525,0.0142282506136266,0.0897900054597194,0,0,4.664827255278311,19.837298306629524,PSMC5;ANAPC7;VPS11;KEAP1
positive regulation of chromosome segregation (GO:0051984),GO_Biological_Process_2021,1/8,0.0143119685548053,0.0897900054597194,0,0,81.45714285714286,345.92071940977723,NUMA1
positive regulation of early endosome to late endosome transport (GO:2000643),GO_Biological_Process_2021,1/8,0.0143119685548053,0.0897900054597194,0,0,81.45714285714286,345.92071940977723,VPS11
"endonucleolytic cleavage in ITS1 to separate SSU-rRNA from 5.8S rRNA and LSU-rRNA from tricistronic rRNA transcript (SSU-rRNA, 5.8S rRNA, LSU-rRNA) (GO:0000447)",GO_Biological_Process_2021,1/8,0.0143119685548053,0.0897900054597194,0,0,81.45714285714286,345.92071940977723,NOP14
endosomal vesicle fusion (GO:0034058),GO_Biological_Process_2021,1/8,0.0143119685548053,0.0897900054597194,0,0,81.45714285714286,345.92071940977723,VPS11
regulation of protein localization to cell cortex (GO:1904776),GO_Biological_Process_2021,1/8,0.0143119685548053,0.0897900054597194,0,0,81.45714285714286,345.92071940977723,NUMA1
mitotic sister chromatid segregation (GO:0000070),GO_Biological_Process_2021,2/102,0.0144952475181609,0.0897900054597194,0,0,11.684705882352942,49.472278664136425,NCAPD2;PDS5A
regulation of proteasomal ubiquitin-dependent protein catabolic process (GO:0032434),GO_Biological_Process_2021,2/102,0.0144952475181609,0.0897900054597194,0,0,11.684705882352942,49.472278664136425,KEAP1;CCAR2
mRNA transport (GO:0051028),GO_Biological_Process_2021,2/104,0.0150383525901269,0.0915517067968035,0,0,11.45444059976932,48.07602256434972,NUP93;CPSF3
RNA export from nucleus (GO:0006405),GO_Biological_Process_2021,2/106,0.0155901641236042,0.0915517067968035,0,0,11.233031674208144,46.74193736421133,NUP93;CPSF3
mRNA export from nucleus (GO:0006406),GO_Biological_Process_2021,2/107,0.0158693141798747,0.0915517067968035,0,0,11.125490196078433,46.09699962057723,NUP93;CPSF3
astral microtubule organization (GO:0030953),GO_Biological_Process_2021,1/9,0.0160869082852461,0.0915517067968035,0,0,71.27142857142857,294.3331456349383,NUMA1
mitochondrial fragmentation involved in apoptotic process (GO:0043653),GO_Biological_Process_2021,1/9,0.0160869082852461,0.0915517067968035,0,0,71.27142857142857,294.3331456349383,CCAR2
regulation of protein deacetylation (GO:0090311),GO_Biological_Process_2021,1/9,0.0160869082852461,0.0915517067968035,0,0,71.27142857142857,294.3331456349383,CCAR2
negative regulation of cellular macromolecule biosynthetic process (GO:2000113),GO_Biological_Process_2021,4/547,0.0163133352155148,0.0915517067968035,0,0,4.470764272559853,18.400648174240565,NCL;PDS5A;GTPBP4;CCAR2
positive regulation of behavior (GO:0048520),GO_Biological_Process_2021,1/10,0.0178587410119325,0.0915517067968035,0,0,63.34920634920635,254.99716559529236,CFAP20
regulation of RNA polymerase II transcription preinitiation complex assembly (GO:0045898),GO_Biological_Process_2021,1/10,0.0178587410119325,0.0915517067968035,0,0,63.34920634920635,254.99716559529236,PSMC5
glycosphingolipid catabolic process (GO:0046479),GO_Biological_Process_2021,1/10,0.0178587410119325,0.0915517067968035,0,0,63.34920634920635,254.99716559529236,HEXA
regulation of DNA damage checkpoint (GO:2000001),GO_Biological_Process_2021,1/10,0.0178587410119325,0.0915517067968035,0,0,63.34920634920635,254.99716559529236,CCAR2
nuclear pore complex assembly (GO:0051292),GO_Biological_Process_2021,1/10,0.0178587410119325,0.0915517067968035,0,0,63.34920634920635,254.99716559529236,NUP93
nucleic acid transport (GO:0050657),GO_Biological_Process_2021,1/10,0.0178587410119325,0.0915517067968035,0,0,63.34920634920635,254.99716559529236,CKAP5
regulation of microtubule nucleation (GO:0010968),GO_Biological_Process_2021,1/10,0.0178587410119325,0.0915517067968035,0,0,63.34920634920635,254.99716559529236,CKAP5
positive regulation of transcription of nucleolar large rRNA by RNA polymerase I (GO:1901838),GO_Biological_Process_2021,1/10,0.0178587410119325,0.0915517067968035,0,0,63.34920634920635,254.99716559529236,NCL
cilium assembly (GO:0060271),GO_Biological_Process_2021,3/314,0.0186736619315184,0.0931260902681009,0,0,5.744811458637825,22.868033182987567,TUBB;CKAP5;CFAP20
regulation of cellular response to stress (GO:0080135),GO_Biological_Process_2021,2/118,0.0190801973109532,0.0931260902681009,0,0,10.064908722109534,39.84802311668438,NUP93;CCAR2
transcription by RNA polymerase II (GO:0006366),GO_Biological_Process_2021,3/320,0.0196241410889183,0.0931260902681009,0,0,5.634356180097505,22.1486247463786,SUPT16H;CPSF3;GTF2F1
protein polyglutamylation (GO:0018095),GO_Biological_Process_2021,1/11,0.0196274719399136,0.0931260902681009,0,0,57.011428571428574,224.10195239289595,CFAP20
positive regulation of cytoplasmic transport (GO:1903651),GO_Biological_Process_2021,1/11,0.0196274719399136,0.0931260902681009,0,0,57.011428571428574,224.10195239289595,VPS11
negative regulation of intracellular estrogen receptor signaling pathway (GO:0033147),GO_Biological_Process_2021,1/11,0.0196274719399136,0.0931260902681009,0,0,57.011428571428574,224.10195239289595,VPS11
positive regulation of transcription elongation from RNA polymerase II promoter (GO:0032968),GO_Biological_Process_2021,1/11,0.0196274719399136,0.0931260902681009,0,0,57.011428571428574,224.10195239289595,SUPT16H
cellular response to oxidative stress (GO:0034599),GO_Biological_Process_2021,2/125,0.0212541291083117,0.0935424059264804,0,0,9.488761358201817,36.54315656605238,LONP1;KEAP1
positive regulation of metaphase/anaphase transition of cell cycle (GO:1902101),GO_Biological_Process_2021,1/12,0.0213931062881188,0.0935424059264804,0,0,51.82597402597403,199.25462501506232,ANAPC7
positive regulation of mitotic metaphase/anaphase transition (GO:0045842),GO_Biological_Process_2021,1/12,0.0213931062881188,0.0935424059264804,0,0,51.82597402597403,199.25462501506232,ANAPC7
positive regulation of mitotic sister chromatid separation (GO:1901970),GO_Biological_Process_2021,1/12,0.0213931062881188,0.0935424059264804,0,0,51.82597402597403,199.25462501506232,ANAPC7
regulation of feeding behavior (GO:0060259),GO_Biological_Process_2021,1/12,0.0213931062881188,0.0935424059264804,0,0,51.82597402597403,199.25462501506232,CFAP20
keratan sulfate catabolic process (GO:0042340),GO_Biological_Process_2021,1/12,0.0213931062881188,0.0935424059264804,0,0,51.82597402597403,199.25462501506232,HEXA
chromatin assembly or disassembly (GO:0006333),GO_Biological_Process_2021,1/12,0.0213931062881188,0.0935424059264804,0,0,51.82597402597403,199.25462501506232,SUPT16H
mitochondrial genome maintenance (GO:0000002),GO_Biological_Process_2021,1/12,0.0213931062881188,0.0935424059264804,0,0,51.82597402597403,199.25462501506232,LONP1
positive regulation of canonical Wnt signaling pathway (GO:0090263),GO_Biological_Process_2021,2/130,0.0228673230821771,0.0957904712404805,0,0,9.115808823529411,34.4399480443974,PSMC5;CCAR2
G2/M transition of mitotic cell cycle (GO:0000086),GO_Biological_Process_2021,2/130,0.0228673230821771,0.0957904712404805,0,0,9.115808823529411,34.4399480443974,TUBB;CKAP5
chondroitin sulfate catabolic process (GO:0030207),GO_Biological_Process_2021,1/13,0.0231556492787795,0.0957904712404805,0,0,47.50476190476191,178.87996472866277,HEXA
cytoplasmic sequestering of protein (GO:0051220),GO_Biological_Process_2021,1/13,0.0231556492787795,0.0957904712404805,0,0,47.50476190476191,178.87996472866277,KEAP1
DNA replication-independent nucleosome organization (GO:0034724),GO_Biological_Process_2021,1/13,0.0231556492787795,0.0957904712404805,0,0,47.50476190476191,178.87996472866277,SUPT16H
cell cycle G2/M phase transition (GO:0044839),GO_Biological_Process_2021,2/131,0.0231958988654078,0.0957904712404805,0,0,9.04468764249886,34.04221254646382,TUBB;CKAP5
regulation of transcription of nucleolar large rRNA by RNA polymerase I (GO:1901836),GO_Biological_Process_2021,1/14,0.0249151061269709,0.0992155118984734,0,0,43.848351648351645,161.9004351330391,NCL
positive regulation of SMAD protein signal transduction (GO:0060391),GO_Biological_Process_2021,1/14,0.0249151061269709,0.0992155118984734,0,0,43.848351648351645,161.9004351330391,NUP93
nuclear pore organization (GO:0006999),GO_Biological_Process_2021,1/14,0.0249151061269709,0.0992155118984734,0,0,43.848351648351645,161.9004351330391,NUP93
cytoplasmic sequestering of transcription factor (GO:0042994),GO_Biological_Process_2021,1/14,0.0249151061269709,0.0992155118984734,0,0,43.848351648351645,161.9004351330391,KEAP1
ubiquitin-dependent protein catabolic process (GO:0006511),GO_Biological_Process_2021,3/354,0.0255125966359416,0.1006957353949554,0,0,5.07977207977208,18.635565308106823,PSMC5;ANAPC7;KEAP1
positive regulation of keratinocyte differentiation (GO:0045618),GO_Biological_Process_2021,1/15,0.0266714820499685,0.1043463245112805,0,0,40.71428571428572,147.55510087647235,NUMA1
ceramide catabolic process (GO:0046514),GO_Biological_Process_2021,1/16,0.0284247822669753,0.1074360414497543,0,0,37.99809523809524,135.29198627979454,HEXA
regulation of intrinsic apoptotic signaling pathway in response to DNA damage (GO:1902229),GO_Biological_Process_2021,1/16,0.0284247822669753,0.1074360414497543,0,0,37.99809523809524,135.29198627979454,CCAR2
regulation of mitotic sister chromatid separation (GO:0010965),GO_Biological_Process_2021,1/16,0.0284247822669753,0.1074360414497543,0,0,37.99809523809524,135.29198627979454,ANAPC7
mitotic sister chromatid cohesion (GO:0007064),GO_Biological_Process_2021,1/16,0.0284247822669753,0.1074360414497543,0,0,37.99809523809524,135.29198627979454,PDS5A
amyloid-beta metabolic process (GO:0050435),GO_Biological_Process_2021,1/17,0.030175011976485,0.1078582626729906,0,0,35.621428571428574,124.70139957851625,APEH
stem cell development (GO:0048864),GO_Biological_Process_2021,1/17,0.030175011976485,0.1078582626729906,0,0,35.621428571428574,124.70139957851625,TCOF1
positive regulation of Wnt signaling pathway (GO:0030177),GO_Biological_Process_2021,2/153,0.030907217145202,0.1078582626729906,0,0,7.718348266458902,26.83488741578107,PSMC5;CCAR2
"alternative mRNA splicing, via spliceosome (GO:0000380)",GO_Biological_Process_2021,1/18,0.0319221763964905,0.1078582626729906,0,0,33.52436974789916,115.4731604004656,HNRNPM
regulation of spindle organization (GO:0090224),GO_Biological_Process_2021,1/18,0.0319221763964905,0.1078582626729906,0,0,33.52436974789916,115.4731604004656,NUMA1
regulation of cellular protein catabolic process (GO:1903362),GO_Biological_Process_2021,1/18,0.0319221763964905,0.1078582626729906,0,0,33.52436974789916,115.4731604004656,VPS11
regulation of chromosome segregation (GO:0051983),GO_Biological_Process_2021,1/18,0.0319221763964905,0.1078582626729906,0,0,33.52436974789916,115.4731604004656,NUMA1
hyaluronan catabolic process (GO:0030214),GO_Biological_Process_2021,1/18,0.0319221763964905,0.1078582626729906,0,0,33.52436974789916,115.4731604004656,HEXA
regulation of early endosome to late endosome transport (GO:2000641),GO_Biological_Process_2021,1/18,0.0319221763964905,0.1078582626729906,0,0,33.52436974789916,115.4731604004656,VPS11
rRNA transcription (GO:0009303),GO_Biological_Process_2021,1/18,0.0319221763964905,0.1078582626729906,0,0,33.52436974789916,115.4731604004656,TCOF1
"positive regulation of mRNA splicing, via spliceosome (GO:0048026)",GO_Biological_Process_2021,1/18,0.0319221763964905,0.1078582626729906,0,0,33.52436974789916,115.4731604004656,NCL
chromatin disassembly (GO:0031498),GO_Biological_Process_2021,1/18,0.0319221763964905,0.1078582626729906,0,0,33.52436974789916,115.4731604004656,SUPT16H
nucleosome disassembly (GO:0006337),GO_Biological_Process_2021,1/18,0.0319221763964905,0.1078582626729906,0,0,33.52436974789916,115.4731604004656,SUPT16H
microtubule depolymerization (GO:0007019),GO_Biological_Process_2021,1/18,0.0319221763964905,0.1078582626729906,0,0,33.52436974789916,115.4731604004656,CKAP5
positive regulation of cellular protein catabolic process (GO:1903364),GO_Biological_Process_2021,1/19,0.0336662807139245,0.1104055970471347,0,0,31.66031746031746,107.36832116912788,VPS11
neural crest cell differentiation (GO:0014033),GO_Biological_Process_2021,1/19,0.0336662807139245,0.1104055970471347,0,0,31.66031746031746,107.36832116912788,TCOF1
mesenchymal cell development (GO:0014031),GO_Biological_Process_2021,1/19,0.0336662807139245,0.1104055970471347,0,0,31.66031746031746,107.36832116912788,TCOF1
pore complex assembly (GO:0046931),GO_Biological_Process_2021,1/19,0.0336662807139245,0.1104055970471347,0,0,31.66031746031746,107.36832116912788,NUP93
rRNA metabolic process (GO:0016072),GO_Biological_Process_2021,2/162,0.0343168790084085,0.1117177229032863,0,0,7.280882352941177,24.55199404856915,NOP14;BMS1
protein-DNA complex disassembly (GO:0032986),GO_Biological_Process_2021,1/20,0.0354073301248565,0.1119976541538014,0,0,29.99248120300752,100.19997336732251,SUPT16H
ganglioside metabolic process (GO:0001573),GO_Biological_Process_2021,1/20,0.0354073301248565,0.1119976541538014,0,0,29.99248120300752,100.19997336732251,HEXA
positive regulation of epidermal cell differentiation (GO:0045606),GO_Biological_Process_2021,1/20,0.0354073301248565,0.1119976541538014,0,0,29.99248120300752,100.19997336732251,NUMA1
natural killer cell mediated immunity (GO:0002228),GO_Biological_Process_2021,1/20,0.0354073301248565,0.1119976541538014,0,0,29.99248120300752,100.19997336732251,TUBB
transmembrane receptor protein tyrosine kinase signaling pathway (GO:0007169),GO_Biological_Process_2021,3/404,0.0357236248842446,0.1122023711153035,0,0,4.435048741781909,14.777329820950342,HNRNPM;HNRNPF;GTF2F1
nuclear envelope organization (GO:0006998),GO_Biological_Process_2021,1/21,0.0371453298127004,0.1150473409476695,0,0,28.49142857142857,93.81991597487811,NUP93
poly(A)+ mRNA export from nucleus (GO:0016973),GO_Biological_Process_2021,1/21,0.0371453298127004,0.1150473409476695,0,0,28.49142857142857,93.81991597487811,NUP93
rRNA processing (GO:0006364),GO_Biological_Process_2021,2/173,0.0386741805386025,0.1156801781008424,0,0,6.80873753009976,22.14598442629385,NOP14;BMS1
"maturation of 5.8S rRNA from tricistronic rRNA transcript (SSU-rRNA, 5.8S rRNA, LSU-rRNA) (GO:0000466)",GO_Biological_Process_2021,1/22,0.0388802849574893,0.1156801781008424,0,0,27.133333333333333,88.10920425980879,NOP14
organelle fusion (GO:0048284),GO_Biological_Process_2021,1/22,0.0388802849574893,0.1156801781008424,0,0,27.133333333333333,88.10920425980879,VPS11
natural killer cell mediated cytotoxicity (GO:0042267),GO_Biological_Process_2021,1/22,0.0388802849574893,0.1156801781008424,0,0,27.133333333333333,88.10920425980879,TUBB
organelle organization (GO:0006996),GO_Biological_Process_2021,3/420,0.0393780141489633,0.1156801781008424,0,0,4.261390887290168,13.783671816086947,NUMA1;VPS11;LONP1
regulation of SMAD protein signal transduction (GO:0060390),GO_Biological_Process_2021,1/23,0.0406122007207395,0.1156801781008424,0,0,25.898701298701297,82.97132611919092,NUP93
hyaluronan metabolic process (GO:0030212),GO_Biological_Process_2021,1/23,0.0406122007207395,0.1156801781008424,0,0,25.898701298701297,82.97132611919092,HEXA
positive regulation of mRNA processing (GO:0050685),GO_Biological_Process_2021,1/23,0.0406122007207395,0.1156801781008424,0,0,25.898701298701297,82.97132611919092,NCL
cytoskeleton-dependent intracellular transport (GO:0030705),GO_Biological_Process_2021,1/23,0.0406122007207395,0.1156801781008424,0,0,25.898701298701297,82.97132611919092,TUBB
positive regulation of transcription by RNA polymerase I (GO:0045943),GO_Biological_Process_2021,1/23,0.0406122007207395,0.1156801781008424,0,0,25.898701298701297,82.97132611919092,NCL
positive regulation of transcription initiation from RNA polymerase II promoter (GO:0060261),GO_Biological_Process_2021,1/23,0.0406122007207395,0.1156801781008424,0,0,25.898701298701297,82.97132611919092,PSMC5
regulation of translation (GO:0006417),GO_Biological_Process_2021,2/178,0.0407214976722696,0.1156801781008424,0,0,6.613636363636363,21.17024423056365,TCOF1;NCL
regulation of mitotic cell cycle (GO:0007346),GO_Biological_Process_2021,2/178,0.0407214976722696,0.1156801781008424,0,0,6.613636363636363,21.17024423056365,PSMC5;ANAPC7
establishment of mitotic spindle orientation (GO:0000132),GO_Biological_Process_2021,1/24,0.0423410822826446,0.1180257668628718,0,0,24.77142857142857,78.32719402267635,NUMA1
peptidyl-glutamic acid modification (GO:0018200),GO_Biological_Process_2021,1/24,0.0423410822826446,0.1180257668628718,0,0,24.77142857142857,78.32719402267635,CFAP20
protein insertion into mitochondrial membrane (GO:0051204),GO_Biological_Process_2021,1/24,0.0423410822826446,0.1180257668628718,0,0,24.77142857142857,78.32719402267635,HSPA4
protein quality control for misfolded or incompletely synthesized proteins (GO:0006515),GO_Biological_Process_2021,1/25,0.044066934781374,0.1194282717225286,0,0,23.73809523809524,74.11141474490151,LONP1
regulation of spindle assembly (GO:0090169),GO_Biological_Process_2021,1/25,0.044066934781374,0.1194282717225286,0,0,23.73809523809524,74.11141474490151,NUMA1
"positive regulation of DNA-templated transcription, elongation (GO:0032786)",GO_Biological_Process_2021,1/25,0.044066934781374,0.1194282717225286,0,0,23.73809523809524,74.11141474490151,SUPT16H
"RNA splicing, via transesterification reactions (GO:0000375)",GO_Biological_Process_2021,1/25,0.044066934781374,0.1194282717225286,0,0,23.73809523809524,74.11141474490151,SF3B3
negative regulation of intrinsic apoptotic signaling pathway in response to DNA damage (GO:1902230),GO_Biological_Process_2021,1/26,0.0457897633734358,0.1194282717225286,0,0,22.78742857142857,70.2694731674912,CCAR2
RNA polyadenylation (GO:0043631),GO_Biological_Process_2021,1/26,0.0457897633734358,0.1194282717225286,0,0,22.78742857142857,70.2694731674912,CPSF3
positive regulation of microtubule polymerization or depolymerization (GO:0031112),GO_Biological_Process_2021,1/26,0.0457897633734358,0.1194282717225286,0,0,22.78742857142857,70.2694731674912,NUMA1
negative regulation of protein transport (GO:0051224),GO_Biological_Process_2021,1/26,0.0457897633734358,0.1194282717225286,0,0,22.78742857142857,70.2694731674912,ERP29
regulation of mitotic metaphase/anaphase transition (GO:0030071),GO_Biological_Process_2021,1/26,0.0457897633734358,0.1194282717225286,0,0,22.78742857142857,70.2694731674912,ANAPC7
positive regulation of viral transcription (GO:0050434),GO_Biological_Process_2021,1/26,0.0457897633734358,0.1194282717225286,0,0,22.78742857142857,70.2694731674912,GTF2F1
mRNA polyadenylation (GO:0006378),GO_Biological_Process_2021,1/26,0.0457897633734358,0.1194282717225286,0,0,22.78742857142857,70.2694731674912,CPSF3
negative regulation of catalytic activity (GO:0043086),GO_Biological_Process_2021,1/27,0.0475095732087328,0.1197133878592929,0,0,21.90989010989011,66.75558005419848,CCAR2
positive regulation of BMP signaling pathway (GO:0030513),GO_Biological_Process_2021,1/27,0.0475095732087328,0.1197133878592929,0,0,21.90989010989011,66.75558005419848,NUMA1
positive regulation of cellular component movement (GO:0051272),GO_Biological_Process_2021,1/27,0.0475095732087328,0.1197133878592929,0,0,21.90989010989011,66.75558005419848,CFAP20
regulation of transcription elongation from RNA polymerase II promoter (GO:0034243),GO_Biological_Process_2021,1/27,0.0475095732087328,0.1197133878592929,0,0,21.90989010989011,66.75558005419848,SUPT16H
microtubule polymerization or depolymerization (GO:0031109),GO_Biological_Process_2021,1/27,0.0475095732087328,0.1197133878592929,0,0,21.90989010989011,66.75558005419848,CKAP5
mitotic chromosome condensation (GO:0007076),GO_Biological_Process_2021,1/27,0.0475095732087328,0.1197133878592929,0,0,21.90989010989011,66.75558005419848,NCAPD2
histone mRNA metabolic process (GO:0008334),GO_Biological_Process_2021,1/28,0.0492263693920855,0.1219720041603896,0,0,21.097354497354495,63.53100866506492,CPSF3
RNA phosphodiester bond hydrolysis (GO:0090501),GO_Biological_Process_2021,1/28,0.0492263693920855,0.1219720041603896,0,0,21.097354497354495,63.53100866506492,CPSF3
protein depolymerization (GO:0051261),GO_Biological_Process_2021,1/28,0.0492263693920855,0.1219720041603896,0,0,21.097354497354495,63.53100866506492,CKAP5
endomembrane system organization (GO:0010256),GO_Biological_Process_2021,2/199,0.0497526780353158,0.1225949967058059,0,0,5.90235891310839,17.711155192430613,NUP93;VPS11
ncRNA processing (GO:0034470),GO_Biological_Process_2021,2/201,0.0506477978782022,0.1234745111684015,0,0,5.842447531776529,17.4272002780289,NOP14;BMS1
establishment of mitotic spindle localization (GO:0040001),GO_Biological_Process_2021,1/29,0.0509401570739593,0.1234745111684015,0,0,20.34285714285714,60.56279579598777,NUMA1
protein K11-linked ubiquitination (GO:0070979),GO_Biological_Process_2021,1/29,0.0509401570739593,0.1234745111684015,0,0,20.34285714285714,60.56279579598777,ANAPC7
establishment of spindle orientation (GO:0051294),GO_Biological_Process_2021,1/30,0.0526509413652038,0.125573902935192,0,0,19.64039408866995,57.82271782479102,NUMA1
chondroitin sulfate metabolic process (GO:0030204),GO_Biological_Process_2021,1/30,0.0526509413652038,0.125573902935192,0,0,19.64039408866995,57.82271782479102,HEXA
microtubule polymerization (GO:0046785),GO_Biological_Process_2021,1/30,0.0526509413652038,0.125573902935192,0,0,19.64039408866995,57.82271782479102,CKAP5
positive regulation of locomotion (GO:0040017),GO_Biological_Process_2021,1/31,0.054358727363695,0.1256165409544455,0,0,18.984761904761903,55.2864763029152,CFAP20
negative regulation of proteasomal ubiquitin-dependent protein catabolic process (GO:0032435),GO_Biological_Process_2021,1/31,0.054358727363695,0.1256165409544455,0,0,18.984761904761903,55.2864763029152,CCAR2
negative regulation of response to DNA damage stimulus (GO:2001021),GO_Biological_Process_2021,1/31,0.054358727363695,0.1256165409544455,0,0,18.984761904761903,55.2864763029152,CCAR2
positive regulation of protein targeting to mitochondrion (GO:1903955),GO_Biological_Process_2021,1/31,0.054358727363695,0.1256165409544455,0,0,18.984761904761903,55.2864763029152,VPS11
positive regulation of proteolysis involved in cellular protein catabolic process (GO:1903052),GO_Biological_Process_2021,1/31,0.054358727363695,0.1256165409544455,0,0,18.984761904761903,55.2864763029152,PSMC5
positive regulation of RNA splicing (GO:0033120),GO_Biological_Process_2021,1/31,0.054358727363695,0.1256165409544455,0,0,18.984761904761903,55.2864763029152,NCL
7-methylguanosine mRNA capping (GO:0006370),GO_Biological_Process_2021,1/32,0.0560635201791323,0.1256498994969499,0,0,18.37142857142857,52.93304493727771,GTF2F1
7-methylguanosine RNA capping (GO:0009452),GO_Biological_Process_2021,1/32,0.0560635201791323,0.1256498994969499,0,0,18.37142857142857,52.93304493727771,GTF2F1
negative regulation of intracellular steroid hormone receptor signaling pathway (GO:0033144),GO_Biological_Process_2021,1/32,0.0560635201791323,0.1256498994969499,0,0,18.37142857142857,52.93304493727771,VPS11
GPI anchor biosynthetic process (GO:0006506),GO_Biological_Process_2021,1/32,0.0560635201791323,0.1256498994969499,0,0,18.37142857142857,52.93304493727771,PIGS
regulation of cellular amide metabolic process (GO:0034248),GO_Biological_Process_2021,1/32,0.0560635201791323,0.1256498994969499,0,0,18.37142857142857,52.93304493727771,TCOF1
regulation of intracellular estrogen receptor signaling pathway (GO:0033146),GO_Biological_Process_2021,1/32,0.0560635201791323,0.1256498994969499,0,0,18.37142857142857,52.93304493727771,VPS11
apoptotic mitochondrial changes (GO:0008637),GO_Biological_Process_2021,1/33,0.0577653249044559,0.128175795559141,0,0,17.79642857142857,50.744142000677016,CCAR2
keratan sulfate metabolic process (GO:0042339),GO_Biological_Process_2021,1/33,0.0577653249044559,0.128175795559141,0,0,17.79642857142857,50.744142000677016,HEXA
regulation of keratinocyte differentiation (GO:0045616),GO_Biological_Process_2021,1/34,0.0594641466155627,0.1287427640317524,0,0,17.256277056277057,48.70380102145059,NUMA1
termination of RNA polymerase II transcription (GO:0006369),GO_Biological_Process_2021,1/34,0.0594641466155627,0.1287427640317524,0,0,17.256277056277057,48.70380102145059,CPSF3
transcription by RNA polymerase I (GO:0006360),GO_Biological_Process_2021,1/34,0.0594641466155627,0.1287427640317524,0,0,17.256277056277057,48.70380102145059,TCOF1
tRNA export from nucleus (GO:0006409),GO_Biological_Process_2021,1/34,0.0594641466155627,0.1287427640317524,0,0,17.256277056277057,48.70380102145059,NUP93
tRNA-containing ribonucleoprotein complex export from nucleus (GO:0071431),GO_Biological_Process_2021,1/34,0.0594641466155627,0.1287427640317524,0,0,17.256277056277057,48.70380102145059,NUP93
regulation of trans-synaptic signaling (GO:0099177),GO_Biological_Process_2021,1/35,0.0611599903995462,0.1311411332605656,0,0,16.747899159663866,46.798019121040575,PSMC5
regulation of mitotic spindle organization (GO:0060236),GO_Biological_Process_2021,1/35,0.0611599903995462,0.1311411332605656,0,0,16.747899159663866,46.798019121040575,NUMA1
positive regulation of mitotic nuclear division (GO:0045840),GO_Biological_Process_2021,1/36,0.062852861314362,0.1341262016564855,0,0,16.268571428571427,45.01446718516486,ANAPC7
tRNA transport (GO:0051031),GO_Biological_Process_2021,1/37,0.0645427644249927,0.137076537778794,0,0,15.815873015873017,43.34224956187957,NUP93
negative regulation of proteasomal protein catabolic process (GO:1901799),GO_Biological_Process_2021,1/38,0.0662297047820272,0.1376795663417397,0,0,15.387644787644788,41.77170375778716,CCAR2
negative regulation of ubiquitin-dependent protein catabolic process (GO:2000059),GO_Biological_Process_2021,1/38,0.0662297047820272,0.1376795663417397,0,0,15.387644787644788,41.77170375778716,CCAR2
ncRNA export from nucleus (GO:0097064),GO_Biological_Process_2021,1/38,0.0662297047820272,0.1376795663417397,0,0,15.387644787644788,41.77170375778716,NUP93
regulation of protein targeting to mitochondrion (GO:1903214),GO_Biological_Process_2021,1/39,0.0679136874331451,0.1376795663417397,0,0,14.981954887218045,40.29423258768696,VPS11
regulation of cellular component biogenesis (GO:0044087),GO_Biological_Process_2021,1/39,0.0679136874331451,0.1376795663417397,0,0,14.981954887218045,40.29423258768696,VPS11
positive regulation of intracellular transport (GO:0032388),GO_Biological_Process_2021,1/39,0.0679136874331451,0.1376795663417397,0,0,14.981954887218045,40.29423258768696,NUMA1
negative regulation of protein secretion (GO:0050709),GO_Biological_Process_2021,1/39,0.0679136874331451,0.1376795663417397,0,0,14.981954887218045,40.29423258768696,ERP29
regulation of exit from mitosis (GO:0007096),GO_Biological_Process_2021,1/39,0.0679136874331451,0.1376795663417397,0,0,14.981954887218045,40.29423258768696,ANAPC7
negative regulation of secretion by cell (GO:1903531),GO_Biological_Process_2021,1/39,0.0679136874331451,0.1376795663417397,0,0,14.981954887218045,40.29423258768696,ERP29
regulation of intracellular transport (GO:0032386),GO_Biological_Process_2021,1/39,0.0679136874331451,0.1376795663417397,0,0,14.981954887218045,40.29423258768696,NUMA1
sulfur compound catabolic process (GO:0044273),GO_Biological_Process_2021,1/40,0.0695947174016119,0.1398164142392744,0,0,14.597069597069597,38.90216284428102,HEXA
regulation of microtubule polymerization (GO:0031113),GO_Biological_Process_2021,1/40,0.0695947174016119,0.1398164142392744,0,0,14.597069597069597,38.90216284428102,NUMA1
negative regulation of cell-cell adhesion (GO:0022408),GO_Biological_Process_2021,1/41,0.071272799727047,0.1412785274589465,0,0,14.231428571428571,37.58862572708161,GTPBP4
regulation of viral transcription (GO:0046782),GO_Biological_Process_2021,1/41,0.071272799727047,0.1412785274589465,0,0,14.231428571428571,37.58862572708161,GTF2F1
endosome organization (GO:0007032),GO_Biological_Process_2021,1/41,0.071272799727047,0.1412785274589465,0,0,14.231428571428571,37.58862572708161,VPS11
negative regulation of protein catabolic process (GO:0042177),GO_Biological_Process_2021,1/42,0.0729479394257499,0.1433250263607245,0,0,13.883623693379793,36.34745526394495,SF3B3
nucleic acid-templated transcription (GO:0097659),GO_Biological_Process_2021,1/42,0.0729479394257499,0.1433250263607245,0,0,13.883623693379793,36.34745526394495,XAB2
regulation of purine nucleotide metabolic process (GO:1900542),GO_Biological_Process_2021,1/43,0.074620141499927,0.1446981874302933,0,0,13.552380952380952,35.173101634547834,NUP93
regulation of carbohydrate catabolic process (GO:0043470),GO_Biological_Process_2021,1/43,0.074620141499927,0.1446981874302933,0,0,13.552380952380952,35.173101634547834,NUP93
regulation of cell-cell adhesion (GO:0022407),GO_Biological_Process_2021,1/43,0.074620141499927,0.1446981874302933,0,0,13.552380952380952,35.173101634547834,GTPBP4
regulation of canonical Wnt signaling pathway (GO:0060828),GO_Biological_Process_2021,2/253,0.075836802595197,0.1464208396426748,0,0,4.619873447386923,11.91544630700157,PSMC5;CCAR2
neural crest cell development (GO:0014032),GO_Biological_Process_2021,1/45,0.077955752812053,0.1485823322828018,0,0,12.935064935064934,33.0052912902955,TCOF1
chromosome condensation (GO:0030261),GO_Biological_Process_2021,1/45,0.077955752812053,0.1485823322828018,0,0,12.935064935064934,33.0052912902955,NCAPD2
microtubule bundle formation (GO:0001578),GO_Biological_Process_2021,1/45,0.077955752812053,0.1485823322828018,0,0,12.935064935064934,33.0052912902955,NUMA1
interleukin-12-mediated signaling pathway (GO:0035722),GO_Biological_Process_2021,1/46,0.0796191720205643,0.1492023139545029,0,0,12.646984126984126,32.00319789387239,HNRNPF
positive regulation of organelle assembly (GO:1902117),GO_Biological_Process_2021,1/46,0.0796191720205643,0.1492023139545029,0,0,12.646984126984126,32.00319789387239,NUMA1
posttranscriptional regulation of gene expression (GO:0010608),GO_Biological_Process_2021,1/46,0.0796191720205643,0.1492023139545029,0,0,12.646984126984126,32.00319789387239,TCOF1
vesicle organization (GO:0016050),GO_Biological_Process_2021,1/46,0.0796191720205643,0.1492023139545029,0,0,12.646984126984126,32.00319789387239,VPS11
glycosphingolipid metabolic process (GO:0006687),GO_Biological_Process_2021,1/47,0.0812796735792295,0.1516767130390644,0,0,12.371428571428572,31.050545192395425,HEXA
Golgi to plasma membrane transport (GO:0006893),GO_Biological_Process_2021,1/48,0.0829372624429636,0.1527449669860993,0,0,12.10759878419453,30.143935528683446,VPS35L
cellular response to interleukin-12 (GO:0071349),GO_Biological_Process_2021,1/48,0.0829372624429636,0.1527449669860993,0,0,12.10759878419453,30.143935528683446,HNRNPF
protein deubiquitination (GO:0016579),GO_Biological_Process_2021,2/267,0.0831867811189822,0.1527449669860993,0,0,4.372697003329634,10.87344057202978,PSMC5;KEAP1
negative regulation of catabolic process (GO:0009895),GO_Biological_Process_2021,1/49,0.0845919435999249,0.1527449669860993,0,0,11.854761904761904,29.2802690236398,SF3B3
aminoglycan biosynthetic process (GO:0006023),GO_Biological_Process_2021,1/49,0.0845919435999249,0.1527449669860993,0,0,11.854761904761904,29.2802690236398,HEXA
regulation of cellular localization (GO:0060341),GO_Biological_Process_2021,1/49,0.0845919435999249,0.1527449669860993,0,0,11.854761904761904,29.2802690236398,NUMA1
regulation of cellular protein metabolic process (GO:0032268),GO_Biological_Process_2021,1/49,0.0845919435999249,0.1527449669860993,0,0,11.854761904761904,29.2802690236398,TCOF1
response to unfolded protein (GO:0006986),GO_Biological_Process_2021,1/49,0.0845919435999249,0.1527449669860993,0,0,11.854761904761904,29.2802690236398,HSPA4
regulation of generation of precursor metabolites and energy (GO:0043467),GO_Biological_Process_2021,1/50,0.0862437219743075,0.1541861437313535,0,0,11.612244897959185,28.456712045041098,NUP93
regulation of cellular amine metabolic process (GO:0033238),GO_Biological_Process_2021,1/51,0.0878926025297119,0.1541861437313535,0,0,11.379428571428573,27.67066954509134,PSMC5
negative regulation of protein ubiquitination (GO:0031397),GO_Biological_Process_2021,1/51,0.0878926025297119,0.1541861437313535,0,0,11.379428571428573,27.67066954509134,GTPBP4
mitotic nuclear membrane organization (GO:0101024),GO_Biological_Process_2021,1/51,0.0878926025297119,0.1541861437313535,0,0,11.379428571428573,27.67066954509134,NUP93
mitotic nuclear membrane reassembly (GO:0007084),GO_Biological_Process_2021,1/51,0.0878926025297119,0.1541861437313535,0,0,11.379428571428573,27.67066954509134,NUP93
regulation of protein modification process (GO:0031399),GO_Biological_Process_2021,1/51,0.0878926025297119,0.1541861437313535,0,0,11.379428571428573,27.67066954509134,CCAR2
protein modification by small protein removal (GO:0070646),GO_Biological_Process_2021,2/276,0.0880245237620098,0.1541861437313535,0,0,4.22713610991842,10.272531803085773,PSMC5;KEAP1
DNA metabolic process (GO:0006259),GO_Biological_Process_2021,2/277,0.0885672843498803,0.1541861437313535,0,0,4.211550802139038,10.208768571436828,LONP1;PDS5A
glycolipid metabolic process (GO:0006664),GO_Biological_Process_2021,1/52,0.0895385901937681,0.1541861437313535,0,0,11.155742296918769,26.919760773627655,HEXA
negative regulation of protein metabolic process (GO:0051248),GO_Biological_Process_2021,1/52,0.0895385901937681,0.1541861437313535,0,0,11.155742296918769,26.919760773627655,SF3B3
positive regulation of protein localization to cell periphery (GO:1904377),GO_Biological_Process_2021,1/52,0.0895385901937681,0.1541861437313535,0,0,11.155742296918769,26.919760773627655,NUMA1
endocytic recycling (GO:0032456),GO_Biological_Process_2021,1/52,0.0895385901937681,0.1541861437313535,0,0,11.155742296918769,26.919760773627655,VPS35L
glycosaminoglycan metabolic process (GO:0030203),GO_Biological_Process_2021,1/54,0.0928219065844171,0.1548853798950244,0,0,10.733692722371968,25.514766917792368,HEXA
regulation of cellular amino acid metabolic process (GO:0006521),GO_Biological_Process_2021,1/54,0.0928219065844171,0.1548853798950244,0,0,10.733692722371968,25.514766917792368,PSMC5
regulation of cyclin-dependent protein kinase activity (GO:1904029),GO_Biological_Process_2021,1/54,0.0928219065844171,0.1548853798950244,0,0,10.733692722371968,25.514766917792368,GTPBP4
nuclear membrane reassembly (GO:0031468),GO_Biological_Process_2021,1/54,0.0928219065844171,0.1548853798950244,0,0,10.733692722371968,25.514766917792368,NUP93
cytoplasmic microtubule organization (GO:0031122),GO_Biological_Process_2021,1/54,0.0928219065844171,0.1548853798950244,0,0,10.733692722371968,25.514766917792368,NUMA1
regulation of proteasomal protein catabolic process (GO:0061136),GO_Biological_Process_2021,1/54,0.0928219065844171,0.1548853798950244,0,0,10.733692722371968,25.514766917792368,PSMC5
proteolysis (GO:0006508),GO_Biological_Process_2021,2/287,0.0940505481469687,0.1548853798950244,0,0,4.06171310629515,9.6015766048987,LONP1;APEH
protein sumoylation (GO:0016925),GO_Biological_Process_2021,1/55,0.0944592451377727,0.1548853798950244,0,0,10.534391534391537,24.856811272616437,NUP93
protein targeting to mitochondrion (GO:0006626),GO_Biological_Process_2021,1/55,0.0944592451377727,0.1548853798950244,0,0,10.534391534391537,24.856811272616437,HSPA4
negative regulation of protein modification by small protein conjugation or removal (GO:1903321),GO_Biological_Process_2021,1/55,0.0944592451377727,0.1548853798950244,0,0,10.534391534391537,24.856811272616437,GTPBP4
regulation of gene silencing by RNA (GO:0060966),GO_Biological_Process_2021,1/55,0.0944592451377727,0.1548853798950244,0,0,10.534391534391537,24.856811272616437,NUP93
positive regulation of response to DNA damage stimulus (GO:2001022),GO_Biological_Process_2021,1/55,0.0944592451377727,0.1548853798950244,0,0,10.534391534391537,24.856811272616437,CCAR2
regulation of posttranscriptional gene silencing (GO:0060147),GO_Biological_Process_2021,1/55,0.0944592451377727,0.1548853798950244,0,0,10.534391534391537,24.856811272616437,NUP93
regulation of ATP metabolic process (GO:1903578),GO_Biological_Process_2021,1/56,0.0960937104691178,0.1558465267971874,0,0,10.342337662337664,24.226216623281367,NUP93
positive regulation of establishment of protein localization to mitochondrion (GO:1903749),GO_Biological_Process_2021,1/56,0.0960937104691178,0.1558465267971874,0,0,10.342337662337664,24.226216623281367,VPS11
glycosaminoglycan catabolic process (GO:0006027),GO_Biological_Process_2021,1/56,0.0960937104691178,0.1558465267971874,0,0,10.342337662337664,24.226216623281367,HEXA
negative regulation of cell cycle G2/M phase transition (GO:1902750),GO_Biological_Process_2021,1/57,0.0977253074956695,0.1573483290363487,0,0,10.157142857142857,23.62139780665354,PSMC5
ribosomal large subunit biogenesis (GO:0042273),GO_Biological_Process_2021,1/57,0.0977253074956695,0.1573483290363487,0,0,10.157142857142857,23.62139780665354,SURF6
positive regulation of mitotic cell cycle phase transition (GO:1901992),GO_Biological_Process_2021,1/58,0.099354041079923,0.1593953320922506,0,0,9.97844611528822,23.04088702173356,ANAPC7
protein polymerization (GO:0051258),GO_Biological_Process_2021,1/59,0.1009799161218731,0.161423091721704,0,0,9.80591133004926,22.483323291836392,CKAP5
cellular protein catabolic process (GO:0044257),GO_Biological_Process_2021,1/60,0.1026029374863953,0.1634318218533297,0,0,9.639225181598064,21.947443048733657,LONP1
response to light stimulus (GO:0009416),GO_Biological_Process_2021,1/61,0.1042231100382731,0.1654217333703553,0,0,9.478095238095236,21.43207167800956,CCAR2
positive regulation of viral process (GO:0048524),GO_Biological_Process_2021,1/63,0.107454928134757,0.1699464466244739,0,0,9.17142857142857,20.45855706834833,GTF2F1
negative regulation of intrinsic apoptotic signaling pathway (GO:2001243),GO_Biological_Process_2021,1/64,0.1090665833435488,0.1704919290214543,0,0,9.025396825396824,19.998444744570275,CCAR2
regulation of cellular ketone metabolic process (GO:0010565),GO_Biological_Process_2021,1/64,0.1090665833435488,0.1704919290214543,0,0,9.025396825396824,19.998444744570275,PSMC5
pre-replicative complex assembly (GO:0036388),GO_Biological_Process_2021,1/64,0.1090665833435488,0.1704919290214543,0,0,9.025396825396824,19.998444744570275,PSMC5
protein polyubiquitination (GO:0000209),GO_Biological_Process_2021,2/314,0.1093289051572555,0.1704919290214543,0,0,3.705128205128205,8.200910249107313,PSMC5;ANAPC7
regulation of RNA metabolic process (GO:0051252),GO_Biological_Process_2021,1/65,0.1106754091532752,0.1713931683415304,0,0,8.883928571428571,19.554891388067777,HNRNPF
regulation of cellular catabolic process (GO:0031329),GO_Biological_Process_2021,1/65,0.1106754091532752,0.1713931683415304,0,0,8.883928571428571,19.554891388067777,KEAP1
negative regulation of G2/M transition of mitotic cell cycle (GO:0010972),GO_Biological_Process_2021,1/66,0.1122814103463968,0.17327857790482,0,0,8.746813186813187,19.127067203604,PSMC5
proteasome-mediated ubiquitin-dependent protein catabolic process (GO:0043161),GO_Biological_Process_2021,2/321,0.1133942418420885,0.1740901254238501,0,0,3.622533652959616,7.885837962588997,PSMC5;ANAPC7
regulation of gene silencing by miRNA (GO:0060964),GO_Biological_Process_2021,1/67,0.113884591743697,0.1740901254238501,0,0,8.613852813852814,18.71419559338997,NUP93
negative regulation of gene expression (GO:0010629),GO_Biological_Process_2021,2/322,0.1139782883940902,0.1740901254238501,0,0,3.6110294117647057,7.842243380310247,NCL;ERP29
RNA 3'-end processing (GO:0031123),GO_Biological_Process_2021,1/69,0.1170825144189113,0.1776149708531784,0,0,8.359663865546219,17.930445246544526,CPSF3
positive regulation of protein polymerization (GO:0032273),GO_Biological_Process_2021,1/69,0.1170825144189113,0.1776149708531784,0,0,8.359663865546219,17.930445246544526,NUMA1
snRNA transcription by RNA polymerase II (GO:0042795),GO_Biological_Process_2021,1/70,0.1186772652687786,0.1788002337632033,0,0,8.238095238095237,17.55824391062889,GTF2F1
"DNA-templated transcription, termination (GO:0006353)",GO_Biological_Process_2021,1/70,0.1186772652687786,0.1788002337632033,0,0,8.238095238095237,17.55824391062889,CPSF3
positive regulation of cellular protein localization (GO:1903829),GO_Biological_Process_2021,1/71,0.120269215535787,0.1788002337632033,0,0,8.12,17.198343400000635,NUMA1
snRNA transcription (GO:0009301),GO_Biological_Process_2021,1/71,0.120269215535787,0.1788002337632033,0,0,8.12,17.198343400000635,GTF2F1
regulation of glycolytic process (GO:0006110),GO_Biological_Process_2021,1/71,0.120269215535787,0.1788002337632033,0,0,8.12,17.198343400000635,NUP93
regulation of hematopoietic stem cell differentiation (GO:1902036),GO_Biological_Process_2021,1/71,0.120269215535787,0.1788002337632033,0,0,8.12,17.198343400000635,PSMC5
intracellular protein transport (GO:0006886),GO_Biological_Process_2021,2/336,0.1222376273372603,0.1811064180043168,0,0,3.4572032405776683,7.266309541729982,NUP93;ERP29
negative regulation of cell adhesion (GO:0007162),GO_Biological_Process_2021,1/73,0.1234447333482338,0.1811064180043168,0,0,7.893650793650794,16.51321534130612,GTPBP4
"antigen processing and presentation of exogenous peptide antigen via MHC class I, TAP-dependent (GO:0002479)",GO_Biological_Process_2021,1/73,0.1234447333482338,0.1811064180043168,0,0,7.893650793650794,16.51321534130612,PSMC5
transcription-coupled nucleotide-excision repair (GO:0006283),GO_Biological_Process_2021,1/73,0.1234447333482338,0.1811064180043168,0,0,7.893650793650794,16.51321534130612,XAB2
proteolysis involved in cellular protein catabolic process (GO:0051603),GO_Biological_Process_2021,1/74,0.1250283104430781,0.1814966909296249,0,0,7.785127201565558,16.186953906631256,LONP1
negative regulation of protein binding (GO:0032091),GO_Biological_Process_2021,1/74,0.1250283104430781,0.1814966909296249,0,0,7.785127201565558,16.186953906631256,GTF2F1
NIK/NF-kappaB signaling (GO:0038061),GO_Biological_Process_2021,1/74,0.1250283104430781,0.1814966909296249,0,0,7.785127201565558,16.186953906631256,PSMC5
regulation of transcription from RNA polymerase II promoter in response to hypoxia (GO:0061418),GO_Biological_Process_2021,1/75,0.1266091059966891,0.1814966909296249,0,0,7.67953667953668,15.870920964553154,PSMC5
regulation of hematopoietic progenitor cell differentiation (GO:1901532),GO_Biological_Process_2021,1/75,0.1266091059966891,0.1814966909296249,0,0,7.67953667953668,15.870920964553154,PSMC5
post-translational protein modification (GO:0043687),GO_Biological_Process_2021,2/345,0.1276250029840028,0.1814966909296249,0,0,3.3649459783913565,6.927276252656602,PSMC5;KEAP1
establishment of protein localization to organelle (GO:0072594),GO_Biological_Process_2021,1/76,0.1281871247597126,0.1814966909296249,0,0,7.576761904761905,15.564670508835611,NUP93
regulation of RNA splicing (GO:0043484),GO_Biological_Process_2021,1/76,0.1281871247597126,0.1814966909296249,0,0,7.576761904761905,15.564670508835611,HNRNPF
regulation of BMP signaling pathway (GO:0030510),GO_Biological_Process_2021,1/76,0.1281871247597126,0.1814966909296249,0,0,7.576761904761905,15.564670508835611,NUMA1
RNA transport (GO:0050658),GO_Biological_Process_2021,1/76,0.1281871247597126,0.1814966909296249,0,0,7.576761904761905,15.564670508835611,CKAP5
protein import into nucleus (GO:0006606),GO_Biological_Process_2021,1/76,0.1281871247597126,0.1814966909296249,0,0,7.576761904761905,15.564670508835611,NUP93
import into nucleus (GO:0051170),GO_Biological_Process_2021,1/77,0.1297623714775434,0.1825678791135153,0,0,7.476691729323308,15.267781433043083,NUP93
regulation of organelle assembly (GO:1902115),GO_Biological_Process_2021,1/77,0.1297623714775434,0.1825678791135153,0,0,7.476691729323308,15.267781433043083,VPS11
antigen processing and presentation of exogenous peptide antigen via MHC class I (GO:0042590),GO_Biological_Process_2021,1/78,0.1313348508616526,0.1841991933468461,0,0,7.37922077922078,14.97985584266697,PSMC5
positive regulation of proteasomal ubiquitin-dependent protein catabolic process (GO:0032436),GO_Biological_Process_2021,1/79,0.1329045676439076,0.1846586827700399,0,0,7.284249084249084,14.700517496991845,KEAP1
positive regulation of ubiquitin-dependent protein catabolic process (GO:2000060),GO_Biological_Process_2021,1/79,0.1329045676439076,0.1846586827700399,0,0,7.284249084249084,14.700517496991845,KEAP1
mRNA 3'-end processing (GO:0031124),GO_Biological_Process_2021,1/79,0.1329045676439076,0.1846586827700399,0,0,7.284249084249084,14.700517496991845,CPSF3
regulation of organelle organization (GO:0033043),GO_Biological_Process_2021,1/80,0.1344715265625475,0.1862555926922242,0,0,7.191681735985534,14.42941037733673,VPS11
positive regulation of cytoskeleton organization (GO:0051495),GO_Biological_Process_2021,1/82,0.1375971895245001,0.1894084769380464,0,0,7.0134038800705465,13.910559038473568,NUMA1
regulation of cyclin-dependent protein serine/threonine kinase activity (GO:0000079),GO_Biological_Process_2021,1/82,0.1375971895245001,0.1894084769380464,0,0,7.0134038800705465,13.910559038473568,GTPBP4
peptide metabolic process (GO:0006518),GO_Biological_Process_2021,1/83,0.1391559029689243,0.1909647160742776,0,0,6.927526132404181,13.662192502450983,APEH
spindle assembly (GO:0051225),GO_Biological_Process_2021,1/84,0.1407118773304539,0.1925076603968787,0,0,6.843717728055077,13.420810389400808,NUMA1
positive regulation of protein catabolic process (GO:0045732),GO_Biological_Process_2021,1/85,0.1422651172525774,0.1934458606544193,0,0,6.761904761904762,13.186139874565855,VPS11
"Wnt signaling pathway, planar cell polarity pathway (GO:0060071)",GO_Biological_Process_2021,1/85,0.1422651172525774,0.1934458606544193,0,0,6.761904761904762,13.186139874565855,PSMC5
negative regulation of cellular amide metabolic process (GO:0034249),GO_Biological_Process_2021,1/86,0.1438156274160286,0.1949597867098746,0,0,6.6820168067226895,12.957921780117758,NCL
regulation of transcription from RNA polymerase II promoter in response to stress (GO:0043618),GO_Biological_Process_2021,1/87,0.145363412482719,0.1964608544463415,0,0,6.603986710963455,12.735909747369943,PSMC5
regulation of establishment of planar polarity (GO:0090175),GO_Biological_Process_2021,1/88,0.1469084770858721,0.1979491866474289,0,0,6.527750410509031,12.51986946595007,PSMC5
SCF-dependent proteasomal ubiquitin-dependent protein catabolic process (GO:0031146),GO_Biological_Process_2021,1/89,0.1484508259039028,0.1988260310905124,0,0,6.453246753246753,12.309577953790106,PSMC5
post-Golgi vesicle-mediated transport (GO:0006892),GO_Biological_Process_2021,1/89,0.1484508259039028,0.1988260310905124,0,0,6.453246753246753,12.309577953790106,VPS35L
negative regulation of translation (GO:0017148),GO_Biological_Process_2021,1/90,0.1499904635419038,0.1996887962378778,0,0,6.380417335473515,12.10482289581807,NCL
"regulation of mRNA splicing, via spliceosome (GO:0048024)",GO_Biological_Process_2021,1/90,0.1499904635419038,0.1996887962378778,0,0,6.380417335473515,12.10482289581807,NCL
regulation of stem cell differentiation (GO:2000736),GO_Biological_Process_2021,1/91,0.1515273946369231,0.1999444319765317,0,0,6.309206349206349,11.90540201874753,PSMC5
positive regulation of supramolecular fiber organization (GO:1902905),GO_Biological_Process_2021,1/91,0.1515273946369231,0.1999444319765317,0,0,6.309206349206349,11.90540201874753,NUMA1
positive regulation of transport (GO:0051050),GO_Biological_Process_2021,1/91,0.1515273946369231,0.1999444319765317,0,0,6.309206349206349,11.90540201874753,NUMA1
negative regulation of mitotic cell cycle phase transition (GO:1901991),GO_Biological_Process_2021,1/92,0.1530616238276292,0.2013731098145211,0,0,6.23956043956044,11.711122514406291,PSMC5
negative regulation of cell death (GO:0060548),GO_Biological_Process_2021,1/94,0.1561219949284995,0.2030041100236466,0,0,6.104761904761904,11.33726052426851,PSMC5
negative regulation of cellular protein metabolic process (GO:0032269),GO_Biological_Process_2021,1/94,0.1561219949284995,0.2030041100236466,0,0,6.104761904761904,11.33726052426851,NCL
interleukin-1-mediated signaling pathway (GO:0070498),GO_Biological_Process_2021,1/94,0.1561219949284995,0.2030041100236466,0,0,6.104761904761904,11.33726052426851,PSMC5
nucleosome organization (GO:0034728),GO_Biological_Process_2021,1/94,0.1561219949284995,0.2030041100236466,0,0,6.104761904761904,11.33726052426851,SUPT16H
mRNA metabolic process (GO:0016071),GO_Biological_Process_2021,1/95,0.1576481460440215,0.2043926544640512,0,0,6.03951367781155,11.157335077597404,CPSF3
translational termination (GO:0006415),GO_Biological_Process_2021,1/96,0.1591716136285312,0.2057696802270288,0,0,5.975639097744361,10.981864174896383,APEH
glycosaminoglycan biosynthetic process (GO:0006024),GO_Biological_Process_2021,1/97,0.1606924023205751,0.207135293164672,0,0,5.913095238095238,10.810694930482056,HEXA
response to UV (GO:0009411),GO_Biological_Process_2021,1/99,0.1637259612098498,0.210437402592487,0,0,5.791836734693877,10.48068313038553,CCAR2
positive regulation of cell cycle process (GO:0090068),GO_Biological_Process_2021,1/101,0.1667488592559496,0.2137068713452687,0,0,5.675428571428571,10.1662047056792,NUMA1
positive regulation of cellular protein metabolic process (GO:0032270),GO_Biological_Process_2021,1/102,0.1682563218331979,0.2144066272503036,0,0,5.618953323903819,10.01447360660922,VPS11
regulation of protein catabolic process (GO:0042176),GO_Biological_Process_2021,1/102,0.1682563218331979,0.2144066272503036,0,0,5.618953323903819,10.01447360660922,SF3B3
nucleotide-excision repair (GO:0006289),GO_Biological_Process_2021,1/105,0.1727628182102556,0.2195219855321197,0,0,5.456043956043956,9.579916312265498,XAB2
regulation of cell cycle process (GO:0010564),GO_Biological_Process_2021,1/106,0.1742597016514327,0.2195475337190367,0,0,5.403809523809524,9.441582225640868,NUMA1
peptidyl-lysine modification (GO:0018205),GO_Biological_Process_2021,1/106,0.1742597016514327,0.2195475337190367,0,0,5.403809523809524,9.441582225640868,NUP93
protein localization to nucleus (GO:0034504),GO_Biological_Process_2021,1/106,0.1742597016514327,0.2195475337190367,0,0,5.403809523809524,9.441582225640868,NUP93
regulation of protein ubiquitination (GO:0031396),GO_Biological_Process_2021,1/109,0.1787345689266393,0.2239202745541605,0,0,5.252910052910053,9.044741185873644,GTPBP4
modulation of chemical synaptic transmission (GO:0050804),GO_Biological_Process_2021,1/109,0.1787345689266393,0.2239202745541605,0,0,5.252910052910053,9.044741185873644,PSMC5
Fc-epsilon receptor signaling pathway (GO:0038095),GO_Biological_Process_2021,1/111,0.1817047062169308,0.2263695502032155,0,0,5.156883116883117,8.794406152444553,PSMC5
regulation of protein serine/threonine kinase activity (GO:0071900),GO_Biological_Process_2021,1/111,0.1817047062169308,0.2263695502032155,0,0,5.156883116883117,8.794406152444553,GTPBP4
Fc receptor signaling pathway (GO:0038093),GO_Biological_Process_2021,1/112,0.1831858560080366,0.2275790857370036,0,0,5.11016731016731,8.67325208629207,PSMC5
negative regulation of cell motility (GO:2000146),GO_Biological_Process_2021,1/114,0.1861403402549351,0.2306071993158363,0,0,5.019216182048041,8.438579151459255,GTPBP4
cellular response to lectin (GO:1990858),GO_Biological_Process_2021,1/115,0.1876136836257722,0.2311483505444597,0,0,4.974937343358396,8.32491241779145,PSMC5
stimulatory C-type lectin receptor signaling pathway (GO:0002223),GO_Biological_Process_2021,1/115,0.1876136836257722,0.2311483505444597,0,0,4.974937343358396,8.32491241779145,PSMC5
sphingolipid metabolic process (GO:0006665),GO_Biological_Process_2021,1/116,0.1890844337106465,0.2316803775685394,0,0,4.931428571428572,8.213598182391156,HEXA
tumor necrosis factor-mediated signaling pathway (GO:0033209),GO_Biological_Process_2021,1/116,0.1890844337106465,0.2316803775685394,0,0,4.931428571428572,8.213598182391156,PSMC5
positive regulation of protein-containing complex assembly (GO:0031334),GO_Biological_Process_2021,1/118,0.1920181718568518,0.2339893569621746,0,0,4.846642246642246,7.997760693810055,PSMC5
regulation of protein binding (GO:0043393),GO_Biological_Process_2021,1/118,0.1920181718568518,0.2339893569621746,0,0,4.846642246642246,7.997760693810055,GTF2F1
innate immune response activating cell surface receptor signaling pathway (GO:0002220),GO_Biological_Process_2021,1/119,0.1934811687592036,0.2351297037237188,0,0,4.805326876513317,7.893110228215557,PSMC5
regulation of mRNA catabolic process (GO:0061013),GO_Biological_Process_2021,1/122,0.1978547236646519,0.2397913227022683,0,0,4.685478158205431,7.591515900355309,PSMC5
non-canonical Wnt signaling pathway (GO:0035567),GO_Biological_Process_2021,1/124,0.2007576077524453,0.2426501166872374,0,0,4.608826945412312,7.400195385984942,PSMC5
regulation of phosphorylation (GO:0042325),GO_Biological_Process_2021,1/125,0.2022052171834861,0.2430822826518458,0,0,4.571428571428571,7.307301351470821,NUP93
regulation of protein secretion (GO:0050708),GO_Biological_Process_2021,1/125,0.2022052171834861,0.2430822826518458,0,0,4.571428571428571,7.307301351470821,ERP29
negative regulation of cell growth (GO:0030308),GO_Biological_Process_2021,1/126,0.2036502773804248,0.243506765983028,0,0,4.534628571428572,7.216186087437459,CCAR2
negative regulation of growth (GO:0045926),GO_Biological_Process_2021,1/126,0.2036502773804248,0.243506765983028,0,0,4.534628571428572,7.216186087437459,CCAR2
regulation of cellular macromolecule biosynthetic process (GO:2000112),GO_Biological_Process_2021,2/468,0.2057614988843312,0.2453733382417426,0,0,2.461247159808129,3.891324187695624,TCOF1;CCAR2
microtubule cytoskeleton organization involved in mitosis (GO:1902850),GO_Biological_Process_2021,1/128,0.2065327674601907,0.2456363047659868,0,0,4.4627671541057365,7.039105669080527,CKAP5
DNA-dependent DNA replication (GO:0006261),GO_Biological_Process_2021,1/129,0.2079702060434281,0.2466880635515132,0,0,4.427678571428571,6.953051312628677,PSMC5
regulation of primary metabolic process (GO:0080090),GO_Biological_Process_2021,1/130,0.2094051127694752,0.2477312474673367,0,0,4.393133997785161,6.868597195588142,PSMC5
cellular response to hypoxia (GO:0071456),GO_Biological_Process_2021,1/131,0.2108374920098947,0.2487659297259605,0,0,4.359120879120879,6.785702334197538,PSMC5
regulation of cell motility (GO:2000145),GO_Biological_Process_2021,1/133,0.2136946852153093,0.2514718459261951,0,0,4.292640692640693,6.624433110738544,CFAP20
ribonucleoprotein complex assembly (GO:0022618),GO_Biological_Process_2021,1/136,0.2179616266021728,0.2558181196436028,0,0,4.196613756613757,6.39327355113342,XAB2
transcription initiation from RNA polymerase II promoter (GO:0006367),GO_Biological_Process_2021,1/140,0.2236158782781523,0.2617655687980471,0,0,4.07502569373073,6.103677512324173,GTF2F1
positive regulation of cellular catabolic process (GO:0031331),GO_Biological_Process_2021,1/141,0.2250232190700294,0.262723444254537,0,0,4.045714285714285,6.034391964883168,VPS11
protein-DNA complex assembly (GO:0065004),GO_Biological_Process_2021,1/143,0.2278304639226844,0.2646155909102012,0,0,3.988329979879276,5.899352272449898,PSMC5
negative regulation of DNA-binding transcription factor activity (GO:0043433),GO_Biological_Process_2021,1/143,0.2278304639226844,0.2646155909102012,0,0,3.988329979879276,5.899352272449898,KEAP1
negative regulation of cell migration (GO:0030336),GO_Biological_Process_2021,1/144,0.2292303764866502,0.2655499945793402,0,0,3.96023976023976,5.833543143716861,GTPBP4
regulation of mRNA stability (GO:0043488),GO_Biological_Process_2021,1/146,0.2320228029354727,0.2680885235990177,0,0,3.9052216748768473,5.705214979456153,PSMC5
positive regulation of intracellular protein transport (GO:0090316),GO_Biological_Process_2021,1/148,0.2348053927265232,0.2706025973024014,0,0,3.851700680272109,5.581107444989292,VPS11
cellular response to interleukin-1 (GO:0071347),GO_Biological_Process_2021,1/155,0.2444674782169233,0.2810115857854325,0,0,3.675324675324675,5.177330608217989,PSMC5
regulation of signal transduction by p53 class mediator (GO:1901796),GO_Biological_Process_2021,1/156,0.2458380567358478,0.281860599753697,0,0,3.6514285714285712,5.1232546733342605,SUPT16H
mitotic spindle organization (GO:0007052),GO_Biological_Process_2021,1/157,0.2472062179473925,0.2827024953962488,0,0,3.627838827838828,5.0700223046303945,CKAP5
skeletal system development (GO:0001501),GO_Biological_Process_2021,1/158,0.2485719658698513,0.282814022392739,0,0,3.604549590536852,5.01761548152493,TCOF1
T cell receptor signaling pathway (GO:0050852),GO_Biological_Process_2021,1/158,0.2485719658698513,0.282814022392739,0,0,3.604549590536852,5.01761548152493,PSMC5
negative regulation of canonical Wnt signaling pathway (GO:0090090),GO_Biological_Process_2021,1/165,0.2580649777661038,0.2928676338007183,0,0,3.4494773519163764,4.672468415413329,PSMC5
"DNA-templated transcription, initiation (GO:0006352)",GO_Biological_Process_2021,1/168,0.2620976243970516,0.2966891890382869,0,0,3.3869974337040207,4.535319056842308,GTF2F1
negative regulation of cellular process (GO:0048523),GO_Biological_Process_2021,2/566,0.2712280741012143,0.3056952005211819,0,0,2.023362536503963,2.640073746130918,GTPBP4;CCAR2
mitochondrion organization (GO:0007005),GO_Biological_Process_2021,1/175,0.2714244381309148,0.3056952005211819,0,0,3.249589490968801,4.23769701242284,LONP1
positive regulation of developmental process (GO:0051094),GO_Biological_Process_2021,1/177,0.2740681231144472,0.3078951710555251,0,0,3.2123376623376623,4.157981058615044,NUMA1
protein stabilization (GO:0050821),GO_Biological_Process_2021,1/179,0.2767024808135297,0.3100736342784781,0,0,3.175922953451044,4.080465276244197,GTPBP4
cellular protein modification process (GO:0006464),GO_Biological_Process_2021,3/1025,0.2802260594459715,0.3132351441426148,0,0,1.6849315068493151,2.143500185004143,PIGS;PSMC5;KEAP1
antigen receptor-mediated signaling pathway (GO:0050851),GO_Biological_Process_2021,1/185,0.2845499094310254,0.3172731490155933,0,0,3.071428571428572,3.860314594680295,PSMC5
negative regulation of Wnt signaling pathway (GO:0030178),GO_Biological_Process_2021,1/191,0.2923145372129462,0.3251179142069177,0,0,2.9735338345864664,3.657223227499316,PSMC5
negative regulation of macromolecule metabolic process (GO:0010605),GO_Biological_Process_2021,1/194,0.296166066395674,0.32695560795166,0,0,2.9268689859363435,3.5615164669648727,ERP29
cellular response to tumor necrosis factor (GO:0071356),GO_Biological_Process_2021,1/194,0.296166066395674,0.32695560795166,0,0,2.9268689859363435,3.5615164669648727,PSMC5
regulation of programmed cell death (GO:0043067),GO_Biological_Process_2021,1/194,0.296166066395674,0.32695560795166,0,0,2.9268689859363435,3.5615164669648727,PSMC5
regulation of gene expression (GO:0010468),GO_Biological_Process_2021,3/1079,0.3071433588351333,0.3382368840505418,0,0,1.5958093950659007,1.883758317089799,HNRNPF;ERP29;CCAR2
cytokine-mediated signaling pathway (GO:0019221),GO_Biological_Process_2021,2/621,0.3081682017734052,0.3385296009629033,0,0,1.838354081535684,2.163944118850729,PSMC5;HNRNPF
proteasomal protein catabolic process (GO:0010498),GO_Biological_Process_2021,1/205,0.3101147516085681,0.3398309071681115,0,0,2.7675070028011204,3.24023285410695,PSMC5
positive regulation of protein modification process (GO:0031401),GO_Biological_Process_2021,1/214,0.3213270703230478,0.3503957783962819,0,0,2.649362843729041,3.0078104135873462,ERP29
translation (GO:0006412),GO_Biological_Process_2021,1/214,0.3213270703230478,0.3503957783962819,0,0,2.649362843729041,3.0078104135873462,APEH
regulation of cell growth (GO:0001558),GO_Biological_Process_2021,1/217,0.3250249866040169,0.3535637659155892,0,0,2.6121693121693124,2.935694886787051,CCAR2
positive regulation of cell motility (GO:2000147),GO_Biological_Process_2021,1/221,0.3299250821225605,0.358020892035674,0,0,2.5641558441558443,2.843365938537998,CFAP20
cilium organization (GO:0044782),GO_Biological_Process_2021,1/228,0.3384171551213141,0.3663447844274419,0,0,2.484203901825047,2.691575201731637,CFAP20
regulation of autophagy (GO:0010506),GO_Biological_Process_2021,1/231,0.3420244996466646,0.3693533337588678,0,0,2.4514285714285715,2.63007130040726,KEAP1
membrane organization (GO:0061024),GO_Biological_Process_2021,1/242,0.3550885439848984,0.3825350014909774,0,0,2.338233550681684,2.420979195573147,NUP93
"positive regulation of transcription, DNA-templated (GO:0045893)",GO_Biological_Process_2021,3/1183,0.3593188232094964,0.3861595063890009,0,0,1.4471494607087827,1.4812228808267405,SUPT16H;PSMC5;GTF2F1
positive regulation of phosphorylation (GO:0042327),GO_Biological_Process_2021,1/253,0.3679002682284815,0.3944315375718816,0,0,2.234920634920635,2.2347941111283656,ERP29
regulation of protein phosphorylation (GO:0001932),GO_Biological_Process_2021,1/266,0.3827225631092849,0.4093387605437435,0,0,2.1238814016172505,2.039871125368213,ERP29
plasma membrane bounded cell projection assembly (GO:0120031),GO_Biological_Process_2021,1/278,0.396104386407091,0.4226376945874703,0,0,2.0306343476018567,1.880524780907244,CFAP20
positive regulation of programmed cell death (GO:0043068),GO_Biological_Process_2021,1/286,0.4048684568028019,0.4309578323008344,0,0,1.9728320802005013,1.783821080693959,CCAR2
DNA repair (GO:0006281),GO_Biological_Process_2021,1/298,0.4177831443772276,0.4436459104577226,0,0,1.891967291967292,1.6512953818928695,PDS5A
MAPK cascade (GO:0000165),GO_Biological_Process_2021,1/303,0.423083474962785,0.4482071967539243,0,0,1.860170293282876,1.6000920329254698,PSMC5
positive regulation of apoptotic process (GO:0043065),GO_Biological_Process_2021,1/310,0.4304251955593035,0.4549043536005908,0,0,1.8173832639852057,1.532020891545139,CCAR2
cellular macromolecule biosynthetic process (GO:0034645),GO_Biological_Process_2021,1/314,0.4345795969412347,0.4582092204155808,0,0,1.7937927886809677,1.4949041442991,XAB2
cellular protein localization (GO:0034613),GO_Biological_Process_2021,1/329,0.4498978237617553,0.4732415787682614,0,0,1.710452961672474,1.3661982705662747,ERP29
positive regulation of multicellular organismal process (GO:0051240),GO_Biological_Process_2021,1/345,0.4657924704180668,0.4888080983681359,0,0,1.6295681063122924,1.2450146177040955,NUMA1
cellular response to DNA damage stimulus (GO:0006974),GO_Biological_Process_2021,1/350,0.4706673250411206,0.4926232865857418,0,0,1.6058125255832991,1.2101463423378442,PDS5A
supramolecular fiber organization (GO:0097435),GO_Biological_Process_2021,1/351,0.4716370927625823,0.4926232865857418,0,0,1.6011428571428572,1.2033316457302436,CKAP5
protein transport (GO:0015031),GO_Biological_Process_2021,1/369,0.4888004014475035,0.5092491833393588,0,0,1.5214285714285714,1.089040168674709,ERP29
positive regulation of protein phosphorylation (GO:0001934),GO_Biological_Process_2021,1/371,0.4906736364242906,0.5092491833393588,0,0,1.513050193050193,1.0772555207694785,ERP29
positive regulation of transcription by RNA polymerase II (GO:0045944),GO_Biological_Process_2021,2/908,0.4909801543406373,0.5092491833393588,0,0,1.237371769900013,0.8802063522594755,SUPT16H;GTF2F1
negative regulation of cell population proliferation (GO:0008285),GO_Biological_Process_2021,1/379,0.4981000640729748,0.5154353331242385,0,0,1.4804232804232804,1.0317873567038476,GTPBP4
negative regulation of programmed cell death (GO:0043069),GO_Biological_Process_2021,1/381,0.4999401578859884,0.5161419222619232,0,0,1.4724812030075187,1.0208224376152222,PSMC5
positive regulation of macromolecule metabolic process (GO:0010604),GO_Biological_Process_2021,1/384,0.5026880065046005,0.5177802561225215,0,0,1.4607236105930623,1.004664616340294,ERP29
regulation of cell migration (GO:0030334),GO_Biological_Process_2021,1/408,0.524148583929991,0.5386411715040922,0,0,1.372902772902773,0.8868678399657804,GTPBP4
organelle assembly (GO:0070925),GO_Biological_Process_2021,1/425,0.5388022207052415,0.5524271044472131,0,0,1.316711590296496,0.8142632863639486,CFAP20
regulation of nucleic acid-templated transcription (GO:1903506),GO_Biological_Process_2021,1/430,0.5430279691076846,0.555482739041347,0,0,1.301032301032301,0.7944031047388469,CCAR2
regulation of intracellular signal transduction (GO:1902531),GO_Biological_Process_2021,1/437,0.5488808332440344,0.5601850151643921,0,0,1.2796854521625165,0.7676499317806833,SUPT16H
negative regulation of nucleic acid-templated transcription (GO:1903507),GO_Biological_Process_2021,1/464,0.5707810517948008,0.5812062764851168,0,0,1.2033940141931505,0.6748026998326154,CCAR2
positive regulation of gene expression (GO:0010628),GO_Biological_Process_2021,1/482,0.5848031878799329,0.5941280678689068,0,0,1.1572913572913572,0.6208635740013795,ERP29
positive regulation of nucleic acid-templated transcription (GO:1903508),GO_Biological_Process_2021,1/511,0.6064626953345513,0.6147326411800225,0,0,1.0898599439775911,0.5450521023418735,PSMC5
positive regulation of cellular process (GO:0048522),GO_Biological_Process_2021,1/625,0.6814474115665077,0.6891735726953797,0,0,0.8855311355311355,0.3396332436359037,NUMA1
regulation of apoptotic process (GO:0042981),GO_Biological_Process_2021,1/742,0.7439076170837344,0.7506398127134515,0,0,0.7411991517254675,0.2192751877642043,CCAR2
regulation of cell population proliferation (GO:0042127),GO_Biological_Process_2021,1/764,0.7542409090095596,0.759348635255674,0,0,0.7190039318479685,0.202790352403682,GTPBP4
"negative regulation of transcription, DNA-templated (GO:0045892)",GO_Biological_Process_2021,1/948,0.8261790472955003,0.8299005745355701,0,0,0.5737516970885503,0.1095543090283909,CCAR2
regulation of transcription by RNA polymerase II (GO:0006357),GO_Biological_Process_2021,2/2206,0.9188633751176476,0.920928236634766,0,0,0.4740044838261983,0.0401092330025038,PSMC5;GTF2F1
"regulation of transcription, DNA-templated (GO:0006355)",GO_Biological_Process_2021,2/2244,0.9236876974999136,0.9236876974999136,0,0,0.4649735005509786,0.0369101796391115,PSMC5;CCAR2
intracellular non-membrane-bounded organelle (GO:0043232),GO_Cellular_Component_2021,13/1158,5.0865575878696264e-08,3.3062624321152567e-06,0,0,9.289804442756788,156.0137138964344,NOP14;SF3B3;ANAPC7;NUMA1;TUBB;PDS5A;CKAP5;GTPBP4;CCAR2;TCOF1;NCL;BMS1;SURF6
nuclear lumen (GO:0031981),GO_Cellular_Component_2021,9/745,5.013507037397048e-06,0.00016293897871540403,0,0,8.708333333333334,106.27105624922665,NOP14;SF3B3;TCOF1;NCL;BMS1;SURF6;NCAPD2;CKAP5;GTPBP4
chromosome (GO:0005694),GO_Cellular_Component_2021,5/160,9.4952667985487e-06,0.00020573078063522185,0,0,20.61290322580645,238.382394730438,NCL;BMS1;SURF6;NCAPD2;PDS5A
nucleolus (GO:0005730),GO_Cellular_Component_2021,8/733,3.8115725797898375e-05,0.0006193805442158486,0,0,7.581871921182266,77.1446643469038,NOP14;SF3B3;TCOF1;NCL;BMS1;SURF6;CKAP5;GTPBP4
post-mRNA release spliceosomal complex (GO:0071014),GO_Cellular_Component_2021,2/11,0.0001714937660463913,0.002229418958603,0,0,130.4248366013072,1130.9090161319034,HNRNPM;XAB2
90S preribosome (GO:0030686),GO_Cellular_Component_2021,2/13,0.0002426595424912267,0.0026288117103216,0,0,106.70053475935828,888.1593696806578,NOP14;BMS1
microtubule cytoskeleton (GO:0015630),GO_Cellular_Component_2021,5/331,0.00029797345511289967,0.0027668963689054,0,0,9.716010290916287,78.87948932192215,ANAPC7;NUMA1;TUBB;CKAP5;CCAR2
intracellular membrane-bounded organelle (GO:0043231),GO_Cellular_Component_2021,17/5192,0.004812963514164,0.0355795814501688,0,0,2.556959064327485,13.645064431937952,SF3B3;ANAPC7;NUMA1;HSPA4;TUBB;HEXA;GTF2F1;PDS5A;GTPBP4;CCAR2;CLCN7;XAB2;HNRNPM;PSMC5;NCL;HNRNPF;NCAPD2
spindle (GO:0005819),GO_Cellular_Component_2021,3/192,0.004926403585408,0.0355795814501688,0,0,9.511784511784512,50.53750033577027,ANAPC7;NUMA1;CCAR2
nuclear membrane (GO:0031965),GO_Cellular_Component_2021,3/204,0.0058280527179729,0.0378823426668243,0,0,8.938489371325192,45.98917447095539,NUP93;APEH;GTPBP4
nucleus (GO:0005634),GO_Cellular_Component_2021,15/4484,0.0075980793831831,0.0448977418097183,0,0,2.476584726528785,12.08538618975061,SF3B3;ANAPC7;NUMA1;HSPA4;TUBB;GTF2F1;PDS5A;GTPBP4;CCAR2;XAB2;HNRNPM;PSMC5;NCL;HNRNPF;NCAPD2
nuclear envelope lumen (GO:0005641),GO_Cellular_Component_2021,1/6,0.010752747305294,0.0559094898557986,0,0,114.05142857142856,516.9488201244333,TUBB
U2-type spliceosomal complex (GO:0005684),GO_Cellular_Component_2021,2/89,0.0111818979711597,0.0559094898557986,0,0,13.4394861392833,60.38978076507706,XAB2;SF3B3
astral microtubule (GO:0000235),GO_Cellular_Component_2021,1/7,0.0125339166174689,0.0581931842953917,0,0,95.03809523809524,416.20194419543344,NUMA1
"condensed chromosome, centromeric region (GO:0000779)",GO_Cellular_Component_2021,1/10,0.0178587410119325,0.0708769820052437,0,0,63.34920634920635,254.99716559529236,NCAPD2
"preribosome, small subunit precursor (GO:0030688)",GO_Cellular_Component_2021,1/11,0.0196274719399136,0.0708769820052437,0,0,57.011428571428574,224.10195239289595,NOP14
primary lysosome (GO:0005766),GO_Cellular_Component_2021,1/11,0.0196274719399136,0.0708769820052437,0,0,57.011428571428574,224.10195239289595,HEXA
cell cortex region (GO:0099738),GO_Cellular_Component_2021,1/11,0.0196274719399136,0.0708769820052437,0,0,57.011428571428574,224.10195239289595,NUMA1
mRNA cleavage and polyadenylation specificity factor complex (GO:0005847),GO_Cellular_Component_2021,1/14,0.0249151061269709,0.0852358893817425,0,0,43.848351648351645,161.9004351330391,CPSF3
azurophil granule (GO:0042582),GO_Cellular_Component_2021,2/155,0.0316525332277574,0.0918964777960059,0,0,7.616685890042292,26.299937249191007,TUBB;HEXA
cullin-RING ubiquitin ligase complex (GO:0031461),GO_Cellular_Component_2021,2/157,0.0324049754055466,0.0918964777960059,0,0,7.517647058823529,25.78134438330689,ANAPC7;KEAP1
anaphase-promoting complex (GO:0005680),GO_Cellular_Component_2021,1/19,0.0336662807139245,0.0918964777960059,0,0,31.66031746031746,107.36832116912788,ANAPC7
smooth endoplasmic reticulum (GO:0005790),GO_Cellular_Component_2021,1/19,0.0336662807139245,0.0918964777960059,0,0,31.66031746031746,107.36832116912788,ERP29
vacuolar lumen (GO:0005775),GO_Cellular_Component_2021,2/161,0.0339310071862175,0.0918964777960059,0,0,7.327044025157233,24.790511377936586,TUBB;HEXA
U2 snRNP (GO:0005686),GO_Cellular_Component_2021,1/20,0.0354073301248565,0.0920590583246269,0,0,29.99248120300752,100.19997336732251,SF3B3
microtubule (GO:0005874),GO_Cellular_Component_2021,2/182,0.042388550607929,0.1040762201534983,0,0,6.465359477124183,20.436205977727244,NUMA1;TUBB
ficolin-1-rich granule (GO:0101002),GO_Cellular_Component_2021,2/184,0.0432316606791454,0.1040762201534983,0,0,6.393665158371041,20.08366697130213,APEH;VPS35L
U12-type spliceosomal complex (GO:0005689),GO_Cellular_Component_2021,1/28,0.0492263693920855,0.1139779767303282,0,0,21.097354497354495,63.53100866506492,SF3B3
U2-type catalytic step 2 spliceosome (GO:0071007),GO_Cellular_Component_2021,1/30,0.0526509413652038,0.1139779767303282,0,0,19.64039408866995,57.82271782479102,XAB2
lysosome (GO:0005764),GO_Cellular_Component_2021,3/477,0.0538854325671339,0.1139779767303282,0,0,3.73801304181051,10.918343997623342,CLCN7;HEXA;VPS11
transcription factor TFIID complex (GO:0005669),GO_Cellular_Component_2021,1/31,0.054358727363695,0.1139779767303282,0,0,18.984761904761903,55.2864763029152,GTF2F1
Cul3-RING ubiquitin ligase complex (GO:0031463),GO_Cellular_Component_2021,1/36,0.062852861314362,0.1236588507492831,0,0,16.268571428571427,45.01446718516486,KEAP1
small-subunit processome (GO:0032040),GO_Cellular_Component_2021,1/37,0.0645427644249927,0.1236588507492831,0,0,15.815873015873017,43.34224956187957,NOP14
intracellular organelle lumen (GO:0070013),GO_Cellular_Component_2021,4/848,0.0646830911611635,0.1236588507492831,0,0,2.8317535545023698,7.754064614455913,ERP29;LONP1;APEH;CCAR2
lytic vacuole membrane (GO:0098852),GO_Cellular_Component_2021,2/267,0.0831867811189822,0.1471566811704174,0,0,4.372697003329634,10.87344057202978,CLCN7;VPS11
U2-type precatalytic spliceosome (GO:0071005),GO_Cellular_Component_2021,1/50,0.0862437219743075,0.1471566811704174,0,0,11.612244897959185,28.456712045041098,SF3B3
secretory granule membrane (GO:0030667),GO_Cellular_Component_2021,2/274,0.0869421059447406,0.1471566811704174,0,0,4.258650519031142,10.401808534405117,MLEC;VPS35L
spliceosomal snRNP complex (GO:0097525),GO_Cellular_Component_2021,1/51,0.0878926025297119,0.1471566811704174,0,0,11.379428571428573,27.67066954509134,SF3B3
precatalytic spliceosome (GO:0071011),GO_Cellular_Component_2021,1/52,0.0895385901937681,0.1471566811704174,0,0,11.155742296918769,26.919760773627655,SF3B3
cytoskeleton (GO:0005856),GO_Cellular_Component_2021,3/600,0.092607044654708,0.1471566811704174,0,0,2.949139637581849,7.017153551125528,ANAPC7;TUBB;CKAP5
condensed chromosome (GO:0000793),GO_Cellular_Component_2021,1/54,0.0928219065844171,0.1471566811704174,0,0,10.733692722371968,25.514766917792368,NCAPD2
ficolin-1-rich granule membrane (GO:0101003),GO_Cellular_Component_2021,1/61,0.1042231100382731,0.1575465616857617,0,0,9.478095238095236,21.43207167800956,VPS35L
spindle microtubule (GO:0005876),GO_Cellular_Component_2021,1/61,0.1042231100382731,0.1575465616857617,0,0,9.478095238095236,21.43207167800956,NUMA1
organelle envelope lumen (GO:0031970),GO_Cellular_Component_2021,1/64,0.1090665833435488,0.1611210890302426,0,0,9.025396825396824,19.998444744570275,TUBB
motile cilium (GO:0031514),GO_Cellular_Component_2021,1/68,0.1154849581798632,0.1668116062598024,0,0,8.484861407249467,18.315549019302413,CFAP20
lysosomal membrane (GO:0005765),GO_Cellular_Component_2021,2/330,0.1186793364053503,0.1676990623119081,0,0,3.5215208034433285,7.505523198245952,CLCN7;VPS11
mitochondrial matrix (GO:0005759),GO_Cellular_Component_2021,2/348,0.1294336406953845,0.179003971174468,0,0,3.3352601156069364,6.819229328040218,LONP1;CCAR2
nuclear chromosome (GO:0000228),GO_Cellular_Component_2021,1/83,0.1391559029689243,0.1884402852704183,0,0,6.927526132404181,13.662192502450983,NCAPD2
lysosomal lumen (GO:0043202),GO_Cellular_Component_2021,1/86,0.1438156274160286,0.1907758322865685,0,0,6.6820168067226895,12.957921780117758,HEXA
azurophil granule lumen (GO:0035578),GO_Cellular_Component_2021,1/90,0.1499904635419038,0.193123150027451,0,0,6.380417335473515,12.10482289581807,TUBB
specific granule membrane (GO:0035579),GO_Cellular_Component_2021,1/91,0.1515273946369231,0.193123150027451,0,0,6.309206349206349,11.90540201874753,MLEC
mitotic spindle (GO:0072686),GO_Cellular_Component_2021,1/120,0.1949415900958824,0.243676987619853,0,0,4.764705882352941,7.790557621409014,NUMA1
ficolin-1-rich granule lumen (GO:1904813),GO_Cellular_Component_2021,1/123,0.1993074447067255,0.2444336586025879,0,0,4.646838407494145,7.49491679284204,APEH
specific granule (GO:0042581),GO_Cellular_Component_2021,1/160,0.251296238653768,0.3024862131943504,0,0,3.5588499550763704,4.915208822202325,MLEC
tertiary granule (GO:0070820),GO_Cellular_Component_2021,1/164,0.2567160069647113,0.3033916445946589,0,0,3.470815074496056,4.719561708074164,VPS35L
endocytic vesicle (GO:0030139),GO_Cellular_Component_2021,1/189,0.2897354754914663,0.3304001036306194,0,0,3.005471124620061,3.723138334881813,VPS11
late endosome (GO:0005770),GO_Cellular_Component_2021,1/189,0.2897354754914663,0.3304001036306194,0,0,3.005471124620061,3.723138334881813,VPS11
lytic vacuole (GO:0000323),GO_Cellular_Component_2021,1/219,0.3274793732216444,0.3670027458518429,0,0,2.587942332896461,2.888998203860324,VPS11
cilium (GO:0005929),GO_Cellular_Component_2021,1/237,0.349181909308861,0.3846919339843384,0,0,2.3883777239709443,2.5129609096661323,CFAP20
endoplasmic reticulum membrane (GO:0005789),GO_Cellular_Component_2021,2/712,0.3685237633733259,0.3957021075001685,0,0,1.5951946975973488,1.5924032387445657,PIGS;MLEC
polymeric cytoskeletal fiber (GO:0099513),GO_Cellular_Component_2021,1/256,0.3713512085770811,0.3957021075001685,0,0,2.2082913165266107,2.1875488589851058,TUBB
early endosome (GO:0005769),GO_Cellular_Component_2021,1/266,0.3827225631092849,0.4012413968081212,0,0,2.1238814016172505,2.039871125368213,VPS11
endoplasmic reticulum lumen (GO:0005788),GO_Cellular_Component_2021,1/285,0.4037797482425136,0.4165981529486252,0,0,1.979879275653924,1.795524256871326,ERP29
secretory granule lumen (GO:0034774),GO_Cellular_Component_2021,1/316,0.4366457351903287,0.4434683248026775,0,0,1.7822222222222222,1.4768083022236371,TUBB
collagen-containing extracellular matrix (GO:0062023),GO_Cellular_Component_2021,1/380,0.4990209323411889,0.4990209323411889,0,0,1.4764417640407086,1.0262853530247,HNRNPM
RNA binding (GO:0003723),GO_Molecular_Function_2021,15/1406,6.394335494328441e-09,4.34814813614334e-07,0,0,9.537331827051451,179.94897795318508,NOP14;SUPT16H;CPSF3;GTF2F1;APEH;GTPBP4;CCAR2;HNRNPM;TCOF1;NCL;HNRNPF;BMS1;LONP1;SURF6;CFAP20
purine ribonucleoside triphosphate binding (GO:0035639),GO_Molecular_Function_2021,5/460,0.001318340576501,0.0300904396095742,0,0,6.915632754342432,45.86019891610346,HSPA4;TUBB;BMS1;LONP1;GTPBP4
snoRNA binding (GO:0030515),GO_Molecular_Function_2021,2/30,0.00132751939454,0.0300904396095742,0,0,41.88235294117647,277.4472679372888,NOP14;BMS1
single-stranded RNA binding (GO:0003727),GO_Molecular_Function_2021,2/45,0.0029704902359377,0.0504983340109415,0,0,27.251709986320108,158.57847101200235,HNRNPF;LONP1
GTP binding (GO:0005525),GO_Molecular_Function_2021,3/189,0.004715227161258,0.0641270893931097,0,0,9.666666666666666,51.78392912781091,TUBB;BMS1;GTPBP4
guanyl ribonucleotide binding (GO:0032561),GO_Molecular_Function_2021,3/214,0.0066504059731881,0.0753712676961319,0,0,8.510555794915984,42.664074726109085,TUBB;BMS1;GTPBP4
U2 snRNA binding (GO:0030620),GO_Molecular_Function_2021,1/5,0.0089684554827598,0.0871221389753818,0,0,142.57142857142858,672.0876744444516,SF3B3
U3 snoRNA binding (GO:0034511),GO_Molecular_Function_2021,1/9,0.0160869082852461,0.1058892010396263,0,0,71.27142857142857,294.3331456349383,BMS1
G-quadruplex DNA binding (GO:0051880),GO_Molecular_Function_2021,1/10,0.0178587410119325,0.1058892010396263,0,0,63.34920634920635,254.99716559529236,LONP1
phosphatase binding (GO:0019902),GO_Molecular_Function_2021,2/114,0.017883160180272,0.1058892010396263,0,0,10.426470588235292,41.955031010627096,ANAPC7;GTF2F1
protein phosphatase binding (GO:0019903),GO_Molecular_Function_2021,2/123,0.0206228498569961,0.1058892010396263,0,0,9.64657267865824,37.4417789021031,ANAPC7;GTF2F1
hexosaminidase activity (GO:0015929),GO_Molecular_Function_2021,1/12,0.0213931062881188,0.1058892010396263,0,0,51.82597402597403,199.25462501506232,HEXA
microtubule minus-end binding (GO:0051011),GO_Molecular_Function_2021,1/13,0.0231556492787795,0.1058892010396263,0,0,47.50476190476191,178.87996472866277,NUMA1
5'-3' exonuclease activity (GO:0008409),GO_Molecular_Function_2021,1/14,0.0249151061269709,0.1058892010396263,0,0,43.848351648351645,161.9004351330391,CPSF3
peptide hormone receptor binding (GO:0051428),GO_Molecular_Function_2021,1/14,0.0249151061269709,0.1058892010396263,0,0,43.848351648351645,161.9004351330391,PSMC5
phosphatase activator activity (GO:0019211),GO_Molecular_Function_2021,1/14,0.0249151061269709,0.1058892010396263,0,0,43.848351648351645,161.9004351330391,GTF2F1
chloride transmembrane transporter activity (GO:0015108),GO_Molecular_Function_2021,1/16,0.0284247822669753,0.1136991290679014,0,0,37.99809523809524,135.29198627979454,CLCN7
MHC class I protein binding (GO:0042288),GO_Molecular_Function_2021,1/17,0.030175011976485,0.1139944896889434,0,0,35.621428571428574,124.70139957851625,TUBB
DNA polymerase binding (GO:0070182),GO_Molecular_Function_2021,1/18,0.0319221763964905,0.1142477892084923,0,0,33.52436974789916,115.4731604004656,LONP1
microtubule plus-end binding (GO:0051010),GO_Molecular_Function_2021,1/20,0.0354073301248565,0.1203849224245121,0,0,29.99248120300752,100.19997336732251,NUMA1
TBP-class protein binding (GO:0017025),GO_Molecular_Function_2021,1/22,0.0388802849574893,0.122532180904796,0,0,27.133333333333333,88.10920425980879,PSMC5
disordered domain specific binding (GO:0097718),GO_Molecular_Function_2021,1/23,0.0406122007207395,0.122532180904796,0,0,25.898701298701297,82.97132611919092,NUMA1
mRNA 5'-UTR binding (GO:0048027),GO_Molecular_Function_2021,1/25,0.044066934781374,0.122532180904796,0,0,23.73809523809524,74.11141474490151,NCL
protein heterodimerization activity (GO:0046982),GO_Molecular_Function_2021,2/188,0.0449367789898666,0.122532180904796,0,0,6.254901960784314,19.405825129162142,TCOF1;HEXA
general transcription initiation factor binding (GO:0140296),GO_Molecular_Function_2021,1/26,0.0457897633734358,0.122532180904796,0,0,22.78742857142857,70.2694731674912,PSMC5
ADP binding (GO:0043531),GO_Molecular_Function_2021,1/27,0.0475095732087328,0.122532180904796,0,0,21.90989010989011,66.75558005419848,LONP1
MHC protein binding (GO:0042287),GO_Molecular_Function_2021,1/28,0.0492263693920855,0.122532180904796,0,0,21.097354497354495,63.53100866506492,TUBB
RNA polymerase II complex binding (GO:0000993),GO_Molecular_Function_2021,1/32,0.0560635201791323,0.122532180904796,0,0,18.37142857142857,52.93304493727771,CCAR2
GTPase activity (GO:0003924),GO_Molecular_Function_2021,2/216,0.0575448351799856,0.122532180904796,0,0,5.428807036833425,15.500280410114254,BMS1;GTPBP4
telomeric DNA binding (GO:0042162),GO_Molecular_Function_2021,1/33,0.0577653249044559,0.122532180904796,0,0,17.79642857142857,50.744142000677016,NCL
RNA polymerase core enzyme binding (GO:0043175),GO_Molecular_Function_2021,1/33,0.0577653249044559,0.122532180904796,0,0,17.79642857142857,50.744142000677016,CCAR2
basal RNA polymerase II transcription machinery binding (GO:0001099),GO_Molecular_Function_2021,1/33,0.0577653249044559,0.122532180904796,0,0,17.79642857142857,50.744142000677016,CCAR2
endoribonuclease activity (GO:0004521),GO_Molecular_Function_2021,1/34,0.0594641466155627,0.122532180904796,0,0,17.256277056277057,48.70380102145059,CPSF3
microtubule binding (GO:0008017),GO_Molecular_Function_2021,2/232,0.0652418880958746,0.1304837761917492,0,0,5.047058823529412,13.776722089605215,NUMA1;CKAP5
snRNA binding (GO:0017069),GO_Molecular_Function_2021,1/43,0.074620141499927,0.1449762749141439,0,0,13.552380952380952,35.173101634547834,SF3B3
mRNA binding (GO:0003729),GO_Molecular_Function_2021,2/263,0.0810645313947092,0.1476274979433505,0,0,4.440613026819923,11.157083559648708,HNRNPM;NCL
acetylglucosaminyltransferase activity (GO:0008375),GO_Molecular_Function_2021,1/48,0.0829372624429636,0.1476274979433505,0,0,12.10759878419453,30.143935528683446,HEXA
exonuclease activity (GO:0004527),GO_Molecular_Function_2021,1/49,0.0845919435999249,0.1476274979433505,0,0,11.854761904761904,29.2802690236398,CPSF3
endonuclease activity (GO:0004519),GO_Molecular_Function_2021,1/51,0.0878926025297119,0.1476274979433505,0,0,11.379428571428573,27.67066954509134,CPSF3
nucleoside-triphosphatase activity (GO:0017111),GO_Molecular_Function_2021,2/278,0.089111072415767,0.1476274979433505,0,0,4.196078431372549,10.145579217557614,BMS1;GTPBP4
ATP binding (GO:0005524),GO_Molecular_Function_2021,2/278,0.089111072415767,0.1476274979433505,0,0,4.196078431372549,10.145579217557614,HSPA4;LONP1
nuclear receptor coactivator activity (GO:0030374),GO_Molecular_Function_2021,1/53,0.0911816899061871,0.1476274979433505,0,0,10.94065934065934,26.201797862420797,CCAR2
adenyl ribonucleotide binding (GO:0032559),GO_Molecular_Function_2021,2/306,0.104733564274315,0.1599366628342831,0,0,3.804179566563468,8.583505924797432,HSPA4;LONP1
tubulin binding (GO:0015631),GO_Molecular_Function_2021,2/307,0.1053049438533943,0.1599366628342831,0,0,3.791513982642237,8.534299527641368,NUMA1;CKAP5
syntaxin binding (GO:0019905),GO_Molecular_Function_2021,1/62,0.1058404386403344,0.1599366628342831,0,0,9.322248243559718,20.93611592627792,VPS11
chloride channel activity (GO:0005254),GO_Molecular_Function_2021,1/64,0.1090665833435488,0.1612288623339417,0,0,9.025396825396824,19.998444744570275,CLCN7
ribonuclease activity (GO:0004540),GO_Molecular_Function_2021,1/66,0.1122814103463968,0.1624497000756379,0,0,8.746813186813187,19.127067203604,CPSF3
anion channel activity (GO:0005253),GO_Molecular_Function_2021,1/68,0.1154849581798632,0.1636036907548062,0,0,8.484861407249467,18.315549019302413,CLCN7
UDP-glycosyltransferase activity (GO:0008194),GO_Molecular_Function_2021,1/84,0.1407118773304539,0.195273625683079,0,0,6.843717728055077,13.420810389400808,HEXA
phosphatidylinositol binding (GO:0035091),GO_Molecular_Function_2021,1/92,0.1530616238276292,0.2081638084055758,0,0,6.23956043956044,11.711122514406291,NUMA1
single-stranded DNA binding (GO:0003697),GO_Molecular_Function_2021,1/97,0.1606924023205751,0.2142565364274335,0,0,5.913095238095238,10.810694930482056,LONP1
serine-type endopeptidase activity (GO:0004252),GO_Molecular_Function_2021,1/105,0.1727628182102556,0.2259206084287958,0,0,5.456043956043956,9.579916312265498,APEH
omega peptidase activity (GO:0008242),GO_Molecular_Function_2021,1/113,0.1846643992267715,0.2369279084418954,0,0,5.064285714285714,8.554668200781553,APEH
hexosyltransferase activity (GO:0016758),GO_Molecular_Function_2021,1/119,0.1934811687592036,0.2436429532523305,0,0,4.805326876513317,7.893110228215557,HEXA
serine-type peptidase activity (GO:0008236),GO_Molecular_Function_2021,1/125,0.2022052171834861,0.2499991776086737,0,0,4.571428571428571,7.307301351470821,APEH
G protein-coupled receptor binding (GO:0001664),GO_Molecular_Function_2021,1/143,0.2278304639226844,0.2766512776204025,0,0,3.988329979879276,5.899352272449898,PSMC5
DNA-binding transcription factor binding (GO:0140297),GO_Molecular_Function_2021,1/208,0.3138720549400061,0.3744438550161476,0,0,2.726984126984127,3.159946972658278,PSMC5
sequence-specific DNA binding (GO:0043565),GO_Molecular_Function_2021,2/707,0.365248456097269,0.4282223278381774,0,0,1.6069253233208176,1.618458958056548,NCL;LONP1
ubiquitin protein ligase activity (GO:0061630),GO_Molecular_Function_2021,1/263,0.3793323222024177,0.4316493854739476,0,0,2.148527808069793,2.082659571426134,VPS11
ubiquitin protein ligase binding (GO:0031625),GO_Molecular_Function_2021,1/265,0.3815944881542683,0.4316493854739476,0,0,2.132034632034632,2.053995306924701,TUBB
ubiquitin-like protein ligase activity (GO:0061659),GO_Molecular_Function_2021,1/270,0.387214889910453,0.4316493854739476,0,0,2.0918746680828466,1.984719369240654,VPS11
ubiquitin-like protein ligase binding (GO:0044389),GO_Molecular_Function_2021,1/282,0.4005019918141397,0.4392602490864758,0,0,2.001321809862735,1.8312825826570125,TUBB
DNA binding (GO:0003677),GO_Molecular_Function_2021,2/811,0.4319804710128239,0.46283943435878,0,0,1.392787028284738,1.1690704694521925,LONP1;SURF6
endopeptidase activity (GO:0004175),GO_Molecular_Function_2021,1/315,0.4356135852788517,0.46283943435878,0,0,1.7879890809827117,1.4858183915105465,APEH
cadherin binding (GO:0045296),GO_Molecular_Function_2021,1/322,0.4428002048543613,0.463237137386101,0,0,1.7483756119270135,1.4242907911469225,CKAP5
ubiquitin-protein transferase activity (GO:0004842),GO_Molecular_Function_2021,1/392,0.5099440291715484,0.5253968785403831,0,0,1.4302521008403362,0.9632094359891028,VPS11
transcription cis-regulatory region binding (GO:0000976),GO_Molecular_Function_2021,1/549,0.6331874680871198,0.6426380273123007,0,0,1.0123044838373303,0.4626117531653831,LONP1
protein homodimerization activity (GO:0042803),GO_Molecular_Function_2021,1/636,0.6878996865883449,0.6878996865883449,0,0,0.8696962879640044,0.3253640403743429,ERP29
