Term,Gene_set,Overlap,P-value,Adjusted P-value,Old P-value,Old Adjusted P-value,Odds Ratio,Combined Score,Genes
leukocyte cell-cell adhesion (GO:0007159),GO_Biological_Process_2021,3/28,4.876363504050113e-06,0.0022138690308387,0,0,114.00571428571428,1394.4165232027522,ITGB2;ICAM1;FERMT3
"phagocytosis, engulfment (GO:0006911)",GO_Biological_Process_2021,3/37,1.148414698957588e-05,0.0026069013666337,0,0,83.78991596638656,953.0720018141094,GSN;ITGB2;RAC2
actin filament organization (GO:0007015),GO_Biological_Process_2021,4/152,3.02673279822336e-05,0.0045804556346446,0,0,26.7945945945946,278.8095922408256,GSN;BIN3;RAC2;LCP1
regulation of podosome assembly (GO:0071801),GO_Biological_Process_2021,2/10,6.173695322587491e-05,0.0066277801408826,0,0,226.9090909090909,2199.345382715804,GSN;LCP1
cytokine-mediated signaling pathway (GO:0019221),GO_Biological_Process_2021,6/621,7.299317335773839e-05,0.0066277801408826,0,0,10.493766937669376,99.9546478665501,ITGB2;TALDO1;LCP1;YWHAZ;HLA-E;ICAM1
cellular component assembly (GO:0022607),GO_Biological_Process_2021,4/261,0.0002451704053953751,0.0158468569960556,0,0,15.345525291828794,127.57590008270228,GSN;RAC2;LCP1;YWHAZ
positive regulation of lipid storage (GO:0010884),GO_Biological_Process_2021,2/21,0.0002857953111961309,0.0158468569960556,0,0,95.48803827751196,779.2048032433584,EHD1;PLIN3
cell projection assembly (GO:0030031),GO_Biological_Process_2021,2/22,0.000314144742212557,0.0158468569960556,0,0,90.7090909090909,731.6283882755846,GSN;RAC2
microglial cell activation (GO:0001774),GO_Biological_Process_2021,2/22,0.000314144742212557,0.0158468569960556,0,0,90.7090909090909,731.6283882755846,GRN;ITGB2
extracellular matrix organization (GO:0030198),GO_Biological_Process_2021,4/300,0.00041602303201919097,0.0188874456536712,0,0,13.297297297297296,103.51640020086478,GSN;ITGB2;LCP1;ICAM1
T cell activation involved in immune response (GO:0002286),GO_Biological_Process_2021,2/28,0.0005118017005884158,0.0203721484005296,0,0,69.75524475524476,528.5754809934051,LCP1;ICAM1
cell projection organization (GO:0030030),GO_Biological_Process_2021,2/30,0.0005881163648560729,0.0203721484005296,0,0,64.76623376623377,481.769182294251,GSN;RAC2
plasma membrane invagination (GO:0099024),GO_Biological_Process_2021,2/30,0.0005881163648560729,0.0203721484005296,0,0,64.76623376623377,481.769182294251,GSN;ITGB2
positive regulation of leukocyte cell-cell adhesion (GO:1903039),GO_Biological_Process_2021,2/31,0.000628216029972281,0.0203721484005296,0,0,62.529780564263326,461.00871434329,CCDC88B;ITGB2
positive regulation of intracellular protein transport (GO:0090316),GO_Biological_Process_2021,3/148,0.0007170275110421054,0.0212961675449026,0,0,19.53793103448276,141.46236451826832,ITGB2;RAC2;YWHAZ
supramolecular fiber organization (GO:0097435),GO_Biological_Process_2021,4/351,0.000750525728454718,0.0212961675449026,0,0,11.313544668587896,81.39797419388294,CCDC88B;GSN;BIN3;RAC2
cortical cytoskeleton organization (GO:0030865),GO_Biological_Process_2021,2/41,0.0010997425892605,0.0293695962073121,0,0,46.47319347319348,316.60695557324226,RAC2;LCP1
regulation of immune response (GO:0050776),GO_Biological_Process_2021,3/179,0.0012424168519632,0.0313365139328502,0,0,16.071428571428573,107.5290544636368,ITGB2;HLA-E;ICAM1
interleukin-12-mediated signaling pathway (GO:0035722),GO_Biological_Process_2021,2/46,0.0013830203898899,0.032538565774482,0,0,41.18181818181818,271.11990217079807,TALDO1;LCP1
positive regulation of neuron death (GO:1901216),GO_Biological_Process_2021,2/47,0.0014434314962566,0.032538565774482,0,0,40.26464646464647,263.3602622718241,GRN;ITGB2
cellular response to interleukin-12 (GO:0071349),GO_Biological_Process_2021,2/48,0.0015050878441941,0.032538565774482,0,0,39.387351778656125,255.9746185849604,TALDO1;LCP1
positive regulation of establishment of protein localization to mitochondrion (GO:1903749),GO_Biological_Process_2021,2/56,0.002042829528928,0.0417594443347094,0,0,33.53872053872054,207.71936270973217,RAC2;YWHAZ
regulation of reactive oxygen species metabolic process (GO:2000377),GO_Biological_Process_2021,2/57,0.0021155665632121,0.0417594443347094,0,0,32.92727272727273,202.78039057539715,RAC2;PDK3
negative regulation of autophagy (GO:0010507),GO_Biological_Process_2021,2/59,0.0022646895003579,0.0417915628514026,0,0,31.768740031897927,193.48171703466315,CTSA;TBC1D14
neutrophil degranulation (GO:0043312),GO_Biological_Process_2021,4/481,0.002395677068454,0.0417915628514026,0,0,8.175681341719077,49.33279201765159,CTSA;GRN;GSN;ITGB2
neutrophil activation involved in immune response (GO:0002283),GO_Biological_Process_2021,4/485,0.0024686832372467,0.0417915628514026,0,0,8.106029106029107,48.66916919673461,CTSA;GRN;GSN;ITGB2
neutrophil mediated immunity (GO:0002446),GO_Biological_Process_2021,4/488,0.0025244399073755,0.0417915628514026,0,0,8.054545454545455,48.18016499011976,CTSA;GRN;GSN;ITGB2
actin cytoskeleton reorganization (GO:0031532),GO_Biological_Process_2021,2/63,0.002577453215505,0.0417915628514026,0,0,29.6795827123696,176.9186122505105,GSN;SIPA1L1
extracellular matrix disassembly (GO:0022617),GO_Biological_Process_2021,2/66,0.002824642125521,0.0427462508328858,0,0,28.28409090909091,166.0098965847709,GSN;LCP1
cellular component disassembly (GO:0022411),GO_Biological_Process_2021,2/66,0.002824642125521,0.0427462508328858,0,0,28.28409090909091,166.0098965847709,GSN;LCP1
interferon-gamma-mediated signaling pathway (GO:0060333),GO_Biological_Process_2021,2/68,0.0029954011693546,0.0438681332544195,0,0,27.424242424242426,159.35341771425578,HLA-E;ICAM1
"antigen processing and presentation of exogenous peptide antigen via MHC class I, TAP-dependent (GO:0002479)",GO_Biological_Process_2021,2/73,0.0034430218247567,0.0470902052401078,0,0,25.486555697823302,144.54459867933434,NCF2;HLA-E
positive regulation of immune response (GO:0050778),GO_Biological_Process_2021,2/75,0.0036303021660876,0.0470902052401078,0,0,24.785803237858037,139.25753329434883,GRN;ITGB2
positive regulation of lymphocyte proliferation (GO:0050671),GO_Biological_Process_2021,2/75,0.0036303021660876,0.0470902052401078,0,0,24.785803237858037,139.25753329434883,CCDC88B;HLA-E
integrin-mediated signaling pathway (GO:0007229),GO_Biological_Process_2021,2/75,0.0036303021660876,0.0470902052401078,0,0,24.785803237858037,139.25753329434883,ITGB2;FERMT3
regulation of organelle assembly (GO:1902115),GO_Biological_Process_2021,2/77,0.0038222540446578,0.0480991535151151,0,0,24.12242424242424,134.2874845394686,GSN;TBC1D14
antigen processing and presentation of exogenous peptide antigen via MHC class I (GO:0042590),GO_Biological_Process_2021,2/78,0.0039199750662098,0.0480991535151151,0,0,23.80382775119617,131.91295779740312,NCF2;HLA-E
innate immune response (GO:0045087),GO_Biological_Process_2021,3/302,0.0054547514817608,0.0508401375939883,0,0,9.40133779264214,48.99289285126552,NCF2;SRPK1;HLA-E
regulation of respiratory burst involved in inflammatory response (GO:0060264),GO_Biological_Process_2021,1/5,0.005986138987596,0.0508401375939883,0,0,217.08695652173915,1111.118047594182,GRN
receptor-mediated virion attachment to host cell (GO:0046813),GO_Biological_Process_2021,1/5,0.005986138987596,0.0508401375939883,0,0,217.08695652173915,1111.118047594182,ICAM1
positive regulation of dopamine receptor signaling pathway (GO:0060161),GO_Biological_Process_2021,1/5,0.005986138987596,0.0508401375939883,0,0,217.08695652173915,1111.118047594182,PRMT5
positive regulation of natural killer cell proliferation (GO:0032819),GO_Biological_Process_2021,1/5,0.005986138987596,0.0508401375939883,0,0,217.08695652173915,1111.118047594182,HLA-E
regulation of inflammatory response to wounding (GO:0106014),GO_Biological_Process_2021,1/5,0.005986138987596,0.0508401375939883,0,0,217.08695652173915,1111.118047594182,GRN
regulation of natural killer cell mediated immunity (GO:0002715),GO_Biological_Process_2021,1/5,0.005986138987596,0.0508401375939883,0,0,217.08695652173915,1111.118047594182,HLA-E
regulation of neutrophil activation (GO:1902563),GO_Biological_Process_2021,1/5,0.005986138987596,0.0508401375939883,0,0,217.08695652173915,1111.118047594182,GRN
regulation of neutrophil degranulation (GO:0043313),GO_Biological_Process_2021,1/5,0.005986138987596,0.0508401375939883,0,0,217.08695652173915,1111.118047594182,ITGB2
regulation of plasma membrane organization (GO:1903729),GO_Biological_Process_2021,1/5,0.005986138987596,0.0508401375939883,0,0,217.08695652173915,1111.118047594182,GSN
cell-matrix adhesion (GO:0007160),GO_Biological_Process_2021,2/100,0.0063585473607634,0.0508401375939883,0,0,18.43970315398887,93.26719485343038,ITGB2;FERMT3
positive regulation of protein localization to membrane (GO:1905477),GO_Biological_Process_2021,2/101,0.006482271730931,0.0508401375939883,0,0,18.252525252525253,91.9687115910082,ITGB2;YWHAZ
cellular protein localization (GO:0034613),GO_Biological_Process_2021,3/329,0.0069103940192405,0.0508401375939883,0,0,8.610867659947415,42.83672980156824,CTSA;EHD1;TBC1D14
activation of GTPase activity (GO:0090630),GO_Biological_Process_2021,2/105,0.0069881343190339,0.0508401375939883,0,0,17.540158870255958,87.06130937219223,SIPA1L1;TBC1D14
positive regulation of cholesterol storage (GO:0010886),GO_Biological_Process_2021,1/6,0.0071792448741713,0.0508401375939883,0,0,173.66086956521738,857.2874884567655,EHD1
regulation of hydrogen peroxide metabolic process (GO:0010310),GO_Biological_Process_2021,1/6,0.0071792448741713,0.0508401375939883,0,0,173.66086956521738,857.2874884567655,RAC2
regulation of keratinocyte apoptotic process (GO:1902172),GO_Biological_Process_2021,1/6,0.0071792448741713,0.0508401375939883,0,0,173.66086956521738,857.2874884567655,GSN
"pentose-phosphate shunt, non-oxidative branch (GO:0009052)",GO_Biological_Process_2021,1/6,0.0071792448741713,0.0508401375939883,0,0,173.66086956521738,857.2874884567655,TALDO1
peroxisome proliferator activated receptor signaling pathway (GO:0035357),GO_Biological_Process_2021,1/6,0.0071792448741713,0.0508401375939883,0,0,173.66086956521738,857.2874884567655,PDK3
protection from natural killer cell mediated cytotoxicity (GO:0042270),GO_Biological_Process_2021,1/6,0.0071792448741713,0.0508401375939883,0,0,173.66086956521738,857.2874884567655,HLA-E
negative regulation of actin filament depolymerization (GO:0030835),GO_Biological_Process_2021,1/6,0.0071792448741713,0.0508401375939883,0,0,173.66086956521738,857.2874884567655,GSN
intracellular protein transport (GO:0006886),GO_Biological_Process_2021,3/336,0.007322050378773,0.0508401375939883,0,0,8.426855426855427,41.433709529515646,CTSA;EHD1;TBC1D14
antigen processing and presentation of endogenous peptide antigen via MHC class I via ER pathway (GO:0002484),GO_Biological_Process_2021,1/7,0.0083709789916443,0.0508401375939883,0,0,144.71014492753622,692.1463710595567,HLA-E
"antigen processing and presentation of endogenous peptide antigen via MHC class I via ER pathway, TAP-independent (GO:0002486)",GO_Biological_Process_2021,1/7,0.0083709789916443,0.0508401375939883,0,0,144.71014492753622,692.1463710595567,HLA-E
regulation of defense response to bacterium (GO:1900424),GO_Biological_Process_2021,1/7,0.0083709789916443,0.0508401375939883,0,0,144.71014492753622,692.1463710595567,GRN
regulation of dopamine metabolic process (GO:0042053),GO_Biological_Process_2021,1/7,0.0083709789916443,0.0508401375939883,0,0,144.71014492753622,692.1463710595567,ITGB2
positive regulation of natural killer cell cytokine production (GO:0002729),GO_Biological_Process_2021,1/7,0.0083709789916443,0.0508401375939883,0,0,144.71014492753622,692.1463710595567,HLA-E
positive regulation of podosome assembly (GO:0071803),GO_Biological_Process_2021,1/7,0.0083709789916443,0.0508401375939883,0,0,144.71014492753622,692.1463710595567,LCP1
regulation of natural killer cell cytokine production (GO:0002727),GO_Biological_Process_2021,1/7,0.0083709789916443,0.0508401375939883,0,0,144.71014492753622,692.1463710595567,HLA-E
regulation of natural killer cell proliferation (GO:0032817),GO_Biological_Process_2021,1/7,0.0083709789916443,0.0508401375939883,0,0,144.71014492753622,692.1463710595567,HLA-E
cellular response to interferon-gamma (GO:0071346),GO_Biological_Process_2021,2/121,0.009184151715531,0.0508401375939883,0,0,15.16959511077158,71.14958666409741,HLA-E;ICAM1
protein transport (GO:0015031),GO_Biological_Process_2021,3/369,0.0094582686852382,0.0508401375939883,0,0,7.654176424668228,35.67509009631638,CTSA;EHD1;TBC1D14
actin filament reorganization (GO:0090527),GO_Biological_Process_2021,1/8,0.0095613427178271,0.0508401375939883,0,0,124.03105590062113,576.7477724354015,GSN
positive regulation of aspartic-type peptidase activity (GO:1905247),GO_Biological_Process_2021,1/8,0.0095613427178271,0.0508401375939883,0,0,124.03105590062113,576.7477724354015,GRN
establishment of Golgi localization (GO:0051683),GO_Biological_Process_2021,1/8,0.0095613427178271,0.0508401375939883,0,0,124.03105590062113,576.7477724354015,YWHAZ
alpha-beta T cell activation (GO:0046631),GO_Biological_Process_2021,1/8,0.0095613427178271,0.0508401375939883,0,0,124.03105590062113,576.7477724354015,HLA-E
regulation of acetyl-CoA biosynthetic process from pyruvate (GO:0010510),GO_Biological_Process_2021,1/8,0.0095613427178271,0.0508401375939883,0,0,124.03105590062113,576.7477724354015,PDK3
"antigen processing and presentation of exogenous peptide antigen via MHC class I, TAP-independent (GO:0002480)",GO_Biological_Process_2021,1/8,0.0095613427178271,0.0508401375939883,0,0,124.03105590062113,576.7477724354015,HLA-E
regulation of acyl-CoA biosynthetic process (GO:0050812),GO_Biological_Process_2021,1/8,0.0095613427178271,0.0508401375939883,0,0,124.03105590062113,576.7477724354015,PDK3
positive regulation of cysteine-type endopeptidase activity involved in apoptotic signaling pathway (GO:2001269),GO_Biological_Process_2021,1/8,0.0095613427178271,0.0508401375939883,0,0,124.03105590062113,576.7477724354015,GSN
positive regulation of defense response to bacterium (GO:1900426),GO_Biological_Process_2021,1/8,0.0095613427178271,0.0508401375939883,0,0,124.03105590062113,576.7477724354015,GRN
positive regulation of endocytic recycling (GO:2001137),GO_Biological_Process_2021,1/8,0.0095613427178271,0.0508401375939883,0,0,124.03105590062113,576.7477724354015,EHD1
"regulation of CD8-positive, alpha-beta T cell proliferation (GO:2000564)",GO_Biological_Process_2021,1/8,0.0095613427178271,0.0508401375939883,0,0,124.03105590062113,576.7477724354015,HLA-E
negative regulation of microglial cell activation (GO:1903979),GO_Biological_Process_2021,1/8,0.0095613427178271,0.0508401375939883,0,0,124.03105590062113,576.7477724354015,GRN
regulation of chaperone-mediated autophagy (GO:1904714),GO_Biological_Process_2021,1/8,0.0095613427178271,0.0508401375939883,0,0,124.03105590062113,576.7477724354015,CTSA
positive regulation of isomerase activity (GO:0010912),GO_Biological_Process_2021,1/8,0.0095613427178271,0.0508401375939883,0,0,124.03105590062113,576.7477724354015,ITGB2
integrin activation (GO:0033622),GO_Biological_Process_2021,1/8,0.0095613427178271,0.0508401375939883,0,0,124.03105590062113,576.7477724354015,FERMT3
leukocyte aggregation (GO:0070486),GO_Biological_Process_2021,1/8,0.0095613427178271,0.0508401375939883,0,0,124.03105590062113,576.7477724354015,RAC2
Golgi organization (GO:0007030),GO_Biological_Process_2021,2/130,0.0105379901592161,0.0508401375939883,0,0,14.096590909090908,64.17851421706726,PRMT5;YWHAZ
epithelial cell apoptotic process (GO:1904019),GO_Biological_Process_2021,1/9,0.0107503374648081,0.0508401375939883,0,0,108.52173913043478,491.9093069362492,GSN
actin-mediated cell contraction (GO:0070252),GO_Biological_Process_2021,1/9,0.0107503374648081,0.0508401375939883,0,0,108.52173913043478,491.9093069362492,GSN
regulation of respiratory burst (GO:0060263),GO_Biological_Process_2021,1/9,0.0107503374648081,0.0508401375939883,0,0,108.52173913043478,491.9093069362492,RAC2
"positive regulation of CD8-positive, alpha-beta T cell activation (GO:2001187)",GO_Biological_Process_2021,1/9,0.0107503374648081,0.0508401375939883,0,0,108.52173913043478,491.9093069362492,HLA-E
"regulation of CD8-positive, alpha-beta T cell activation (GO:2001185)",GO_Biological_Process_2021,1/9,0.0107503374648081,0.0508401375939883,0,0,108.52173913043478,491.9093069362492,HLA-E
regulation of cellular extravasation (GO:0002691),GO_Biological_Process_2021,1/9,0.0107503374648081,0.0508401375939883,0,0,108.52173913043478,491.9093069362492,ICAM1
histone arginine methylation (GO:0034969),GO_Biological_Process_2021,1/9,0.0107503374648081,0.0508401375939883,0,0,108.52173913043478,491.9093069362492,PRMT5
lysosomal lumen acidification (GO:0007042),GO_Biological_Process_2021,1/9,0.0107503374648081,0.0508401375939883,0,0,108.52173913043478,491.9093069362492,GRN
regulation of leukocyte mediated cytotoxicity (GO:0001910),GO_Biological_Process_2021,1/9,0.0107503374648081,0.0508401375939883,0,0,108.52173913043478,491.9093069362492,ICAM1
positive regulation of sequestering of triglyceride (GO:0010890),GO_Biological_Process_2021,1/9,0.0107503374648081,0.0508401375939883,0,0,108.52173913043478,491.9093069362492,PLIN3
ribonucleoprotein complex assembly (GO:0022618),GO_Biological_Process_2021,2/136,0.011486818127413,0.0522666535501919,0,0,13.461329715061058,60.12577157609395,PRMT5;SRPK1
phosphorylation (GO:0016310),GO_Biological_Process_2021,3/400,0.0117663992410202,0.0522666535501919,0,0,7.045340050377834,31.29897482573702,PDK3;YWHAZ;SRPK1
granulocyte migration (GO:0097530),GO_Biological_Process_2021,1/10,0.0119379646683197,0.0522666535501919,0,0,96.45893719806764,427.1232267263204,ITGB2
regulation of cell-cell adhesion mediated by integrin (GO:0033632),GO_Biological_Process_2021,1/10,0.0119379646683197,0.0522666535501919,0,0,96.45893719806764,427.1232267263204,FERMT3
sequestering of actin monomers (GO:0042989),GO_Biological_Process_2021,1/10,0.0119379646683197,0.0522666535501919,0,0,96.45893719806764,427.1232267263204,GSN
positive regulation of myoblast fusion (GO:1901741),GO_Biological_Process_2021,1/10,0.0119379646683197,0.0522666535501919,0,0,96.45893719806764,427.1232267263204,EHD1
regulation of neutrophil migration (GO:1902622),GO_Biological_Process_2021,1/10,0.0119379646683197,0.0522666535501919,0,0,96.45893719806764,427.1232267263204,RAC2
positive regulation of actin nucleation (GO:0051127),GO_Biological_Process_2021,1/11,0.0131242257813257,0.0522666535501919,0,0,86.80869565217391,376.1677267870623,GSN
actin filament depolymerization (GO:0030042),GO_Biological_Process_2021,1/11,0.0131242257813257,0.0522666535501919,0,0,86.80869565217391,376.1677267870623,GSN
actin filament network formation (GO:0051639),GO_Biological_Process_2021,1/11,0.0131242257813257,0.0522666535501919,0,0,86.80869565217391,376.1677267870623,LCP1
regulation of synapse maturation (GO:0090128),GO_Biological_Process_2021,1/11,0.0131242257813257,0.0522666535501919,0,0,86.80869565217391,376.1677267870623,YWHAZ
positive regulation of cellular extravasation (GO:0002693),GO_Biological_Process_2021,1/11,0.0131242257813257,0.0522666535501919,0,0,86.80869565217391,376.1677267870623,ICAM1
Golgi inheritance (GO:0048313),GO_Biological_Process_2021,1/11,0.0131242257813257,0.0522666535501919,0,0,86.80869565217391,376.1677267870623,YWHAZ
positive regulation of interleukin-13 production (GO:0032736),GO_Biological_Process_2021,1/11,0.0131242257813257,0.0522666535501919,0,0,86.80869565217391,376.1677267870623,HLA-E
negative regulation of natural killer cell mediated immunity (GO:0002716),GO_Biological_Process_2021,1/11,0.0131242257813257,0.0522666535501919,0,0,86.80869565217391,376.1677267870623,HLA-E
regulation of cysteine-type endopeptidase activity involved in apoptotic signaling pathway (GO:2001267),GO_Biological_Process_2021,1/11,0.0131242257813257,0.0522666535501919,0,0,86.80869565217391,376.1677267870623,GSN
regulation of endocytic recycling (GO:2001135),GO_Biological_Process_2021,1/11,0.0131242257813257,0.0522666535501919,0,0,86.80869565217391,376.1677267870623,EHD1
positive regulation of vacuole organization (GO:0044090),GO_Biological_Process_2021,1/11,0.0131242257813257,0.0522666535501919,0,0,86.80869565217391,376.1677267870623,GRN
actin crosslink formation (GO:0051764),GO_Biological_Process_2021,1/12,0.014309122256811,0.054136179204935,0,0,78.91304347826087,335.1324919763037,LCP1
regulation of actin nucleation (GO:0051125),GO_Biological_Process_2021,1/12,0.014309122256811,0.054136179204935,0,0,78.91304347826087,335.1324919763037,GSN
regulation of axon regeneration (GO:0048679),GO_Biological_Process_2021,1/12,0.014309122256811,0.054136179204935,0,0,78.91304347826087,335.1324919763037,GRN
Golgi localization (GO:0051645),GO_Biological_Process_2021,1/12,0.014309122256811,0.054136179204935,0,0,78.91304347826087,335.1324919763037,YWHAZ
positive regulation of myeloid leukocyte mediated immunity (GO:0002888),GO_Biological_Process_2021,1/12,0.014309122256811,0.054136179204935,0,0,78.91304347826087,335.1324919763037,ITGB2
regulation of myoblast fusion (GO:1901739),GO_Biological_Process_2021,1/12,0.014309122256811,0.054136179204935,0,0,78.91304347826087,335.1324919763037,EHD1
relaxation of cardiac muscle (GO:0055119),GO_Biological_Process_2021,1/13,0.0154926555661662,0.0543517698588164,0,0,72.33333333333333,301.441152263015,GSN
Golgi ribbon formation (GO:0090161),GO_Biological_Process_2021,1/13,0.0154926555661662,0.0543517698588164,0,0,72.33333333333333,301.441152263015,PRMT5
macrophage activation involved in immune response (GO:0002281),GO_Biological_Process_2021,1/13,0.0154926555661662,0.0543517698588164,0,0,72.33333333333333,301.441152263015,GRN
regulation of leukocyte adhesion to vascular endothelial cell (GO:1904994),GO_Biological_Process_2021,1/13,0.0154926555661662,0.0543517698588164,0,0,72.33333333333333,301.441152263015,ITGB2
regulation of lysosomal lumen pH (GO:0035751),GO_Biological_Process_2021,1/13,0.0154926555661662,0.0543517698588164,0,0,72.33333333333333,301.441152263015,GRN
regulation of mRNA metabolic process (GO:1903311),GO_Biological_Process_2021,1/13,0.0154926555661662,0.0543517698588164,0,0,72.33333333333333,301.441152263015,SRPK1
pentose-phosphate shunt (GO:0006098),GO_Biological_Process_2021,1/13,0.0154926555661662,0.0543517698588164,0,0,72.33333333333333,301.441152263015,TALDO1
plasma membrane tubulation (GO:0097320),GO_Biological_Process_2021,1/13,0.0154926555661662,0.0543517698588164,0,0,72.33333333333333,301.441152263015,BIN3
antigen processing and presentation of endogenous peptide antigen (GO:0002483),GO_Biological_Process_2021,1/14,0.0166748271779813,0.0543517698588164,0,0,66.76588628762542,273.3298608380045,HLA-E
relaxation of muscle (GO:0090075),GO_Biological_Process_2021,1/14,0.0166748271779813,0.0543517698588164,0,0,66.76588628762542,273.3298608380045,GSN
renal absorption (GO:0070293),GO_Biological_Process_2021,1/14,0.0166748271779813,0.0543517698588164,0,0,66.76588628762542,273.3298608380045,GSN
negative regulation of neuroinflammatory response (GO:0150079),GO_Biological_Process_2021,1/14,0.0166748271779813,0.0543517698588164,0,0,66.76588628762542,273.3298608380045,GRN
positive regulation of leukocyte degranulation (GO:0043302),GO_Biological_Process_2021,1/14,0.0166748271779813,0.0543517698588164,0,0,66.76588628762542,273.3298608380045,ITGB2
cellular response to low-density lipoprotein particle stimulus (GO:0071404),GO_Biological_Process_2021,1/14,0.0166748271779813,0.0543517698588164,0,0,66.76588628762542,273.3298608380045,ITGB2
positive regulation of superoxide anion generation (GO:0032930),GO_Biological_Process_2021,1/14,0.0166748271779813,0.0543517698588164,0,0,66.76588628762542,273.3298608380045,ITGB2
cell-cell adhesion via plasma-membrane adhesion molecules (GO:0098742),GO_Biological_Process_2021,2/170,0.017535644524137,0.0543517698588164,0,0,10.718614718614718,43.34092912432098,ITGB2;ICAM1
regulation of sequestering of triglyceride (GO:0010889),GO_Biological_Process_2021,1/15,0.0178556385652366,0.0543517698588164,0,0,61.993788819875775,249.55202523941097,PLIN3
regulation of superoxide anion generation (GO:0032928),GO_Biological_Process_2021,1/15,0.0178556385652366,0.0543517698588164,0,0,61.993788819875775,249.55202523941097,ITGB2
negative regulation of leukocyte activation (GO:0002695),GO_Biological_Process_2021,1/15,0.0178556385652366,0.0543517698588164,0,0,61.993788819875775,249.55202523941097,GRN
negative regulation of leukocyte mediated cytotoxicity (GO:0001911),GO_Biological_Process_2021,1/15,0.0178556385652366,0.0543517698588164,0,0,61.993788819875775,249.55202523941097,HLA-E
response to muscle stretch (GO:0035994),GO_Biological_Process_2021,1/15,0.0178556385652366,0.0543517698588164,0,0,61.993788819875775,249.55202523941097,GSN
positive regulation of natural killer cell activation (GO:0032816),GO_Biological_Process_2021,1/15,0.0178556385652366,0.0543517698588164,0,0,61.993788819875775,249.55202523941097,HLA-E
superoxide anion generation (GO:0042554),GO_Biological_Process_2021,1/15,0.0178556385652366,0.0543517698588164,0,0,61.993788819875775,249.55202523941097,NCF2
regulation of microglial cell activation (GO:1903978),GO_Biological_Process_2021,1/15,0.0178556385652366,0.0543517698588164,0,0,61.993788819875775,249.55202523941097,GRN
peptidyl-arginine modification (GO:0018195),GO_Biological_Process_2021,1/15,0.0178556385652366,0.0543517698588164,0,0,61.993788819875775,249.55202523941097,PRMT5
protein kinase A signaling (GO:0010737),GO_Biological_Process_2021,1/15,0.0178556385652366,0.0543517698588164,0,0,61.993788819875775,249.55202523941097,LCP1
engulfment of apoptotic cell (GO:0043652),GO_Biological_Process_2021,1/15,0.0178556385652366,0.0543517698588164,0,0,61.993788819875775,249.55202523941097,RAC2
epiboly involved in wound healing (GO:0090505),GO_Biological_Process_2021,1/16,0.0190350912060612,0.0543517698588164,0,0,57.85797101449276,229.20267994354347,LCP1
positive regulation of alpha-beta T cell proliferation (GO:0046641),GO_Biological_Process_2021,1/16,0.0190350912060612,0.0543517698588164,0,0,57.85797101449276,229.20267994354347,HLA-E
negative regulation of immune effector process (GO:0002698),GO_Biological_Process_2021,1/16,0.0190350912060612,0.0543517698588164,0,0,57.85797101449276,229.20267994354347,GRN
regulation of cellular carbohydrate metabolic process (GO:0010675),GO_Biological_Process_2021,1/16,0.0190350912060612,0.0543517698588164,0,0,57.85797101449276,229.20267994354347,PDK3
negative regulation of macrophage activation (GO:0043031),GO_Biological_Process_2021,1/16,0.0190350912060612,0.0543517698588164,0,0,57.85797101449276,229.20267994354347,GRN
regulation of cholesterol storage (GO:0010885),GO_Biological_Process_2021,1/16,0.0190350912060612,0.0543517698588164,0,0,57.85797101449276,229.20267994354347,EHD1
negative regulation of natural killer cell mediated cytotoxicity (GO:0045953),GO_Biological_Process_2021,1/16,0.0190350912060612,0.0543517698588164,0,0,57.85797101449276,229.20267994354347,HLA-E
positive regulation of leukocyte adhesion to vascular endothelial cell (GO:1904996),GO_Biological_Process_2021,1/16,0.0190350912060612,0.0543517698588164,0,0,57.85797101449276,229.20267994354347,ITGB2
regulation of establishment of cell polarity (GO:2000114),GO_Biological_Process_2021,1/16,0.0190350912060612,0.0543517698588164,0,0,57.85797101449276,229.20267994354347,GSN
regulation of interleukin-13 production (GO:0032656),GO_Biological_Process_2021,1/16,0.0190350912060612,0.0543517698588164,0,0,57.85797101449276,229.20267994354347,HLA-E
positive regulation of syncytium formation by plasma membrane fusion (GO:0060143),GO_Biological_Process_2021,1/16,0.0190350912060612,0.0543517698588164,0,0,57.85797101449276,229.20267994354347,EHD1
motor neuron axon guidance (GO:0008045),GO_Biological_Process_2021,1/16,0.0190350912060612,0.0543517698588164,0,0,57.85797101449276,229.20267994354347,RAC2
cellular response to cytokine stimulus (GO:0071345),GO_Biological_Process_2021,3/482,0.0193331246313331,0.0548577411414078,0,0,5.814792722934685,22.944796170521887,ITGB2;YWHAZ;ICAM1
regulation of cell killing (GO:0031341),GO_Biological_Process_2021,1/17,0.0202131865779684,0.0559560165024247,0,0,54.23913043478261,211.60963296162683,ICAM1
cellular response to fatty acid (GO:0071398),GO_Biological_Process_2021,1/17,0.0202131865779684,0.0559560165024247,0,0,54.23913043478261,211.60963296162683,PDK3
negative regulation of viral entry into host cell (GO:0046597),GO_Biological_Process_2021,1/17,0.0202131865779684,0.0559560165024247,0,0,54.23913043478261,211.60963296162683,GSN
regulation of leukocyte migration (GO:0002685),GO_Biological_Process_2021,1/17,0.0202131865779684,0.0559560165024247,0,0,54.23913043478261,211.60963296162683,RAC2
protein phosphorylation (GO:0006468),GO_Biological_Process_2021,3/496,0.020841588372732,0.0573459461892142,0,0,5.645609968125181,21.85305443171237,PDK3;YWHAZ;SRPK1
positive regulation of interleukin-4 production (GO:0032753),GO_Biological_Process_2021,1/18,0.0213899261577365,0.0585001594916408,0,0,51.0460358056266,196.26359569838613,HLA-E
actin filament capping (GO:0051693),GO_Biological_Process_2021,1/19,0.0225653114296027,0.0591622879351267,0,0,48.20772946859904,182.7719626724847,GSN
Rac protein signal transduction (GO:0016601),GO_Biological_Process_2021,1/19,0.0225653114296027,0.0591622879351267,0,0,48.20772946859904,182.7719626724847,RAC2
barbed-end actin filament capping (GO:0051016),GO_Biological_Process_2021,1/19,0.0225653114296027,0.0591622879351267,0,0,48.20772946859904,182.7719626724847,GSN
positive regulation of G protein-coupled receptor signaling pathway (GO:0045745),GO_Biological_Process_2021,1/19,0.0225653114296027,0.0591622879351267,0,0,48.20772946859904,182.7719626724847,PRMT5
response to fatty acid (GO:0070542),GO_Biological_Process_2021,1/19,0.0225653114296027,0.0591622879351267,0,0,48.20772946859904,182.7719626724847,PDK3
cardiac muscle cell contraction (GO:0086003),GO_Biological_Process_2021,1/19,0.0225653114296027,0.0591622879351267,0,0,48.20772946859904,182.7719626724847,GSN
positive regulation of neutrophil chemotaxis (GO:0090023),GO_Biological_Process_2021,1/19,0.0225653114296027,0.0591622879351267,0,0,48.20772946859904,182.7719626724847,RAC2
protein localization to membrane (GO:0072657),GO_Biological_Process_2021,2/195,0.0226745332614802,0.0591622879351267,0,0,9.318417333961376,35.28430713540462,EHD1;ITGB2
positive regulation of alpha-beta T cell activation (GO:0046635),GO_Biological_Process_2021,1/20,0.0237393438664972,0.0595450945601643,0,0,45.66819221967963,170.827422984315,HLA-E
positive regulation of natural killer cell mediated cytotoxicity (GO:0045954),GO_Biological_Process_2021,1/20,0.0237393438664972,0.0595450945601643,0,0,45.66819221967963,170.827422984315,HLA-E
negative regulation of viral life cycle (GO:1903901),GO_Biological_Process_2021,1/20,0.0237393438664972,0.0595450945601643,0,0,45.66819221967963,170.827422984315,GSN
positive regulation of protein processing (GO:0010954),GO_Biological_Process_2021,1/20,0.0237393438664972,0.0595450945601643,0,0,45.66819221967963,170.827422984315,GSN
toll-like receptor 4 signaling pathway (GO:0034142),GO_Biological_Process_2021,1/20,0.0237393438664972,0.0595450945601643,0,0,45.66819221967963,170.827422984315,ITGB2
cortical actin cytoskeleton organization (GO:0030866),GO_Biological_Process_2021,1/20,0.0237393438664972,0.0595450945601643,0,0,45.66819221967963,170.827422984315,LCP1
regulation of nuclear division (GO:0051783),GO_Biological_Process_2021,1/20,0.0237393438664972,0.0595450945601643,0,0,45.66819221967963,170.827422984315,PRMT5
vacuolar acidification (GO:0007035),GO_Biological_Process_2021,1/21,0.0249120249496479,0.0621431831161546,0,0,43.38260869565217,160.18614661402282,GRN
regulation of vacuole organization (GO:0044088),GO_Biological_Process_2021,1/22,0.0260833561592032,0.0633253673597768,0,0,41.31469979296066,150.65231192236567,TBC1D14
positive regulation of granulocyte chemotaxis (GO:0071624),GO_Biological_Process_2021,1/22,0.0260833561592032,0.0633253673597768,0,0,41.31469979296066,150.65231192236567,RAC2
positive regulation of neutrophil migration (GO:1902624),GO_Biological_Process_2021,1/22,0.0260833561592032,0.0633253673597768,0,0,41.31469979296066,150.65231192236567,RAC2
cellular response to nerve growth factor stimulus (GO:1990090),GO_Biological_Process_2021,1/22,0.0260833561592032,0.0633253673597768,0,0,41.31469979296066,150.65231192236567,EHD1
positive regulation of peptidase activity (GO:0010952),GO_Biological_Process_2021,1/22,0.0260833561592032,0.0633253673597768,0,0,41.31469979296066,150.65231192236567,GRN
positive regulation of GTPase activity (GO:0043547),GO_Biological_Process_2021,2/214,0.0269470573977443,0.0641088906383755,0,0,8.475128644939966,30.62810786612861,SIPA1L1;TBC1D14
glucose 6-phosphate metabolic process (GO:0051156),GO_Biological_Process_2021,1/23,0.0272533389718204,0.0641088906383755,0,0,39.43478260869565,142.06692893534887,TALDO1
positive regulation of epithelial cell apoptotic process (GO:1904037),GO_Biological_Process_2021,1/23,0.0272533389718204,0.0641088906383755,0,0,39.43478260869565,142.06692893534887,GSN
positive regulation of natural killer cell mediated immunity (GO:0002717),GO_Biological_Process_2021,1/23,0.0272533389718204,0.0641088906383755,0,0,39.43478260869565,142.06692893534887,HLA-E
regulation of interleukin-4 production (GO:0032673),GO_Biological_Process_2021,1/23,0.0272533389718204,0.0641088906383755,0,0,39.43478260869565,142.06692893534887,HLA-E
cytoskeleton-dependent intracellular transport (GO:0030705),GO_Biological_Process_2021,1/23,0.0272533389718204,0.0641088906383755,0,0,39.43478260869565,142.06692893534887,CCDC88B
extracellular structure organization (GO:0043062),GO_Biological_Process_2021,2/216,0.0274145221746449,0.0641556343674681,0,0,8.395072217502124,30.194408488211764,ITGB2;ICAM1
external encapsulating structure organization (GO:0045229),GO_Biological_Process_2021,2/217,0.0276494968552352,0.0643737003706502,0,0,8.355602536997885,29.981136427120127,ITGB2;ICAM1
positive regulation of lamellipodium assembly (GO:0010592),GO_Biological_Process_2021,1/24,0.0284219748654964,0.0645178829446768,0,0,37.71833648393195,134.2996324147713,RAC2
positive regulation of neuron apoptotic process (GO:0043525),GO_Biological_Process_2021,1/24,0.0284219748654964,0.0645178829446768,0,0,37.71833648393195,134.2996324147713,GRN
lymphocyte activation involved in immune response (GO:0002285),GO_Biological_Process_2021,1/24,0.0284219748654964,0.0645178829446768,0,0,37.71833648393195,134.2996324147713,LCP1
positive regulation of protein targeting to membrane (GO:0090314),GO_Biological_Process_2021,1/24,0.0284219748654964,0.0645178829446768,0,0,37.71833648393195,134.2996324147713,ITGB2
"wound healing, spreading of cells (GO:0044319)",GO_Biological_Process_2021,1/24,0.0284219748654964,0.0645178829446768,0,0,37.71833648393195,134.2996324147713,LCP1
positive regulation of cell motility (GO:2000147),GO_Biological_Process_2021,2/221,0.0285976275150283,0.0645936462279745,0,0,8.201328352013283,29.151059988924803,GRN;FERMT3
cellular response to hexose stimulus (GO:0071331),GO_Biological_Process_2021,1/25,0.0295892653137072,0.065850619864819,0,0,36.14492753623188,127.2425658336615,PDK3
regulation of neutrophil chemotaxis (GO:0090022),GO_Biological_Process_2021,1/25,0.0295892653137072,0.065850619864819,0,0,36.14492753623188,127.2425658336615,RAC2
negative regulation of actin filament polymerization (GO:0030837),GO_Biological_Process_2021,1/25,0.0295892653137072,0.065850619864819,0,0,36.14492753623188,127.2425658336615,GSN
cilium organization (GO:0044782),GO_Biological_Process_2021,2/228,0.0302882213539566,0.0661747211127834,0,0,7.944489139179405,27.781849730759703,EHD1;GSN
regulation of synapse organization (GO:0050807),GO_Biological_Process_2021,1/26,0.0307552117947077,0.0661747211127834,0,0,34.697391304347825,120.8057619164666,YWHAZ
histone methylation (GO:0016571),GO_Biological_Process_2021,1/26,0.0307552117947077,0.0661747211127834,0,0,34.697391304347825,120.8057619164666,PRMT5
positive regulation of protein insertion into mitochondrial membrane involved in apoptotic signaling pathway (GO:1900740),GO_Biological_Process_2021,1/26,0.0307552117947077,0.0661747211127834,0,0,34.697391304347825,120.8057619164666,YWHAZ
positive regulation of T cell mediated cytotoxicity (GO:0001916),GO_Biological_Process_2021,1/26,0.0307552117947077,0.0661747211127834,0,0,34.697391304347825,120.8057619164666,HLA-E
regulation of protein insertion into mitochondrial membrane involved in apoptotic signaling pathway (GO:1900739),GO_Biological_Process_2021,1/26,0.0307552117947077,0.0661747211127834,0,0,34.697391304347825,120.8057619164666,YWHAZ
endothelial cell development (GO:0001885),GO_Biological_Process_2021,1/26,0.0307552117947077,0.0661747211127834,0,0,34.697391304347825,120.8057619164666,ICAM1
regulation of autophagy (GO:0010506),GO_Biological_Process_2021,2/231,0.0310248336779126,0.0664399740083601,0,0,7.839221913457721,27.22536143195465,CTSA;TBC1D14
negative regulation of endothelial cell apoptotic process (GO:2000352),GO_Biological_Process_2021,1/27,0.0319198157870248,0.0679625237819123,0,0,33.36120401337793,114.91361059553886,ICAM1
regulation of ERK1 and ERK2 cascade (GO:0070372),GO_Biological_Process_2021,2/238,0.0327713481036134,0.0679625237819123,0,0,7.604006163328197,25.992019028868175,YWHAZ;ICAM1
regulation of protein transport (GO:0051223),GO_Biological_Process_2021,1/28,0.0330830787572745,0.0679625237819123,0,0,32.12399355877617,109.5021279575476,LCP1
regulation of small molecule metabolic process (GO:0062012),GO_Biological_Process_2021,1/28,0.0330830787572745,0.0679625237819123,0,0,32.12399355877617,109.5021279575476,PDK3
receptor clustering (GO:0043113),GO_Biological_Process_2021,1/28,0.0330830787572745,0.0679625237819123,0,0,32.12399355877617,109.5021279575476,ITGB2
regulation of immunoglobulin production (GO:0002637),GO_Biological_Process_2021,1/28,0.0330830787572745,0.0679625237819123,0,0,32.12399355877617,109.5021279575476,HLA-E
positive regulation of response to wounding (GO:1903036),GO_Biological_Process_2021,1/28,0.0330830787572745,0.0679625237819123,0,0,32.12399355877617,109.5021279575476,GRN
protein depolymerization (GO:0051261),GO_Biological_Process_2021,1/28,0.0330830787572745,0.0679625237819123,0,0,32.12399355877617,109.5021279575476,GSN
regulation of postsynapse organization (GO:0099175),GO_Biological_Process_2021,1/28,0.0330830787572745,0.0679625237819123,0,0,32.12399355877617,109.5021279575476,SIPA1L1
regulation of protein targeting to membrane (GO:0090313),GO_Biological_Process_2021,1/29,0.0342450021823671,0.0684900043647343,0,0,30.975155279503102,104.51682262493934,ITGB2
actin filament polymerization (GO:0030041),GO_Biological_Process_2021,1/29,0.0342450021823671,0.0684900043647343,0,0,30.975155279503102,104.51682262493934,GSN
establishment of endothelial barrier (GO:0061028),GO_Biological_Process_2021,1/29,0.0342450021823671,0.0684900043647343,0,0,30.975155279503102,104.51682262493934,ICAM1
regulation of T cell mediated cytotoxicity (GO:0001914),GO_Biological_Process_2021,1/29,0.0342450021823671,0.0684900043647343,0,0,30.975155279503102,104.51682262493934,HLA-E
positive regulation of leukocyte migration (GO:0002687),GO_Biological_Process_2021,1/29,0.0342450021823671,0.0684900043647343,0,0,30.975155279503102,104.51682262493934,ICAM1
positive regulation of viral genome replication (GO:0045070),GO_Biological_Process_2021,1/29,0.0342450021823671,0.0684900043647343,0,0,30.975155279503102,104.51682262493934,SRPK1
heterotypic cell-cell adhesion (GO:0034113),GO_Biological_Process_2021,1/30,0.035405587532064,0.0698875510415525,0,0,29.90554722638681,99.91101302805887,ITGB2
regulation of natural killer cell mediated cytotoxicity (GO:0042269),GO_Biological_Process_2021,1/30,0.035405587532064,0.0698875510415525,0,0,29.90554722638681,99.91101302805887,HLA-E
regulation of protein localization to membrane (GO:1905475),GO_Biological_Process_2021,1/30,0.035405587532064,0.0698875510415525,0,0,29.90554722638681,99.91101302805887,GSN
positive regulation of protein targeting to mitochondrion (GO:1903955),GO_Biological_Process_2021,1/31,0.036564836271725,0.0716574411946219,0,0,28.9072463768116,95.64448851318151,RAC2
positive regulation of lamellipodium organization (GO:1902745),GO_Biological_Process_2021,1/32,0.0377227498799882,0.0716574411946219,0,0,27.97335203366059,91.6824353057917,RAC2
regulation of dendritic spine morphogenesis (GO:0061001),GO_Biological_Process_2021,1/32,0.0377227498799882,0.0716574411946219,0,0,27.97335203366059,91.6824353057917,SIPA1L1
RNA biosynthetic process (GO:0032774),GO_Biological_Process_2021,1/32,0.0377227498799882,0.0716574411946219,0,0,27.97335203366059,91.6824353057917,PRMT5
cellular response to glucose stimulus (GO:0071333),GO_Biological_Process_2021,1/32,0.0377227498799882,0.0716574411946219,0,0,27.97335203366059,91.6824353057917,PDK3
superoxide metabolic process (GO:0006801),GO_Biological_Process_2021,1/32,0.0377227498799882,0.0716574411946219,0,0,27.97335203366059,91.6824353057917,NCF2
regulation of intracellular protein transport (GO:0033157),GO_Biological_Process_2021,1/32,0.0377227498799882,0.0716574411946219,0,0,27.97335203366059,91.6824353057917,LCP1
mitochondrial membrane organization (GO:0007006),GO_Biological_Process_2021,1/32,0.0377227498799882,0.0716574411946219,0,0,27.97335203366059,91.6824353057917,MTX1
endodermal cell differentiation (GO:0035987),GO_Biological_Process_2021,1/32,0.0377227498799882,0.0716574411946219,0,0,27.97335203366059,91.6824353057917,ITGB2
actin filament bundle assembly (GO:0051017),GO_Biological_Process_2021,1/33,0.0388793298193351,0.0720457785223597,0,0,27.097826086956523,87.994568412846,LCP1
actin filament bundle organization (GO:0061572),GO_Biological_Process_2021,1/33,0.0388793298193351,0.0720457785223597,0,0,27.097826086956523,87.994568412846,LCP1
antigen processing and presentation of peptide antigen via MHC class I (GO:0002474),GO_Biological_Process_2021,1/33,0.0388793298193351,0.0720457785223597,0,0,27.097826086956523,87.994568412846,HLA-E
apoptotic cell clearance (GO:0043277),GO_Biological_Process_2021,1/33,0.0388793298193351,0.0720457785223597,0,0,27.097826086956523,87.994568412846,RAC2
positive regulation of cytokine production involved in immune response (GO:0002720),GO_Biological_Process_2021,1/33,0.0388793298193351,0.0720457785223597,0,0,27.097826086956523,87.994568412846,HLA-E
lytic vacuole organization (GO:0080171),GO_Biological_Process_2021,1/33,0.0388793298193351,0.0720457785223597,0,0,27.097826086956523,87.994568412846,GRN
negative regulation of extrinsic apoptotic signaling pathway via death domain receptors (GO:1902042),GO_Biological_Process_2021,1/34,0.0400345775570758,0.0721257865512397,0,0,26.27536231884058,84.55442492330164,ICAM1
regulation of cell adhesion mediated by integrin (GO:0033628),GO_Biological_Process_2021,1/34,0.0400345775570758,0.0721257865512397,0,0,26.27536231884058,84.55442492330164,FERMT3
cardiac muscle contraction (GO:0060048),GO_Biological_Process_2021,1/34,0.0400345775570758,0.0721257865512397,0,0,26.27536231884058,84.55442492330164,GSN
positive regulation of mitochondrial outer membrane permeabilization involved in apoptotic signaling pathway (GO:1901030),GO_Biological_Process_2021,1/34,0.0400345775570758,0.0721257865512397,0,0,26.27536231884058,84.55442492330164,YWHAZ
regulation of glucose metabolic process (GO:0010906),GO_Biological_Process_2021,1/34,0.0400345775570758,0.0721257865512397,0,0,26.27536231884058,84.55442492330164,PDK3
regulation of lamellipodium assembly (GO:0010591),GO_Biological_Process_2021,1/34,0.0400345775570758,0.0721257865512397,0,0,26.27536231884058,84.55442492330164,RAC2
protein destabilization (GO:0031648),GO_Biological_Process_2021,1/34,0.0400345775570758,0.0721257865512397,0,0,26.27536231884058,84.55442492330164,GSN
positive regulation of cell migration (GO:0030335),GO_Biological_Process_2021,2/269,0.0409563989639012,0.0724789787900531,0,0,6.710589036431733,21.441990950042022,GRN;FERMT3
regulation of autophagosome assembly (GO:2000785),GO_Biological_Process_2021,1/35,0.0411884945546998,0.0724789787900531,0,0,25.50127877237852,81.33878492786673,TBC1D14
positive regulation of immunoglobulin production (GO:0002639),GO_Biological_Process_2021,1/35,0.0411884945546998,0.0724789787900531,0,0,25.50127877237852,81.33878492786673,HLA-E
positive regulation of lymphocyte activation (GO:0051251),GO_Biological_Process_2021,1/35,0.0411884945546998,0.0724789787900531,0,0,25.50127877237852,81.33878492786673,CCDC88B
cellular response to amyloid-beta (GO:1904646),GO_Biological_Process_2021,1/35,0.0411884945546998,0.0724789787900531,0,0,25.50127877237852,81.33878492786673,ICAM1
protein localization to cilium (GO:0061512),GO_Biological_Process_2021,1/35,0.0411884945546998,0.0724789787900531,0,0,25.50127877237852,81.33878492786673,EHD1
positive regulation of innate immune response (GO:0045089),GO_Biological_Process_2021,1/36,0.0423410822826446,0.0725420093588975,0,0,24.77142857142857,78.32719402267635,HLA-E
macrophage activation (GO:0042116),GO_Biological_Process_2021,1/36,0.0423410822826446,0.0725420093588975,0,0,24.77142857142857,78.32719402267635,ITGB2
positive regulation of T cell mediated immunity (GO:0002711),GO_Biological_Process_2021,1/36,0.0423410822826446,0.0725420093588975,0,0,24.77142857142857,78.32719402267635,HLA-E
regulation of mRNA processing (GO:0050684),GO_Biological_Process_2021,1/36,0.0423410822826446,0.0725420093588975,0,0,24.77142857142857,78.32719402267635,SRPK1
endoderm formation (GO:0001706),GO_Biological_Process_2021,1/36,0.0423410822826446,0.0725420093588975,0,0,24.77142857142857,78.32719402267635,ITGB2
platelet aggregation (GO:0070527),GO_Biological_Process_2021,1/36,0.0423410822826446,0.0725420093588975,0,0,24.77142857142857,78.32719402267635,FERMT3
"mRNA splicing, via spliceosome (GO:0000398)",GO_Biological_Process_2021,2/274,0.0423428028196208,0.0725420093588975,0,0,6.585561497326204,20.82326107389021,PRMT5;SRPK1
plasma membrane bounded cell projection assembly (GO:0120031),GO_Biological_Process_2021,2/278,0.0434646984513939,0.0739532709983713,0,0,6.488801054018445,20.34762257711454,EHD1;GSN
negative regulation of epithelial cell apoptotic process (GO:1904036),GO_Biological_Process_2021,1/37,0.0434923421950774,0.0739532709983713,0,0,24.082125603864736,75.50156731119475,ICAM1
negative regulation of innate immune response (GO:0045824),GO_Biological_Process_2021,1/38,0.0446422757586845,0.0747881667691616,0,0,23.43008225616921,72.84585913763358,GRN
spliceosomal snRNP assembly (GO:0000387),GO_Biological_Process_2021,1/38,0.0446422757586845,0.0747881667691616,0,0,23.43008225616921,72.84585913763358,PRMT5
positive regulation of production of molecular mediator of immune response (GO:0002702),GO_Biological_Process_2021,1/38,0.0446422757586845,0.0747881667691616,0,0,23.43008225616921,72.84585913763358,HLA-E
lysosome organization (GO:0007040),GO_Biological_Process_2021,1/38,0.0446422757586845,0.0747881667691616,0,0,23.43008225616921,72.84585913763358,GRN
regulation of protein targeting to mitochondrion (GO:1903214),GO_Biological_Process_2021,1/39,0.0457908844272047,0.0755965873816398,0,0,22.812356979405035,70.34578626791965,RAC2
regulation of viral entry into host cell (GO:0046596),GO_Biological_Process_2021,1/39,0.0457908844272047,0.0755965873816398,0,0,22.812356979405035,70.34578626791965,GSN
positive regulation of intracellular transport (GO:0032388),GO_Biological_Process_2021,1/39,0.0457908844272047,0.0755965873816398,0,0,22.812356979405035,70.34578626791965,EHD1
regulation of intracellular transport (GO:0032386),GO_Biological_Process_2021,1/39,0.0457908844272047,0.0755965873816398,0,0,22.812356979405035,70.34578626791965,LCP1
protein methylation (GO:0006479),GO_Biological_Process_2021,1/41,0.0480841329275167,0.078525886147815,0,0,21.669565217391305,65.76286224679887,PRMT5
acylglycerol metabolic process (GO:0006639),GO_Biological_Process_2021,1/41,0.0480841329275167,0.078525886147815,0,0,21.669565217391305,65.76286224679887,APOBR
regulation of cell development (GO:0060284),GO_Biological_Process_2021,1/41,0.0480841329275167,0.078525886147815,0,0,21.669565217391305,65.76286224679887,GRN
heterophilic cell-cell adhesion via plasma membrane cell adhesion molecules (GO:0007157),GO_Biological_Process_2021,1/42,0.0492287756703269,0.0795368831114891,0,0,21.139978791092258,63.65833096505315,ICAM1
negative regulation of protein catabolic process (GO:0042177),GO_Biological_Process_2021,1/42,0.0492287756703269,0.0795368831114891,0,0,21.139978791092258,63.65833096505315,CTSA
regulation of extrinsic apoptotic signaling pathway via death domain receptors (GO:1902041),GO_Biological_Process_2021,1/42,0.0492287756703269,0.0795368831114891,0,0,21.139978791092258,63.65833096505315,ICAM1
regulation of cell-cell adhesion (GO:0022407),GO_Biological_Process_2021,1/43,0.0503720993417929,0.080241870530435,0,0,20.63561076604555,61.66576382608654,FERMT3
regulation of cell-substrate adhesion (GO:0010810),GO_Biological_Process_2021,1/43,0.0503720993417929,0.080241870530435,0,0,20.63561076604555,61.66576382608654,RAC2
positive regulation of leukocyte mediated cytotoxicity (GO:0001912),GO_Biological_Process_2021,1/43,0.0503720993417929,0.080241870530435,0,0,20.63561076604555,61.66576382608654,HLA-E
cellular glucose homeostasis (GO:0001678),GO_Biological_Process_2021,1/43,0.0503720993417929,0.080241870530435,0,0,20.63561076604555,61.66576382608654,PDK3
antibacterial humoral response (GO:0019731),GO_Biological_Process_2021,1/44,0.0515141054042076,0.0809252728495164,0,0,20.154701718907987,59.77682211833107,HLA-E
response to amyloid-beta (GO:1904645),GO_Biological_Process_2021,1/44,0.0515141054042076,0.0809252728495164,0,0,20.154701718907987,59.77682211833107,ICAM1
homotypic cell-cell adhesion (GO:0034109),GO_Biological_Process_2021,1/44,0.0515141054042076,0.0809252728495164,0,0,20.154701718907987,59.77682211833107,FERMT3
regulation of endothelial cell apoptotic process (GO:2000351),GO_Biological_Process_2021,1/44,0.0515141054042076,0.0809252728495164,0,0,20.154701718907987,59.77682211833107,ICAM1
positive regulation of response to biotic stimulus (GO:0002833),GO_Biological_Process_2021,1/45,0.0526547952997809,0.0824319898831053,0,0,19.695652173913043,57.98395993375175,GRN
regulation of cellular protein localization (GO:1903827),GO_Biological_Process_2021,1/46,0.05379417048562,0.083353424574988,0,0,19.257004830917875,56.28033307969816,LCP1
positive regulation of organelle assembly (GO:1902117),GO_Biological_Process_2021,1/46,0.05379417048562,0.083353424574988,0,0,19.257004830917875,56.28033307969816,LCP1
spliceosomal complex assembly (GO:0000245),GO_Biological_Process_2021,1/46,0.05379417048562,0.083353424574988,0,0,19.257004830917875,56.28033307969816,SRPK1
cilium assembly (GO:0060271),GO_Biological_Process_2021,2/314,0.0540519936723556,0.0834680446505083,0,0,5.729603729603729,16.717888468498376,EHD1;GSN
regulation of T cell activation (GO:0050863),GO_Biological_Process_2021,1/47,0.0549322324024034,0.0839704832009804,0,0,18.83742911153119,54.65972021027424,CCDC88B
glycosphingolipid metabolic process (GO:0006687),GO_Biological_Process_2021,1/47,0.0549322324024034,0.0839704832009804,0,0,18.83742911153119,54.65972021027424,CTSA
regulation of cellular metabolic process (GO:0031323),GO_Biological_Process_2021,1/47,0.0549322324024034,0.0839704832009804,0,0,18.83742911153119,54.65972021027424,PDK3
substrate adhesion-dependent cell spreading (GO:0034446),GO_Biological_Process_2021,1/48,0.0560689824984696,0.0851501891394848,0,0,18.43570767807585,53.1164542750393,FERMT3
receptor internalization (GO:0031623),GO_Biological_Process_2021,1/49,0.0572044222192574,0.0851501891394848,0,0,18.05072463768116,51.645362778983234,ITGB2
response to glucose (GO:0009749),GO_Biological_Process_2021,1/49,0.0572044222192574,0.0851501891394848,0,0,18.05072463768116,51.645362778983234,PDK3
regulation of cellular localization (GO:0060341),GO_Biological_Process_2021,1/49,0.0572044222192574,0.0851501891394848,0,0,18.05072463768116,51.645362778983234,GSN
cellular defense response (GO:0006968),GO_Biological_Process_2021,1/49,0.0572044222192574,0.0851501891394848,0,0,18.05072463768116,51.645362778983234,NCF2
inner mitochondrial membrane organization (GO:0007007),GO_Biological_Process_2021,1/49,0.0572044222192574,0.0851501891394848,0,0,18.05072463768116,51.645362778983234,MTX1
positive regulation of reactive oxygen species metabolic process (GO:2000379),GO_Biological_Process_2021,1/49,0.0572044222192574,0.0851501891394848,0,0,18.05072463768116,51.645362778983234,ITGB2
positive regulation of actin filament polymerization (GO:0030838),GO_Biological_Process_2021,1/49,0.0572044222192574,0.0851501891394848,0,0,18.05072463768116,51.645362778983234,GSN
actin polymerization or depolymerization (GO:0008154),GO_Biological_Process_2021,1/50,0.0583385530130099,0.086554585189237,0,0,17.68145519077196,50.24171555062859,GSN
regulation of axonogenesis (GO:0050770),GO_Biological_Process_2021,1/51,0.0594713763211451,0.0879478985335502,0,0,17.32695652173913,48.901178953928365,SIPA1L1
glycolipid metabolic process (GO:0006664),GO_Biological_Process_2021,1/52,0.0606028935764472,0.0887683938306419,0,0,16.986359761295823,47.619775632857134,CTSA
endocytic recycling (GO:0032456),GO_Biological_Process_2021,1/52,0.0606028935764472,0.0887683938306419,0,0,16.986359761295823,47.619775632857134,EHD1
positive regulation of cytokine production (GO:0001819),GO_Biological_Process_2021,2/335,0.0606127799284119,0.0887683938306419,0,0,5.362544362544362,15.032549900806815,CCDC88B;HLA-E
negative regulation of viral genome replication (GO:0045071),GO_Biological_Process_2021,1/54,0.0628620157036355,0.0914722920815722,0,0,16.343724364232976,45.22003200693963,SRPK1
cytoplasmic microtubule organization (GO:0031122),GO_Biological_Process_2021,1/54,0.0628620157036355,0.0914722920815722,0,0,16.343724364232976,45.22003200693963,CCDC88B
triglyceride metabolic process (GO:0006641),GO_Biological_Process_2021,1/55,0.0639896234601604,0.0928156199709675,0,0,16.0402576489533,44.09521913474902,APOBR
cellular response to peptide (GO:1901653),GO_Biological_Process_2021,1/57,0.0662409394878685,0.0954710683412454,0,0,15.46583850931677,41.9813471983268,ICAM1
regulation of mitotic nuclear division (GO:0007088),GO_Biological_Process_2021,1/57,0.0662409394878685,0.0954710683412454,0,0,15.46583850931677,41.9813471983268,PRMT5
receptor metabolic process (GO:0043112),GO_Biological_Process_2021,1/58,0.0673646506413824,0.0967833904784418,0,0,15.193745232646837,40.98717694310057,ITGB2
protein polymerization (GO:0051258),GO_Biological_Process_2021,1/59,0.0684870657945493,0.0980855768792599,0,0,14.93103448275862,40.03175141731448,GSN
amyloid fibril formation (GO:1990000),GO_Biological_Process_2021,1/63,0.07296379491735,0.1038418899450687,0,0,13.964936886395511,36.55729895706928,GSN
positive regulation of viral process (GO:0048524),GO_Biological_Process_2021,1/63,0.07296379491735,0.1038418899450687,0,0,13.964936886395511,36.55729895706928,SRPK1
regulation of cilium assembly (GO:1902017),GO_Biological_Process_2021,1/64,0.0740797514672648,0.1044478483420442,0,0,13.742581090407178,35.766620798258494,TBC1D14
regulation of innate immune response (GO:0045088),GO_Biological_Process_2021,1/64,0.0740797514672648,0.1044478483420442,0,0,13.742581090407178,35.766620798258494,HLA-E
plasma membrane organization (GO:0007009),GO_Biological_Process_2021,1/64,0.0740797514672648,0.1044478483420442,0,0,13.742581090407178,35.766620798258494,BIN3
cellular response to type I interferon (GO:0071357),GO_Biological_Process_2021,1/65,0.075194420561284,0.1053650214037746,0,0,13.527173913043478,35.00397365710232,HLA-E
type I interferon signaling pathway (GO:0060337),GO_Biological_Process_2021,1/65,0.075194420561284,0.1053650214037746,0,0,13.527173913043478,35.00397365710232,HLA-E
positive regulation of cell death (GO:0010942),GO_Biological_Process_2021,1/66,0.0763078036201209,0.1062691498267942,0,0,13.31839464882943,34.26796400153892,ITGB2
positive regulation of T cell proliferation (GO:0042102),GO_Biological_Process_2021,1/66,0.0763078036201209,0.1062691498267942,0,0,13.31839464882943,34.26796400153892,CCDC88B
regulation of viral genome replication (GO:0045069),GO_Biological_Process_2021,1/67,0.0774199020723618,0.1071604742099155,0,0,13.115942028985508,33.55728718613052,SRPK1
vascular endothelial growth factor receptor signaling pathway (GO:0048010),GO_Biological_Process_2021,1/67,0.0774199020723618,0.1071604742099155,0,0,13.115942028985508,33.55728718613052,NCF2
negative regulation of cellular catabolic process (GO:0031330),GO_Biological_Process_2021,1/69,0.0796402508235888,0.1097599424783858,0,0,12.728900255754477,32.20711721652364,TBC1D14
negative regulation of viral process (GO:0048525),GO_Biological_Process_2021,1/70,0.0807485039378433,0.1097599424783858,0,0,12.54379332073094,31.56540025786133,SRPK1
neutrophil chemotaxis (GO:0030593),GO_Biological_Process_2021,1/70,0.0807485039378433,0.1097599424783858,0,0,12.54379332073094,31.56540025786133,ITGB2
defense response to Gram-positive bacterium (GO:0050830),GO_Biological_Process_2021,1/70,0.0807485039378433,0.1097599424783858,0,0,12.54379332073094,31.56540025786133,HLA-E
"DNA-templated transcription, termination (GO:0006353)",GO_Biological_Process_2021,1/70,0.0807485039378433,0.1097599424783858,0,0,12.54379332073094,31.56540025786133,PRMT5
regulation of plasma membrane bounded cell projection assembly (GO:0120032),GO_Biological_Process_2021,1/70,0.0807485039378433,0.1097599424783858,0,0,12.54379332073094,31.56540025786133,TBC1D14
negative regulation of neuron apoptotic process (GO:0043524),GO_Biological_Process_2021,1/71,0.0818554781101707,0.1106023424464806,0,0,12.363975155279505,30.944557621408983,GRN
cholesterol homeostasis (GO:0042632),GO_Biological_Process_2021,1/71,0.0818554781101707,0.1106023424464806,0,0,12.363975155279505,30.944557621408983,EHD1
cell morphogenesis involved in differentiation (GO:0000904),GO_Biological_Process_2021,1/72,0.0829611747365632,0.1111043461073737,0,0,12.189222290263318,30.343637326988627,FERMT3
sterol homeostasis (GO:0055092),GO_Biological_Process_2021,1/72,0.0829611747365632,0.1111043461073737,0,0,12.189222290263318,30.343637326988627,EHD1
cytoskeleton-dependent cytokinesis (GO:0061640),GO_Biological_Process_2021,1/72,0.0829611747365632,0.1111043461073737,0,0,12.189222290263318,30.343637326988627,BIN3
transmembrane receptor protein tyrosine kinase signaling pathway (GO:0007169),GO_Biological_Process_2021,2/404,0.0839367715841063,0.1112704963198005,0,0,4.426503844414293,10.96751087393552,SIPA1L1;NCF2
regulation of actin filament-based process (GO:0032970),GO_Biological_Process_2021,1/73,0.0840655952372061,0.1112704963198005,0,0,12.019323671497585,29.76174313200534,RAC2
granulocyte chemotaxis (GO:0071621),GO_Biological_Process_2021,1/73,0.0840655952372061,0.1112704963198005,0,0,12.019323671497585,29.76174313200534,ITGB2
regulation of hydrolase activity (GO:0051336),GO_Biological_Process_2021,1/73,0.0840655952372061,0.1112704963198005,0,0,12.019323671497585,29.76174313200534,SIPA1L1
regulation of cell migration (GO:0030334),GO_Biological_Process_2021,2/408,0.0853643695686196,0.1126611156516084,0,0,4.381997313031796,10.783335038154892,GRN;FERMT3
positive regulation of T cell activation (GO:0050870),GO_Biological_Process_2021,1/75,0.0862706134691211,0.1135271261303797,0,0,11.693301997649824,28.65170329299039,CCDC88B
regulation of RNA splicing (GO:0043484),GO_Biological_Process_2021,1/76,0.0873712140350116,0.1143127699478249,0,0,11.5368115942029,28.122009760714384,SRPK1
regulation of T cell proliferation (GO:0042129),GO_Biological_Process_2021,1/76,0.0873712140350116,0.1143127699478249,0,0,11.5368115942029,28.122009760714384,CCDC88B
neutrophil migration (GO:1990266),GO_Biological_Process_2021,1/77,0.08847054408079,0.1150877564833199,0,0,11.384439359267734,27.608240154776084,ITGB2
positive regulation of tumor necrosis factor production (GO:0032760),GO_Biological_Process_2021,1/77,0.08847054408079,0.1150877564833199,0,0,11.384439359267734,27.608240154776084,HLA-E
organelle assembly (GO:0070925),GO_Biological_Process_2021,2/425,0.0915154635897318,0.1186879203934344,0,0,4.202235117128734,10.048583461839948,EHD1;GSN
negative regulation of extrinsic apoptotic signaling pathway (GO:2001237),GO_Biological_Process_2021,1/80,0.0917609252380958,0.1186879203934344,0,0,10.950467804072646,26.155944898719028,ICAM1
positive regulation of tumor necrosis factor superfamily cytokine production (GO:1903557),GO_Biological_Process_2021,1/81,0.0928551872903362,0.1197620881528768,0,0,10.81304347826087,25.69951317247928,HLA-E
ephrin receptor signaling pathway (GO:0048013),GO_Biological_Process_2021,1/82,0.093948185827494,0.1208285449452756,0,0,10.679012345679013,25.25599088572858,SIPA1L1
regulation of defense response (GO:0031347),GO_Biological_Process_2021,1/83,0.0950399222515838,0.1215440132456875,0,0,10.548250265111347,24.82486651907214,GRN
positive regulation of plasma membrane bounded cell projection assembly (GO:0120034),GO_Biological_Process_2021,1/83,0.0950399222515838,0.1215440132456875,0,0,10.548250265111347,24.82486651907214,RAC2
regulation of intracellular signal transduction (GO:1902531),GO_Biological_Process_2021,2/437,0.0959362049683047,0.1223456097067706,0,0,4.08380355276907,9.572728908111136,PRMT5;RAC2
positive regulation of endothelial cell migration (GO:0010595),GO_Biological_Process_2021,1/86,0.0983075728072943,0.1246693800405353,0,0,10.174424552429668,23.601146819428006,GRN
regulation of neuron death (GO:1901214),GO_Biological_Process_2021,1/86,0.0983075728072943,0.1246693800405353,0,0,10.174424552429668,23.601146819428006,ITGB2
"retrograde transport, endosome to Golgi (GO:0042147)",GO_Biological_Process_2021,1/88,0.1004797214862166,0.1270690628265803,0,0,9.93953023488256,22.83904609412469,TBC1D14
positive regulation of inflammatory response (GO:0050729),GO_Biological_Process_2021,1/89,0.1015639144603895,0.1277285794044788,0,0,9.826086956521738,22.47291901655056,GRN
regulation of endothelial cell migration (GO:0010594),GO_Biological_Process_2021,1/89,0.1015639144603895,0.1277285794044788,0,0,9.826086956521738,22.47291901655056,GRN
"regulation of mRNA splicing, via spliceosome (GO:0048024)",GO_Biological_Process_2021,1/90,0.1026468550534564,0.1283792622431659,0,0,9.715192965315095,22.1162556930706,SRPK1
protein complex oligomerization (GO:0051259),GO_Biological_Process_2021,1/90,0.1026468550534564,0.1283792622431659,0,0,9.715192965315095,22.1162556930706,EHD1
regulation of actin cytoskeleton organization (GO:0032956),GO_Biological_Process_2021,1/91,0.1037285446608088,0.1290212582904307,0,0,9.606763285024154,21.76871367585296,RAC2
toll-like receptor signaling pathway (GO:0002224),GO_Biological_Process_2021,1/91,0.1037285446608088,0.1290212582904307,0,0,9.606763285024154,21.76871367585296,ITGB2
T cell activation (GO:0042110),GO_Biological_Process_2021,1/92,0.1048089846474298,0.1296547112532238,0,0,9.500716674629718,21.42996644691597,LCP1
regulation of peptidyl-tyrosine phosphorylation (GO:0050730),GO_Biological_Process_2021,1/92,0.1048089846474298,0.1296547112532238,0,0,9.500716674629718,21.42996644691597,ITGB2
regulation of epithelial cell proliferation (GO:0050678),GO_Biological_Process_2021,1/93,0.1058881763859252,0.1306337828239403,0,0,9.396975425330814,21.099702511470603,GRN
positive regulation of epithelial cell migration (GO:0010634),GO_Biological_Process_2021,1/94,0.1069661212646203,0.13160601369685,0,0,9.295465170640488,20.77762455454772,GRN
positive regulation of defense response (GO:0031349),GO_Biological_Process_2021,1/98,0.1112654597409712,0.1354276641351231,0,0,8.910354101299866,19.565679904837808,GRN
negative regulation of neuron death (GO:1901215),GO_Biological_Process_2021,1/98,0.1112654597409712,0.1354276641351231,0,0,8.910354101299866,19.565679904837808,GRN
RNA splicing (GO:0008380),GO_Biological_Process_2021,1/98,0.1112654597409712,0.1354276641351231,0,0,8.910354101299866,19.565679904837808,SRPK1
regulation of neuron apoptotic process (GO:0043523),GO_Biological_Process_2021,1/98,0.1112654597409712,0.1354276641351231,0,0,8.910354101299866,19.565679904837808,GRN
positive regulation of gene expression (GO:0010628),GO_Biological_Process_2021,2/482,0.1130484873204616,0.1372299819344641,0,0,3.6924242424242415,8.049257620284667,CCDC88B;GSN
negative regulation of apoptotic process (GO:0043066),GO_Biological_Process_2021,2/485,0.1142172794627034,0.1382248145807227,0,0,3.66892527762093,7.960293577548681,GRN;YWHAZ
cellular response to chemical stress (GO:0062197),GO_Biological_Process_2021,1/101,0.1144769389479113,0.1382248145807227,0,0,8.641739130434782,18.72994882754533,NCF2
positive regulation of vasculature development (GO:1904018),GO_Biological_Process_2021,1/102,0.1155449584465577,0.1387762199331672,0,0,8.55574687903573,18.464119473101512,GRN
regulation of protein catabolic process (GO:0042176),GO_Biological_Process_2021,1/102,0.1155449584465577,0.1387762199331672,0,0,8.55574687903573,18.464119473101512,CTSA
antigen processing and presentation of exogenous peptide antigen (GO:0002478),GO_Biological_Process_2021,1/103,0.1166117434301559,0.1396879459559123,0,0,8.471440750213128,18.20432388113094,HLA-E
regulation of cell cycle process (GO:0010564),GO_Biological_Process_2021,1/106,0.1198047049497415,0.1431350948610069,0,0,8.228157349896481,17.45926389427172,PRMT5
cellular protein modification process (GO:0006464),GO_Biological_Process_2021,3/1025,0.122369062662698,0.1458151035403278,0,0,2.6494268940452894,5.565687365192068,PDK3;YWHAZ;SRPK1
regulation of cytoskeleton organization (GO:0051493),GO_Biological_Process_2021,1/112,0.1261574800052537,0.1499358531999612,0,0,7.781041911476694,16.108502130987272,RAC2
regulation of protein-containing complex assembly (GO:0043254),GO_Biological_Process_2021,1/116,0.1303682267646687,0.1537329219510639,0,0,7.508884688090737,15.298543987469415,GSN
positive regulation of angiogenesis (GO:0045766),GO_Biological_Process_2021,1/116,0.1303682267646687,0.1537329219510639,0,0,7.508884688090737,15.298543987469415,GRN
sphingolipid metabolic process (GO:0006665),GO_Biological_Process_2021,1/116,0.1303682267646687,0.1537329219510639,0,0,7.508884688090737,15.298543987469415,CTSA
positive regulation of protein-containing complex assembly (GO:0031334),GO_Biological_Process_2021,1/118,0.1324663015463994,0.1558023339431745,0,0,7.379784466740989,14.917695529897635,LCP1
positive regulation of cysteine-type endopeptidase activity involved in apoptotic process (GO:0043280),GO_Biological_Process_2021,1/119,0.133513518994454,0.156628262592977,0,0,7.316875460574797,14.732913171378236,GSN
cytoskeleton organization (GO:0007010),GO_Biological_Process_2021,1/120,0.1345595249551979,0.1574485163135563,0,0,7.2550237486298865,14.551753821970427,RAC2
protein homooligomerization (GO:0051260),GO_Biological_Process_2021,1/121,0.1356043207280494,0.158263140386978,0,0,7.194202898550724,14.37411839940444,EHD1
regulation of mRNA catabolic process (GO:0061013),GO_Biological_Process_2021,1/122,0.1366479077050243,0.1590721797386694,0,0,7.134387351778656,14.199911300049983,YWHAZ
regulation of anatomical structure morphogenesis (GO:0022603),GO_Biological_Process_2021,1/123,0.1376902871907423,0.1594678326137679,0,0,7.075552387740556,14.029040259048296,SIPA1L1
positive regulation of epithelial cell proliferation (GO:0050679),GO_Biological_Process_2021,1/123,0.1376902871907423,0.1594678326137679,0,0,7.075552387740556,14.029040259048296,GRN
regulation of tumor necrosis factor production (GO:0032680),GO_Biological_Process_2021,1/124,0.1387314605097311,0.1602648424209107,0,0,7.017674089784376,13.86141620257972,HLA-E
cellular response to oxidative stress (GO:0034599),GO_Biological_Process_2021,1/125,0.1397714290303165,0.160648680455098,0,0,6.9607293127629735,13.696953111939228,NCF2
platelet degranulation (GO:0002576),GO_Biological_Process_2021,1/125,0.1397714290303165,0.160648680455098,0,0,6.9607293127629735,13.696953111939228,FERMT3
plasma membrane bounded cell projection organization (GO:0120036),GO_Biological_Process_2021,1/128,0.142884119029497,0.1638115910085648,0,0,6.7952755905511815,13.221712684740355,EHD1
regulation of response to external stimulus (GO:0032101),GO_Biological_Process_2021,1/130,0.1449532460203582,0.1657651730308379,0,0,6.689248399056286,12.919239959338638,GRN
regulation of cell adhesion (GO:0030155),GO_Biological_Process_2021,1/133,0.1480479635854841,0.1688788328336929,0,0,6.536231884057971,12.485634198946752,RAC2
protein localization to plasma membrane (GO:0072659),GO_Biological_Process_2021,1/136,0.1511319453719111,0.1719646696712974,0,0,6.3900161030595815,12.074587293407255,EHD1
positive regulation of response to external stimulus (GO:0032103),GO_Biological_Process_2021,1/139,0.1542052269965518,0.1750229326410863,0,0,6.250157529930687,11.684487753337775,GRN
protein localization to cell periphery (GO:1990778),GO_Biological_Process_2021,1/140,0.1552272825349906,0.175743606660563,0,0,6.204879574601189,11.558852350583765,EHD1
regulation of small GTPase mediated signal transduction (GO:0051056),GO_Biological_Process_2021,1/141,0.1562481544471568,0.176459358504998,0,0,6.160248447204969,11.435329575139104,RAC2
Ras protein signal transduction (GO:0007265),GO_Biological_Process_2021,1/142,0.1572678439946919,0.1767316860732429,0,0,6.116250385445575,11.31387002140436,RAC2
protein localization to organelle (GO:0033365),GO_Biological_Process_2021,1/142,0.1572678439946919,0.1767316860732429,0,0,6.116250385445575,11.31387002140436,EHD1
receptor-mediated endocytosis (GO:0006898),GO_Biological_Process_2021,1/143,0.1582863525332583,0.177000009975614,0,0,6.072872014696877,11.19442576486264,ITGB2
neuron development (GO:0048666),GO_Biological_Process_2021,1/143,0.1582863525332583,0.177000009975614,0,0,6.072872014696877,11.19442576486264,EHD1
regulation of mRNA stability (GO:0043488),GO_Biological_Process_2021,1/146,0.1613348050704303,0.1799656056559591,0,0,5.946326836581709,10.847726700068096,YWHAZ
regulation of cytokine production (GO:0001817),GO_Biological_Process_2021,1/150,0.1653829533371849,0.1840290706252009,0,0,5.78552669973738,10.411006495037403,CCDC88B
regulation of signal transduction by p53 class mediator (GO:1901796),GO_Biological_Process_2021,1/156,0.1714200837128663,0.189816385379613,0,0,5.559887798036466,9.805629981042626,PRMT5
peptidyl-serine phosphorylation (GO:0018105),GO_Biological_Process_2021,1/156,0.1714200837128663,0.189816385379613,0,0,5.559887798036466,9.805629981042626,PDK3
cellular response to growth factor stimulus (GO:0071363),GO_Biological_Process_2021,1/158,0.1734231440596118,0.1915671712969921,0,0,5.488507338687344,9.615978751903612,EHD1
positive regulation of protein kinase B signaling (GO:0051897),GO_Biological_Process_2021,1/161,0.1764190358806393,0.1944035007034229,0,0,5.3847826086956525,9.342022882488044,RAC2
regulation of neuron projection development (GO:0010975),GO_Biological_Process_2021,1/165,0.1803973746800748,0.1983060728928668,0,0,5.252386002120891,8.995200678276463,SIPA1L1
regulation of MAPK cascade (GO:0043408),GO_Biological_Process_2021,1/166,0.1813890780052165,0.1989145927883292,0,0,5.220289855072464,8.911613987167629,YWHAZ
peptidyl-serine modification (GO:0018209),GO_Biological_Process_2021,1/169,0.184357293017808,0.2016824362170719,0,0,5.126293995859213,8.667945912337231,PDK3
neuron projection development (GO:0031175),GO_Biological_Process_2021,1/171,0.186330370023192,0.2033509326695413,0,0,5.065473145780051,8.511180194969183,EHD1
positive regulation of ERK1 and ERK2 cascade (GO:0070374),GO_Biological_Process_2021,1/172,0.187315192419349,0.2039354852719052,0,0,5.035596236969234,8.434435164526429,ICAM1
mitochondrion organization (GO:0007005),GO_Biological_Process_2021,1/175,0.1902628104857039,0.2066490812452382,0,0,4.948025987006496,8.210501723622944,MTX1
defense response to bacterium (GO:0042742),GO_Biological_Process_2021,1/176,0.1912430710318092,0.207218029232557,0,0,4.919503105590062,8.137891413487603,HLA-E
regulation of mitotic cell cycle (GO:0007346),GO_Biological_Process_2021,1/178,0.1932001814397508,0.2088401961277306,0,0,4.863424220093343,7.995607626987774,PRMT5
protein stabilization (GO:0050821),GO_Biological_Process_2021,1/179,0.1941770338525692,0.2089013586944702,0,0,4.835857352222765,7.925897616026212,GRN
RNA processing (GO:0006396),GO_Biological_Process_2021,1/179,0.1941770338525692,0.2089013586944702,0,0,4.835857352222765,7.925897616026212,SRPK1
regulated exocytosis (GO:0045055),GO_Biological_Process_2021,1/180,0.1951527527278988,0.2094547275141042,0,0,4.808598494049065,7.857118567173795,FERMT3
regulation of GTPase activity (GO:0043087),GO_Biological_Process_2021,1/189,0.203883421235608,0.2183091350022784,0,0,4.57631822386679,7.277292875760221,SIPA1L1
regulation of angiogenesis (GO:0045765),GO_Biological_Process_2021,1/203,0.2172843114526798,0.2315659093885367,0,0,4.256134309083082,6.497195836752411,GRN
axon guidance (GO:0007411),GO_Biological_Process_2021,1/203,0.2172843114526798,0.2315659093885367,0,0,4.256134309083082,6.497195836752411,RAC2
regulation of inflammatory response (GO:0050727),GO_Biological_Process_2021,1/206,0.2201276714116635,0.2340467513369911,0,0,4.1932131495228,6.34662759959808,GRN
regulation of protein kinase B signaling (GO:0051896),GO_Biological_Process_2021,1/207,0.2210732564206216,0.2345029402218743,0,0,4.172646686365555,6.297613558833096,RAC2
negative regulation of inflammatory response (GO:0050728),GO_Biological_Process_2021,1/212,0.2257847238627902,0.2389423418035122,0,0,4.072738512260457,6.060940642399396,GRN
negative regulation of multicellular organismal process (GO:0051241),GO_Biological_Process_2021,1/214,0.2276616534130022,0.2403683503476814,0,0,4.034088589508063,5.970026437793035,GRN
cellular response to lipid (GO:0071396),GO_Biological_Process_2021,1/219,0.2323349187415113,0.2447333018762091,0,0,3.940566414040686,5.751553536224198,PDK3
"transcription, DNA-templated (GO:0006351)",GO_Biological_Process_2021,1/221,0.2341966268503609,0.2461233069214441,0,0,3.9043478260869566,5.667528779312132,PRMT5
inflammatory response (GO:0006954),GO_Biological_Process_2021,1/230,0.2425209023381233,0.254282886054291,0,0,3.749193089044997,5.3113595397379525,ITGB2
apoptotic process (GO:0006915),GO_Biological_Process_2021,1/231,0.2434404507554704,0.2546589047073354,0,0,3.732703213610586,5.273872622610066,ITGB2
regulation of protein phosphorylation (GO:0001932),GO_Biological_Process_2021,1/266,0.2749590753763177,0.2869687821168925,0,0,3.233962264150944,4.17547542976305,ITGB2
protein-containing complex assembly (GO:0065003),GO_Biological_Process_2021,1/267,0.2758408507989458,0.2872287758319298,0,0,3.221641059169664,4.149252058239344,FERMT3
central nervous system development (GO:0007417),GO_Biological_Process_2021,1/268,0.2767215984819567,0.2874865119240466,0,0,3.209412147858655,4.123270875337206,GSN
positive regulation of MAPK cascade (GO:0043410),GO_Biological_Process_2021,1/274,0.2819845655928912,0.2922853716419465,0,0,3.137920050963529,3.972302222649994,ICAM1
proteolysis (GO:0006508),GO_Biological_Process_2021,1/287,0.2932620462322328,0.3032823894975711,0,0,2.9933110367892977,3.671860866085976,CTSA
positive regulation of apoptotic process (GO:0043065),GO_Biological_Process_2021,1/310,0.3127999435192308,0.3227526689948427,0,0,2.767271703953848,3.216099516586545,GRN
cellular response to oxygen-containing compound (GO:1901701),GO_Biological_Process_2021,1/323,0.3236130189567645,0.3331526317604786,0,0,2.653794220901972,2.9940288529398607,PDK3
positive regulation of multicellular organismal process (GO:0051240),GO_Biological_Process_2021,1/345,0.3415416105082819,0.350814233418009,0,0,2.4812942366026287,2.665619067489702,CCDC88B
negative regulation of programmed cell death (GO:0043069),GO_Biological_Process_2021,1/381,0.3699009503584732,0.3790858498030403,0,0,2.2421052631578946,2.229818550791123,YWHAZ
positive regulation of macromolecule metabolic process (GO:0010604),GO_Biological_Process_2021,1/384,0.3722106443667701,0.3805937669876433,0,0,2.2242025201498468,2.1981689784721854,GSN
regulation of gene expression (GO:0010468),GO_Biological_Process_2021,2/1079,0.3742503006567342,0.3818194078610277,0,0,1.5952561829999157,1.5678663559116048,PRMT5;GSN
organelle organization (GO:0006996),GO_Biological_Process_2021,1/420,0.3993017474456049,0.4064641106284857,0,0,2.029365985265124,1.863034864411019,MTX1
regulation of nucleic acid-templated transcription (GO:1903506),GO_Biological_Process_2021,1/430,0.4066259298447031,0.4129936737125173,0,0,1.9810479375696768,1.7826689815440304,PRMT5
nervous system development (GO:0007399),GO_Biological_Process_2021,1/447,0.418881044096358,0.4244910580797915,0,0,1.9038798986157144,1.6566959417757317,GSN
regulation of cellular macromolecule biosynthetic process (GO:2000112),GO_Biological_Process_2021,1/468,0.4336850384837421,0.438514493255276,0,0,1.8163113304161624,1.5174131915007172,PRMT5
positive regulation of cell population proliferation (GO:0008284),GO_Biological_Process_2021,1/474,0.4378479236368187,0.4417399051802571,0,0,1.7927199191102123,1.4805780436980625,GRN
positive regulation of intracellular signal transduction (GO:1902533),GO_Biological_Process_2021,1/546,0.4855701054864659,0.4888000618422517,0,0,1.5501396090945354,1.1198698428965903,RAC2
positive regulation of cellular process (GO:0048522),GO_Biological_Process_2021,1/625,0.533460579687173,0.5358210247300366,0,0,1.3483835005574136,0.8472838763864958,GRN
regulation of apoptotic process (GO:0042981),GO_Biological_Process_2021,1/742,0.5966164254287997,0.5979334594805189,0,0,1.1286158540163116,0.5829085044449913,YWHAZ
"regulation of transcription, DNA-templated (GO:0006355)",GO_Biological_Process_2021,1/2244,0.9426125193319712,0.9426125193319712,0,0,0.3437360677663843,0.0203147957199093,PRMT5
cell-substrate junction (GO:0030055),GO_Cellular_Component_2021,7/394,2.829574800902043e-07,1.766120981227044e-05,0,0,20.84252925976592,314.2630141792956,GSN;ITGB2;RAC2;LCP1;YWHAZ;ICAM1;FERMT3
podosome (GO:0002102),GO_Cellular_Component_2021,3/13,4.307612149334254e-07,1.766120981227044e-05,0,0,285.22857142857146,4180.798233078235,GSN;LCP1;FERMT3
focal adhesion (GO:0005925),GO_Cellular_Component_2021,6/387,5.059419865426743e-06,0.00013829080965499762,0,0,17.143482064741907,209.0520558706807,GSN;ITGB2;RAC2;LCP1;YWHAZ;ICAM1
actin cytoskeleton (GO:0015629),GO_Cellular_Component_2021,5/316,3.167942253874682e-05,0.0006494281620443099,0,0,16.639871382636656,172.3864587105667,GSN;SIPA1L1;RAC2;LCP1;FERMT3
phagocytic vesicle (GO:0045335),GO_Cellular_Component_2021,3/100,0.00022743640782365407,0.0037299570883079,0,0,29.276877761413843,245.59318448881905,NCF2;RAC2;HLA-E
intracellular non-membrane-bounded organelle (GO:0043232),GO_Cellular_Component_2021,7/1158,0.000310118224549844,0.0042382824021812,0,0,6.734553074053253,54.40547063361378,EHD1;GSN;RAC2;PLIN3;PDK3;LCP1;FERMT3
secretory granule lumen (GO:0034774),GO_Cellular_Component_2021,4/316,0.0005061166189771291,0.0059287946794463,0,0,12.605128205128205,95.65708401414332,CTSA;GRN;GSN;FERMT3
recycling endosome (GO:0055037),GO_Cellular_Component_2021,3/145,0.0006756080775996752,0.0069249827953966,0,0,19.953722334004024,145.66012612384492,EHD1;TBC1D14;HLA-E
phagocytic vesicle membrane (GO:0030670),GO_Cellular_Component_2021,2/45,0.0013238573520127,0.0120618114294492,0,0,42.141649048625794,279.2813711962976,RAC2;HLA-E
recycling endosome membrane (GO:0055038),GO_Cellular_Component_2021,2/58,0.0021895208131594,0.0179540706679073,0,0,32.33766233766234,198.03819076650805,EHD1;HLA-E
actin filament (GO:0005884),GO_Cellular_Component_2021,2/72,0.0033511402423285,0.0249812272609948,0,0,25.851948051948053,147.3161528181512,RAC2;LCP1
lipid droplet (GO:0005811),GO_Cellular_Component_2021,2/77,0.0038222540446578,0.0261187359718283,0,0,24.12242424242424,134.2874845394686,EHD1;PLIN3
azurophil granule lumen (GO:0035578),GO_Cellular_Component_2021,2/90,0.0051823264506846,0.0307192232374836,0,0,20.545454545454547,108.1204792366108,CTSA;GRN
cytoskeleton (GO:0005856),GO_Cellular_Component_2021,4/600,0.0052849359982241,0.0307192232374836,0,0,6.503355704697986,34.09640961040008,GSN;SIPA1L1;RAC2;LCP1
phagolysosome (GO:0032010),GO_Cellular_Component_2021,1/5,0.005986138987596,0.0307192232374836,0,0,217.08695652173915,1111.118047594182,NCF2
early endosome membrane (GO:0031901),GO_Cellular_Component_2021,2/97,0.0059939947780455,0.0307192232374836,0,0,19.02488038277512,97.35025929294416,EHD1;HLA-E
MHC class I protein complex (GO:0042612),GO_Cellular_Component_2021,1/6,0.0071792448741713,0.0346292988048262,0,0,173.66086956521738,857.2874884567655,HLA-E
platelet dense tubular network membrane (GO:0031095),GO_Cellular_Component_2021,1/9,0.0107503374648081,0.0489737595619035,0,0,108.52173913043478,491.9093069362492,EHD1
platelet dense tubular network (GO:0031094),GO_Cellular_Component_2021,1/11,0.0131242257813257,0.0519095105012569,0,0,86.80869565217391,376.1677267870623,EHD1
NADPH oxidase complex (GO:0043020),GO_Cellular_Component_2021,1/12,0.014309122256811,0.0519095105012569,0,0,78.91304347826087,335.1324919763037,NCF2
azurophil granule (GO:0042582),GO_Cellular_Component_2021,2/155,0.0147290441792645,0.0519095105012569,0,0,11.778371954842545,49.6803948263265,CTSA;GRN
endocytic vesicle membrane (GO:0030666),GO_Cellular_Component_2021,2/158,0.0152732459311361,0.0519095105012569,0,0,11.55011655011655,48.29857505429492,RAC2;HLA-E
MIB complex (GO:0140275),GO_Cellular_Component_2021,1/13,0.0154926555661662,0.0519095105012569,0,0,72.33333333333333,301.441152263015,MTX1
SAM complex (GO:0001401),GO_Cellular_Component_2021,1/13,0.0154926555661662,0.0519095105012569,0,0,72.33333333333333,301.441152263015,MTX1
vacuolar lumen (GO:0005775),GO_Cellular_Component_2021,2/161,0.0158260702747734,0.0519095105012569,0,0,11.330474556889651,46.97724295834578,CTSA;GRN
secondary lysosome (GO:0005767),GO_Cellular_Component_2021,1/16,0.0190350912060612,0.060033749188347,0,0,57.85797101449276,229.20267994354347,NCF2
ficolin-1-rich granule (GO:0101002),GO_Cellular_Component_2021,2/184,0.0203441002430925,0.0617857859234663,0,0,9.887112887112886,38.50995195743669,GSN;ITGB2
MHC protein complex (GO:0042611),GO_Cellular_Component_2021,1/20,0.0237393438664972,0.0695223641804562,0,0,45.66819221967963,170.827422984315,HLA-E
mitochondrial outer membrane translocase complex (GO:0005742),GO_Cellular_Component_2021,1/21,0.0249120249496479,0.0704408981334871,0,0,43.38260869565217,160.18614661402282,MTX1
lytic vacuole (GO:0000323),GO_Cellular_Component_2021,2/219,0.0281219200676887,0.0768665815183492,0,0,8.277754503560955,29.56156599634611,CTSA;GRN
vesicle (GO:0031982),GO_Cellular_Component_2021,2/226,0.0298011529434648,0.0788288561730359,0,0,8.016233766233766,28.1626981753275,ITGB2;YWHAZ
lumenal side of endoplasmic reticulum membrane (GO:0098553),GO_Cellular_Component_2021,1/28,0.0330830787572745,0.0822064381241367,0,0,32.12399355877617,109.5021279575476,HLA-E
integral component of lumenal side of endoplasmic reticulum membrane (GO:0071556),GO_Cellular_Component_2021,1/28,0.0330830787572745,0.0822064381241367,0,0,32.12399355877617,109.5021279575476,HLA-E
polymeric cytoskeletal fiber (GO:0099513),GO_Cellular_Component_2021,2/256,0.0374364532719655,0.0902879167147404,0,0,7.058697208303507,23.1885993471747,RAC2;LCP1
early endosome (GO:0005769),GO_Cellular_Component_2021,2/266,0.0401331654257976,0.0940262732832974,0,0,6.787878787878788,21.82677869545505,EHD1;HLA-E
cortical actin cytoskeleton (GO:0030864),GO_Cellular_Component_2021,1/42,0.0492287756703269,0.112132211249078,0,0,21.139978791092258,63.65833096505315,GSN
endosome membrane (GO:0010008),GO_Cellular_Component_2021,2/325,0.0574547969197589,0.1208270235590094,0,0,5.531381930762736,15.8018128383174,EHD1;HLA-E
lysosomal membrane (GO:0005765),GO_Cellular_Component_2021,2/330,0.0590262254772766,0.1208270235590094,0,0,5.445676274944567,15.410030054212504,CTSA;GRN
integral component of mitochondrial inner membrane (GO:0031305),GO_Cellular_Component_2021,1/51,0.0594713763211451,0.1208270235590094,0,0,17.32695652173913,48.901178953928365,MTX1
ER to Golgi transport vesicle membrane (GO:0012507),GO_Cellular_Component_2021,1/54,0.0628620157036355,0.1208270235590094,0,0,16.343724364232976,45.22003200693963,HLA-E
coated vesicle membrane (GO:0030662),GO_Cellular_Component_2021,1/55,0.0639896234601604,0.1208270235590094,0,0,16.0402576489533,44.09521913474902,HLA-E
extracellular membrane-bounded organelle (GO:0065010),GO_Cellular_Component_2021,1/56,0.0651159309062086,0.1208270235590094,0,0,15.747826086956522,43.01654198332297,ITGB2
filopodium (GO:0030175),GO_Cellular_Component_2021,1/58,0.0673646506413824,0.1208270235590094,0,0,15.193745232646837,40.98717694310057,LCP1
cortical cytoskeleton (GO:0030863),GO_Cellular_Component_2021,1/58,0.0673646506413824,0.1208270235590094,0,0,15.193745232646837,40.98717694310057,GSN
intracellular membrane-bounded organelle (GO:0043231),GO_Cellular_Component_2021,10/5192,0.0684328922987595,0.1208270235590094,0,0,2.0392016320229365,5.468938299868144,CTSA;EHD1;PRMT5;GSN;YIPF3;RAC2;TALDO1;TBC1D14;YWHAZ;SRPK1
extracellular vesicle (GO:1903561),GO_Cellular_Component_2021,1/59,0.0684870657945493,0.1208270235590094,0,0,14.93103448275862,40.03175141731448,ITGB2
transport vesicle membrane (GO:0030658),GO_Cellular_Component_2021,1/60,0.0696081863665755,0.1208270235590094,0,0,14.67722918201916,39.11295320546662,HLA-E
ficolin-1-rich granule membrane (GO:0101003),GO_Cellular_Component_2021,1/61,0.0707280137906396,0.1208270235590094,0,0,14.431884057971017,38.22881323170655,ITGB2
platelet alpha granule lumen (GO:0031093),GO_Cellular_Component_2021,1/67,0.0774199020723618,0.1280490307359663,0,0,13.115942028985508,33.55728718613052,FERMT3
autophagosome (GO:0005776),GO_Cellular_Component_2021,1/69,0.0796402508235888,0.1280490307359663,0,0,12.728900255754477,32.20711721652364,TBC1D14
glutamatergic synapse (GO:0098978),GO_Cellular_Component_2021,1/69,0.0796402508235888,0.1280490307359663,0,0,12.728900255754477,32.20711721652364,YWHAZ
tertiary granule membrane (GO:0070821),GO_Cellular_Component_2021,1/73,0.0840655952372061,0.132564977104825,0,0,12.019323671497585,29.76174313200534,ITGB2
COPII-coated ER to Golgi transport vesicle (GO:0030134),GO_Cellular_Component_2021,1/79,0.0906653982949543,0.1402747671733256,0,0,11.091415830546266,26.62582536725388,HLA-E
plasma membrane raft (GO:0044853),GO_Cellular_Component_2021,1/82,0.093948185827494,0.1416958840841795,0,0,10.679012345679013,25.25599088572858,ITGB2
actin-based cell projection (GO:0098858),GO_Cellular_Component_2021,1/83,0.0950399222515838,0.1416958840841795,0,0,10.548250265111347,24.82486651907214,LCP1
lysosomal lumen (GO:0043202),GO_Cellular_Component_2021,1/86,0.0983075728072943,0.1439503744678238,0,0,10.174424552429668,23.601146819428006,CTSA
platelet alpha granule (GO:0031091),GO_Cellular_Component_2021,1/90,0.1026468550534564,0.146650701072178,0,0,9.715192965315095,22.1162556930706,FERMT3
specific granule membrane (GO:0035579),GO_Cellular_Component_2021,1/91,0.1037285446608088,0.146650701072178,0,0,9.606763285024154,21.76871367585296,ITGB2
lysosome (GO:0005764),GO_Cellular_Component_2021,2/477,0.1111079029094203,0.1544211531961435,0,0,3.7322488038277513,8.20069656632216,CTSA;GRN
cytoplasmic vesicle lumen (GO:0060205),GO_Cellular_Component_2021,1/115,0.1293173667465542,0.1767337345536241,0,0,7.575133485888634,15.494827134911327,GSN
ficolin-1-rich granule lumen (GO:1904813),GO_Cellular_Component_2021,1/123,0.1376902871907423,0.1850918614695224,0,0,7.075552387740556,14.029040259048296,GSN
asymmetric synapse (GO:0032279),GO_Cellular_Component_2021,1/133,0.1480479635854841,0.1958053711937047,0,0,6.536231884057971,12.485634198946752,SIPA1L1
postsynaptic density (GO:0014069),GO_Cellular_Component_2021,1/138,0.1531819864913029,0.1993797284489974,0,0,6.296096477308791,11.812286733900033,SIPA1L1
integral component of endoplasmic reticulum membrane (GO:0030176),GO_Cellular_Component_2021,1/142,0.1572678439946919,0.201499425118199,0,0,6.116250385445575,11.31387002140436,HLA-E
specific granule (GO:0042581),GO_Cellular_Component_2021,1/160,0.1754215633980903,0.219569711176505,0,0,5.418922614164615,9.43197765535086,ITGB2
membrane raft (GO:0045121),GO_Cellular_Component_2021,1/163,0.1784105129450705,0.219569711176505,0,0,5.317767042404723,9.166065581777534,ITGB2
tertiary granule (GO:0070820),GO_Cellular_Component_2021,1/164,0.1794045201076321,0.219569711176505,0,0,5.284875966924513,9.080009525352985,ITGB2
endocytic vesicle (GO:0030139),GO_Cellular_Component_2021,1/189,0.203883421235608,0.2422962397292733,0,0,4.57631822386679,7.277292875760221,EHD1
late endosome (GO:0005770),GO_Cellular_Component_2021,1/189,0.203883421235608,0.2422962397292733,0,0,4.57631822386679,7.277292875760221,GRN
bounding membrane of organelle (GO:0098588),GO_Cellular_Component_2021,2/767,0.2343357867957379,0.2745076359607216,0,0,2.282947118241236,3.312556738688038,EHD1;HLA-E
trans-Golgi network (GO:0005802),GO_Cellular_Component_2021,1/239,0.25075842384664,0.2896083204989363,0,0,3.605772743880161,4.9877401652192,GRN
intracellular organelle lumen (GO:0070013),GO_Cellular_Component_2021,2/848,0.27079441241128,0.3084047474684022,0,0,2.0556630131098217,2.6855086462931976,GSN;PDK3
lytic vacuole membrane (GO:0098852),GO_Cellular_Component_2021,1/267,0.2758408507989458,0.3098486269248433,0,0,3.221641059169664,4.149252058239344,GRN
secretory granule membrane (GO:0030667),GO_Cellular_Component_2021,1/274,0.2819845655928912,0.3124693834948254,0,0,3.137920050963529,3.972302222649994,ITGB2
mitochondrial matrix (GO:0005759),GO_Cellular_Component_2021,1/348,0.3439508431767066,0.3760529218731992,0,0,2.4594662323017165,2.624881395660583,PDK3
collagen-containing extracellular matrix (GO:0062023),GO_Cellular_Component_2021,1/380,0.3691292443467487,0.3930986757978363,0,0,2.24813582654583,2.2405111403161344,ICAM1
cytoplasmic vesicle membrane (GO:0030659),GO_Cellular_Component_2021,1/380,0.3691292443467487,0.3930986757978363,0,0,2.24813582654583,2.2405111403161344,EHD1
Golgi membrane (GO:0000139),GO_Cellular_Component_2021,1/472,0.4364635645062548,0.4588463114040114,0,0,1.800516938982738,1.4927192508539766,HLA-E
integral component of plasma membrane (GO:0005887),GO_Cellular_Component_2021,2/1454,0.52923812112507,0.5493357712943764,0,0,1.159779614325069,0.7379872690738419,NCF2;ICAM1
nucleolus (GO:0005730),GO_Cellular_Component_2021,1/733,0.5920649087333872,0.6055069844388951,0,0,1.1430268472321217,0.599104956657185,PDK3
nuclear lumen (GO:0031981),GO_Cellular_Component_2021,1/745,0.5981227529213475,0.6055069844388951,0,0,1.1238896680691912,0.5776335174672738,PDK3
nucleus (GO:0005634),GO_Cellular_Component_2021,5/4484,0.6522810290994762,0.6522810290994762,0,0,0.910506339525975,0.3890409518050509,PRMT5;GSN;TALDO1;YWHAZ;SRPK1
kinase binding (GO:0019900),GO_Molecular_Function_2021,5/461,0.0001883468784313343,0.0099823845568607,0,0,11.265004616805172,96.62248144581068,GSN;ITGB2;RAC2;TBC1D14;YWHAZ
protein kinase binding (GO:0019901),GO_Molecular_Function_2021,4/506,0.0028774203899501,0.0535064589546356,0,0,7.758565737051793,45.39429033969984,ITGB2;RAC2;TBC1D14;YWHAZ
complement component C3b binding (GO:0001851),GO_Molecular_Function_2021,1/5,0.005986138987596,0.0535064589546356,0,0,217.08695652173915,1111.118047594182,ITGB2
pyruvate dehydrogenase (acetyl-transferring) kinase activity (GO:0004740),GO_Molecular_Function_2021,1/5,0.005986138987596,0.0535064589546356,0,0,217.08695652173915,1111.118047594182,PDK3
cadherin binding (GO:0045296),GO_Molecular_Function_2021,3/322,0.0065129786430667,0.0535064589546356,0,0,8.80295566502463,44.31371242592882,EHD1;PLIN3;YWHAZ
histone-arginine N-methyltransferase activity (GO:0008469),GO_Molecular_Function_2021,1/7,0.0083709789916443,0.0535064589546356,0,0,144.71014492753622,692.1463710595567,PRMT5
serine-type exopeptidase activity (GO:0070008),GO_Molecular_Function_2021,1/7,0.0083709789916443,0.0535064589546356,0,0,144.71014492753622,692.1463710595567,CTSA
arginine N-methyltransferase activity (GO:0016273),GO_Molecular_Function_2021,1/8,0.0095613427178271,0.0535064589546356,0,0,124.03105590062113,576.7477724354015,PRMT5
superoxide-generating NADPH oxidase activator activity (GO:0016176),GO_Molecular_Function_2021,1/8,0.0095613427178271,0.0535064589546356,0,0,124.03105590062113,576.7477724354015,NCF2
natural killer cell lectin-like receptor binding (GO:0046703),GO_Molecular_Function_2021,1/9,0.0107503374648081,0.0535064589546356,0,0,108.52173913043478,491.9093069362492,HLA-E
myosin II binding (GO:0045159),GO_Molecular_Function_2021,1/11,0.0131242257813257,0.0535064589546356,0,0,86.80869565217391,376.1677267870623,GSN
protein-arginine N-methyltransferase activity (GO:0016274),GO_Molecular_Function_2021,1/11,0.0131242257813257,0.0535064589546356,0,0,86.80869565217391,376.1677267870623,PRMT5
superoxide-generating NAD(P)H oxidase activity (GO:0016175),GO_Molecular_Function_2021,1/11,0.0131242257813257,0.0535064589546356,0,0,86.80869565217391,376.1677267870623,NCF2
purine ribonucleoside triphosphate binding (GO:0035639),GO_Molecular_Function_2021,3/460,0.0170912757805883,0.0626641574669727,0,0,6.101594248202563,24.82852881126868,RAC2;PDK3;SRPK1
"oxidoreductase activity, acting on NAD(P)H, oxygen as acceptor (GO:0050664)",GO_Molecular_Function_2021,1/15,0.0178556385652366,0.0626641574669727,0,0,61.993788819875775,249.55202523941097,NCF2
actin binding (GO:0003779),GO_Molecular_Function_2021,2/177,0.0189174814994634,0.0626641574669727,0,0,10.286233766233766,40.812369168033705,GSN;LCP1
MHC class I protein binding (GO:0042288),GO_Molecular_Function_2021,1/17,0.0202131865779684,0.0630175816842545,0,0,54.23913043478261,211.60963296162683,HLA-E
metal ion binding (GO:0046872),GO_Molecular_Function_2021,3/517,0.0232241357063714,0.0669206114564252,0,0,5.409116175653141,20.35214151522804,GSN;LCP1;SRPK1
GTPase binding (GO:0051020),GO_Molecular_Function_2021,2/201,0.0239904078806052,0.0669206114564252,0,0,9.034719049794427,33.70041637079752,EHD1;LCP1
methyl-CpG binding (GO:0008327),GO_Molecular_Function_2021,1/24,0.0284219748654964,0.0753182333935655,0,0,37.71833648393195,134.2996324147713,PRMT5
GTPase regulator activity (GO:0030695),GO_Molecular_Function_2021,2/233,0.031519890566273,0.0795502000005939,0,0,7.770562770562771,26.86389606993865,SIPA1L1;TBC1D14
MHC protein binding (GO:0042287),GO_Molecular_Function_2021,1/28,0.0330830787572745,0.0797001442788886,0,0,32.12399355877617,109.5021279575476,HLA-E
histone methyltransferase activity (GO:0042054),GO_Molecular_Function_2021,1/32,0.0377227498799882,0.0869263366799728,0,0,27.97335203366059,91.6824353057917,PRMT5
ATP binding (GO:0005524),GO_Molecular_Function_2021,2/278,0.0434646984513939,0.0946416246084112,0,0,6.488801054018445,20.34762257711454,PDK3;SRPK1
carboxypeptidase activity (GO:0004180),GO_Molecular_Function_2021,1/38,0.0446422757586845,0.0946416246084112,0,0,23.43008225616921,72.84585913763358,CTSA
E-box binding (GO:0070888),GO_Molecular_Function_2021,1/41,0.0480841329275167,0.0980176555830148,0,0,21.669565217391305,65.76286224679887,PRMT5
adenyl ribonucleotide binding (GO:0032559),GO_Molecular_Function_2021,2/306,0.0516252531011122,0.1013384597910721,0,0,5.882775119617225,17.43504137618132,PDK3;SRPK1
methyltransferase activity (GO:0008168),GO_Molecular_Function_2021,1/50,0.0583385530130099,0.104580131455426,0,0,17.68145519077196,50.24171555062859,PRMT5
GTPase activator activity (GO:0005096),GO_Molecular_Function_2021,2/336,0.0609318865399986,0.104580131455426,0,0,5.346216657593903,14.95870700544551,SIPA1L1;TBC1D14
exopeptidase activity (GO:0008238),GO_Molecular_Function_2021,1/53,0.06173310622682,0.104580131455426,0,0,16.65886287625418,46.3938490228076,CTSA
protein serine/threonine kinase activity (GO:0004674),GO_Molecular_Function_2021,2/344,0.0635059941803192,0.104580131455426,0,0,5.219032429558745,14.386894295831144,PDK3;SRPK1
calcium ion binding (GO:0005509),GO_Molecular_Function_2021,2/348,0.0648070374263872,0.104580131455426,0,0,5.157645822385707,14.113078136076217,GSN;LCP1
myosin binding (GO:0017022),GO_Molecular_Function_2021,1/56,0.0651159309062086,0.104580131455426,0,0,15.747826086956522,43.01654198332297,GSN
"phosphatidylinositol-4,5-bisphosphate binding (GO:0005546)",GO_Molecular_Function_2021,1/75,0.0862706134691211,0.1344806621724536,0,0,11.693301997649824,28.65170329299039,GSN
amyloid-beta binding (GO:0001540),GO_Molecular_Function_2021,1/80,0.0917609252380958,0.1389522582176879,0,0,10.950467804072646,26.155944898719028,ITGB2
growth factor activity (GO:0008083),GO_Molecular_Function_2021,1/87,0.0993942747281716,0.1463304600164749,0,0,10.055611729019212,23.21499626974228,GRN
phosphatidylinositol bisphosphate binding (GO:1902936),GO_Molecular_Function_2021,1/94,0.1069661212646203,0.1532217412709426,0,0,9.295465170640488,20.77762455454772,GSN
magnesium ion binding (GO:0000287),GO_Molecular_Function_2021,1/146,0.1613348050704303,0.2250195965456002,0,0,5.946326836581709,10.847726700068096,SRPK1
small GTPase binding (GO:0031267),GO_Molecular_Function_2021,1/175,0.1902628104857039,0.2585622809164695,0,0,4.948025987006496,8.210501723622944,EHD1
protein heterodimerization activity (GO:0046982),GO_Molecular_Function_2021,1/188,0.2029178475987033,0.2635566176948104,0,0,4.601023017902813,7.338420404589049,PRMT5
GTP binding (GO:0005525),GO_Molecular_Function_2021,1/189,0.203883421235608,0.2635566176948104,0,0,4.57631822386679,7.277292875760221,RAC2
DNA-binding transcription factor binding (GO:0140297),GO_Molecular_Function_2021,1/208,0.2220177426044606,0.276484403639876,0,0,4.15227893299727,6.24917140100048,YWHAZ
guanyl ribonucleotide binding (GO:0032561),GO_Molecular_Function_2021,1/214,0.2276616534130022,0.276484403639876,0,0,4.034088589508063,5.970026437793035,RAC2
GTPase activity (GO:0003924),GO_Molecular_Function_2021,1/216,0.2295342218897084,0.276484403639876,0,0,3.996157735085945,5.881157909080661,RAC2
RNA binding (GO:0003723),GO_Molecular_Function_2021,3/1406,0.2361416500508305,0.2781223878376449,0,0,1.891151613888606,2.7295434565728893,GRN;YWHAZ;SRPK1
microtubule binding (GO:0008017),GO_Molecular_Function_2021,1/232,0.2443589293687948,0.2815439838379593,0,0,3.716356107660456,5.236780987740579,CCDC88B
ubiquitin protein ligase binding (GO:0031625),GO_Molecular_Function_2021,1/265,0.274076271036322,0.3090647311686184,0,0,3.246376811594203,4.201944092373783,YWHAZ
nucleoside-triphosphatase activity (GO:0017111),GO_Molecular_Function_2021,1/278,0.285472799808412,0.3125321202025914,0,0,3.091979281117564,3.876131590723064,RAC2
ubiquitin-like protein ligase binding (GO:0044389),GO_Molecular_Function_2021,1/282,0.2889447903759807,0.3125321202025914,0,0,3.047346433544793,3.783340465050845,YWHAZ
tubulin binding (GO:0015631),GO_Molecular_Function_2021,1/307,0.3102811959254574,0.3224490859617498,0,0,2.7948280761579998,3.270721085323333,CCDC88B
receptor ligand activity (GO:0048018),GO_Molecular_Function_2021,1/307,0.3102811959254574,0.3224490859617498,0,0,2.7948280761579998,3.270721085323333,GRN
sequence-specific DNA binding (GO:0043565),GO_Molecular_Function_2021,1/707,0.5786379464804237,0.5897655992973548,0,0,1.186722502771277,0.6492301357010969,PRMT5
RNA polymerase II cis-regulatory region sequence-specific DNA binding (GO:0000978),GO_Molecular_Function_2021,1/1149,0.7584863201144328,0.7584863201144328,0,0,0.7130737767004999,0.1971153518981249,PRMT5
