Term,Gene_set,Overlap,P-value,Adjusted P-value,Old P-value,Old Adjusted P-value,Odds Ratio,Combined Score,Genes
regulation of interleukin-4 production (GO:0032673),GO_Biological_Process_2021,3/23,3.0051783795657164e-06,0.0006551288867453262,0,0,136.0568181818182,1729.9860668385245,CD40LG;LEF1;CD28
regulation of interleukin-10 production (GO:0032653),GO_Biological_Process_2021,3/48,2.875081200048924e-05,0.0031338385080533,0,0,60.39393939393939,631.5300358610783,CD40LG;CD28;TRIB2
positive regulation of interleukin-4 production (GO:0032753),GO_Biological_Process_2021,2/18,0.0002267055108576553,0.0164739337889896,0,0,108.47282608695652,910.288628412586,CD40LG;CD28
positive regulation of interleukin-10 production (GO:0032733),GO_Biological_Process_2021,2/32,0.0007271072968375054,0.039627347677644,0,0,57.81159420289855,417.7718146342518,CD40LG;CD28
positive regulation of T cell proliferation (GO:0042102),GO_Biological_Process_2021,2/66,0.0030637473161426,0.0934587537312975,0,0,27.05298913043478,156.58585273655547,CD40LG;CD28
positive regulation of T cell activation (GO:0050870),GO_Biological_Process_2021,2/75,0.0039364363425538,0.0934587537312975,0,0,23.706968433591424,131.27685044097217,CD40LG;CD28
positive regulation of lymphocyte proliferation (GO:0050671),GO_Biological_Process_2021,2/75,0.0039364363425538,0.0934587537312975,0,0,23.706968433591424,131.27685044097217,CD40LG;CD28
regulation of T cell proliferation (GO:0042129),GO_Biological_Process_2021,2/76,0.0040397406896228,0.0934587537312975,0,0,23.38542890716804,128.890540062766,CD40LG;CD28
menaquinone metabolic process (GO:0009233),GO_Biological_Process_2021,1/5,0.0062349390704731,0.0934587537312975,0,0,208.03125,1056.2966607689368,UBIAD1
negative regulation of interleukin-13 production (GO:0032696),GO_Biological_Process_2021,1/5,0.0062349390704731,0.0934587537312975,0,0,208.03125,1056.2966607689368,LEF1
negative regulation of interleukin-5 production (GO:0032714),GO_Biological_Process_2021,1/5,0.0062349390704731,0.0934587537312975,0,0,208.03125,1056.2966607689368,LEF1
positive regulation of gamma-delta T cell activation (GO:0046645),GO_Biological_Process_2021,1/5,0.0062349390704731,0.0934587537312975,0,0,208.03125,1056.2966607689368,LEF1
positive regulation of granulocyte differentiation (GO:0030854),GO_Biological_Process_2021,1/6,0.007477446810139,0.0934587537312975,0,0,166.41666666666666,814.7533474976135,LEF1
regulation of mesenchymal stem cell differentiation (GO:2000739),GO_Biological_Process_2021,1/7,0.0087184638276748,0.0934587537312975,0,0,138.67361111111111,657.6335609979999,LTBP3
negative regulation of lipid kinase activity (GO:0090219),GO_Biological_Process_2021,1/8,0.0099579917015561,0.0934587537312975,0,0,118.85714285714286,547.8577209909951,PIK3IP1
peptidyl-proline hydroxylation to 4-hydroxy-L-proline (GO:0018401),GO_Biological_Process_2021,1/8,0.0099579917015561,0.0934587537312975,0,0,118.85714285714286,547.8577209909951,P4HTM
vitamin K metabolic process (GO:0042373),GO_Biological_Process_2021,1/8,0.0099579917015561,0.0934587537312975,0,0,118.85714285714286,547.8577209909951,UBIAD1
protein deglycosylation (GO:0006517),GO_Biological_Process_2021,1/8,0.0099579917015561,0.0934587537312975,0,0,118.85714285714286,547.8577209909951,ENGASE
elastic fiber assembly (GO:0048251),GO_Biological_Process_2021,1/8,0.0099579917015561,0.0934587537312975,0,0,118.85714285714286,547.8577209909951,LTBP3
kinetochore assembly (GO:0051382),GO_Biological_Process_2021,1/9,0.0111960320481715,0.0934587537312975,0,0,103.99479166666669,467.1649710127919,CENPT
somatic recombination of immunoglobulin genes involved in immune response (GO:0002204),GO_Biological_Process_2021,1/9,0.0111960320481715,0.0934587537312975,0,0,103.99479166666669,467.1649710127919,CD40LG
T-helper 1 type immune response (GO:0042088),GO_Biological_Process_2021,1/9,0.0111960320481715,0.0934587537312975,0,0,103.99479166666669,467.1649710127919,LEF1
CD40 signaling pathway (GO:0023035),GO_Biological_Process_2021,1/9,0.0111960320481715,0.0934587537312975,0,0,103.99479166666669,467.1649710127919,CD40LG
semaphorin-plexin signaling pathway involved in axon guidance (GO:1902287),GO_Biological_Process_2021,1/9,0.0111960320481715,0.0934587537312975,0,0,103.99479166666669,467.1649710127919,PLXNA3
negative regulation of programmed cell death (GO:0043069),GO_Biological_Process_2021,3/381,0.0115605407394335,0.0934587537312975,0,0,7.06962481962482,31.531641151637796,CD40LG;LEF1;CD28
cellular response to interleukin-4 (GO:0071353),GO_Biological_Process_2021,1/10,0.0124325865055395,0.0934587537312975,0,0,92.4351851851852,405.55330287566494,LEF1
regulation of granulocyte differentiation (GO:0030852),GO_Biological_Process_2021,1/10,0.0124325865055395,0.0934587537312975,0,0,92.4351851851852,405.55330287566494,LEF1
response to interleukin-4 (GO:0070670),GO_Biological_Process_2021,1/10,0.0124325865055395,0.0934587537312975,0,0,92.4351851851852,405.55330287566494,LEF1
negative regulation of phosphatidylinositol 3-kinase signaling (GO:0014067),GO_Biological_Process_2021,1/10,0.0124325865055395,0.0934587537312975,0,0,92.4351851851852,405.55330287566494,PIK3IP1
isotype switching (GO:0045190),GO_Biological_Process_2021,1/11,0.0136676567242548,0.0936376846762982,0,0,83.1875,357.1008995813401,CD40LG
peptidyl-proline hydroxylation (GO:0019511),GO_Biological_Process_2021,1/11,0.0136676567242548,0.0936376846762982,0,0,83.1875,357.1008995813401,P4HTM
kinetochore organization (GO:0051383),GO_Biological_Process_2021,1/13,0.016133351108423,0.0936376846762982,0,0,69.31597222222223,286.05777422638903,CENPT
regulation of interleukin-5 production (GO:0032674),GO_Biological_Process_2021,1/13,0.016133351108423,0.0936376846762982,0,0,69.31597222222223,286.05777422638903,LEF1
semaphorin-plexin signaling pathway involved in neuron projection guidance (GO:1902285),GO_Biological_Process_2021,1/13,0.016133351108423,0.0936376846762982,0,0,69.31597222222223,286.05777422638903,PLXNA3
quinone biosynthetic process (GO:1901663),GO_Biological_Process_2021,1/14,0.0173639786153884,0.0936376846762982,0,0,63.98076923076923,259.3369252570107,UBIAD1
T-helper cell differentiation (GO:0042093),GO_Biological_Process_2021,1/14,0.0173639786153884,0.0936376846762982,0,0,63.98076923076923,259.3369252570107,LEF1
"maturation of LSU-rRNA from tricistronic rRNA transcript (SSU-rRNA, 5.8S rRNA, LSU-rRNA) (GO:0000463)",GO_Biological_Process_2021,1/14,0.0173639786153884,0.0936376846762982,0,0,63.98076923076923,259.3369252570107,PES1
secondary palate development (GO:0062009),GO_Biological_Process_2021,1/14,0.0173639786153884,0.0936376846762982,0,0,63.98076923076923,259.3369252570107,LEF1
protein localization to kinetochore (GO:0034501),GO_Biological_Process_2021,1/14,0.0173639786153884,0.0936376846762982,0,0,63.98076923076923,259.3369252570107,CENPT
ubiquinone biosynthetic process (GO:0006744),GO_Biological_Process_2021,1/15,0.0185931285667873,0.0936376846762982,0,0,59.407738095238095,236.7376500104764,UBIAD1
ubiquinone metabolic process (GO:0006743),GO_Biological_Process_2021,1/15,0.0185931285667873,0.0936376846762982,0,0,59.407738095238095,236.7376500104764,UBIAD1
regulation of interleukin-13 production (GO:0032656),GO_Biological_Process_2021,1/16,0.0198208026407264,0.0936376846762982,0,0,55.44444444444444,217.3989559937,LEF1
positive regulation of endothelial cell apoptotic process (GO:2000353),GO_Biological_Process_2021,1/16,0.0198208026407264,0.0936376846762982,0,0,55.44444444444444,217.3989559937,CD40LG
B cell activation involved in immune response (GO:0002312),GO_Biological_Process_2021,1/16,0.0198208026407264,0.0936376846762982,0,0,55.44444444444444,217.3989559937,CD40LG
positive regulation by host of viral transcription (GO:0043923),GO_Biological_Process_2021,1/16,0.0198208026407264,0.0936376846762982,0,0,55.44444444444444,217.3989559937,LEF1
maturation of 5.8S rRNA (GO:0000460),GO_Biological_Process_2021,1/17,0.0210470025189844,0.0936376846762982,0,0,51.9765625,200.68135849118187,PES1
positive regulation of stem cell differentiation (GO:2000738),GO_Biological_Process_2021,1/17,0.0210470025189844,0.0936376846762982,0,0,51.9765625,200.68135849118187,LTBP3
positive regulation of stem cell proliferation (GO:2000648),GO_Biological_Process_2021,1/17,0.0210470025189844,0.0936376846762982,0,0,51.9765625,200.68135849118187,LTBP3
negative regulation of interleukin-10 production (GO:0032693),GO_Biological_Process_2021,1/17,0.0210470025189844,0.0936376846762982,0,0,51.9765625,200.68135849118187,TRIB2
negative regulation of cytokine production (GO:0001818),GO_Biological_Process_2021,2/182,0.0215372695413488,0.0937721002959647,0,0,9.56280193236715,36.70175054260199,LEF1;TRIB2
negative regulation of apoptotic process (GO:0043066),GO_Biological_Process_2021,3/485,0.0219375097022669,0.0937721002959647,0,0,5.514805733685402,21.064116693886987,CD40LG;LEF1;CD28
microtubule nucleation (GO:0007020),GO_Biological_Process_2021,1/20,0.0247167737784927,0.1016652204473851,0,0,43.76315789473684,161.93563879493826,CCDC57
granulocyte differentiation (GO:0030851),GO_Biological_Process_2021,1/20,0.0247167737784927,0.1016652204473851,0,0,43.76315789473684,161.93563879493826,LEF1
rRNA modification (GO:0000154),GO_Biological_Process_2021,1/21,0.0259370936730085,0.1047090077910345,0,0,41.57291666666666,151.8276651730302,MTERF4
"maturation of 5.8S rRNA from tricistronic rRNA transcript (SSU-rRNA, 5.8S rRNA, LSU-rRNA) (GO:0000466)",GO_Biological_Process_2021,1/22,0.0271559477765973,0.1057142252731826,0,0,39.59126984126984,142.77242140898989,PES1
rRNA methylation (GO:0031167),GO_Biological_Process_2021,1/22,0.0271559477765973,0.1057142252731826,0,0,39.59126984126984,142.77242140898989,MTERF4
positive regulation of epithelial cell apoptotic process (GO:1904037),GO_Biological_Process_2021,1/23,0.0283733377644313,0.1085155725025618,0,0,37.78977272727273,134.6187109177605,CD40LG
extracellular matrix assembly (GO:0085029),GO_Biological_Process_2021,1/24,0.0295892653137072,0.1112148247997962,0,0,36.14492753623188,127.2425658336615,LTBP3
fat-soluble vitamin metabolic process (GO:0006775),GO_Biological_Process_2021,1/25,0.0308037321003649,0.1138171796250771,0,0,34.63715277777778,120.54142818278338,UBIAD1
maturation of LSU-rRNA (GO:0000470),GO_Biological_Process_2021,1/26,0.0320167398038226,0.1144204799546448,0,0,33.25,114.42975510355669,PES1
positive regulation of interleukin-2 production (GO:0032743),GO_Biological_Process_2021,1/26,0.0320167398038226,0.1144204799546448,0,0,33.25,114.42975510355669,CD28
positive regulation of nuclear division (GO:0051785),GO_Biological_Process_2021,1/27,0.0332282900970065,0.1149804323991654,0,0,31.96955128205128,108.83565874121032,CD28
positive regulation of mitotic cell cycle (GO:0045931),GO_Biological_Process_2021,1/27,0.0332282900970065,0.1149804323991654,0,0,31.96955128205128,108.83565874121032,CCDC57
leukocyte cell-cell adhesion (GO:0007159),GO_Biological_Process_2021,1/28,0.0344383846472214,0.1164379490336463,0,0,30.78395061728395,103.69830823466704,CD40LG
beta-catenin-TCF complex assembly (GO:1904837),GO_Biological_Process_2021,1/29,0.0356470251349897,0.1164379490336463,0,0,29.683035714285715,98.96590013795104,LEF1
positive regulation of viral genome replication (GO:0045070),GO_Biological_Process_2021,1/29,0.0356470251349897,0.1164379490336463,0,0,29.683035714285715,98.96590013795104,CD28
CENP-A containing chromatin organization (GO:0061641),GO_Biological_Process_2021,1/30,0.0368542132262458,0.1164379490336463,0,0,28.658045977011493,94.59405781572389,CENPT
CENP-A containing nucleosome assembly (GO:0034080),GO_Biological_Process_2021,1/30,0.0368542132262458,0.1164379490336463,0,0,28.658045977011493,94.59405781572389,CENPT
microtubule polymerization (GO:0046785),GO_Biological_Process_2021,1/30,0.0368542132262458,0.1164379490336463,0,0,28.658045977011493,94.59405781572389,CCDC57
negative regulation of DNA binding (GO:0043392),GO_Biological_Process_2021,1/31,0.0380599505912853,0.1172548503908391,0,0,27.70138888888889,90.5445579257637,LEF1
chromatin remodeling at centromere (GO:0031055),GO_Biological_Process_2021,1/32,0.0392642388923452,0.1172548503908391,0,0,26.806451612903224,86.78430889945572,CENPT
B cell proliferation (GO:0042100),GO_Biological_Process_2021,1/32,0.0392642388923452,0.1172548503908391,0,0,26.806451612903224,86.78430889945572,CD40LG
modulation by host of symbiont process (GO:0051851),GO_Biological_Process_2021,1/32,0.0392642388923452,0.1172548503908391,0,0,26.806451612903224,86.78430889945572,LEF1
positive regulation of interleukin-12 production (GO:0032735),GO_Biological_Process_2021,1/34,0.041668474974439,0.1200823972792443,0,0,25.17929292929293,80.0200555972378,CD40LG
regulation of phosphatidylinositol 3-kinase activity (GO:0043551),GO_Biological_Process_2021,1/35,0.0428684260822968,0.1200823972792443,0,0,24.4375,76.96883173102468,PIK3IP1
semaphorin-plexin signaling pathway (GO:0071526),GO_Biological_Process_2021,1/35,0.0428684260822968,0.1200823972792443,0,0,24.4375,76.96883173102468,PLXNA3
positive regulation of myeloid leukocyte differentiation (GO:0002763),GO_Biological_Process_2021,1/36,0.044066934781374,0.1200823972792443,0,0,23.73809523809524,74.11141474490151,LEF1
negative regulation of fat cell differentiation (GO:0045599),GO_Biological_Process_2021,1/36,0.044066934781374,0.1200823972792443,0,0,23.73809523809524,74.11141474490151,TRIB2
"Wnt signaling pathway, calcium modulating pathway (GO:0007223)",GO_Biological_Process_2021,1/36,0.044066934781374,0.1200823972792443,0,0,23.73809523809524,74.11141474490151,LEF1
positive regulation of mitotic nuclear division (GO:0045840),GO_Biological_Process_2021,1/36,0.044066934781374,0.1200823972792443,0,0,23.73809523809524,74.11141474490151,CD28
centromere complex assembly (GO:0034508),GO_Biological_Process_2021,1/37,0.0452640027356933,0.1218216369923598,0,0,23.077546296296298,71.43061833824453,CENPT
lymphocyte proliferation (GO:0046651),GO_Biological_Process_2021,1/38,0.0464596315903414,0.1220265022493304,0,0,22.4527027027027,68.91119481281235,CD40LG
histone exchange (GO:0043486),GO_Biological_Process_2021,1/38,0.0464596315903414,0.1220265022493304,0,0,22.4527027027027,68.91119481281235,CENPT
DNA replication-independent nucleosome assembly (GO:0006336),GO_Biological_Process_2021,1/39,0.0476538230195537,0.12367301688408,0,0,21.86074561403509,66.53957181391064,CENPT
T cell differentiation (GO:0030217),GO_Biological_Process_2021,1/41,0.0500379001782909,0.1269637993194244,0,0,20.765625,62.19251853785659,CD28
positive regulation of epithelial to mesenchymal transition (GO:0010718),GO_Biological_Process_2021,1/42,0.0512277892154369,0.1269637993194244,0,0,20.258130081300813,60.19648932344668,LEF1
histone H3 acetylation (GO:0043966),GO_Biological_Process_2021,1/42,0.0512277892154369,0.1269637993194244,0,0,20.258130081300813,60.19648932344668,LEF1
positive regulation of axonogenesis (GO:0050772),GO_Biological_Process_2021,1/43,0.0524162474254504,0.1269637993194244,0,0,19.77480158730159,58.30676717854421,PLXNA3
positive regulation of T cell differentiation (GO:0045582),GO_Biological_Process_2021,1/43,0.0524162474254504,0.1269637993194244,0,0,19.77480158730159,58.30676717854421,LEF1
tRNA aminoacylation for protein translation (GO:0006418),GO_Biological_Process_2021,1/43,0.0524162474254504,0.1269637993194244,0,0,19.77480158730159,58.30676717854421,VARS2
regulation of endothelial cell apoptotic process (GO:2000351),GO_Biological_Process_2021,1/44,0.053603276456753,0.1284122446985952,0,0,19.313953488372093,56.51543006900448,CD40LG
epithelial to mesenchymal transition (GO:0001837),GO_Biological_Process_2021,1/47,0.057155804891704,0.1338683697978874,0,0,18.05163043478261,51.66330275637264,LEF1
regulation of DNA binding (GO:0051101),GO_Biological_Process_2021,1/47,0.057155804891704,0.1338683697978874,0,0,18.05163043478261,51.66330275637264,LEF1
regulation of interleukin-2 production (GO:0032663),GO_Biological_Process_2021,1/48,0.0583371336275197,0.1338683697978874,0,0,17.666666666666668,50.20012391375553,CD28
histone H4 acetylation (GO:0043967),GO_Biological_Process_2021,1/48,0.0583371336275197,0.1338683697978874,0,0,17.666666666666668,50.20012391375553,LEF1
regulation of interleukin-12 production (GO:0032655),GO_Biological_Process_2021,1/51,0.0618726005630431,0.1376349685994224,0,0,16.604166666666668,46.204046595553486,CD40LG
regulation of axonogenesis (GO:0050770),GO_Biological_Process_2021,1/51,0.0618726005630431,0.1376349685994224,0,0,16.604166666666668,46.204046595553486,PLXNA3
mesenchymal cell differentiation (GO:0048762),GO_Biological_Process_2021,1/51,0.0618726005630431,0.1376349685994224,0,0,16.604166666666668,46.204046595553486,LEF1
regulation of apoptotic process (GO:0042981),GO_Biological_Process_2021,3/742,0.063848297637536,0.140595241262453,0,0,3.5495140853733544,9.765584153241504,CD40LG;LEF1;CD28
positive regulation of cytokine production (GO:0001819),GO_Biological_Process_2021,2/335,0.0651746178825041,0.142080666983859,0,0,5.129129129129129,14.00603691012175,CD40LG;CD28
glycoprotein metabolic process (GO:0009100),GO_Biological_Process_2021,1/55,0.0665667391581141,0.143678704321474,0,0,15.371141975308642,41.64888140097016,ENGASE
positive regulation of multicellular organismal process (GO:0051240),GO_Biological_Process_2021,2/345,0.0686127515397031,0.1444362032123162,0,0,4.977056661173786,13.334912837862117,LEF1;CD28
regulation of mitotic nuclear division (GO:0007088),GO_Biological_Process_2021,1/57,0.0689053446517472,0.1444362032123162,0,0,14.820684523809524,39.64565023244249,CD28
ribosomal large subunit biogenesis (GO:0042273),GO_Biological_Process_2021,1/57,0.0689053446517472,0.1444362032123162,0,0,14.820684523809524,39.64565023244249,PES1
ribonucleoprotein complex biogenesis (GO:0022613),GO_Biological_Process_2021,1/60,0.0724027096697759,0.1489036859246335,0,0,14.064971751412427,36.927745838789015,PES1
RNA methylation (GO:0001510),GO_Biological_Process_2021,1/60,0.0724027096697759,0.1489036859246335,0,0,14.064971751412427,36.927745838789015,MTERF4
"regulation of DNA-templated transcription, initiation (GO:2000142)",GO_Biological_Process_2021,1/61,0.0735656929646674,0.1498815052924999,0,0,13.82986111111111,36.090080417128966,LEF1
negative regulation of kinase activity (GO:0033673),GO_Biological_Process_2021,1/62,0.074727276437816,0.1508383913281842,0,0,13.602459016393444,35.28355592362645,TRIB2
positive regulation of viral process (GO:0048524),GO_Biological_Process_2021,1/63,0.0758874616960385,0.1517749233920771,0,0,13.38239247311828,34.506549888818924,CD28
regulation of transcription initiation from RNA polymerase II promoter (GO:0060260),GO_Biological_Process_2021,1/64,0.0770462503405892,0.152691659765895,0,0,13.16931216931217,33.75754823262795,LEF1
positive regulation of cell cycle (GO:0045787),GO_Biological_Process_2021,1/66,0.079359644289574,0.1558594815777219,0,0,12.762820512820513,32.33799172322633,CCDC57
regulation of viral genome replication (GO:0045069),GO_Biological_Process_2021,1/67,0.0805142527998034,0.1567152420567603,0,0,12.568813131313131,31.66487558090284,CD28
canonical Wnt signaling pathway (GO:0060070),GO_Biological_Process_2021,1/68,0.0816674711385058,0.1569965878256246,0,0,12.380597014925373,31.014627471998192,LEF1
positive regulation of macromolecule metabolic process (GO:0010604),GO_Biological_Process_2021,2/384,0.0825782073495796,0.1569965878256246,0,0,4.460050079672206,11.123407121129524,LEF1;CD28
cell chemotaxis (GO:0060326),GO_Biological_Process_2021,1/69,0.0828193009171873,0.1569965878256246,0,0,12.197916666666666,30.386158751602967,LEF1
histone acetylation (GO:0016573),GO_Biological_Process_2021,1/71,0.0851188011585982,0.1585974243809779,0,0,11.848214285714286,29.190532473420173,LEF1
myeloid leukocyte differentiation (GO:0002573),GO_Biological_Process_2021,1/71,0.0851188011585982,0.1585974243809779,0,0,11.848214285714286,29.190532473420173,LEF1
positive regulation of neurogenesis (GO:0050769),GO_Biological_Process_2021,1/72,0.0862664748551896,0.1587998588975855,0,0,11.68075117370892,28.621510800477843,PLXNA3
negative regulation of cell adhesion (GO:0007162),GO_Biological_Process_2021,1/73,0.0874127663656434,0.1587998588975855,0,0,11.517939814814817,28.07053166814748,PLXNA3
regulation of hydrolase activity (GO:0051336),GO_Biological_Process_2021,1/73,0.0874127663656434,0.1587998588975855,0,0,11.517939814814817,28.07053166814748,PLXNA3
integrin-mediated signaling pathway (GO:0007229),GO_Biological_Process_2021,1/75,0.0897012092618635,0.1616104431329442,0,0,11.20551801801802,27.01954095985768,CD40LG
regulation of epithelial to mesenchymal transition (GO:0010717),GO_Biological_Process_2021,1/76,0.0908433638322228,0.1623112073800443,0,0,11.055555555555555,26.518060438580463,LEF1
regulation of cell migration (GO:0030334),GO_Biological_Process_2021,2/408,0.0915792592098415,0.1623112073800443,0,0,4.191261512101092,10.019422139006366,LEF1;PLXNA3
positive regulation of proteasomal ubiquitin-dependent protein catabolic process (GO:0032436),GO_Biological_Process_2021,1/79,0.0942615791008967,0.1643921939519639,0,0,10.628739316239315,25.101698127695773,TRIB2
positive regulation of ubiquitin-dependent protein catabolic process (GO:2000060),GO_Biological_Process_2021,1/79,0.0942615791008967,0.1643921939519639,0,0,10.628739316239315,25.101698127695773,TRIB2
regulation of fat cell differentiation (GO:0045598),GO_Biological_Process_2021,1/80,0.0953982400052786,0.1644086707369657,0,0,10.49367088607595,24.656927579154026,TRIB2
organelle organization (GO:0006996),GO_Biological_Process_2021,2/420,0.0961865753131614,0.1644086707369657,0,0,4.06844185562721,9.526116165624282,CENPT;ATAD3B
positive regulation of cellular amide metabolic process (GO:0034250),GO_Biological_Process_2021,1/81,0.0965335314418881,0.1644086707369657,0,0,10.361979166666666,24.224906921072943,CD28
organelle assembly (GO:0070925),GO_Biological_Process_2021,2/425,0.0981263206511691,0.1658258752089524,0,0,4.019323671497585,9.330858472923303,CENPT;CCDC57
B cell activation (GO:0042113),GO_Biological_Process_2021,1/85,0.1010610342090092,0.1694715804428001,0,0,9.86656746031746,22.614474985502635,CD40LG
positive regulation of proteasomal protein catabolic process (GO:1901800),GO_Biological_Process_2021,1/86,0.1021895020267238,0.1700558125330214,0,0,9.75,22.23903168224061,TRIB2
negative regulation of binding (GO:0051100),GO_Biological_Process_2021,1/88,0.1044423592578321,0.1724881387742986,0,0,9.524904214559388,21.517901093005328,LEF1
negative regulation of protein kinase activity (GO:0006469),GO_Biological_Process_2021,1/90,0.1066897890566922,0.1748749925891647,0,0,9.30992509363296,20.83402802388539,TRIB2
T cell activation (GO:0042110),GO_Biological_Process_2021,1/92,0.108931803930084,0.1759046907908023,0,0,9.104395604395604,20.184747726684503,CD28
Wnt signaling pathway (GO:0016055),GO_Biological_Process_2021,1/92,0.108931803930084,0.1759046907908023,0,0,9.104395604395604,20.184747726684503,LEF1
regulation of MAP kinase activity (GO:0043405),GO_Biological_Process_2021,1/97,0.1145132329103644,0.1835579762827901,0,0,8.628038194444445,18.6975186528054,TRIB2
positive regulation of translation (GO:0045727),GO_Biological_Process_2021,1/100,0.1178459640404217,0.1869522708649337,0,0,8.365319865319865,17.88820673407011,CD28
positive regulation of cell cycle process (GO:0090068),GO_Biological_Process_2021,1/101,0.1189541960198573,0.1869522708649337,0,0,8.28125,17.63092010472178,CD28
positive regulation of cellular protein metabolic process (GO:0032270),GO_Biological_Process_2021,1/102,0.1200610913811501,0.1869522708649337,0,0,8.198844884488448,17.379538920010766,CD28
regulation of proteasomal ubiquitin-dependent protein catabolic process (GO:0032434),GO_Biological_Process_2021,1/102,0.1200610913811501,0.1869522708649337,0,0,8.198844884488448,17.379538920010766,TRIB2
positive regulation of gene expression (GO:0010628),GO_Biological_Process_2021,2/482,0.1210018407729126,0.1870808602020919,0,0,3.5317028985507246,7.45877824314914,LEF1;CD28
chromosome organization (GO:0051276),GO_Biological_Process_2021,1/106,0.1244753374689266,0.1897596053722097,0,0,7.884920634920635,16.42939655103013,CENPT
regulation of phosphatidylinositol 3-kinase signaling (GO:0014066),GO_Biological_Process_2021,1/106,0.1244753374689266,0.1897596053722097,0,0,7.884920634920635,16.42939655103013,PIK3IP1
regulation of protein kinase activity (GO:0045859),GO_Biological_Process_2021,1/110,0.1288683209334415,0.1950923191909044,0,0,7.594036697247707,15.559909052128898,TRIB2
regulation of protein serine/threonine kinase activity (GO:0071900),GO_Biological_Process_2021,1/111,0.1299632560145039,0.1953930331804266,0,0,7.524621212121212,15.35401602877074,TRIB2
tumor necrosis factor-mediated signaling pathway (GO:0033209),GO_Biological_Process_2021,1/116,0.1354181432510356,0.2021996933474368,0,0,7.195652173913044,14.386900105418068,CD40LG
positive regulation of cell projection organization (GO:0031346),GO_Biological_Process_2021,1/117,0.1365051737472374,0.202436244060529,0,0,7.133261494252873,14.205125310287286,PLXNA3
cellular response to organic substance (GO:0071310),GO_Biological_Process_2021,1/123,0.1429998554328014,0.2106349221915588,0,0,6.780396174863388,13.1872715777562,LEF1
non-canonical Wnt signaling pathway (GO:0035567),GO_Biological_Process_2021,1/124,0.1440777329710281,0.2107982938770747,0,0,6.724932249322493,13.02889929294851,LEF1
microtubule cytoskeleton organization involved in mitosis (GO:1902850),GO_Biological_Process_2021,1/128,0.1483762430447092,0.215640139891644,0,0,6.511811023622047,12.424561795252188,CENPT
positive regulation of macromolecule biosynthetic process (GO:0010557),GO_Biological_Process_2021,1/129,0.1494476280522189,0.2157588272541968,0,0,6.460611979166667,12.280391085330436,CD28
G2/M transition of mitotic cell cycle (GO:0000086),GO_Biological_Process_2021,1/130,0.1505177190475093,0.2158740970549805,0,0,6.410206718346253,12.138844791932016,CCDC57
cell cycle G2/M phase transition (GO:0044839),GO_Biological_Process_2021,1/131,0.1515865175522374,0.2159860184731226,0,0,6.360576923076923,11.99985643470596,CCDC57
regulation of cell adhesion (GO:0030155),GO_Biological_Process_2021,1/133,0.1537202429870007,0.2162000836849429,0,0,6.263573232323233,11.729298347565283,PLXNA3
regulation of cell motility (GO:2000145),GO_Biological_Process_2021,1/133,0.1537202429870007,0.2162000836849429,0,0,6.263573232323233,11.729298347565283,PLXNA3
response to cytokine (GO:0034097),GO_Biological_Process_2021,1/150,0.1716500926887488,0.2383421669181353,0,0,5.544183445190156,9.770499067592834,LEF1
regulation of cytokine production (GO:0001817),GO_Biological_Process_2021,1/150,0.1716500926887488,0.2383421669181353,0,0,5.544183445190156,9.770499067592834,CD28
negative regulation of protein phosphorylation (GO:0001933),GO_Biological_Process_2021,1/152,0.1737353519520413,0.2397108020604114,0,0,5.470198675496689,9.574062631860778,TRIB2
positive regulation of NF-kappaB transcription factor activity (GO:0051092),GO_Biological_Process_2021,1/155,0.1768537947593154,0.2421696561687625,0,0,5.362824675324675,9.290728574129565,CD40LG
mitotic spindle organization (GO:0007052),GO_Biological_Process_2021,1/157,0.1789264761901417,0.2421696561687625,0,0,5.2935363247863245,9.109013051824537,CENPT
skeletal system development (GO:0001501),GO_Biological_Process_2021,1/158,0.1799609371529336,0.2421696561687625,0,0,5.259554140127388,9.02021670226334,HAPLN3
T cell receptor signaling pathway (GO:0050852),GO_Biological_Process_2021,1/158,0.1799609371529336,0.2421696561687625,0,0,5.259554140127388,9.02021670226334,CD28
positive regulation of protein kinase B signaling (GO:0051897),GO_Biological_Process_2021,1/161,0.1830568184401168,0.2447000593222909,0,0,5.16015625,8.761732151870433,CD28
rRNA metabolic process (GO:0016072),GO_Biological_Process_2021,1/162,0.1840862831598885,0.2447000593222909,0,0,5.127846790890269,8.678115111541567,PES1
cellular protein-containing complex assembly (GO:0034622),GO_Biological_Process_2021,1/168,0.1902369676638971,0.2513433875801793,0,0,4.942115768463074,8.20136592691404,CENPT
rRNA processing (GO:0006364),GO_Biological_Process_2021,1/173,0.1953285127098871,0.2565157576551529,0,0,4.797238372093023,7.834237856747159,PES1
mitochondrion organization (GO:0007005),GO_Biological_Process_2021,1/175,0.1973565131831041,0.2576270651132737,0,0,4.74161877394636,7.694430922612355,ATAD3B
regulation of translation (GO:0006417),GO_Biological_Process_2021,1/178,0.2003893164795339,0.258036873303418,0,0,4.660546139359699,7.491796330644688,CD28
regulation of mitotic cell cycle (GO:0007346),GO_Biological_Process_2021,1/178,0.2003893164795339,0.258036873303418,0,0,4.660546139359699,7.491796330644688,CCDC57
regulation of immune response (GO:0050776),GO_Biological_Process_2021,1/179,0.2013978039759471,0.258036873303418,0,0,4.634129213483146,7.426067881764699,CD40LG
positive regulation of cellular biosynthetic process (GO:0031328),GO_Biological_Process_2021,1/180,0.2024050703435067,0.258036873303418,0,0,4.608007448789572,7.361219511230814,CD28
antigen receptor-mediated signaling pathway (GO:0050851),GO_Biological_Process_2021,1/185,0.2074231350428311,0.2628967641821929,0,0,4.481657608695652,7.049622507038148,CD28
regulation of GTPase activity (GO:0043087),GO_Biological_Process_2021,1/189,0.2114157508984971,0.2664082872593779,0,0,4.385416666666667,6.814624823124887,PLXNA3
negative regulation of cell differentiation (GO:0045596),GO_Biological_Process_2021,1/191,0.2134048111310349,0.2665011491481817,0,0,4.338815789473684,6.701580385914248,TRIB2
ribosome biogenesis (GO:0042254),GO_Biological_Process_2021,1/192,0.2143975342015282,0.2665011491481817,0,0,4.315881326352531,6.646126433634115,PES1
cellular response to tumor necrosis factor (GO:0071356),GO_Biological_Process_2021,1/194,0.2163793733909548,0.2665011491481817,0,0,4.270725388601036,6.537293537201518,CD40LG
negative regulation of macromolecule metabolic process (GO:0010605),GO_Biological_Process_2021,1/194,0.2163793733909548,0.2665011491481817,0,0,4.270725388601036,6.537293537201518,CD28
negative regulation of intracellular signal transduction (GO:1902532),GO_Biological_Process_2021,1/198,0.2203286625590105,0.2698407215610354,0,0,4.1831641285956005,6.327600165017342,PIK3IP1
ncRNA processing (GO:0034470),GO_Biological_Process_2021,1/201,0.2232780827804394,0.2719252628275742,0,0,4.119791666666667,6.176957216862885,PES1
axon guidance (GO:0007411),GO_Biological_Process_2021,1/203,0.2252384091287941,0.2727887399448728,0,0,4.078589108910891,6.079527965441561,PLXNA3
regulation of protein kinase B signaling (GO:0051896),GO_Biological_Process_2021,1/207,0.2291448224208661,0.2759865817002697,0,0,3.998584142394822,5.891518125891895,CD28
mitotic cell cycle phase transition (GO:0044772),GO_Biological_Process_2021,1/209,0.2310909314312872,0.2768012255605528,0,0,3.959735576923077,5.800790888295069,CCDC57
positive regulation of cell motility (GO:2000147),GO_Biological_Process_2021,1/221,0.2426689085490451,0.2890809948835619,0,0,3.741477272727273,5.29814613362905,LEF1
cilium organization (GO:0044782),GO_Biological_Process_2021,1/228,0.249345242635137,0.2954199070351079,0,0,3.624816446402349,5.034568554428955,CCDC57
inflammatory response (GO:0006954),GO_Biological_Process_2021,1/230,0.2512423649779238,0.2960585706226345,0,0,3.592794759825328,4.962861083237908,CD40LG
positive regulation of DNA-binding transcription factor activity (GO:0051091),GO_Biological_Process_2021,1/246,0.2662545225134303,0.3120617521931602,0,0,3.3554421768707483,4.440265276731223,CD40LG
positive regulation of cell differentiation (GO:0045597),GO_Biological_Process_2021,1/258,0.2773235736047722,0.3232970002451355,0,0,3.196822308690013,4.100149407530658,LEF1
protein-containing complex assembly (GO:0065003),GO_Biological_Process_2021,1/267,0.2855199757491873,0.3296724970502591,0,0,3.087249373433584,3.869691995435244,LEF1
central nervous system development (GO:0007417),GO_Biological_Process_2021,1/268,0.2864251586265837,0.3296724970502591,0,0,3.0755305867665417,3.845268241378655,HAPLN3
positive regulation of cell migration (GO:0030335),GO_Biological_Process_2021,1/269,0.287329240548391,0.3296724970502591,0,0,3.063899253731343,3.821070078643431,LEF1
regulation of transcription by RNA polymerase II (GO:0006357),GO_Biological_Process_2021,4/2206,0.2950576779496816,0.335420982694631,0,0,1.537390251286709,1.8765145932231837,DBP;ZBTB25;LEF1;ZNF526
plasma membrane bounded cell projection assembly (GO:0120031),GO_Biological_Process_2021,1/278,0.2954166453090328,0.335420982694631,0,0,2.9629963898916967,3.61298464745138,CCDC57
"regulation of transcription, DNA-templated (GO:0006355)",GO_Biological_Process_2021,4/2244,0.3061854270213934,0.3458467517650972,0,0,1.508078231292517,1.784907691737715,DBP;ZBTB25;LEF1;ZNF526
regulation of cell cycle (GO:0051726),GO_Biological_Process_2021,1/296,0.311327940254809,0.3498427369873627,0,0,2.7796610169491527,3.2436099346326897,PES1
positive regulation of transcription by RNA polymerase II (GO:0045944),GO_Biological_Process_2021,2/908,0.3148831351305229,0.352023197222841,0,0,1.8302140320568192,2.1149106122375305,DBP;LEF1
cilium assembly (GO:0060271),GO_Biological_Process_2021,1/314,0.3268939771659862,0.3635861582764541,0,0,2.61741214057508,2.9265792647122497,CCDC57
negative regulation of gene expression (GO:0010629),GO_Biological_Process_2021,1/322,0.3337032769256238,0.3692757074608426,0,0,2.551142263759086,2.7998864748963337,CD28
supramolecular fiber organization (GO:0097435),GO_Biological_Process_2021,1/351,0.3578369186857921,0.3939820619873872,0,0,2.336309523809524,2.400973737057422,LTBP3
cellular protein modification process (GO:0006464),GO_Biological_Process_2021,2/1025,0.3691704588199363,0.4044178895615383,0,0,1.6109481915933528,1.6053047075547195,TRIB2;ENGASE
regulation of gene expression (GO:0010468),GO_Biological_Process_2021,2/1079,0.3937722268517975,0.4292117272684593,0,0,1.525816478947156,1.4220344721700258,LEF1;CD28
phosphorylation (GO:0016310),GO_Biological_Process_2021,1/400,0.396719541631115,0.4302729356994183,0,0,2.044277360066834,1.8899869413612855,TRIB2
nervous system development (GO:0007399),GO_Biological_Process_2021,1/447,0.4318846319470716,0.4660933156656515,0,0,1.8244581464872944,1.5318091888336929,HAPLN3
"positive regulation of transcription, DNA-templated (GO:0045893)",GO_Biological_Process_2021,2/1183,0.4400329032836767,0.4725476498317316,0,0,1.3837941317233,1.1359645936938023,DBP;LEF1
negative regulation of nucleic acid-templated transcription (GO:1903507),GO_Biological_Process_2021,1/464,0.4441124965557414,0.4745908051429001,0,0,1.755939524838013,1.4252563894853427,LEF1
positive regulation of cell population proliferation (GO:0008284),GO_Biological_Process_2021,1/474,0.4511869077882026,0.4797987604772106,0,0,1.7179351656095845,1.3672592373406272,LEF1
neutrophil degranulation (GO:0043312),GO_Biological_Process_2021,1/481,0.4560874828527986,0.4807953846548597,0,0,1.6922743055555556,1.3285548712835848,ATAD3B
cellular response to cytokine stimulus (GO:0071345),GO_Biological_Process_2021,1/482,0.4567841263497756,0.4807953846548597,0,0,1.6886694386694387,1.323147433007726,LEF1
neutrophil activation involved in immune response (GO:0002283),GO_Biological_Process_2021,1/485,0.4588689212696588,0.4807953846548597,0,0,1.677944214876033,1.3071029121327715,ATAD3B
neutrophil mediated immunity (GO:0002446),GO_Biological_Process_2021,1/488,0.4609460339122279,0.4807953846548597,0,0,1.6673511293634498,1.2913206086637412,ATAD3B
protein phosphorylation (GO:0006468),GO_Biological_Process_2021,1/496,0.466447648734769,0.484217082972284,0,0,1.6397306397306397,1.2504741409234437,TRIB2
positive regulation of nucleic acid-templated transcription (GO:1903508),GO_Biological_Process_2021,1/511,0.4766182278841697,0.4924302070082891,0,0,1.5902777777777777,1.17845860061659,LEF1
positive regulation of intracellular signal transduction (GO:1902533),GO_Biological_Process_2021,1/546,0.4996308828689895,0.5120174158111519,0,0,1.485474006116208,1.03074915192463,CD28
negative regulation of cellular macromolecule biosynthetic process (GO:2000113),GO_Biological_Process_2021,1/547,0.500273897099887,0.5120174158111519,0,0,1.4826770451770452,1.0269014340384663,LEF1
negative regulation of cellular process (GO:0048523),GO_Biological_Process_2021,1/566,0.5123415025285721,0.5219179792113492,0,0,1.4314159292035398,0.9572792695059074,PLXNA3
cytokine-mediated signaling pathway (GO:0019221),GO_Biological_Process_2021,1/621,0.5457175734201437,0.5531320210386493,0,0,1.300739247311828,0.7877975402930191,CD40LG
positive regulation of cellular process (GO:0048522),GO_Biological_Process_2021,1/625,0.548057415341047,0.5531320210386493,0,0,1.2921340811965811,0.7770574238126305,LEF1
regulation of cell population proliferation (GO:0042127),GO_Biological_Process_2021,1/764,0.6225483820901064,0.6254172686435171,0,0,1.0491480996068152,0.4972268834993781,LEF1
"negative regulation of transcription, DNA-templated (GO:0045892)",GO_Biological_Process_2021,1/948,0.7032154177989229,0.7032154177989229,0,0,0.8372052094332981,0.2947732630077283,LEF1
beta-catenin-TCF complex (GO:1990907),GO_Cellular_Component_2021,1/13,0.016133351108423,0.3065237206861142,0,0,69.31597222222223,286.05777422638903,LEF1
"preribosome, large subunit precursor (GO:0030687)",GO_Cellular_Component_2021,1/23,0.0283733377644313,0.3065237206861142,0,0,37.78977272727273,134.6187109177605,PES1
integral component of Golgi membrane (GO:0030173),GO_Cellular_Component_2021,1/55,0.0665667391581141,0.3065237206861142,0,0,15.371141975308642,41.64888140097016,UBIAD1
intrinsic component of Golgi membrane (GO:0031228),GO_Cellular_Component_2021,1/60,0.0724027096697759,0.3065237206861142,0,0,14.064971751412427,36.927745838789015,UBIAD1
spindle microtubule (GO:0005876),GO_Cellular_Component_2021,1/61,0.0735656929646674,0.3065237206861142,0,0,13.82986111111111,36.090080417128966,CCDC57
ficolin-1-rich granule membrane (GO:0101003),GO_Cellular_Component_2021,1/61,0.0735656929646674,0.3065237206861142,0,0,13.82986111111111,36.090080417128966,ATAD3B
chromosome (GO:0005694),GO_Cellular_Component_2021,1/160,0.1820261068293613,0.4257387296670242,0,0,5.19287211740042,8.846603724427698,PES1
tertiary granule (GO:0070820),GO_Cellular_Component_2021,1/164,0.186141477717026,0.4257387296670242,0,0,5.064417177914111,8.514542575961315,ATAD3B
microtubule (GO:0005874),GO_Cellular_Component_2021,1/182,0.2044159453927395,0.4257387296670242,0,0,4.556629834254144,7.234098293342596,CCDC57
ficolin-1-rich granule (GO:0101002),GO_Cellular_Component_2021,1/184,0.2064219530070438,0.4257387296670242,0,0,4.506375227686704,7.110307046953661,ATAD3B
spindle (GO:0005819),GO_Cellular_Component_2021,1/192,0.2143975342015282,0.4257387296670242,0,0,4.315881326352531,6.646126433634115,CCDC57
nucleolus (GO:0005730),GO_Cellular_Component_2021,2/733,0.2328149314694671,0.4257387296670242,0,0,2.289180990899899,3.3365074517167943,PES1;LETMD1
integral component of organelle membrane (GO:0031301),GO_Cellular_Component_2021,1/214,0.2359355904663216,0.4257387296670242,0,0,3.865805946791862,5.582983158869736,UBIAD1
nuclear lumen (GO:0031981),GO_Cellular_Component_2021,2/745,0.2384136886135335,0.4257387296670242,0,0,2.2508046111533737,3.2270864447794017,PES1;LETMD1
integral component of plasma membrane (GO:0005887),GO_Cellular_Component_2021,3/1454,0.2720002459305708,0.4533337432176181,0,0,1.740868366643694,2.2665275887986738,CD40LG;CD28;PLXNA3
secretory granule membrane (GO:0030667),GO_Cellular_Component_2021,1/274,0.2918331804044608,0.45598934438197,0,0,3.007020757020757,3.7033653942225335,ATAD3B
mitochondrial matrix (GO:0005759),GO_Cellular_Component_2021,1/348,0.35537979413208,0.5014870642605994,0,0,2.356868395773295,2.438341138054956,MTERF4
collagen-containing extracellular matrix (GO:0062023),GO_Cellular_Component_2021,1/380,0.3811301688380555,0.5014870642605994,0,0,2.154353562005277,2.07812027839606,LTBP3
cytoplasmic vesicle membrane (GO:0030659),GO_Cellular_Component_2021,1/380,0.3811301688380555,0.5014870642605994,0,0,2.154353562005277,2.07812027839606,ATAD3B
intracellular non-membrane-bounded organelle (GO:0043232),GO_Cellular_Component_2021,2/1158,0.4290624285774539,0.5363280357218174,0,0,1.4156010230179028,1.1978148393558512,PES1;LETMD1
endoplasmic reticulum membrane (GO:0005789),GO_Cellular_Component_2021,1/712,0.5961777920539169,0.7091115940495587,0,0,1.1289263947491797,0.5838991865864127,UBIAD1
bounding membrane of organelle (GO:0098588),GO_Cellular_Component_2021,1/767,0.6240182027636116,0.7091115940495587,0,0,1.0448759791122717,0.4927381629981662,ATAD3B
intracellular organelle lumen (GO:0070013),GO_Cellular_Component_2021,1/848,0.6616892145432984,0.7185884363922757,0,0,0.9409681227863046,0.3885815351572475,MTERF4
nucleus (GO:0005634),GO_Cellular_Component_2021,5/4484,0.6898448989365846,0.7185884363922757,0,0,0.8649252065193124,0.3211367745907449,UBIAD1;DBP;LEF1;ZNF526;TRIB2
intracellular membrane-bounded organelle (GO:0043231),GO_Cellular_Component_2021,5/5192,0.8164055396402429,0.8164055396402429,0,0,0.7127433969539233,0.1445757662443269,UBIAD1;DBP;LEF1;ZNF526;TRIB2
procollagen-proline 4-dioxygenase activity (GO:0004656),GO_Molecular_Function_2021,1/5,0.0062349390704731,0.0726435663044736,0,0,208.03125,1056.2966607689368,P4HTM
peptidyl-proline 4-dioxygenase activity (GO:0031545),GO_Molecular_Function_2021,1/8,0.0099579917015561,0.0726435663044736,0,0,118.85714285714286,547.8577209909951,P4HTM
procollagen-proline dioxygenase activity (GO:0019798),GO_Molecular_Function_2021,1/8,0.0099579917015561,0.0726435663044736,0,0,118.85714285714286,547.8577209909951,P4HTM
mitogen-activated protein kinase kinase binding (GO:0031434),GO_Molecular_Function_2021,1/8,0.0099579917015561,0.0726435663044736,0,0,118.85714285714286,547.8577209909951,TRIB2
armadillo repeat domain binding (GO:0070016),GO_Molecular_Function_2021,1/9,0.0111960320481715,0.0726435663044736,0,0,103.99479166666669,467.1649710127919,LEF1
prenyltransferase activity (GO:0004659),GO_Molecular_Function_2021,1/9,0.0111960320481715,0.0726435663044736,0,0,103.99479166666669,467.1649710127919,UBIAD1
semaphorin receptor activity (GO:0017154),GO_Molecular_Function_2021,1/11,0.0136676567242548,0.0726435663044736,0,0,83.1875,357.1008995813401,PLXNA3
C2H2 zinc finger domain binding (GO:0070742),GO_Molecular_Function_2021,1/12,0.0149012443701484,0.0726435663044736,0,0,75.62121212121212,318.08630270790064,LEF1
"DNA binding, bending (GO:0008301)",GO_Molecular_Function_2021,1/16,0.0198208026407264,0.0858901447764812,0,0,55.44444444444444,217.3989559937,LEF1
transforming growth factor beta binding (GO:0050431),GO_Molecular_Function_2021,1/24,0.0295892653137072,0.1133437451116954,0,0,36.14492753623188,127.2425658336615,LTBP3
tumor necrosis factor receptor superfamily binding (GO:0032813),GO_Molecular_Function_2021,1/28,0.0344383846472214,0.1133437451116954,0,0,30.78395061728395,103.69830823466704,CD40LG
2-oxoglutarate-dependent dioxygenase activity (GO:0016706),GO_Molecular_Function_2021,1/33,0.040467079797891,0.1133437451116954,0,0,25.967447916666668,83.2845252717618,P4HTM
estrogen receptor binding (GO:0030331),GO_Molecular_Function_2021,1/35,0.0428684260822968,0.1133437451116954,0,0,24.4375,76.96883173102468,LEF1
"hydrolase activity, hydrolyzing O-glycosyl compounds (GO:0004553)",GO_Molecular_Function_2021,1/37,0.0452640027356933,0.1133437451116954,0,0,23.077546296296298,71.43061833824453,ENGASE
aminoacyl-tRNA ligase activity (GO:0004812),GO_Molecular_Function_2021,1/38,0.0464596315903414,0.1133437451116954,0,0,22.4527027027027,68.91119481281235,VARS2
rRNA binding (GO:0019843),GO_Molecular_Function_2021,1/42,0.0512277892154369,0.1133437451116954,0,0,20.258130081300813,60.19648932344668,MTERF4
RNA polymerase II cis-regulatory region sequence-specific DNA binding (GO:0000978),GO_Molecular_Function_2021,4/1149,0.0523124977438594,0.1133437451116954,0,0,3.1324599708879184,9.24238571142353,DBP;ZBTB25;LEF1;ZNF526
cis-regulatory region sequence-specific DNA binding (GO:0000987),GO_Molecular_Function_2021,4/1149,0.0523124977438594,0.1133437451116954,0,0,3.1324599708879184,9.24238571142353,DBP;ZBTB25;LEF1;ZNF526
"DNA-binding transcription activator activity, RNA polymerase II-specific (GO:0001228)",GO_Molecular_Function_2021,2/333,0.0644943683346634,0.1323831771079934,0,0,5.160646262971233,14.146246759060476,DBP;LEF1
RNA polymerase II transcription regulatory region sequence-specific DNA binding (GO:0000977),GO_Molecular_Function_2021,4/1359,0.0858988269903001,0.1675027126310853,0,0,2.6174661746617467,6.424793486766257,DBP;ZBTB25;LEF1;ZNF526
histone deacetylase binding (GO:0042826),GO_Molecular_Function_2021,1/93,0.110050784689784,0.2043800287095989,0,0,9.00498188405797,19.872314154794893,LEF1
serine-type endopeptidase activity (GO:0004252),GO_Molecular_Function_2021,1/105,0.1233737731565347,0.218708052413857,0,0,7.96113782051282,16.65897326458128,PIK3IP1
protease binding (GO:0002020),GO_Molecular_Function_2021,1/118,0.1375908921143905,0.2241196769541613,0,0,7.071937321937322,14.02697938619064,CD28
nuclear receptor binding (GO:0016922),GO_Molecular_Function_2021,1/120,0.1397583985946458,0.2241196769541613,0,0,6.9523809523809526,13.681173830250405,LEF1
serine-type peptidase activity (GO:0008236),GO_Molecular_Function_2021,1/125,0.1451543090229181,0.2241196769541613,0,0,6.670362903225806,12.87351959604309,PIK3IP1
transcription cis-regulatory region binding (GO:0000976),GO_Molecular_Function_2021,2/549,0.1494131179694409,0.2241196769541613,0,0,3.0884667355536126,5.871299438535504,DBP;LEF1
double-stranded DNA binding (GO:0003690),GO_Molecular_Function_2021,2/651,0.1949466497818445,0.2815896052404421,0,0,2.5894017552086823,4.233747865376532,DBP;LEF1
sequence-specific DNA binding (GO:0043565),GO_Molecular_Function_2021,2/707,0.2207256797342053,0.2999578986642854,0,0,2.3768115942028984,3.590969233769264,DBP;LEF1
sequence-specific double-stranded DNA binding (GO:1990837),GO_Molecular_Function_2021,2/712,0.2230456169554943,0.2999578986642854,0,0,2.359461114513166,3.540085832272636,DBP;LEF1
"DNA-binding transcription repressor activity, RNA polymerase II-specific (GO:0001227)",GO_Molecular_Function_2021,1/256,0.2754899314117173,0.3569208314603811,0,0,3.2222222222222223,4.154102414672389,ZBTB25
ubiquitin protein ligase binding (GO:0031625),GO_Molecular_Function_2021,1/265,0.2837063019300465,0.3569208314603811,0,0,3.110953282828283,3.919227862506653,TRIB2
ubiquitin-like protein ligase binding (GO:0044389),GO_Molecular_Function_2021,1/282,0.2989826989083425,0.3643851642945425,0,0,2.9202253855278766,3.5257912693372764,TRIB2
endopeptidase activity (GO:0004175),GO_Molecular_Function_2021,1/315,0.3277487787671766,0.3873394658157542,0,0,2.6089437367303607,2.91029730320718,PIK3IP1
zinc ion binding (GO:0008270),GO_Molecular_Function_2021,1/336,0.3454607345683721,0.3962637837696033,0,0,2.442786069651741,2.5963793958806733,ATAD3B
transition metal ion binding (GO:0046914),GO_Molecular_Function_2021,1/445,0.4304291981068653,0.4788042542853443,0,0,1.8328641141141144,1.5450539215743864,ATAD3B
kinase binding (GO:0019900),GO_Molecular_Function_2021,1/461,0.4419731578018563,0.4788042542853443,0,0,1.767663043478261,1.4433077067151825,PIK3IP1
protein kinase binding (GO:0019901),GO_Molecular_Function_2021,1/506,0.4732488934784346,0.4988299147475391,0,0,1.6064356435643563,1.2018288458951123,TRIB2
RNA binding (GO:0003723),GO_Molecular_Function_2021,2/1406,0.5329076493750247,0.5469315348848938,0,0,1.150191998018085,0.7239390507952366,PES1;MTERF4
DNA binding (GO:0003677),GO_Molecular_Function_2021,1/811,0.6449543961315227,0.6449543961315227,0,0,0.9858539094650206,0.4323715372470127,LEF1
