Term,Gene_set,Overlap,P-value,Adjusted P-value,Old P-value,Old Adjusted P-value,Odds Ratio,Combined Score,Genes
growth hormone receptor signaling pathway (GO:0060396),GO_Biological_Process_2021,2/20,0.000197241423521882,0.0481582086984281,0,0,116.7309941520468,995.841692324286,PXN;JAK3
regulation of T cell activation (GO:0050863),GO_Biological_Process_2021,2/47,0.0011032037769524,0.0481582086984281,0,0,46.629239766081874,317.52352450954913,SIRPA;JAK3
myeloid cell differentiation (GO:0030099),GO_Biological_Process_2021,2/52,0.0013489660052641,0.0481582086984281,0,0,41.95578947368421,277.26134829575824,JAK3;RASGRP4
neutrophil degranulation (GO:0043312),GO_Biological_Process_2021,4/481,0.0014284361720793,0.0481582086984281,0,0,9.619928474534468,63.02183510761278,CANT1;SIGLEC9;NFAM1;SIRPA
cellular response to cytokine stimulus (GO:0071345),GO_Biological_Process_2021,4/482,0.0014394045868579,0.0481582086984281,0,0,9.599310854048731,62.81333758533329,SBNO2;SIRPA;CSF2RB;JAK3
neutrophil activation involved in immune response (GO:0002283),GO_Biological_Process_2021,4/485,0.0014726650247513,0.0481582086984281,0,0,9.537972361501772,62.19408066510777,CANT1;SIGLEC9;NFAM1;SIRPA
neutrophil mediated immunity (GO:0002446),GO_Biological_Process_2021,4/488,0.0015064619064344,0.0481582086984281,0,0,9.47739426349052,61.584027232212,CANT1;SIGLEC9;NFAM1;SIRPA
B cell differentiation (GO:0030183),GO_Biological_Process_2021,2/61,0.0018511369024918,0.0481582086984281,0,0,35.539696699375554,223.61418253741,NFAM1;JAK3
cellular response to reactive oxygen species (GO:0034614),GO_Biological_Process_2021,2/63,0.0019730627789315,0.0481582086984281,0,0,34.371009490940466,214.06842946223543,PXN;SIRPA
positive regulation of T cell activation (GO:0050870),GO_Biological_Process_2021,2/75,0.0027823373573315,0.0481582086984281,0,0,28.70367700072098,168.90575192649456,SIRPA;JAK3
glycoprotein biosynthetic process (GO:0009101),GO_Biological_Process_2021,2/83,0.0033948065430425,0.0481582086984281,0,0,25.85834957764782,147.01786638429778,CANT1;B4GALT5
lymphocyte differentiation (GO:0030098),GO_Biological_Process_2021,2/84,0.0034754120204944,0.0481582086984281,0,0,25.541720154043645,144.61829839305324,NFAM1;JAK3
B cell activation (GO:0042113),GO_Biological_Process_2021,2/85,0.0035569108315587,0.0481582086984281,0,0,25.23272035510463,142.28384953520063,NFAM1;JAK3
MAPK cascade (GO:0000165),GO_Biological_Process_2021,3/303,0.0037405119922966,0.0481582086984281,0,0,10.932777777777778,61.098186994007534,CSF2RB;JAK3;RASGRP4
transforming growth factor beta receptor signaling pathway (GO:0007179),GO_Biological_Process_2021,2/89,0.0038918038142011,0.0481582086984281,0,0,24.06775559588627,133.54914840298886,PXN;ZYX
cellular response to oxygen-containing compound (GO:1901701),GO_Biological_Process_2021,3/323,0.0044732761534016,0.0481582086984281,0,0,10.2390625,55.38958286625547,SBNO2;PXN;SIRPA
glycosaminoglycan biosynthetic process (GO:0006024),GO_Biological_Process_2021,2/97,0.0046039304793601,0.0481582086984281,0,0,22.03213296398892,118.55149003737444,CHSY1;B4GALT5
regulation of heart growth (GO:0060420),GO_Biological_Process_2021,1/5,0.0052394399724711,0.0481582086984281,0,0,249.6875,1311.2440590040192,BASP1
thorax and anterior abdomen determination (GO:0007356),GO_Biological_Process_2021,1/5,0.0052394399724711,0.0481582086984281,0,0,249.6875,1311.2440590040192,BASP1
diaphragm development (GO:0060539),GO_Biological_Process_2021,1/5,0.0052394399724711,0.0481582086984281,0,0,249.6875,1311.2440590040192,BASP1
monocyte extravasation (GO:0035696),GO_Biological_Process_2021,1/5,0.0052394399724711,0.0481582086984281,0,0,249.6875,1311.2440590040192,SIRPA
"zygotic determination of anterior/posterior axis, embryo (GO:0007354)",GO_Biological_Process_2021,1/5,0.0052394399724711,0.0481582086984281,0,0,249.6875,1311.2440590040192,BASP1
regulation of dendritic cell cytokine production (GO:0002730),GO_Biological_Process_2021,1/5,0.0052394399724711,0.0481582086984281,0,0,249.6875,1311.2440590040192,JAK3
sulfur compound biosynthetic process (GO:0044272),GO_Biological_Process_2021,2/113,0.0061944038237758,0.0481582086984281,0,0,18.841156946420103,95.79049566946637,CHSY1;B4GALT5
signal complex assembly (GO:0007172),GO_Biological_Process_2021,1/6,0.0062841913325394,0.0481582086984281,0,0,199.74,1012.6254955871668,PXN
regulation of thymocyte apoptotic process (GO:0070243),GO_Biological_Process_2021,1/6,0.0062841913325394,0.0481582086984281,0,0,199.74,1012.6254955871668,JAK3
glomerular epithelial cell differentiation (GO:0072311),GO_Biological_Process_2021,1/6,0.0062841913325394,0.0481582086984281,0,0,199.74,1012.6254955871668,BASP1
renal filtration cell differentiation (GO:0061318),GO_Biological_Process_2021,1/6,0.0062841913325394,0.0481582086984281,0,0,199.74,1012.6254955871668,BASP1
cellular response to transforming growth factor beta stimulus (GO:0071560),GO_Biological_Process_2021,2/114,0.0063010441169629,0.0481582086984281,0,0,18.67199248120301,94.61173140892026,PXN;ZYX
cellular response to molecule of bacterial origin (GO:0071219),GO_Biological_Process_2021,2/115,0.0064085253462361,0.0481582086984281,0,0,18.505822077317188,93.4567348841108,SBNO2;SIRPA
cellular response to lipopolysaccharide (GO:0071222),GO_Biological_Process_2021,2/120,0.006958485771979,0.0481582086984281,0,0,17.71721677074041,88.01547235939115,SBNO2;SIRPA
positive regulation of B cell receptor signaling pathway (GO:0050861),GO_Biological_Process_2021,1/7,0.0073278982772855,0.0481582086984281,0,0,166.44166666666666,818.2383072102982,NFAM1
negative regulation of T cell apoptotic process (GO:0070233),GO_Biological_Process_2021,1/7,0.0073278982772855,0.0481582086984281,0,0,166.44166666666666,818.2383072102982,JAK3
regulation of I-kappaB phosphorylation (GO:1903719),GO_Biological_Process_2021,1/7,0.0073278982772855,0.0481582086984281,0,0,166.44166666666666,818.2383072102982,SIRPA
regulation of T-helper 1 cell differentiation (GO:0045625),GO_Biological_Process_2021,1/7,0.0073278982772855,0.0481582086984281,0,0,166.44166666666666,818.2383072102982,JAK3
axon ensheathment in central nervous system (GO:0032291),GO_Biological_Process_2021,1/7,0.0073278982772855,0.0481582086984281,0,0,166.44166666666666,818.2383072102982,B4GALT5
kidney mesenchyme development (GO:0072074),GO_Biological_Process_2021,1/8,0.0083705616816055,0.0481582086984281,0,0,142.65714285714284,682.3340060288631,BASP1
cellular response to interleukin-21 (GO:0098757),GO_Biological_Process_2021,1/8,0.0083705616816055,0.0481582086984281,0,0,142.65714285714284,682.3340060288631,JAK3
regulation of lymphocyte apoptotic process (GO:0070228),GO_Biological_Process_2021,1/8,0.0083705616816055,0.0481582086984281,0,0,142.65714285714284,682.3340060288631,JAK3
tyrosine phosphorylation of STAT protein (GO:0007260),GO_Biological_Process_2021,1/8,0.0083705616816055,0.0481582086984281,0,0,142.65714285714284,682.3340060288631,JAK3
regulation of chemokine (C-C motif) ligand 5 production (GO:0071649),GO_Biological_Process_2021,1/8,0.0083705616816055,0.0481582086984281,0,0,142.65714285714284,682.3340060288631,SIRPA
regulation of nitric oxide metabolic process (GO:0080164),GO_Biological_Process_2021,1/8,0.0083705616816055,0.0481582086984281,0,0,142.65714285714284,682.3340060288631,SIRPA
interleukin-21-mediated signaling pathway (GO:0038114),GO_Biological_Process_2021,1/8,0.0083705616816055,0.0481582086984281,0,0,142.65714285714284,682.3340060288631,JAK3
transmembrane receptor protein serine/threonine kinase signaling pathway (GO:0007178),GO_Biological_Process_2021,2/133,0.0084850500412598,0.0481582086984281,0,0,15.948573724387304,76.06591669956174,PXN;ZYX
enzyme linked receptor protein signaling pathway (GO:0007167),GO_Biological_Process_2021,2/140,0.0093639011818873,0.0481582086984281,0,0,15.134248665141111,70.69046042402755,JAK3;RASGRP4
cellular response to interleukin-9 (GO:0071355),GO_Biological_Process_2021,1/9,0.0094121824505319,0.0481582086984281,0,0,124.81875,582.3731356633181,JAK3
regulation of tumor necrosis factor superfamily cytokine production (GO:1903555),GO_Biological_Process_2021,1/9,0.0094121824505319,0.0481582086984281,0,0,124.81875,582.3731356633181,SIRPA
negative regulation of glycoprotein biosynthetic process (GO:0010561),GO_Biological_Process_2021,1/9,0.0094121824505319,0.0481582086984281,0,0,124.81875,582.3731356633181,JAK3
negative regulation of nitric oxide biosynthetic process (GO:0045019),GO_Biological_Process_2021,1/9,0.0094121824505319,0.0481582086984281,0,0,124.81875,582.3731356633181,SIRPA
negative regulation of nitric oxide metabolic process (GO:1904406),GO_Biological_Process_2021,1/9,0.0094121824505319,0.0481582086984281,0,0,124.81875,582.3731356633181,SIRPA
interleukin-9-mediated signaling pathway (GO:0038113),GO_Biological_Process_2021,1/9,0.0094121824505319,0.0481582086984281,0,0,124.81875,582.3731356633181,JAK3
cellular response to interleukin-4 (GO:0071353),GO_Biological_Process_2021,1/10,0.0104527615118676,0.0481582086984281,0,0,110.94444444444444,506.0053047065427,JAK3
mesenchymal to epithelial transition (GO:0060231),GO_Biological_Process_2021,1/10,0.0104527615118676,0.0481582086984281,0,0,110.94444444444444,506.0053047065427,BASP1
negative regulation of interferon-beta production (GO:0032688),GO_Biological_Process_2021,1/10,0.0104527615118676,0.0481582086984281,0,0,110.94444444444444,506.0053047065427,SIRPA
response to interleukin-4 (GO:0070670),GO_Biological_Process_2021,1/10,0.0104527615118676,0.0481582086984281,0,0,110.94444444444444,506.0053047065427,JAK3
regulation of cytokine production (GO:0001817),GO_Biological_Process_2021,2/150,0.0106870302056419,0.0481582086984281,0,0,14.104551920341391,64.01667399497084,NFAM1;SIRPA
cellular response to interleukin-2 (GO:0071352),GO_Biological_Process_2021,1/11,0.0114922998030339,0.0481582086984281,0,0,99.845,445.9155629250324,JAK3
negative regulation of T-helper cell differentiation (GO:0045623),GO_Biological_Process_2021,1/11,0.0114922998030339,0.0481582086984281,0,0,99.845,445.9155629250324,JAK3
central nervous system myelination (GO:0022010),GO_Biological_Process_2021,1/11,0.0114922998030339,0.0481582086984281,0,0,99.845,445.9155629250324,B4GALT5
regulation of T cell apoptotic process (GO:0070232),GO_Biological_Process_2021,1/11,0.0114922998030339,0.0481582086984281,0,0,99.845,445.9155629250324,JAK3
T cell homeostasis (GO:0043029),GO_Biological_Process_2021,1/11,0.0114922998030339,0.0481582086984281,0,0,99.845,445.9155629250324,JAK3
metanephric mesenchyme development (GO:0072075),GO_Biological_Process_2021,1/11,0.0114922998030339,0.0481582086984281,0,0,99.845,445.9155629250324,BASP1
interleukin-2-mediated signaling pathway (GO:0038110),GO_Biological_Process_2021,1/11,0.0114922998030339,0.0481582086984281,0,0,99.845,445.9155629250324,JAK3
response to lipopolysaccharide (GO:0032496),GO_Biological_Process_2021,2/159,0.0119446582455592,0.049271715262932,0,0,13.289976533690917,58.84098714596045,SBNO2;SIRPA
cellular response to growth hormone stimulus (GO:0071378),GO_Biological_Process_2021,1/12,0.0125307982775315,0.0497502789159404,0,0,90.76363636363637,397.5053179562565,PXN
glomerular visceral epithelial cell differentiation (GO:0072112),GO_Biological_Process_2021,1/12,0.0125307982775315,0.0497502789159404,0,0,90.76363636363637,397.5053179562565,BASP1
regulation of receptor signaling pathway via STAT (GO:1904892),GO_Biological_Process_2021,1/13,0.0135682578861655,0.0497502789159404,0,0,83.19583333333334,357.74392971285124,JAK3
cellular response to interleukin-15 (GO:0071350),GO_Biological_Process_2021,1/13,0.0135682578861655,0.0497502789159404,0,0,83.19583333333334,357.74392971285124,JAK3
central nervous system neuron axonogenesis (GO:0021955),GO_Biological_Process_2021,1/13,0.0135682578861655,0.0497502789159404,0,0,83.19583333333334,357.74392971285124,B4GALT5
macrophage activation involved in immune response (GO:0002281),GO_Biological_Process_2021,1/13,0.0135682578861655,0.0497502789159404,0,0,83.19583333333334,357.74392971285124,SBNO2
response to interleukin-6 (GO:0070741),GO_Biological_Process_2021,1/13,0.0135682578861655,0.0497502789159404,0,0,83.19583333333334,357.74392971285124,SBNO2
interleukin-15-mediated signaling pathway (GO:0035723),GO_Biological_Process_2021,1/13,0.0135682578861655,0.0497502789159404,0,0,83.19583333333334,357.74392971285124,JAK3
negative regulation of interleukin-12 production (GO:0032695),GO_Biological_Process_2021,1/14,0.0146046795939876,0.0509750245822972,0,0,76.79230769230769,324.5560291468294,JAK3
growth hormone receptor signaling pathway via JAK-STAT (GO:0060397),GO_Biological_Process_2021,1/14,0.0146046795939876,0.0509750245822972,0,0,76.79230769230769,324.5560291468294,JAK3
positive regulation of developmental process (GO:0051094),GO_Biological_Process_2021,2/177,0.0146449684448537,0.0509750245822972,0,0,11.91218045112782,50.31298166053493,BASP1;B4GALT5
negative regulation of cytokine production (GO:0001818),GO_Biological_Process_2021,2/182,0.0154378686421256,0.0509750245822972,0,0,11.578362573099415,48.29256047702522,SIRPA;JAK3
stress fiber assembly (GO:0043149),GO_Biological_Process_2021,1/15,0.0156400643604775,0.0509750245822972,0,0,71.30357142857143,296.4745049823623,ZYX
central nervous system neuron development (GO:0021954),GO_Biological_Process_2021,1/15,0.0156400643604775,0.0509750245822972,0,0,71.30357142857143,296.4745049823623,B4GALT5
ganglioside biosynthetic process (GO:0001574),GO_Biological_Process_2021,1/15,0.0156400643604775,0.0509750245822972,0,0,71.30357142857143,296.4745049823623,B4GALT5
regulation of lymphocyte activation (GO:0051249),GO_Biological_Process_2021,1/15,0.0156400643604775,0.0509750245822972,0,0,71.30357142857143,296.4745049823623,THEMIS2
contractile actin filament bundle assembly (GO:0030038),GO_Biological_Process_2021,1/15,0.0156400643604775,0.0509750245822972,0,0,71.30357142857143,296.4745049823623,ZYX
antigen receptor-mediated signaling pathway (GO:0050851),GO_Biological_Process_2021,2/185,0.0159223806430888,0.0512622986557982,0,0,11.386827725050331,47.14180351141911,THEMIS2;NFAM1
regulation of interleukin-1 production (GO:0032652),GO_Biological_Process_2021,1/16,0.0166744131586755,0.0524052984986945,0,0,66.54666666666667,272.4340597931688,SIRPA
oligodendrocyte development (GO:0014003),GO_Biological_Process_2021,1/16,0.0166744131586755,0.0524052984986945,0,0,66.54666666666667,272.4340597931688,B4GALT5
negative regulation of chemokine production (GO:0032682),GO_Biological_Process_2021,1/17,0.0177077269512865,0.0531231808538597,0,0,62.384375,251.6432336564321,SIRPA
negative regulation of cytokine production involved in immune response (GO:0002719),GO_Biological_Process_2021,1/17,0.0177077269512865,0.0531231808538597,0,0,62.384375,251.6432336564321,JAK3
negative regulation of interleukin-10 production (GO:0032693),GO_Biological_Process_2021,1/17,0.0177077269512865,0.0531231808538597,0,0,62.384375,251.6432336564321,JAK3
negative regulation of phagocytosis (GO:0050765),GO_Biological_Process_2021,1/17,0.0177077269512865,0.0531231808538597,0,0,62.384375,251.6432336564321,SIRPA
regulation of signal transduction (GO:0009966),GO_Biological_Process_2021,2/198,0.0180968286693031,0.0536804805471463,0,0,10.624597207303974,42.626081270062826,PXN;RASGRP4
neuron maturation (GO:0042551),GO_Biological_Process_2021,1/18,0.0187400067082949,0.0543666128680204,0,0,58.71176470588235,233.50224496360525,B4GALT5
negative regulation of leukocyte cell-cell adhesion (GO:1903038),GO_Biological_Process_2021,1/18,0.0187400067082949,0.0543666128680204,0,0,58.71176470588235,233.50224496360525,JAK3
regulation of inflammatory response (GO:0050727),GO_Biological_Process_2021,2/206,0.0194944137816683,0.054370946865622,0,0,10.203818369453044,40.17883405322678,SBNO2;SIRPA
cellular response to interleukin-7 (GO:0098761),GO_Biological_Process_2021,1/19,0.0197712534056807,0.054370946865622,0,0,55.44722222222222,217.54863156976407,JAK3
negative regulation of cytokine production involved in inflammatory response (GO:1900016),GO_Biological_Process_2021,1/19,0.0197712534056807,0.054370946865622,0,0,55.44722222222222,217.54863156976407,SIRPA
myeloid cell activation involved in immune response (GO:0002275),GO_Biological_Process_2021,1/19,0.0197712534056807,0.054370946865622,0,0,55.44722222222222,217.54863156976407,SBNO2
interleukin-7-mediated signaling pathway (GO:0038111),GO_Biological_Process_2021,1/19,0.0197712534056807,0.054370946865622,0,0,55.44722222222222,217.54863156976407,JAK3
positive regulation of embryonic development (GO:0040019),GO_Biological_Process_2021,1/20,0.0208014680109953,0.0566143046897192,0,0,52.526315789473685,203.4203291515269,B4GALT5
positive regulation of antigen receptor-mediated signaling pathway (GO:0050857),GO_Biological_Process_2021,1/21,0.0218306514950446,0.0577098131804382,0,0,49.8975,190.8300081149324,NFAM1
chondroitin sulfate biosynthetic process (GO:0030206),GO_Biological_Process_2021,1/21,0.0218306514950446,0.0577098131804382,0,0,49.8975,190.8300081149324,CHSY1
cellular response to lipid (GO:0071396),GO_Biological_Process_2021,2/219,0.0218597777198629,0.0577098131804382,0,0,9.586223623575068,36.6491582998453,SBNO2;SIRPA
osteoclast differentiation (GO:0030316),GO_Biological_Process_2021,1/22,0.0228588048336812,0.0591639654518807,0,0,47.51904761904762,179.54686782262274,SBNO2
negative regulation of lymphocyte activation (GO:0051250),GO_Biological_Process_2021,1/22,0.0228588048336812,0.0591639654518807,0,0,47.51904761904762,179.54686782262274,JAK3
regulation of B cell receptor signaling pathway (GO:0050855),GO_Biological_Process_2021,1/23,0.0238859289927226,0.0612221869328037,0,0,45.35681818181818,169.38348350725923,NFAM1
negative regulation of ossification (GO:0030279),GO_Biological_Process_2021,1/24,0.0249120249496479,0.0632382171798754,0,0,43.38260869565217,160.18614661402282,CHSY1
proteoglycan metabolic process (GO:0006029),GO_Biological_Process_2021,1/26,0.0269611361380806,0.0671484900042762,0,0,39.908,144.2019250738276,CANT1
metanephros development (GO:0001656),GO_Biological_Process_2021,1/26,0.0269611361380806,0.0671484900042762,0,0,39.908,144.2019250738276,BASP1
chondroitin sulfate proteoglycan biosynthetic process (GO:0050650),GO_Biological_Process_2021,1/27,0.0279841533165139,0.0689875908878344,0,0,38.371153846153845,137.21973105106596,CHSY1
keratan sulfate biosynthetic process (GO:0018146),GO_Biological_Process_2021,1/28,0.0290061461687485,0.0689875908878344,0,0,36.94814814814815,130.8055903894323,B4GALT5
cellular response to interleukin-6 (GO:0071354),GO_Biological_Process_2021,1/28,0.0290061461687485,0.0689875908878344,0,0,36.94814814814815,130.8055903894323,SBNO2
regulation of B cell activation (GO:0050864),GO_Biological_Process_2021,1/28,0.0290061461687485,0.0689875908878344,0,0,36.94814814814815,130.8055903894323,THEMIS2
carbohydrate derivative biosynthetic process (GO:1901137),GO_Biological_Process_2021,1/28,0.0290061461687485,0.0689875908878344,0,0,36.94814814814815,130.8055903894323,B4GALT5
snRNA 3'-end processing (GO:0034472),GO_Biological_Process_2021,1/30,0.0310470628007074,0.071740855663808,0,0,34.39655172413793,119.43346355828848,USB1
chondroitin sulfate metabolic process (GO:0030204),GO_Biological_Process_2021,1/30,0.0310470628007074,0.071740855663808,0,0,34.39655172413793,119.43346355828848,CHSY1
positive regulation of small GTPase mediated signal transduction (GO:0051057),GO_Biological_Process_2021,1/30,0.0310470628007074,0.071740855663808,0,0,34.39655172413793,119.43346355828848,RASGRP4
proteoglycan biosynthetic process (GO:0030166),GO_Biological_Process_2021,1/31,0.032065988516399,0.071740855663808,0,0,33.248333333333335,114.37291539918964,CANT1
receptor signaling pathway via JAK-STAT (GO:0007259),GO_Biological_Process_2021,1/31,0.032065988516399,0.071740855663808,0,0,33.248333333333335,114.37291539918964,JAK3
negative regulation of interleukin-6 production (GO:0032715),GO_Biological_Process_2021,1/31,0.032065988516399,0.071740855663808,0,0,33.248333333333335,114.37291539918964,SIRPA
positive regulation of leukocyte cell-cell adhesion (GO:1903039),GO_Biological_Process_2021,1/31,0.032065988516399,0.071740855663808,0,0,33.248333333333335,114.37291539918964,SIRPA
skeletal muscle organ development (GO:0060538),GO_Biological_Process_2021,1/32,0.0330838937893811,0.0721830409950135,0,0,32.174193548387095,109.67245370483884,BASP1
activation of phospholipase C activity (GO:0007202),GO_Biological_Process_2021,1/32,0.0330838937893811,0.0721830409950135,0,0,32.174193548387095,109.67245370483884,RASGRP4
regulation of cellular biosynthetic process (GO:0031326),GO_Biological_Process_2021,1/32,0.0330838937893811,0.0721830409950135,0,0,32.174193548387095,109.67245370483884,SIRPA
keratan sulfate metabolic process (GO:0042339),GO_Biological_Process_2021,1/33,0.03410077958834,0.0731919171652175,0,0,31.1671875,105.2963181340018,B4GALT5
negative regulation of JNK cascade (GO:0046329),GO_Biological_Process_2021,1/33,0.03410077958834,0.0731919171652175,0,0,31.1671875,105.2963181340018,SIRPA
B cell receptor signaling pathway (GO:0050853),GO_Biological_Process_2021,1/34,0.0351166468802889,0.0747644740031958,0,0,30.221212121212123,101.21325681429822,NFAM1
cellular response to hydrogen peroxide (GO:0070301),GO_Biological_Process_2021,1/35,0.0361314966365463,0.0751079930082538,0,0,29.330882352941178,97.3958437550943,SIRPA
respiratory system development (GO:0060541),GO_Biological_Process_2021,1/35,0.0361314966365463,0.0751079930082538,0,0,29.330882352941178,97.3958437550943,BASP1
positive regulation of lymphocyte activation (GO:0051251),GO_Biological_Process_2021,1/35,0.0361314966365463,0.0751079930082538,0,0,29.330882352941178,97.3958437550943,SIRPA
macrophage activation (GO:0042116),GO_Biological_Process_2021,1/36,0.0371453298127004,0.0754335928504071,0,0,28.49142857142857,93.81991597487811,SBNO2
regulation of ossification (GO:0030278),GO_Biological_Process_2021,1/36,0.0371453298127004,0.0754335928504071,0,0,28.49142857142857,93.81991597487811,CHSY1
regulation of embryonic development (GO:0045995),GO_Biological_Process_2021,1/36,0.0371453298127004,0.0754335928504071,0,0,28.49142857142857,93.81991597487811,B4GALT5
negative regulation of stress-activated MAPK cascade (GO:0032873),GO_Biological_Process_2021,1/37,0.0381581473785356,0.0768988618926214,0,0,27.698611111111116,90.46410657809346,SIRPA
endothelial cell migration (GO:0043542),GO_Biological_Process_2021,1/39,0.0401807395442246,0.0803614790884492,0,0,26.23815789473684,84.33908236365446,PXN
regulation of nitric oxide biosynthetic process (GO:0045428),GO_Biological_Process_2021,1/40,0.0411905160666275,0.081761625876614,0,0,25.56410256410257,81.53791281942478,SIRPA
epithelial cell migration (GO:0010631),GO_Biological_Process_2021,1/41,0.0421992808273308,0.0831388816299651,0,0,24.92375,78.89244440466216,PXN
positive regulation of phospholipase C activity (GO:0010863),GO_Biological_Process_2021,1/43,0.0442137789372483,0.0845828814451708,0,0,23.73452380952381,74.02130556201558,RASGRP4
negative regulation of type I interferon production (GO:0032480),GO_Biological_Process_2021,1/43,0.0442137789372483,0.0845828814451708,0,0,23.73452380952381,74.02130556201558,SIRPA
substantia nigra development (GO:0021762),GO_Biological_Process_2021,1/43,0.0442137789372483,0.0845828814451708,0,0,23.73452380952381,74.02130556201558,BASP1
regulation of cytokine production involved in inflammatory response (GO:1900015),GO_Biological_Process_2021,1/43,0.0442137789372483,0.0845828814451708,0,0,23.73452380952381,74.02130556201558,SIRPA
positive regulation of stress fiber assembly (GO:0051496),GO_Biological_Process_2021,1/44,0.0452195142001321,0.0858845449556467,0,0,23.18139534883721,71.77485186614989,PXN
regulation of receptor signaling pathway via JAK-STAT (GO:0046425),GO_Biological_Process_2021,1/45,0.0462242415478304,0.0859380265396283,0,0,22.65340909090909,69.64226350504619,JAK3
negative regulation of T cell activation (GO:0050868),GO_Biological_Process_2021,1/45,0.0462242415478304,0.0859380265396283,0,0,22.65340909090909,69.64226350504619,JAK3
zymogen activation (GO:0031638),GO_Biological_Process_2021,1/45,0.0462242415478304,0.0859380265396283,0,0,22.65340909090909,69.64226350504619,C1RL
erythrocyte differentiation (GO:0030218),GO_Biological_Process_2021,1/46,0.0472279619376592,0.0865845968857086,0,0,22.148888888888887,67.61544465949056,JAK3
negative regulation of tumor necrosis factor production (GO:0032720),GO_Biological_Process_2021,1/46,0.0472279619376592,0.0865845968857086,0,0,22.148888888888887,67.61544465949056,SIRPA
cellular response to interleukin-12 (GO:0071349),GO_Biological_Process_2021,1/48,0.0492323856769317,0.0872305356960401,0,0,21.20425531914893,63.85033051565917,SIRPA
negative regulation of tumor necrosis factor superfamily cytokine production (GO:1903556),GO_Biological_Process_2021,1/48,0.0492323856769317,0.0872305356960401,0,0,21.20425531914893,63.85033051565917,SIRPA
substrate adhesion-dependent cell spreading (GO:0034446),GO_Biological_Process_2021,1/48,0.0492323856769317,0.0872305356960401,0,0,21.20425531914893,63.85033051565917,PXN
regulation of interleukin-10 production (GO:0032653),GO_Biological_Process_2021,1/48,0.0492323856769317,0.0872305356960401,0,0,21.20425531914893,63.85033051565917,JAK3
myelination (GO:0042552),GO_Biological_Process_2021,1/48,0.0492323856769317,0.0872305356960401,0,0,21.20425531914893,63.85033051565917,B4GALT5
positive regulation of multicellular organismal process (GO:0051240),GO_Biological_Process_2021,2/345,0.0502211504752366,0.0872469474164601,0,0,6.026085622218813,18.02594451866047,NFAM1;B4GALT5
regulation of interferon-beta production (GO:0032648),GO_Biological_Process_2021,1/49,0.0502330909367498,0.0872469474164601,0,0,20.761458333333334,62.09920952085082,SIRPA
response to hydrogen peroxide (GO:0042542),GO_Biological_Process_2021,1/49,0.0502330909367498,0.0872469474164601,0,0,20.761458333333334,62.09920952085082,SIRPA
negative regulation of ERK1 and ERK2 cascade (GO:0070373),GO_Biological_Process_2021,1/50,0.0512327930672156,0.0878287525963274,0,0,20.336734693877556,60.42807445408675,SIRPA
negative regulation of transport (GO:0051051),GO_Biological_Process_2021,1/51,0.0522314930213008,0.0878287525963274,0,0,19.929,58.83179608335473,SIRPA
regulation of interleukin-12 production (GO:0032655),GO_Biological_Process_2021,1/51,0.0522314930213008,0.0878287525963274,0,0,19.929,58.83179608335473,JAK3
gonad development (GO:0008406),GO_Biological_Process_2021,1/51,0.0522314930213008,0.0878287525963274,0,0,19.929,58.83179608335473,BASP1
positive regulation of actin filament bundle assembly (GO:0032233),GO_Biological_Process_2021,1/51,0.0522314930213008,0.0878287525963274,0,0,19.929,58.83179608335473,PXN
negative regulation of cellular biosynthetic process (GO:0031327),GO_Biological_Process_2021,1/52,0.0532291917431674,0.0889399153176975,0,0,19.537254901960782,57.30566631783699,SIRPA
positive regulation of phagocytosis (GO:0050766),GO_Biological_Process_2021,1/53,0.0542258902012346,0.0900354403341255,0,0,19.160576923076924,55.84535629343883,SIRPA
glycoprotein metabolic process (GO:0009100),GO_Biological_Process_2021,1/55,0.0562162901092688,0.0927568786802936,0,0,18.449074074074076,53.10655827493159,B4GALT5
peptidyl-tyrosine modification (GO:0018212),GO_Biological_Process_2021,1/56,0.0572099934618307,0.0938101756144305,0,0,18.112727272727277,51.82099606513529,JAK3
regulation of phagocytosis (GO:0050764),GO_Biological_Process_2021,1/58,0.0591944117085175,0.0964649672286952,0,0,17.475438596491227,49.40180909866319,SIRPA
response to reactive oxygen species (GO:0000302),GO_Biological_Process_2021,1/59,0.0601851284985257,0.0974777541325816,0,0,17.173275862068966,48.26257221767156,PXN
O-glycan processing (GO:0016266),GO_Biological_Process_2021,1/61,0.0621635821435319,0.100068205401783,0,0,16.599166666666665,46.11225172844932,B4GALT5
anterior/posterior pattern specification (GO:0009952),GO_Biological_Process_2021,1/63,0.0641380688592212,0.1020027119206892,0,0,16.06209677419355,44.11803737146453,BASP1
positive regulation of Ras protein signal transduction (GO:0046579),GO_Biological_Process_2021,1/63,0.0641380688592212,0.1020027119206892,0,0,16.06209677419355,44.11803737146453,RASGRP4
phosphorylation (GO:0016310),GO_Biological_Process_2021,2/400,0.0652625628331783,0.1031695604069405,0,0,5.178788680243322,14.134658097004976,PEAK3;JAK3
protein autoubiquitination (GO:0051865),GO_Biological_Process_2021,1/65,0.0661085961878234,0.1037419633627802,0,0,15.55859375,42.26424300406644,RNF19B
transmembrane receptor protein tyrosine kinase signaling pathway (GO:0007169),GO_Biological_Process_2021,2/404,0.0664105750314767,0.1037419633627802,0,0,5.126211050013093,13.90176648016084,PXN;RASGRP4
positive regulation of T cell proliferation (GO:0042102),GO_Biological_Process_2021,1/66,0.0670923774293873,0.1041905155374014,0,0,15.318461538461538,41.38565533533388,JAK3
vascular endothelial growth factor receptor signaling pathway (GO:0048010),GO_Biological_Process_2021,1/67,0.0680751716652813,0.1050985106411361,0,0,15.08560606060606,40.537176483196006,PXN
peptidyl-tyrosine phosphorylation (GO:0018108),GO_Biological_Process_2021,1/69,0.0700378028286012,0.1074998834113414,0,0,14.640441176470588,38.92483584794597,JAK3
myeloid leukocyte differentiation (GO:0002573),GO_Biological_Process_2021,1/71,0.0719964971935506,0.1098674870468055,0,0,14.220714285714283,37.41665905997103,SBNO2
cell morphogenesis involved in differentiation (GO:0000904),GO_Biological_Process_2021,1/72,0.0729743704052392,0.1107197344079491,0,0,14.019718309859154,36.69867343192122,PXN
regulation of actin filament-based process (GO:0032970),GO_Biological_Process_2021,1/73,0.0739512622360922,0.111560761316162,0,0,13.824305555555556,36.00331664229168,PEAK3
"negative regulation of transcription, DNA-templated (GO:0045892)",GO_Biological_Process_2021,3/948,0.0748031427269604,0.1117557843633935,0,0,3.356966490299824,8.70426290290225,SBNO2;BASP1;IRF2BPL
regulation of stress fiber assembly (GO:0051492),GO_Biological_Process_2021,1/74,0.0749271736072752,0.1117557843633935,0,0,13.634246575342466,35.329586768183,PXN
positive regulation of lymphocyte proliferation (GO:0050671),GO_Biological_Process_2021,1/75,0.0759021054679521,0.1119450047125104,0,0,13.449324324324325,34.67653889700834,JAK3
integrin-mediated signaling pathway (GO:0007229),GO_Biological_Process_2021,1/75,0.0759021054679521,0.1119450047125104,0,0,13.449324324324325,34.67653889700834,ZYX
actomyosin structure organization (GO:0031032),GO_Biological_Process_2021,1/76,0.0768760587319411,0.112128616051008,0,0,13.269333333333334,34.043281187726755,ZYX
regulation of T cell proliferation (GO:0042129),GO_Biological_Process_2021,1/76,0.0768760587319411,0.112128616051008,0,0,13.269333333333334,34.043281187726755,JAK3
nervous system development (GO:0007399),GO_Biological_Process_2021,2/447,0.0791758820956847,0.1144842547446807,0,0,4.620697811945594,11.718475689746132,MARCKS;IRF2BPL
positive regulation of proteasomal ubiquitin-dependent protein catabolic process (GO:0032436),GO_Biological_Process_2021,1/79,0.0797920563372017,0.1144842547446807,0,0,12.757051282051282,32.25405235991582,RNF19B
positive regulation of ubiquitin-dependent protein catabolic process (GO:2000060),GO_Biological_Process_2021,1/79,0.0797920563372017,0.1144842547446807,0,0,12.757051282051282,32.25405235991582,RNF19B
response to interferon-gamma (GO:0034341),GO_Biological_Process_2021,1/80,0.0807621045750476,0.1152497059881761,0,0,12.59493670886076,31.691977077519997,SIRPA
negative regulation of protein modification process (GO:0031400),GO_Biological_Process_2021,1/81,0.0817311788812806,0.1160055442185919,0,0,12.436875,31.14591136074601,SIRPA
regulation of G protein-coupled receptor signaling pathway (GO:0008277),GO_Biological_Process_2021,1/82,0.0826992801866571,0.1165936791786235,0,0,12.282716049382715,30.61521487108159,RASGRP4
regulation of interleukin-1 beta production (GO:0032651),GO_Biological_Process_2021,1/83,0.0836664094246832,0.1165936791786235,0,0,12.132317073170732,30.099280206798262,SIRPA
regulation of defense response (GO:0031347),GO_Biological_Process_2021,1/83,0.0836664094246832,0.1165936791786235,0,0,12.132317073170732,30.099280206798262,SBNO2
negative regulation of nucleic acid-templated transcription (GO:1903507),GO_Biological_Process_2021,2/464,0.084424891270689,0.1165936791786235,0,0,4.446798815219868,10.99201086638204,SBNO2;BASP1
negative regulation of defense response (GO:0031348),GO_Biological_Process_2021,1/85,0.0855977553708386,0.1165936791786235,0,0,11.842261904761903,29.109419206363214,SIRPA
regulation of Ras protein signal transduction (GO:0046578),GO_Biological_Process_2021,1/86,0.0865619739356447,0.1165936791786235,0,0,11.702352941176471,28.634424919991112,RASGRP4
positive regulation of proteasomal protein catabolic process (GO:1901800),GO_Biological_Process_2021,1/86,0.0865619739356447,0.1165936791786235,0,0,11.702352941176471,28.634424919991112,RNF19B
regulation of interferon-gamma production (GO:0032649),GO_Biological_Process_2021,1/86,0.0865619739356447,0.1165936791786235,0,0,11.702352941176471,28.634424919991112,SIRPA
response to interleukin-1 (GO:0070555),GO_Biological_Process_2021,1/86,0.0865619739356447,0.1165936791786235,0,0,11.702352941176471,28.634424919991112,SIRPA
negative regulation of phosphorylation (GO:0042326),GO_Biological_Process_2021,1/86,0.0865619739356447,0.1165936791786235,0,0,11.702352941176471,28.634424919991112,SIRPA
cellular protein modification process (GO:0006464),GO_Biological_Process_2021,3/1025,0.0898353431284863,0.1203884801315755,0,0,3.0914872798434443,7.449794340116101,PEAK3;JAK3;B4GALT5
regulation of actin cytoskeleton organization (GO:0032956),GO_Biological_Process_2021,1/91,0.0913685596546413,0.121212561551886,0,0,11.049444444444443,26.43970563474231,PEAK3
positive regulation of transport (GO:0051050),GO_Biological_Process_2021,1/91,0.0913685596546413,0.121212561551886,0,0,11.049444444444443,26.43970563474231,SIRPA
hemopoiesis (GO:0030097),GO_Biological_Process_2021,1/94,0.0942409385779949,0.1236240231163184,0,0,10.691397849462366,25.252018992111125,RASGRP4
negative regulation of MAPK cascade (GO:0043409),GO_Biological_Process_2021,1/94,0.0942409385779949,0.1236240231163184,0,0,10.691397849462366,25.252018992111125,SIRPA
protein phosphorylation (GO:0006468),GO_Biological_Process_2021,2/496,0.094591108596577,0.1236240231163184,0,0,4.151928404005966,9.791043503256644,PEAK3;JAK3
RNA splicing (GO:0008380),GO_Biological_Process_2021,1/98,0.098057327354183,0.1275228296625829,0,0,10.248453608247422,23.798989697417564,USB1
cell-matrix adhesion (GO:0007160),GO_Biological_Process_2021,1/100,0.0999597740324998,0.1293597075714703,0,0,10.04040404040404,23.1229243332888,ZYX
epithelial cell differentiation (GO:0030855),GO_Biological_Process_2021,1/101,0.1009095636446988,0.1299063634913368,0,0,9.9395,22.79654712752873,BASP1
protein O-linked glycosylation (GO:0006493),GO_Biological_Process_2021,1/102,0.1018583986466163,0.1299063634913368,0,0,9.84059405940594,22.477606252769743,B4GALT5
regulation of proteasomal ubiquitin-dependent protein catabolic process (GO:0032434),GO_Biological_Process_2021,1/102,0.1018583986466163,0.1299063634913368,0,0,9.84059405940594,22.477606252769743,RNF19B
regulation of JNK cascade (GO:0046328),GO_Biological_Process_2021,1/105,0.104699185171912,0.1328874273335806,0,0,9.555288461538462,21.56307494222513,SIRPA
protein processing (GO:0016485),GO_Biological_Process_2021,1/106,0.1056442108825237,0.1334453190095036,0,0,9.463809523809523,21.271599601670488,C1RL
regulation of interleukin-6 production (GO:0032675),GO_Biological_Process_2021,1/110,0.1094148222300511,0.1375500622320642,0,0,9.114678899082568,20.16721975855724,SIRPA
regulation of cytoskeleton organization (GO:0051493),GO_Biological_Process_2021,1/112,0.1112944457116924,0.1388426596089625,0,0,8.94954954954955,19.64941553688831,PEAK3
negative regulation of cellular macromolecule biosynthetic process (GO:2000113),GO_Biological_Process_2021,2/547,0.1114948630193184,0.1388426596089625,0,0,3.753549010140029,8.234448588664666,SBNO2;BASP1
negative regulation of response to external stimulus (GO:0032102),GO_Biological_Process_2021,1/118,0.1169106740435162,0.1449033706454848,0,0,8.488034188034188,18.218250634713392,SIRPA
cellular response to interferon-gamma (GO:0071346),GO_Biological_Process_2021,1/121,0.1197060966038443,0.147674810763621,0,0,8.274583333333334,17.564588245150347,SIRPA
regulation of tumor necrosis factor production (GO:0032680),GO_Biological_Process_2021,1/124,0.1224930903597215,0.150410120255658,0,0,8.071544715447155,16.947827732464113,SIRPA
cellular response to oxidative stress (GO:0034599),GO_Biological_Process_2021,1/125,0.1234202194043621,0.1508469348275538,0,0,8.006048387096774,16.749936822620242,PXN
"positive regulation of transcription, DNA-templated (GO:0045893)",GO_Biological_Process_2021,3/1183,0.1243667440773051,0.1513033199834496,0,0,2.655225988700565,5.534872912605112,SBNO2;IRF2BPL;CREB5
muscle contraction (GO:0006936),GO_Biological_Process_2021,1/129,0.1271194149266247,0.1536502657278233,0,0,7.754296875,15.994232640747382,PXN
regulation of response to external stimulus (GO:0032101),GO_Biological_Process_2021,1/130,0.1280418881065194,0.1536502657278233,0,0,7.6937984496124034,15.813816543658696,SBNO2
protein glycosylation (GO:0006486),GO_Biological_Process_2021,1/130,0.1280418881065194,0.1536502657278233,0,0,7.6937984496124034,15.813816543658696,B4GALT5
cytokine-mediated signaling pathway (GO:0019221),GO_Biological_Process_2021,2/621,0.1373297779373809,0.1640500514727084,0,0,3.292237054672222,6.536309034956885,CSF2RB;JAK3
neuron development (GO:0048666),GO_Biological_Process_2021,1/143,0.1399498678745123,0.1664268699048254,0,0,6.984859154929578,13.735523016928296,B4GALT5
response to cytokine (GO:0034097),GO_Biological_Process_2021,1/150,0.1462975417709202,0.1731952960875468,0,0,6.654362416107382,12.790435001206433,JAK3
actin filament organization (GO:0007015),GO_Biological_Process_2021,1/152,0.1481029516923407,0.1737741299856797,0,0,6.565562913907285,12.539224754369256,MARCKS
negative regulation of protein phosphorylation (GO:0001933),GO_Biological_Process_2021,1/152,0.1481029516923407,0.1737741299856797,0,0,6.565562913907285,12.539224754369256,SIRPA
cellular response to interleukin-1 (GO:0071347),GO_Biological_Process_2021,1/155,0.1508042500591137,0.1761607168832125,0,0,6.436688311688312,12.17675084276717,SIRPA
T cell receptor signaling pathway (GO:0050852),GO_Biological_Process_2021,1/158,0.1534973894980503,0.1777338194187951,0,0,6.312738853503185,11.83052535242725,THEMIS2
organonitrogen compound biosynthetic process (GO:1901566),GO_Biological_Process_2021,1/158,0.1534973894980503,0.1777338194187951,0,0,6.312738853503185,11.83052535242725,B4GALT5
cellular protein-containing complex assembly (GO:0034622),GO_Biological_Process_2021,1/168,0.1624158954625528,0.1872392855987508,0,0,5.931736526946108,10.781494519707143,PXN
positive regulation of I-kappaB kinase/NF-kappaB signaling (GO:0043123),GO_Biological_Process_2021,1/171,0.1650739492513397,0.1894761852276247,0,0,5.826176470588235,10.495051315869526,CANT1
regulation of immune response (GO:0050776),GO_Biological_Process_2021,1/179,0.1721228741131294,0.195863960197699,0,0,5.562078651685393,9.786736985653446,SIGLEC9
RNA processing (GO:0006396),GO_Biological_Process_2021,1/179,0.1721228741131294,0.195863960197699,0,0,5.562078651685393,9.786736985653446,USB1
regulation of programmed cell death (GO:0043067),GO_Biological_Process_2021,1/194,0.1851871249242519,0.2098257552789807,0,0,5.125906735751295,8.64427006377441,JAK3
regulation of macromolecule metabolic process (GO:0060255),GO_Biological_Process_2021,1/200,0.1903576498347592,0.2147624767366515,0,0,4.969849246231155,8.244237447277422,SIRPA
modification-dependent protein catabolic process (GO:0019941),GO_Biological_Process_2021,1/201,0.1912163602388663,0.2148132727789818,0,0,4.94475,8.180345757808022,RNF19B
negative regulation of inflammatory response (GO:0050728),GO_Biological_Process_2021,1/212,0.2006051069480037,0.2244057128570888,0,0,4.68436018957346,7.525035586950905,SIRPA
negative regulation of multicellular organismal process (GO:0051241),GO_Biological_Process_2021,1/214,0.2023009615295787,0.225347906513961,0,0,4.639906103286385,7.414564300862827,CHSY1
"regulation of transcription, DNA-templated (GO:0006355)",GO_Biological_Process_2021,4/2244,0.203640474411488,0.2258869127925749,0,0,1.8633403361344536,2.96531835806495,SBNO2;BASP1;IRF2BPL;CREB5
regulation of I-kappaB kinase/NF-kappaB signaling (GO:0043122),GO_Biological_Process_2021,1/224,0.210728965952152,0.2327717448174398,0,0,4.429596412556053,6.897689983646183,CANT1
inflammatory response (GO:0006954),GO_Biological_Process_2021,1/230,0.2157449896009083,0.2373194885609991,0,0,4.312227074235808,6.613482293900808,NFAM1
regulation of ERK1 and ERK2 cascade (GO:0070372),GO_Biological_Process_2021,1/238,0.2223858101751008,0.2436093522250068,0,0,4.164978902953586,6.261385722275826,SIRPA
axonogenesis (GO:0007409),GO_Biological_Process_2021,1/240,0.2240376279342191,0.2444046850191481,0,0,4.129707112970712,6.1777992594697375,B4GALT5
positive regulation of DNA-binding transcription factor activity (GO:0051091),GO_Biological_Process_2021,1/246,0.2289730544900439,0.2487608493225168,0,0,4.02734693877551,5.936917309063627,NFAM1
regulation of protein phosphorylation (GO:0001932),GO_Biological_Process_2021,1/266,0.2452094576304146,0.2648747058781465,0,0,3.719622641509434,5.228459685894149,SIRPA
positive regulation of transcription by RNA polymerase II (GO:0045944),GO_Biological_Process_2021,2/908,0.246613531358143,0.2648747058781465,0,0,2.215986987335889,3.102232907987064,SBNO2;IRF2BPL
central nervous system development (GO:0007417),GO_Biological_Process_2021,1/268,0.2468150668410001,0.2648747058781465,0,0,3.691385767790262,5.164676668499777,MARCKS
protein polyubiquitination (GO:0000209),GO_Biological_Process_2021,1/314,0.2828587553638559,0.3011077073228143,0,0,3.1415335463258787,3.967152449213931,RNF19B
cellular macromolecule biosynthetic process (GO:0034645),GO_Biological_Process_2021,1/314,0.2828587553638559,0.3011077073228143,0,0,3.1415335463258787,3.967152449213931,B4GALT5
positive regulation of cytokine production (GO:0001819),GO_Biological_Process_2021,1/335,0.2987616907608348,0.316759382975343,0,0,2.940868263473054,3.5528895470443618,NFAM1
supramolecular fiber organization (GO:0097435),GO_Biological_Process_2021,1/351,0.3106521806052018,0.3280487027190931,0,0,2.8041428571428573,3.278271209572254,MARCKS
ubiquitin-dependent protein catabolic process (GO:0006511),GO_Biological_Process_2021,1/354,0.31286016337895,0.3290640762232781,0,0,2.779886685552408,3.2302254115033238,RNF19B
regulation of gene expression (GO:0010468),GO_Biological_Process_2021,2/1079,0.314311501987338,0.3292787163676874,0,0,1.8474319503494112,2.138163683991368,SBNO2;SIRPA
cellular protein metabolic process (GO:0044267),GO_Biological_Process_2021,1/417,0.357701367300977,0.373253600661889,0,0,2.3513221153846158,2.417292713800371,CSF2RB
regulation of nucleic acid-templated transcription (GO:1903506),GO_Biological_Process_2021,1/430,0.3666007447953049,0.3810338449840964,0,0,2.2785547785547786,2.286488505665333,SBNO2
regulation of cellular macromolecule biosynthetic process (GO:2000112),GO_Biological_Process_2021,1/468,0.3919459367724691,0.4057793227762033,0,0,2.0890792291220555,1.9566971301741825,SBNO2
positive regulation of gene expression (GO:0010628),GO_Biological_Process_2021,1/482,0.4010378016782874,0.4135702329807338,0,0,2.026819126819127,1.8519038003025887,NFAM1
regulation of transcription by RNA polymerase II (GO:0006357),GO_Biological_Process_2021,3/2206,0.4130739794532028,0.4243250216951188,0,0,1.3448328037524588,1.189005110471702,SBNO2;IRF2BPL;CREB5
positive regulation of nucleic acid-templated transcription (GO:1903508),GO_Biological_Process_2021,1/511,0.4194607844375853,0.4292156864012501,0,0,1.9087254901960784,1.6582725314124724,CREB5
protein ubiquitination (GO:0016567),GO_Biological_Process_2021,1/525,0.4281602602557531,0.4364259023456325,0,0,1.8563931297709924,1.5746997918682957,RNF19B
positive regulation of intracellular signal transduction (GO:1902533),GO_Biological_Process_2021,1/546,0.4409770437979511,0.4477613060102273,0,0,1.7829357798165135,1.4598008846947306,CANT1
negative regulation of cellular process (GO:0048523),GO_Biological_Process_2021,1/566,0.4529287941241703,0.4581348722175516,0,0,1.718053097345133,1.360733021006904,SIRPA
positive regulation of cellular process (GO:0048522),GO_Biological_Process_2021,1/625,0.4867849508314575,0.4905008664866594,0,0,1.5508814102564104,1.116530447063028,SIRPA
negative regulation of transcription by RNA polymerase II (GO:0000122),GO_Biological_Process_2021,1/684,0.5186397163315278,0.5206117304620659,0,0,1.4125915080527087,0.9274310571304856,IRF2BPL
regulation of apoptotic process (GO:0042981),GO_Biological_Process_2021,1/742,0.5481130596727678,0.5481130596727678,0,0,1.298110661268556,0.7805198003653061,JAK3
focal adhesion (GO:0005925),GO_Cellular_Component_2021,4/387,0.0006363776772471589,0.0105494615472206,0,0,12.0387037321456,88.60146863192584,MARCKS;PEAK3;PXN;ZYX
cell-substrate junction (GO:0030055),GO_Cellular_Component_2021,4/394,0.0006806104224013293,0.0105494615472206,0,0,11.8184012066365,86.18593286939635,MARCKS;PEAK3;PXN;ZYX
secretory granule membrane (GO:0030667),GO_Cellular_Component_2021,3/274,0.002817638591537,0.0247680346576503,0,0,12.120541205412056,71.17007409976564,SIGLEC9;NFAM1;SIRPA
cytoskeleton (GO:0005856),GO_Cellular_Component_2021,4/600,0.0031958754396968,0.0247680346576503,0,0,7.652191077773391,43.96868052734565,MARCKS;PEAK3;BASP1;ZYX
actin cytoskeleton (GO:0015629),GO_Cellular_Component_2021,3/316,0.0042076334270247,0.0260873272475536,0,0,10.471778487752928,57.28958086810862,MARCKS;PEAK3;ZYX
cytolytic granule (GO:0044194),GO_Cellular_Component_2021,1/7,0.0073278982772855,0.0378608077659751,0,0,166.44166666666666,818.2383072102982,RNF19B
tertiary granule (GO:0070820),GO_Cellular_Component_2021,2/164,0.0126702368737787,0.0561110490124486,0,0,12.876543209876544,56.25117372243351,CANT1;SIRPA
ficolin-1-rich granule (GO:0101002),GO_Cellular_Component_2021,2/184,0.0157601492829655,0.0610705784714913,0,0,11.449971081550029,47.52047975125799,CANT1;SIRPA
cell-cell junction (GO:0005911),GO_Cellular_Component_2021,2/271,0.0324282786153351,0.1116974041194877,0,0,7.71277636470358,26.44498482252954,PXN;ZYX
bounding membrane of organelle (GO:0098588),GO_Cellular_Component_2021,3/767,0.0446838720447863,0.1385200033388377,0,0,4.191753926701571,13.02856914462076,SIGLEC9;CHSY1;B4GALT5
tertiary granule lumen (GO:1904724),GO_Cellular_Component_2021,1/55,0.0562162901092688,0.1398350677067313,0,0,18.449074074074076,53.10655827493159,CANT1
azurophil granule membrane (GO:0035577),GO_Cellular_Component_2021,1/58,0.0591944117085175,0.1398350677067313,0,0,17.475438596491227,49.40180909866319,NFAM1
ficolin-1-rich granule membrane (GO:0101003),GO_Cellular_Component_2021,1/61,0.0621635821435319,0.1398350677067313,0,0,16.599166666666665,46.11225172844932,SIRPA
specific granule lumen (GO:0035580),GO_Cellular_Component_2021,1/62,0.0631513208998141,0.1398350677067313,0,0,16.32622950819672,45.09666238257707,CANT1
tertiary granule membrane (GO:0070821),GO_Cellular_Component_2021,1/73,0.0739512622360922,0.1528326086212573,0,0,13.824305555555556,36.00331664229168,SIRPA
Golgi membrane (GO:0000139),GO_Cellular_Component_2021,2/472,0.0869322751677965,0.1684312831376058,0,0,4.369316909294513,10.67260669086358,CHSY1;B4GALT5
ficolin-1-rich granule lumen (GO:1904813),GO_Cellular_Component_2021,1/123,0.1215650275009074,0.2216774030898901,0,0,8.13811475409836,17.149497672426254,CANT1
adherens junction (GO:0005912),GO_Cellular_Component_2021,1/132,0.1298840498273468,0.223689196924875,0,0,7.57557251908397,15.462600694547614,ZYX
azurophil granule (GO:0042582),GO_Cellular_Component_2021,1/155,0.1508042500591137,0.2331906915341737,0,0,6.436688311688312,12.17675084276717,NFAM1
specific granule (GO:0042581),GO_Cellular_Component_2021,1/160,0.1552882946211643,0.2331906915341737,0,0,6.232704402515723,11.60823696251219,CANT1
membrane raft (GO:0045121),GO_Cellular_Component_2021,1/163,0.1579678878134725,0.2331906915341737,0,0,6.116358024691358,11.286903902453782,NFAM1
nucleus (GO:0005634),GO_Cellular_Component_2021,7/4484,0.1720467052795548,0.2424294483484636,0,0,1.7312932767478222,3.047057636536325,SBNO2;THEMIS2;BASP1;ZYX;USB1;IRF2BPL;CREB5
integral component of plasma membrane (GO:0005887),GO_Cellular_Component_2021,3/1454,0.1930463032956246,0.2601928435723636,0,0,2.1281874569262578,3.5004963709749237,SIGLEC9;SIRPA;CSF2RB
vesicle (GO:0031982),GO_Cellular_Component_2021,1/226,0.2124043590376264,0.2743556304236009,0,0,4.389777777777778,6.800922339574318,BASP1
secretory granule lumen (GO:0034774),GO_Cellular_Component_2021,1/316,0.2843879937346113,0.3387106262527321,0,0,3.121269841269841,3.92473400844341,CANT1
intracellular membrane-bounded organelle (GO:0043231),GO_Cellular_Component_2021,7/5192,0.2911067377945736,0.3387106262527321,0,0,1.426615236258438,1.7605363345793583,SBNO2;THEMIS2;BASP1;ZYX;USB1;IRF2BPL;CREB5
lysosomal membrane (GO:0005765),GO_Cellular_Component_2021,1/330,0.2950060293168957,0.3387106262527321,0,0,2.986322188449848,3.645581135289559,NFAM1
cytoplasmic vesicle membrane (GO:0030659),GO_Cellular_Component_2021,1/380,0.3317159127775149,0.3672569034322487,0,0,2.5857519788918206,2.853316183541028,SIGLEC9
lysosome (GO:0005764),GO_Cellular_Component_2021,1/477,0.3978056723734652,0.4252405463302559,0,0,2.0486344537815127,1.888414140166357,RNF19B
intracellular organelle lumen (GO:0070013),GO_Cellular_Component_2021,1/848,0.5975928723862405,0.6175126347991152,0,0,1.1293978748524205,0.5814654952318736,CANT1
intracellular non-membrane-bounded organelle (GO:0043232),GO_Cellular_Component_2021,1/1158,0.7144001233281262,0.7144001233281262,0,0,0.8133967156439067,0.2735551386908276,BASP1
phosphatase binding (GO:0019902),GO_Molecular_Function_2021,3/114,0.0002225704139660813,0.0066817549349407,0,0,29.83183183183183,250.89367197301615,PXN;SIRPA;JAK3
protein phosphatase binding (GO:0019903),GO_Molecular_Function_2021,3/123,0.00027840645562253203,0.0066817549349407,0,0,27.58194444444445,225.7976144711428,PXN;SIRPA;JAK3
glucuronosyl-N-acetylgalactosaminyl-proteoglycan 4-beta-N-acetylgalactosaminyltransferase activity (GO:0047238),GO_Molecular_Function_2021,1/6,0.0062841913325394,0.0501482173223301,0,0,199.74,1012.6254955871668,CHSY1
hexosyltransferase activity (GO:0016758),GO_Molecular_Function_2021,2/119,0.0068468254607969,0.0501482173223301,0,0,17.869545659019344,89.06128252508024,CHSY1;B4GALT5
uridine-diphosphatase activity (GO:0045134),GO_Molecular_Function_2021,1/9,0.0094121824505319,0.0501482173223301,0,0,124.81875,582.3731356633181,CANT1
guanosine-diphosphatase activity (GO:0004382),GO_Molecular_Function_2021,1/9,0.0094121824505319,0.0501482173223301,0,0,124.81875,582.3731356633181,CANT1
cAMP response element binding (GO:0035497),GO_Molecular_Function_2021,1/10,0.0104527615118676,0.0501482173223301,0,0,110.94444444444444,506.0053047065427,CREB5
protein binding involved in heterotypic cell-cell adhesion (GO:0086080),GO_Molecular_Function_2021,1/10,0.0104527615118676,0.0501482173223301,0,0,110.94444444444444,506.0053047065427,SIRPA
galactosyltransferase activity (GO:0008378),GO_Molecular_Function_2021,1/11,0.0114922998030339,0.0501482173223301,0,0,99.845,445.9155629250324,B4GALT5
UDP-galactosyltransferase activity (GO:0035250),GO_Molecular_Function_2021,1/11,0.0114922998030339,0.0501482173223301,0,0,99.845,445.9155629250324,B4GALT5
vinculin binding (GO:0017166),GO_Molecular_Function_2021,1/11,0.0114922998030339,0.0501482173223301,0,0,99.845,445.9155629250324,PXN
nucleoside-diphosphatase activity (GO:0017110),GO_Molecular_Function_2021,1/13,0.0135682578861655,0.0542730315446623,0,0,83.19583333333334,357.74392971285124,CANT1
cell adhesion mediator activity (GO:0098631),GO_Molecular_Function_2021,1/24,0.0249120249496479,0.0825862780263917,0,0,43.38260869565217,160.18614661402282,SIRPA
acetylgalactosaminyltransferase activity (GO:0008376),GO_Molecular_Function_2021,1/27,0.0279841533165139,0.0825862780263917,0,0,38.371153846153845,137.21973105106596,CHSY1
ubiquitin conjugating enzyme binding (GO:0031624),GO_Molecular_Function_2021,1/29,0.0300271156735161,0.0825862780263917,0,0,35.62678571428572,124.89519987020886,RNF19B
ubiquitin protein ligase activity (GO:0061630),GO_Molecular_Function_2021,2/263,0.0306918590491622,0.0825862780263917,0,0,7.952409760032265,27.704269825394523,RNF19B;IRF2BPL
glucuronosyltransferase activity (GO:0015020),GO_Molecular_Function_2021,1/31,0.032065988516399,0.0825862780263917,0,0,33.248333333333335,114.37291539918964,CHSY1
ubiquitin-like protein ligase activity (GO:0061659),GO_Molecular_Function_2021,2/270,0.0322091121529679,0.0825862780263917,0,0,7.741948153967007,26.597508408301252,RNF19B;IRF2BPL
"exoribonuclease activity, producing 5'-phosphomonoesters (GO:0016896)",GO_Molecular_Function_2021,1/33,0.03410077958834,0.0825862780263917,0,0,31.1671875,105.2963181340018,USB1
3'-5'-exoribonuclease activity (GO:0000175),GO_Molecular_Function_2021,1/34,0.0351166468802889,0.0825862780263917,0,0,30.221212121212123,101.21325681429822,USB1
ubiquitin-like protein conjugating enzyme binding (GO:0044390),GO_Molecular_Function_2021,1/35,0.0361314966365463,0.0825862780263917,0,0,29.330882352941178,97.3958437550943,RNF19B
cell-cell adhesion mediator activity (GO:0098632),GO_Molecular_Function_2021,1/42,0.0432070348019609,0.0942698941133692,0,0,24.314634146341465,76.39054934861029,SIRPA
3'-5' exonuclease activity (GO:0008408),GO_Molecular_Function_2021,1/48,0.0492323856769317,0.1027458483692488,0,0,21.20425531914893,63.85033051565917,USB1
ubiquitin-protein transferase activity (GO:0004842),GO_Molecular_Function_2021,2/392,0.062987669656794,0.125975339313588,0,0,5.287179487179487,14.61807998213081,RNF19B;IRF2BPL
protein tyrosine kinase binding (GO:1990782),GO_Molecular_Function_2021,1/72,0.0729743704052392,0.138327089736508,0,0,14.019718309859154,36.69867343192122,SIRPA
ubiquitin binding (GO:0043130),GO_Molecular_Function_2021,1/74,0.0749271736072752,0.138327089736508,0,0,13.634246575342466,35.329586768183,RNF19B
UDP-glycosyltransferase activity (GO:0008194),GO_Molecular_Function_2021,1/84,0.0846325675053562,0.1504578977872999,0,0,11.9855421686747,29.59753084206102,CHSY1
cytokine receptor activity (GO:0004896),GO_Molecular_Function_2021,1/88,0.0884875068847429,0.1516928689452736,0,0,11.432183908045976,27.72183304604507,CSF2RB
serine-type endopeptidase activity (GO:0004252),GO_Molecular_Function_2021,1/105,0.104699185171912,0.172050260851576,0,0,9.555288461538462,21.56307494222513,C1RL
protein tyrosine kinase activity (GO:0004713),GO_Molecular_Function_2021,1/108,0.107531413032235,0.172050260851576,0,0,9.285981308411214,20.707480723217916,JAK3
serine-type peptidase activity (GO:0008236),GO_Molecular_Function_2021,1/125,0.1234202194043621,0.1911022752067543,0,0,8.006048387096774,16.749936822620242,C1RL
guanyl-nucleotide exchange factor activity (GO:0005085),GO_Molecular_Function_2021,1/149,0.1453934709101153,0.2180902063651729,0,0,6.699662162162162,12.91903639216618,RASGRP4
sequence-specific double-stranded DNA binding (GO:1990837),GO_Molecular_Function_2021,2/712,0.1707672818774764,0.2483887736399657,0,0,2.856782802075612,5.049230973875,BASP1;CREB5
transcription regulatory region nucleic acid binding (GO:0001067),GO_Molecular_Function_2021,1/212,0.2006051069480037,0.2832072098089464,0,0,4.68436018957346,7.525035586950905,BASP1
GTPase regulator activity (GO:0030695),GO_Molecular_Function_2021,1/233,0.2182416020011549,0.2993027684587268,0,0,4.255818965517242,6.478005749456981,SIRPA
endopeptidase activity (GO:0004175),GO_Molecular_Function_2021,1/315,0.2836237631495268,0.3781650175327024,0,0,3.131369426751593,3.9458595846702007,C1RL
GTPase activator activity (GO:0005096),GO_Molecular_Function_2021,1/336,0.2995105329871209,0.388554204956265,0,0,2.9319402985074627,3.5347639168055105,RASGRP4
calcium ion binding (GO:0005509),GO_Molecular_Function_2021,1/348,0.3084374418664065,0.3896051897259871,0,0,2.8288184438040345,3.3273587638500106,CANT1
protein kinase binding (GO:0019901),GO_Molecular_Function_2021,1/506,0.4163233938207807,0.5078453447100901,0,0,1.928118811881188,1.6895968864043398,SIRPA
metal ion binding (GO:0046872),GO_Molecular_Function_2021,1/517,0.4232044539250751,0.5078453447100901,0,0,1.8859496124031008,1.6217278342564547,CANT1
transcription cis-regulatory region binding (GO:0000976),GO_Molecular_Function_2021,1/549,0.4427855243266329,0.5183830528702043,0,0,1.7729014598540147,1.4443292243628432,BASP1
protein homodimerization activity (GO:0042803),GO_Molecular_Function_2021,1/636,0.4928722953804854,0.5593255610712594,0,0,1.5231496062992127,1.0776362275897509,CANT1
double-stranded DNA binding (GO:0003690),GO_Molecular_Function_2021,1/651,0.5010624817930033,0.5593255610712594,0,0,1.486846153846154,1.0274470776867568,CREB5
sequence-specific DNA binding (GO:0043565),GO_Molecular_Function_2021,1/707,0.5305400298364443,0.5787709416397574,0,0,1.364943342776204,0.8651828056698861,CREB5
RNA polymerase II cis-regulatory region sequence-specific DNA binding (GO:0000978),GO_Molecular_Function_2021,1/1149,0.7115200851351166,0.7424557410105563,0,0,0.8201655052264808,0.2791446686792175,CREB5
cis-regulatory region sequence-specific DNA binding (GO:0000987),GO_Molecular_Function_2021,1/1149,0.7115200851351166,0.7424557410105563,0,0,0.8201655052264808,0.2791446686792175,CREB5
RNA polymerase II transcription regulatory region sequence-specific DNA binding (GO:0000977),GO_Molecular_Function_2021,1/1359,0.7720221454407936,0.7837996171474451,0,0,0.6856038291605302,0.1773945358327474,CREB5
RNA binding (GO:0003723),GO_Molecular_Function_2021,1/1406,0.7837996171474451,0.7837996171474451,0,0,0.6609964412811388,0.1610199768756863,ZYX
