Term,Gene_set,Overlap,P-value,Adjusted P-value,Old P-value,Old Adjusted P-value,Odds Ratio,Combined Score,Genes
positive regulation of establishment of protein localization to telomere (GO:1904851),GO_Biological_Process_2021,2/10,5.1698634856081705e-05,0.0022414272055083,0,0,249.625,2463.8185157826147,CCT3;CCT8
positive regulation of protein localization to Cajal body (GO:1904871),GO_Biological_Process_2021,2/11,6.314522336867865e-05,0.0022414272055083,0,0,221.87777777777777,2145.5743861743645,CCT3;CCT8
regulation of protein localization to Cajal body (GO:1904869),GO_Biological_Process_2021,2/11,6.314522336867865e-05,0.0022414272055083,0,0,221.87777777777777,2145.5743861743645,CCT3;CCT8
regulation of establishment of protein localization to telomere (GO:0070203),GO_Biological_Process_2021,2/11,6.314522336867865e-05,0.0022414272055083,0,0,221.87777777777777,2145.5743861743645,CCT3;CCT8
"positive regulation of protein localization to chromosome, telomeric region (GO:1904816)",GO_Biological_Process_2021,2/12,7.572389207798609e-05,0.0022414272055083,0,0,199.68,1894.6470730177257,CCT3;CCT8
positive regulation of telomerase RNA localization to Cajal body (GO:1904874),GO_Biological_Process_2021,2/15,0.00012022963193032818,0.0029656642542814,0,0,153.57692307692307,1386.20174723602,CCT3;CCT8
regulation of telomerase RNA localization to Cajal body (GO:1904872),GO_Biological_Process_2021,2/18,0.00017484233445803956,0.0036127170662255,0,0,124.7625,1079.398480851498,CCT3;CCT8
positive regulation of establishment of protein localization (GO:1904951),GO_Biological_Process_2021,2/19,0.00019528200357975847,0.0036127170662255,0,0,117.41764705882352,1002.8718580525142,CCT3;CCT8
positive regulation of telomere maintenance via telomerase (GO:0032212),GO_Biological_Process_2021,2/33,0.0005973830443360625,0.0098236322846374,0,0,64.34516129032258,477.6310459433993,CCT3;CCT8
positive regulation of telomere maintenance via telomere lengthening (GO:1904358),GO_Biological_Process_2021,2/36,0.0007113647786947809,0.0105281987246827,0,0,58.65882352941176,425.1782293491763,CCT3;CCT8
protein stabilization (GO:0050821),GO_Biological_Process_2021,3/179,0.0009578185836806674,0.0128870136713398,0,0,17.76495215311005,123.48155618394075,CCT3;CDC37;CCT8
regulation of telomere maintenance via telomerase (GO:0032210),GO_Biological_Process_2021,2/52,0.0014813981856645,0.0182705776231965,0,0,39.856,259.65262996111744,CCT3;CCT8
positive regulation of DNA biosynthetic process (GO:2000573),GO_Biological_Process_2021,2/61,0.0020322626452387,0.023136528576564,0,0,33.76101694915254,209.27122545032168,CCT3;CCT8
positive regulation of protein localization to nucleus (GO:1900182),GO_Biological_Process_2021,2/68,0.0025180320994553,0.0266191964799567,0,0,30.169696969696968,180.5438416371124,CCT3;CCT8
amino-acid betaine biosynthetic process (GO:0006578),GO_Biological_Process_2021,1/5,0.0054883894433205,0.0374702822266708,0,0,237.78571428571428,1237.7032790036255,ALDH9A1
carnitine biosynthetic process (GO:0045329),GO_Biological_Process_2021,1/5,0.0054883894433205,0.0374702822266708,0,0,237.78571428571428,1237.7032790036255,ALDH9A1
positive regulation of MHC class I biosynthetic process (GO:0045345),GO_Biological_Process_2021,1/5,0.0054883894433205,0.0374702822266708,0,0,237.78571428571428,1237.7032790036255,HSPH1
acetyl-CoA biosynthetic process from pyruvate (GO:0006086),GO_Biological_Process_2021,1/6,0.0065826171479286,0.0374702822266708,0,0,190.2190476190476,955.5316921910462,PDHA1
isoleucine metabolic process (GO:0006549),GO_Biological_Process_2021,1/6,0.0065826171479286,0.0374702822266708,0,0,190.2190476190476,955.5316921910462,ILVBL
"establishment of mitochondrion localization, microtubule-mediated (GO:0034643)",GO_Biological_Process_2021,1/6,0.0065826171479286,0.0374702822266708,0,0,190.2190476190476,955.5316921910462,LRPPRC
mitochondrial ribosome assembly (GO:0061668),GO_Biological_Process_2021,1/6,0.0065826171479286,0.0374702822266708,0,0,190.2190476190476,955.5316921910462,MRPS2
valine metabolic process (GO:0006573),GO_Biological_Process_2021,1/6,0.0065826171479286,0.0374702822266708,0,0,190.2190476190476,955.5316921910462,ILVBL
regulation of NK T cell activation (GO:0051133),GO_Biological_Process_2021,1/6,0.0065826171479286,0.0374702822266708,0,0,190.2190476190476,955.5316921910462,HSPH1
IMP biosynthetic process (GO:0006188),GO_Biological_Process_2021,1/6,0.0065826171479286,0.0374702822266708,0,0,190.2190476190476,955.5316921910462,ATIC
regulation of endoplasmic reticulum tubular network organization (GO:1903371),GO_Biological_Process_2021,1/6,0.0065826171479286,0.0374702822266708,0,0,190.2190476190476,955.5316921910462,RAB3GAP1
regulation of protein lipidation (GO:1903059),GO_Biological_Process_2021,1/6,0.0065826171479286,0.0374702822266708,0,0,190.2190476190476,955.5316921910462,RAB3GAP1
positive regulation of NK T cell activation (GO:0051135),GO_Biological_Process_2021,1/7,0.0076756962402828,0.0391725187435123,0,0,158.5079365079365,771.8855078560287,HSPH1
cellular amino acid biosynthetic process (GO:0008652),GO_Biological_Process_2021,1/7,0.0076756962402828,0.0391725187435123,0,0,158.5079365079365,771.8855078560287,ILVBL
regulation of MHC class I biosynthetic process (GO:0045343),GO_Biological_Process_2021,1/7,0.0076756962402828,0.0391725187435123,0,0,158.5079365079365,771.8855078560287,HSPH1
regulation of acetyl-CoA biosynthetic process from pyruvate (GO:0010510),GO_Biological_Process_2021,1/8,0.0087676277457428,0.0418583518183849,0,0,135.85714285714286,643.5130349149837,PDPR
regulation of acyl-CoA biosynthetic process (GO:0050812),GO_Biological_Process_2021,1/8,0.0087676277457428,0.0418583518183849,0,0,135.85714285714286,643.5130349149837,PDPR
positive regulation of autophagosome assembly (GO:2000786),GO_Biological_Process_2021,1/9,0.0098584127261176,0.042913090690159,0,0,118.86904761904762,549.107257058779,RAB3GAP1
alpha-amino acid biosynthetic process (GO:1901607),GO_Biological_Process_2021,1/9,0.0098584127261176,0.042913090690159,0,0,118.86904761904762,549.107257058779,ILVBL
fatty acid alpha-oxidation (GO:0001561),GO_Biological_Process_2021,1/9,0.0098584127261176,0.042913090690159,0,0,118.86904761904762,549.107257058779,ILVBL
receptor-mediated endocytosis (GO:0006898),GO_Biological_Process_2021,2/143,0.0106779115644683,0.0437922090321731,0,0,14.068794326241134,63.866389364261984,HSPH1;AP1G2
acetyl-CoA biosynthetic process (GO:0006085),GO_Biological_Process_2021,1/10,0.0109480522580432,0.0437922090321731,0,0,105.65608465608466,476.9942956890701,PDHA1
positive regulation of protein sumoylation (GO:0033235),GO_Biological_Process_2021,1/10,0.0109480522580432,0.0437922090321731,0,0,105.65608465608466,476.9942956890701,SAE1
positive regulation of vacuole organization (GO:0044090),GO_Biological_Process_2021,1/11,0.0120365474388125,0.0468791847616909,0,0,95.08571428571427,420.260566245477,RAB3GAP1
purine nucleoside monophosphate biosynthetic process (GO:0009127),GO_Biological_Process_2021,1/12,0.0131238993688258,0.0485584276646557,0,0,86.43722943722943,374.560203730456,ATIC
carnitine metabolic process (GO:0009437),GO_Biological_Process_2021,1/12,0.0131238993688258,0.0485584276646557,0,0,86.43722943722943,374.560203730456,ALDH9A1
regulation of short-term neuronal synaptic plasticity (GO:0048172),GO_Biological_Process_2021,1/13,0.0142101091631312,0.049210572468301,0,0,79.23015873015873,337.0293803138913,RAB3GAP1
mitochondrion transport along microtubule (GO:0047497),GO_Biological_Process_2021,1/13,0.0142101091631312,0.049210572468301,0,0,79.23015873015873,337.0293803138913,LRPPRC
protein modification by small protein conjugation or removal (GO:0070647),GO_Biological_Process_2021,1/14,0.0152951779293368,0.049210572468301,0,0,73.13186813186813,305.7071272789262,SAE1
regulation of response to interferon-gamma (GO:0060330),GO_Biological_Process_2021,1/14,0.0152951779293368,0.049210572468301,0,0,73.13186813186813,305.7071272789262,CDC37
ribonucleoside monophosphate biosynthetic process (GO:0009156),GO_Biological_Process_2021,1/14,0.0152951779293368,0.049210572468301,0,0,73.13186813186813,305.7071272789262,ATIC
neurotransmitter biosynthetic process (GO:0042136),GO_Biological_Process_2021,1/14,0.0152951779293368,0.049210572468301,0,0,73.13186813186813,305.7071272789262,ALDH9A1
purine ribonucleoside monophosphate biosynthetic process (GO:0009168),GO_Biological_Process_2021,1/16,0.0174618968734111,0.0549863986652094,0,0,63.37460317460317,256.52354192445085,ATIC
establishment of protein localization to endoplasmic reticulum (GO:0072599),GO_Biological_Process_2021,1/17,0.0185435492893687,0.0571759436422201,0,0,59.410714285714285,236.908142520545,RAB3GAP1
regulation of protein sumoylation (GO:0033233),GO_Biological_Process_2021,1/18,0.0196240651712844,0.0592726866397978,0,0,55.91316526610644,219.7945772360195,SAE1
excitatory postsynaptic potential (GO:0060079),GO_Biological_Process_2021,1/19,0.020703445636816,0.0596979701594216,0,0,52.8042328042328,204.7460437251252,RAB3GAP1
regulation of synaptic vesicle exocytosis (GO:2000300),GO_Biological_Process_2021,1/19,0.020703445636816,0.0596979701594216,0,0,52.8042328042328,204.7460437251252,RAB3GAP1
positive regulation of alpha-beta T cell activation (GO:0046635),GO_Biological_Process_2021,1/20,0.0217816918149241,0.0596979701594216,0,0,50.02255639097744,191.42059056605152,HSPH1
purine ribonucleoside monophosphate metabolic process (GO:0009167),GO_Biological_Process_2021,1/20,0.0217816918149241,0.0596979701594216,0,0,50.02255639097744,191.42059056605152,ATIC
regulation of programmed necrotic cell death (GO:0062098),GO_Biological_Process_2021,1/20,0.0217816918149241,0.0596979701594216,0,0,50.02255639097744,191.42059056605152,CDC37
retinol metabolic process (GO:0042572),GO_Biological_Process_2021,1/21,0.0228588048336812,0.0615109657342694,0,0,47.51904761904762,179.54686782262274,RETSAT
lipid droplet organization (GO:0034389),GO_Biological_Process_2021,1/22,0.023934785813165,0.063256219649079,0,0,45.25396825396825,168.9069250201691,RAB3GAP1
regulation of necroptotic process (GO:0060544),GO_Biological_Process_2021,1/23,0.0250096358786987,0.0638176915525416,0,0,43.1948051948052,159.3237838191313,CDC37
regulation of interferon-gamma-mediated signaling pathway (GO:0060334),GO_Biological_Process_2021,1/23,0.0250096358786987,0.0638176915525416,0,0,43.1948051948052,159.3237838191313,CDC37
protein insertion into mitochondrial membrane (GO:0051204),GO_Biological_Process_2021,1/24,0.0260833561592032,0.0654294357891877,0,0,41.31469979296066,150.65231192236567,SAMM50
"chemical synaptic transmission, postsynaptic (GO:0099565)",GO_Biological_Process_2021,1/25,0.0271559477765973,0.0669846711822735,0,0,39.59126984126984,142.77242140898989,RAB3GAP1
camera-type eye development (GO:0043010),GO_Biological_Process_2021,1/27,0.0292977495261991,0.0710830644242208,0,0,36.54212454212454,129.00263688319484,RAB3GAP1
"regulation of DNA-templated transcription, elongation (GO:0032784)",GO_Biological_Process_2021,1/28,0.0303669619032499,0.0713382597092221,0,0,35.18694885361552,122.95727551819456,HTATSF1
cristae formation (GO:0042407),GO_Biological_Process_2021,1/28,0.0303669619032499,0.0713382597092221,0,0,35.18694885361552,122.95727551819456,SAMM50
regulation of neuronal synaptic plasticity (GO:0048168),GO_Biological_Process_2021,1/29,0.031435050111481,0.0726935533828,0,0,33.92857142857143,117.38714910240454,RAB3GAP1
regulation of type I interferon-mediated signaling pathway (GO:0060338),GO_Biological_Process_2021,1/30,0.0325020152689227,0.073059456730846,0,0,32.756978653530375,112.24025378249362,CDC37
organelle transport along microtubule (GO:0072384),GO_Biological_Process_2021,1/31,0.0335678584979562,0.073059456730846,0,0,31.663492063492065,107.4717897739846,LRPPRC
positive regulation of protein targeting to mitochondrion (GO:1903955),GO_Biological_Process_2021,1/31,0.0335678584979562,0.073059456730846,0,0,31.663492063492065,107.4717897739846,SAE1
regulation of calcium ion-dependent exocytosis (GO:0017158),GO_Biological_Process_2021,1/31,0.0335678584979562,0.073059456730846,0,0,31.663492063492065,107.4717897739846,RAB3GAP1
ERBB2 signaling pathway (GO:0038128),GO_Biological_Process_2021,1/32,0.0346325809282469,0.0732231711054364,0,0,30.640552995391705,103.04296619408238,CDC37
mitochondrial membrane organization (GO:0007006),GO_Biological_Process_2021,1/32,0.0346325809282469,0.0732231711054364,0,0,30.640552995391705,103.04296619408238,SAMM50
positive regulation of organelle organization (GO:0010638),GO_Biological_Process_2021,1/33,0.0356961836698558,0.0733754886547036,0,0,29.68154761904762,98.92003496654242,RAB3GAP1
primary alcohol metabolic process (GO:0034308),GO_Biological_Process_2021,1/33,0.0356961836698558,0.0733754886547036,0,0,29.68154761904762,98.92003496654242,RETSAT
regulation of postsynaptic membrane potential (GO:0060078),GO_Biological_Process_2021,1/35,0.037820034565529,0.075640069131058,0,0,27.932773109243698,91.47749401004982,RAB3GAP1
regulation of autophagosome assembly (GO:2000785),GO_Biological_Process_2021,1/35,0.037820034565529,0.075640069131058,0,0,27.932773109243698,91.47749401004982,RAB3GAP1
regulation of protein targeting to mitochondrion (GO:1903214),GO_Biological_Process_2021,1/39,0.0420543492750046,0.0829872492360091,0,0,24.9874686716792,79.18010249314726,SAE1
positive regulation of ATPase activity (GO:0032781),GO_Biological_Process_2021,1/42,0.0452184067076381,0.0869133012042914,0,0,23.15563298490128,71.69565287330235,AHSA1
mitochondrial gene expression (GO:0140053),GO_Biological_Process_2021,1/42,0.0452184067076381,0.0869133012042914,0,0,23.15563298490128,71.69565287330235,MRPS2
positive regulation of organelle assembly (GO:1902117),GO_Biological_Process_2021,1/46,0.0494216355431908,0.0937743853896442,0,0,21.09312169312169,63.43475777373824,RAB3GAP1
response to unfolded protein (GO:0006986),GO_Biological_Process_2021,1/49,0.0525624601312181,0.0972405512427536,0,0,19.771825396825395,58.24291595044674,HSPH1
inner mitochondrial membrane organization (GO:0007007),GO_Biological_Process_2021,1/49,0.0525624601312181,0.0972405512427536,0,0,19.771825396825395,58.24291595044674,SAMM50
ribosome assembly (GO:0042255),GO_Biological_Process_2021,1/50,0.0536071985992547,0.097948955465305,0,0,19.367346938775512,56.67024999786951,MRPS2
protein homotetramerization (GO:0051289),GO_Biological_Process_2021,1/52,0.0556933775463978,0.1000521125726002,0,0,18.605975723622784,53.732086291886986,ALDH9A1
positive regulation of macroautophagy (GO:0016239),GO_Biological_Process_2021,1/53,0.0567348202331589,0.1000521125726002,0,0,18.247252747252748,52.358067488080735,RAB3GAP1
regulation of cyclin-dependent protein kinase activity (GO:1904029),GO_Biological_Process_2021,1/54,0.057775166528884,0.1000521125726002,0,0,17.902066486972146,51.04230466405881,CDC37
protein sumoylation (GO:0016925),GO_Biological_Process_2021,1/55,0.0588144175257853,0.1000521125726002,0,0,17.569664902998237,49.78133084189748,SAE1
protein targeting to mitochondrion (GO:0006626),GO_Biological_Process_2021,1/55,0.0588144175257853,0.1000521125726002,0,0,17.569664902998237,49.78133084189748,SAMM50
pyruvate metabolic process (GO:0006090),GO_Biological_Process_2021,1/55,0.0588144175257853,0.1000521125726002,0,0,17.569664902998237,49.78133084189748,PDHA1
positive regulation of establishment of protein localization to mitochondrion (GO:1903749),GO_Biological_Process_2021,1/56,0.059852574330197,0.1006611477371496,0,0,17.24935064935065,48.57194341390608,SAE1
eye development (GO:0001654),GO_Biological_Process_2021,1/58,0.061925609729227,0.1029774184261303,0,0,16.642439431913115,46.29629511520948,RAB3GAP1
fatty acid oxidation (GO:0019395),GO_Biological_Process_2021,1/59,0.062960490519082,0.1035350288536016,0,0,16.354679802955665,45.22474371763155,ILVBL
regulation of innate immune response (GO:0045088),GO_Biological_Process_2021,1/64,0.0681185690281569,0.1107862441337057,0,0,15.052910052910052,40.43972459506669,CDC37
ERBB signaling pathway (GO:0038127),GO_Biological_Process_2021,1/66,0.0701742022596553,0.1128889340698803,0,0,14.588278388278388,38.75776638076853,CDC37
regulation of translational initiation (GO:0006446),GO_Biological_Process_2021,1/68,0.0722255067202058,0.1149395160708652,0,0,14.15138592750533,37.18930470253887,EIF5B
establishment of protein localization to membrane (GO:0090150),GO_Biological_Process_2021,1/70,0.0742724910847293,0.115611749399686,0,0,13.739820565907522,35.72373458022456,RAB3GAP1
fatty acid catabolic process (GO:0009062),GO_Biological_Process_2021,1/70,0.0742724910847293,0.115611749399686,0,0,13.739820565907522,35.72373458022456,ILVBL
protein tetramerization (GO:0051262),GO_Biological_Process_2021,1/71,0.075294365950959,0.115611749399686,0,0,13.542857142857144,35.026568142715256,ALDH9A1
ubiquitin-dependent ERAD pathway (GO:0030433),GO_Biological_Process_2021,1/73,0.0773348864227629,0.115611749399686,0,0,13.165343915343914,33.69814742858341,ECPAS
regulation of hydrolase activity (GO:0051336),GO_Biological_Process_2021,1/73,0.0773348864227629,0.115611749399686,0,0,13.165343915343914,33.69814742858341,RAB3GAP1
transcription-coupled nucleotide-excision repair (GO:0006283),GO_Biological_Process_2021,1/73,0.0773348864227629,0.115611749399686,0,0,13.165343915343914,33.69814742858341,AQR
regulation of cytokine-mediated signaling pathway (GO:0001959),GO_Biological_Process_2021,1/74,0.078353534197411,0.1159632306121683,0,0,12.984344422700588,33.06494733744324,CDC37
positive regulation of protein modification by small protein conjugation or removal (GO:1903322),GO_Biological_Process_2021,1/77,0.0814030405988153,0.1192836634517293,0,0,12.469924812030076,31.278844284190207,SAE1
regulation of cellular response to heat (GO:1900034),GO_Biological_Process_2021,1/79,0.0834306915403189,0.1210562975290902,0,0,12.148962148962148,30.174851502656868,HSPH1
regulation of cyclin-dependent protein serine/threonine kinase activity (GO:0000079),GO_Biological_Process_2021,1/82,0.0864641594090478,0.12423976303436,0,0,11.697236919459142,28.63513183704516,CDC37
ERAD pathway (GO:0036503),GO_Biological_Process_2021,1/87,0.0914986544722913,0.1281365195054553,0,0,11.014396456256922,26.340169264282206,ECPAS
mitochondrial translational elongation (GO:0070125),GO_Biological_Process_2021,1/89,0.0935050277472241,0.1281365195054553,0,0,10.762987012987011,25.5054816130164,MRPS2
mitochondrial translational termination (GO:0070126),GO_Biological_Process_2021,1/89,0.0935050277472241,0.1281365195054553,0,0,10.762987012987011,25.5054816130164,MRPS2
post-Golgi vesicle-mediated transport (GO:0006892),GO_Biological_Process_2021,1/89,0.0935050277472241,0.1281365195054553,0,0,10.762987012987011,25.5054816130164,AP1G2
protein import (GO:0017038),GO_Biological_Process_2021,1/89,0.0935050277472241,0.1281365195054553,0,0,10.762987012987011,25.5054816130164,SAMM50
mitochondrial respiratory chain complex assembly (GO:0033108),GO_Biological_Process_2021,1/90,0.0945066276095651,0.1283209255616114,0,0,10.64151952915998,25.10425243464053,SAMM50
retinoid metabolic process (GO:0001523),GO_Biological_Process_2021,1/92,0.0965066591594856,0.1298453232327624,0,0,10.406593406593409,24.332106297541305,RETSAT
translational termination (GO:0006415),GO_Biological_Process_2021,1/96,0.1004940790729363,0.1339921054305817,0,0,9.96641604010025,22.899400276475088,MRPS2
translational elongation (GO:0006414),GO_Biological_Process_2021,1/104,0.108418582791051,0.1420338438232174,0,0,9.188626907073507,20.41488491079557,MRPS2
nucleotide-excision repair (GO:0006289),GO_Biological_Process_2021,1/105,0.109404447269235,0.1420338438232174,0,0,9.09981684981685,20.13519876202632,AQR
mitochondrial translation (GO:0032543),GO_Biological_Process_2021,1/105,0.109404447269235,0.1420338438232174,0,0,9.09981684981685,20.13519876202632,MRPS2
peptidyl-lysine modification (GO:0018205),GO_Biological_Process_2021,1/106,0.1103892711343678,0.1420661924164037,0,0,9.012698412698413,19.8616650141474,SAE1
regulation of protein serine/threonine kinase activity (GO:0071900),GO_Biological_Process_2021,1/111,0.1152978178149341,0.1471041123845711,0,0,8.600865800865801,18.57990662598213,CDC37
regulation of cellular response to stress (GO:0080135),GO_Biological_Process_2021,1/118,0.1221263693496126,0.1544846381516467,0,0,8.083435083435084,16.997030510778643,HSPH1
protein homooligomerization (GO:0051260),GO_Biological_Process_2021,1/121,0.125037464342257,0.1568266501919834,0,0,7.880158730158731,16.383967972675826,ALDH9A1
protein targeting (GO:0006605),GO_Biological_Process_2021,1/125,0.1289045931711755,0.1603183175574284,0,0,7.624423963133641,15.620025745756442,CDC37
positive regulation of macromolecule biosynthetic process (GO:0010557),GO_Biological_Process_2021,1/129,0.1327554038555205,0.163731664755142,0,0,7.384672619047619,14.911477387157236,HSPH1
monocarboxylic acid metabolic process (GO:0032787),GO_Biological_Process_2021,1/143,0.1461056807448291,0.1787077747953282,0,0,6.6519114688128775,12.794453338425477,PDHA1
positive regulation of intracellular protein transport (GO:0090316),GO_Biological_Process_2021,1/148,0.1508259183728456,0.1822632302045209,0,0,6.424036281179139,12.151893106042852,SAE1
positive regulation of hydrolase activity (GO:0051345),GO_Biological_Process_2021,1/149,0.1517669723036076,0.1822632302045209,0,0,6.38030888030888,12.029491858773522,RAB3GAP1
brain development (GO:0007420),GO_Biological_Process_2021,1/150,0.1527070307118959,0.1822632302045209,0,0,6.337168424416746,11.909022526412445,RAB3GAP1
cellular protein-containing complex assembly (GO:0034622),GO_Biological_Process_2021,1/168,0.1694589869820146,0.2006394405867053,0,0,5.648987738808098,10.027768646002835,SAMM50
mitochondrion organization (GO:0007005),GO_Biological_Process_2021,1/175,0.1758878639878741,0.2065984434143284,0,0,5.419813902572523,9.4191413186893,SAMM50
regulation of translation (GO:0006417),GO_Biological_Process_2021,1/178,0.1786285310975255,0.2081655323026281,0,0,5.32714554748453,9.175725199399697,EIF5B
regulation of GTPase activity (GO:0043087),GO_Biological_Process_2021,1/189,0.188603398542744,0.2180726795650478,0,0,5.012664640324215,8.361670444603366,RAB3GAP1
positive regulation of GTPase activity (GO:0043547),GO_Biological_Process_2021,1/214,0.2108453005712249,0.2382069044621472,0,0,4.418734630002236,6.878337481148603,RAB3GAP1
positive regulation of protein modification process (GO:0031401),GO_Biological_Process_2021,1/214,0.2108453005712249,0.2382069044621472,0,0,4.418734630002236,6.878337481148603,RAB3GAP1
translation (GO:0006412),GO_Biological_Process_2021,1/214,0.2108453005712249,0.2382069044621472,0,0,4.418734630002236,6.878337481148603,MRPS2
"RNA splicing, via transesterification reactions with bulged adenosine as nucleophile (GO:0000377)",GO_Biological_Process_2021,1/251,0.2426982197222444,0.2721161857491831,0,0,3.7577142857142856,5.320684819645164,AQR
protein-containing complex assembly (GO:0065003),GO_Biological_Process_2021,1/267,0.2560889655006607,0.2837605530378843,0,0,3.5288220551378444,4.807068585787497,SAMM50
central nervous system development (GO:0007417),GO_Biological_Process_2021,1/268,0.2569183385613277,0.2837605530378843,0,0,3.515427144640628,4.77745491997216,RAB3GAP1
"mRNA splicing, via spliceosome (GO:0000398)",GO_Biological_Process_2021,1/274,0.2618760723187854,0.2870937681717055,0,0,3.437118437118437,4.605339634086824,AQR
mRNA processing (GO:0006397),GO_Biological_Process_2021,1/300,0.2829970744143095,0.3079674045096897,0,0,3.1340977862716994,3.956230303260345,AQR
proteasome-mediated ubiquitin-dependent protein catabolic process (GO:0043161),GO_Biological_Process_2021,1/321,0.2996339346452691,0.323692133777371,0,0,2.925297619047619,3.52555045781868,ECPAS
intracellular protein transport (GO:0006886),GO_Biological_Process_2021,1/336,0.3112911072924465,0.3338484339078412,0,0,2.792181947405828,3.2585510745910646,CDC37
negative regulation of programmed cell death (GO:0043069),GO_Biological_Process_2021,1/381,0.3451617322836497,0.3675103336545335,0,0,2.455889724310777,2.6124334954899457,API5
protein modification by small protein conjugation (GO:0032446),GO_Biological_Process_2021,1/409,0.3654278858013298,0.3863094792756915,0,0,2.284080298786181,2.299352395430573,SAE1
organelle organization (GO:0006996),GO_Biological_Process_2021,1/420,0.3732246094476344,0.3917534907677297,0,0,2.222866234799409,2.1908011014325397,RAB3GAP1
neutrophil degranulation (GO:0043312),GO_Biological_Process_2021,1/481,0.4148283867200821,0.4281082276390404,0,0,1.9343253968253968,1.7019942896016855,CCT8
negative regulation of apoptotic process (GO:0043066),GO_Biological_Process_2021,1/485,0.4174623308636982,0.4281082276390404,0,0,1.9179456906729635,1.6754424869003175,API5
neutrophil activation involved in immune response (GO:0002283),GO_Biological_Process_2021,1/485,0.4174623308636982,0.4281082276390404,0,0,1.9179456906729635,1.6754424869003175,CCT8
neutrophil mediated immunity (GO:0002446),GO_Biological_Process_2021,1/488,0.4194303581598706,0.4281082276390404,0,0,1.9058374889997067,1.6559017266726084,CCT8
regulation of apoptotic process (GO:0042981),GO_Biological_Process_2021,1/742,0.5648956421921016,0.5726339386604866,0,0,1.2362316046526574,0.7060295091816348,API5
regulation of transcription by RNA polymerase II (GO:0006357),GO_Biological_Process_2021,1/2206,0.923661277525486,0.9271704853187338,0,0,0.3838246409674981,0.0304794599724291,HTATSF1
"regulation of transcription, DNA-templated (GO:0006355)",GO_Biological_Process_2021,1/2244,0.9271704853187338,0.9271704853187338,0,0,0.3765152962656306,0.0284712657188205,HTATSF1
microtubule (GO:0005874),GO_Cellular_Component_2021,3/182,0.0010049217093418,0.054265772304462,0,0,17.4645692443399,120.55522569172426,CCT3;CCT8;LRPPRC
polymeric cytoskeletal fiber (GO:0099513),GO_Cellular_Component_2021,3/256,0.0026660058517114,0.0697587177099169,0,0,12.31017266486374,72.96453365942634,CCT3;CCT8;LRPPRC
U2-type spliceosomal complex (GO:0005684),GO_Cellular_Component_2021,2/89,0.0042686475950166,0.0697587177099169,0,0,22.8632183908046,124.75219602446865,AQR;HTATSF1
microtubule cytoskeleton (GO:0015630),GO_Cellular_Component_2021,3/331,0.0054781247011877,0.0697587177099169,0,0,9.459242618741976,49.2542048455465,CCT3;CCT8;LRPPRC
AP-1 adaptor complex (GO:0030121),GO_Cellular_Component_2021,1/7,0.0076756962402828,0.0697587177099169,0,0,158.5079365079365,771.8855078560287,AP1G2
clathrin coat of trans-Golgi network vesicle (GO:0030130),GO_Cellular_Component_2021,1/9,0.0098584127261176,0.0697587177099169,0,0,118.86904761904762,549.107257058779,AP1G2
organelle outer membrane (GO:0031968),GO_Cellular_Component_2021,2/142,0.010535547233516,0.0697587177099169,0,0,14.17,64.51601409151799,SAMM50;RETSAT
intracellular organelle lumen (GO:0070013),GO_Cellular_Component_2021,4/848,0.0127533752913221,0.0697587177099169,0,0,5.037914691943128,21.975178912051767,PDHA1;PDPR;HSPH1;CCT8
MIB complex (GO:0140275),GO_Cellular_Component_2021,1/13,0.0142101091631312,0.0697587177099169,0,0,79.23015873015873,337.0293803138913,SAMM50
SAM complex (GO:0001401),GO_Cellular_Component_2021,1/13,0.0142101091631312,0.0697587177099169,0,0,79.23015873015873,337.0293803138913,SAMM50
clathrin adaptor complex (GO:0030131),GO_Cellular_Component_2021,1/13,0.0142101091631312,0.0697587177099169,0,0,79.23015873015873,337.0293803138913,AP1G2
nuclear outer membrane (GO:0005640),GO_Cellular_Component_2021,1/16,0.0174618968734111,0.0726103212363991,0,0,63.37460317460317,256.52354192445085,RETSAT
endocytic vesicle (GO:0030139),GO_Cellular_Component_2021,2/189,0.0181243532212572,0.0726103212363991,0,0,10.583422459893049,42.44480268606261,HSPH1;ECPAS
condensed nuclear chromosome (GO:0000794),GO_Cellular_Component_2021,1/20,0.0217816918149241,0.0726103212363991,0,0,50.02255639097744,191.42059056605152,LRPPRC
U2 snRNP (GO:0005686),GO_Cellular_Component_2021,1/20,0.0217816918149241,0.0726103212363991,0,0,50.02255639097744,191.42059056605152,HTATSF1
endocytic vesicle lumen (GO:0071682),GO_Cellular_Component_2021,1/21,0.0228588048336812,0.0726103212363991,0,0,47.51904761904762,179.54686782262274,HSPH1
mitochondrial outer membrane translocase complex (GO:0005742),GO_Cellular_Component_2021,1/21,0.0228588048336812,0.0726103212363991,0,0,47.51904761904762,179.54686782262274,SAMM50
endoplasmic reticulum tubular network (GO:0071782),GO_Cellular_Component_2021,1/23,0.0250096358786987,0.0750289076360962,0,0,43.1948051948052,159.3237838191313,RAB3GAP1
cytoskeleton (GO:0005856),GO_Cellular_Component_2021,3/600,0.0270718154798738,0.0769409492585887,0,0,5.125892620999736,18.500690024512625,CCT3;CCT8;LRPPRC
U2-type catalytic step 2 spliceosome (GO:0071007),GO_Cellular_Component_2021,1/30,0.0325020152689227,0.0877554412260915,0,0,32.756978653530375,112.24025378249362,AQR
intracellular non-membrane-bounded organelle (GO:0043232),GO_Cellular_Component_2021,4/1158,0.0354816778687542,0.0912386002339394,0,0,3.624879645676873,12.102526434738492,CCT3;PDHA1;LRPPRC;RAB3GAP1
nucleus (GO:0005634),GO_Cellular_Component_2021,9/4484,0.040186270344023,0.0982012169984667,0,0,2.398401375161152,7.7090133533006435,EIF5B;AQR;PDHA1;HSPH1;API5;HTATSF1;SAE1;LRPPRC;ECPAS
endoplasmic reticulum membrane (GO:0005789),GO_Cellular_Component_2021,3/712,0.0418264442771247,0.0982012169984667,0,0,4.291218172370277,13.62129844548585,RETSAT;ILVBL;RAB3GAP1
multivesicular body (GO:0005771),GO_Cellular_Component_2021,1/47,0.050469679710716,0.1069880268567665,0,0,20.633540372670808,61.61964439333086,ECPAS
Golgi-associated vesicle (GO:0005798),GO_Cellular_Component_2021,1/47,0.050469679710716,0.1069880268567665,0,0,20.633540372670808,61.61964439333086,AP1G2
spliceosomal snRNP complex (GO:0097525),GO_Cellular_Component_2021,1/51,0.0546508373685044,0.1069880268567665,0,0,18.97904761904762,55.16811991271338,HTATSF1
integral component of mitochondrial inner membrane (GO:0031305),GO_Cellular_Component_2021,1/51,0.0546508373685044,0.1069880268567665,0,0,18.97904761904762,55.16811991271338,SAMM50
mitochondrial matrix (GO:0005759),GO_Cellular_Component_2021,2/348,0.05547527318499,0.1069880268567665,0,0,5.673988439306358,16.408141252071236,PDHA1;PDPR
condensed chromosome (GO:0000793),GO_Cellular_Component_2021,1/54,0.057775166528884,0.1075813445710255,0,0,17.902066486972146,51.04230466405881,LRPPRC
lipid droplet (GO:0005811),GO_Cellular_Component_2021,1/77,0.0814030405988153,0.1379285916463924,0,0,12.469924812030076,31.278844284190207,RAB3GAP1
COPII-coated ER to Golgi transport vesicle (GO:0030134),GO_Cellular_Component_2021,1/79,0.0834306915403189,0.1379285916463924,0,0,12.148962148962148,30.174851502656868,ECPAS
nuclear chromosome (GO:0000228),GO_Cellular_Component_2021,1/83,0.0874731840460648,0.1379285916463924,0,0,11.554006968641117,28.15044832788816,LRPPRC
coated vesicle (GO:0030135),GO_Cellular_Component_2021,1/84,0.0884811447938404,0.1379285916463924,0,0,11.414228341939186,27.679113395058145,ECPAS
intermediate filament cytoskeleton (GO:0045111),GO_Cellular_Component_2021,1/84,0.0884811447938404,0.1379285916463924,0,0,11.414228341939186,27.679113395058145,CCT8
intracellular membrane-bounded organelle (GO:0043231),GO_Cellular_Component_2021,9/5192,0.0911597776212325,0.1379285916463924,0,0,1.9762092046483328,4.73330070648363,EIF5B;AQR;PDHA1;HSPH1;API5;HTATSF1;SAE1;LRPPRC;ECPAS
mitochondrial membrane (GO:0031966),GO_Cellular_Component_2021,2/469,0.0931714826052007,0.1379285916463924,0,0,4.177944325481799,9.91557202396634,SAMM50;MRPS2
azurophil granule lumen (GO:0035578),GO_Cellular_Component_2021,1/90,0.0945066276095651,0.1379285916463924,0,0,10.64151952915998,25.10425243464053,CCT8
cytoplasmic vesicle lumen (GO:0060205),GO_Cellular_Component_2021,1/115,0.1192060305308392,0.1693980433859294,0,0,8.297410192147034,17.647777784279164,CCT8
ficolin-1-rich granule lumen (GO:1904813),GO_Cellular_Component_2021,1/123,0.1269730726287825,0.1753229111822036,0,0,7.750195160031225,15.994699639424006,CCT8
mitochondrial outer membrane (GO:0005741),GO_Cellular_Component_2021,1/126,0.1298688230979286,0.1753229111822036,0,0,7.5630476190476195,15.43792264900532,SAMM50
azurophil granule (GO:0042582),GO_Cellular_Component_2021,1/155,0.1573924250528543,0.2072973403135155,0,0,6.12987012987013,11.334209985174065,CCT8
vacuolar lumen (GO:0005775),GO_Cellular_Component_2021,1/161,0.1629822550795542,0.2095486136737126,0,0,5.898214285714285,10.700032807806542,CCT8
ficolin-1-rich granule (GO:0101002),GO_Cellular_Component_2021,1/184,0.1840837874718076,0.231174988918084,0,0,5.150923757481134,8.717239264525878,CCT8
late endosome (GO:0005770),GO_Cellular_Component_2021,1/189,0.188603398542744,0.2314678073024586,0,0,5.012664640324215,8.361670444603366,ECPAS
nuclear membrane (GO:0031965),GO_Cellular_Component_2021,1/204,0.2020192915801868,0.2424231498962241,0,0,4.638752052545156,7.419183309087755,RETSAT
trans-Golgi network (GO:0005802),GO_Cellular_Component_2021,1/239,0.2325044957480438,0.2729400602259645,0,0,3.949579831932773,5.7618276240987045,ECPAS
early endosome (GO:0005769),GO_Cellular_Component_2021,1/266,0.2552587088434812,0.2932759633520848,0,0,3.542318059299191,4.836956329181093,ECPAS
secretory granule lumen (GO:0034774),GO_Cellular_Component_2021,1/316,0.2957065306519262,0.3326698469834169,0,0,2.9724867724867723,3.621641521079423,CCT8
mitochondrial inner membrane (GO:0005743),GO_Cellular_Component_2021,1/328,0.3050971943719979,0.3362295611446507,0,0,2.8616572011067425,3.397144470242035,MRPS2
organelle inner membrane (GO:0019866),GO_Cellular_Component_2021,1/346,0.3189594104229932,0.3444761632568326,0,0,2.7098688750862663,3.0965439246640525,MRPS2
Golgi membrane (GO:0000139),GO_Cellular_Component_2021,1/472,0.4088603852671497,0.4329109961652173,0,0,1.97219694671924,1.763896537518137,AP1G2
nucleolus (GO:0005730),GO_Cellular_Component_2021,1/733,0.5603976691353507,0.5770716920669198,0,0,1.252016653655998,0.7250536412925842,PDHA1
nuclear lumen (GO:0031981),GO_Cellular_Component_2021,1/745,0.5663851792508657,0.5770716920669198,0,0,1.2310547875064004,0.6998311378865243,PDHA1
bounding membrane of organelle (GO:0098588),GO_Cellular_Component_2021,1/767,0.5771606720351982,0.5771606720351982,0,0,1.1943304737038418,0.6564453404428554,AP1G2
ATPase regulator activity (GO:0060590),GO_Molecular_Function_2021,2/38,0.0007927368818969882,0.0253675802207036,0,0,55.394444444444446,395.5173964786915,HSPH1;AHSA1
RNA binding (GO:0003723),GO_Molecular_Function_2021,6/1406,0.0033471263299443,0.0351256924372512,0,0,4.97625,28.36289880472722,CCT3;EIF5B;AQR;API5;HTATSF1;LRPPRC
cadherin binding (GO:0045296),GO_Molecular_Function_2021,3/322,0.0050743718333876,0.0351256924372512,0,0,9.730572512786669,51.41199109989901,ATIC;AHSA1;CCT8
small protein activating enzyme binding (GO:0044388),GO_Molecular_Function_2021,1/5,0.0054883894433205,0.0351256924372512,0,0,237.78571428571428,1237.7032790036255,SAE1
"hydroxymethyl-, formyl- and related transferase activity (GO:0016742)",GO_Molecular_Function_2021,1/5,0.0054883894433205,0.0351256924372512,0,0,237.78571428571428,1237.7032790036255,ATIC
"oxidoreductase activity, acting on the aldehyde or oxo group of donors, disulfide as acceptor (GO:0016624)",GO_Molecular_Function_2021,1/7,0.0076756962402828,0.0409370466148417,0,0,158.5079365079365,771.8855078560287,PDHA1
adenyl nucleotide binding (GO:0030554),GO_Molecular_Function_2021,1/11,0.0120365474388125,0.0476483106757066,0,0,95.08571428571427,420.260566245477,HSPH1
adenyl-nucleotide exchange factor activity (GO:0000774),GO_Molecular_Function_2021,1/11,0.0120365474388125,0.0476483106757066,0,0,95.08571428571427,420.260566245477,HSPH1
aldehyde dehydrogenase (NAD+) activity (GO:0004029),GO_Molecular_Function_2021,1/13,0.0142101091631312,0.0476483106757066,0,0,79.23015873015873,337.0293803138913,ALDH9A1
aldehyde dehydrogenase [NAD(P)+] activity (GO:0004030),GO_Molecular_Function_2021,1/15,0.0163791067947741,0.0476483106757066,0,0,67.9047619047619,279.20731867751766,ALDH9A1
clathrin adaptor activity (GO:0035615),GO_Molecular_Function_2021,1/15,0.0163791067947741,0.0476483106757066,0,0,67.9047619047619,279.20731867751766,AP1G2
ATPase activator activity (GO:0001671),GO_Molecular_Function_2021,1/20,0.0217816918149241,0.0522486967626998,0,0,50.02255639097744,191.42059056605152,AHSA1
"oxidoreductase activity, acting on the aldehyde or oxo group of donors, NAD or NADP as acceptor (GO:0016620)",GO_Molecular_Function_2021,1/20,0.0217816918149241,0.0522486967626998,0,0,50.02255639097744,191.42059056605152,ALDH9A1
fibroblast growth factor binding (GO:0017134),GO_Molecular_Function_2021,1/21,0.0228588048336812,0.0522486967626998,0,0,47.51904761904762,179.54686782262274,API5
beta-tubulin binding (GO:0048487),GO_Molecular_Function_2021,1/32,0.0346325809282469,0.0738828393135935,0,0,30.640552995391705,103.04296619408238,LRPPRC
Hsp90 protein binding (GO:0051879),GO_Molecular_Function_2021,1/35,0.037820034565529,0.075640069131058,0,0,27.932773109243698,91.47749401004982,AHSA1
translation initiation factor activity (GO:0003743),GO_Molecular_Function_2021,1/41,0.0441648309205672,0.0831337993798913,0,0,23.735714285714284,74.05131012000572,EIF5B
single-stranded RNA binding (GO:0003727),GO_Molecular_Function_2021,1/45,0.0483724872635307,0.0859955329129435,0,0,21.573593073593077,65.34261801768183,AQR
flavin adenine dinucleotide binding (GO:0050660),GO_Molecular_Function_2021,1/55,0.0588144175257853,0.0990558610960594,0,0,17.569664902998237,49.78133084189748,ILVBL
guanyl-nucleotide exchange factor activity (GO:0005085),GO_Molecular_Function_2021,1/149,0.1517669723036076,0.2428271556857723,0,0,6.38030888030888,12.029491858773522,RAB3GAP1
small GTPase binding (GO:0031267),GO_Molecular_Function_2021,1/175,0.1758878639878741,0.2680196022672368,0,0,5.419813902572523,9.4191413186893,RAB3GAP1
protein heterodimerization activity (GO:0046982),GO_Molecular_Function_2021,1/188,0.1877013924825559,0.273020207247354,0,0,5.039724980901451,8.430970620202137,SAE1
GTPase binding (GO:0051020),GO_Molecular_Function_2021,1/201,0.1993531678153524,0.2773609291344033,0,0,4.709047619047619,7.594174268418155,RAB3GAP1
microtubule binding (GO:0008017),GO_Molecular_Function_2021,1/232,0.2264978101920611,0.2910190682960126,0,0,4.070707070707071,6.045081422820178,LRPPRC
GTPase regulator activity (GO:0030695),GO_Molecular_Function_2021,1/233,0.2273586471062598,0.2910190682960126,0,0,4.052955665024631,6.003345598201084,RAB3GAP1
mRNA binding (GO:0003729),GO_Molecular_Function_2021,1/263,0.2527626285517419,0.3015437840052183,0,0,3.583424209378408,4.928299289107686,AQR
ubiquitin protein ligase binding (GO:0031625),GO_Molecular_Function_2021,1/265,0.2544275677544029,0.3015437840052183,0,0,3.555916305916306,4.867121647156344,LRPPRC
ubiquitin-like protein ligase binding (GO:0044389),GO_Molecular_Function_2021,1/282,0.2684372874097823,0.3067854713254654,0,0,3.337908829012032,4.389810603907595,LRPPRC
tubulin binding (GO:0015631),GO_Molecular_Function_2021,1/307,0.2885841683456951,0.3184377030021463,0,0,3.061313414254591,3.8045038519563534,LRPPRC
GTPase activator activity (GO:0005096),GO_Molecular_Function_2021,1/336,0.3112911072924465,0.3320438477786096,0,0,2.792181947405828,3.2585510745910646,RAB3GAP1
kinase binding (GO:0019900),GO_Molecular_Function_2021,1/461,0.4014872432947135,0.4144384446913172,0,0,2.0204968944099377,1.8438640834677684,CDC37
protein homodimerization activity (GO:0042803),GO_Molecular_Function_2021,1/636,0.5090158701380689,0.5090158701380689,0,0,1.450543682039745,0.9795174570821772,ATIC
