Term,Gene_set,Overlap,P-value,Adjusted P-value,Old P-value,Old Adjusted P-value,Odds Ratio,Combined Score,Genes
morphogenesis of an endothelium (GO:0003159),GO_Biological_Process_2021,2/6,2.2430970983737597e-05,0.0046432109936336,0,0,434.1521739130435,4647.628509727224,CSNK2B;RHOB
endothelial tube morphogenesis (GO:0061154),GO_Biological_Process_2021,2/10,6.70875366203682e-05,0.0069435600402081,0,0,217.0326086956522,2085.577517249696,CSNK2B;RHOB
mitotic chromosome condensation (GO:0007076),GO_Biological_Process_2021,2/27,0.0005165184917147076,0.0356397759283148,0,0,69.3913043478261,525.1811109155249,CSNK2B;KMT5A
epithelial tube morphogenesis (GO:0060562),GO_Biological_Process_2021,2/34,0.0008211358169873277,0.0424937785290942,0,0,54.192934782608695,385.0311571015381,CSNK2B;RHOB
chromosome condensation (GO:0030261),GO_Biological_Process_2021,2/45,0.0014369198426323,0.0594884814849798,0,0,40.30738119312437,263.82202599575163,CSNK2B;KMT5A
mitotic sister chromatid segregation (GO:0000070),GO_Biological_Process_2021,2/102,0.0071578890784244,0.1131681976768303,0,0,17.282608695652176,85.36813977232643,CSNK2B;KMT5A
positive regulation of activin receptor signaling pathway (GO:0032927),GO_Biological_Process_2021,1/6,0.007477446810139,0.1131681976768303,0,0,166.41666666666666,814.7533474976135,CSNK2B
adiponectin-activated signaling pathway (GO:0033211),GO_Biological_Process_2021,1/6,0.007477446810139,0.1131681976768303,0,0,166.41666666666666,814.7533474976135,CSNK2B
COPI coating of Golgi vesicle (GO:0048205),GO_Biological_Process_2021,1/6,0.007477446810139,0.1131681976768303,0,0,166.41666666666666,814.7533474976135,TMED2
COPI-coated vesicle budding (GO:0035964),GO_Biological_Process_2021,1/6,0.007477446810139,0.1131681976768303,0,0,166.41666666666666,814.7533474976135,TMED2
Golgi transport vesicle coating (GO:0048200),GO_Biological_Process_2021,1/6,0.007477446810139,0.1131681976768303,0,0,166.41666666666666,814.7533474976135,TMED2
regulation of Wnt signaling pathway (GO:0030111),GO_Biological_Process_2021,2/111,0.0084255838370239,0.1131681976768303,0,0,15.848424411647388,75.69972196545457,CCNY;CTNNBIP1
protein desumoylation (GO:0016926),GO_Biological_Process_2021,1/7,0.0087184638276748,0.1131681976768303,0,0,138.67361111111111,657.6335609979999,SENP3
protein localization to basolateral plasma membrane (GO:1903361),GO_Biological_Process_2021,1/7,0.0087184638276748,0.1131681976768303,0,0,138.67361111111111,657.6335609979999,LIN7C
maintenance of apical/basal cell polarity (GO:0035090),GO_Biological_Process_2021,1/9,0.0111960320481715,0.1131681976768303,0,0,103.99479166666669,467.1649710127919,LIN7C
maintenance of epithelial cell apical/basal polarity (GO:0045199),GO_Biological_Process_2021,1/9,0.0111960320481715,0.1131681976768303,0,0,103.99479166666669,467.1649710127919,LIN7C
negative regulation of cell population proliferation (GO:0008285),GO_Biological_Process_2021,3/379,0.0113976335448637,0.1131681976768303,0,0,7.107954545454546,31.8034730719971,CTNNBIP1;CSNK2B;VHL
negative regulation of transcription from RNA polymerase II promoter in response to stress (GO:0097201),GO_Biological_Process_2021,1/10,0.0124325865055395,0.1131681976768303,0,0,92.4351851851852,405.55330287566494,VHL
morphogenesis of an epithelial sheet (GO:0002011),GO_Biological_Process_2021,1/10,0.0124325865055395,0.1131681976768303,0,0,92.4351851851852,405.55330287566494,LIN7C
positive regulation of monocyte differentiation (GO:0045657),GO_Biological_Process_2021,1/10,0.0124325865055395,0.1131681976768303,0,0,92.4351851851852,405.55330287566494,CTNNBIP1
protein localization to cell periphery (GO:1990778),GO_Biological_Process_2021,2/140,0.013135271458696,0.1131681976768303,0,0,12.499684940138629,54.15431238304648,TMED2;LIN7C
regulation of mesenchymal cell proliferation (GO:0010464),GO_Biological_Process_2021,1/11,0.0136676567242548,0.1131681976768303,0,0,83.1875,357.1008995813401,CTNNBIP1
positive regulation of triglyceride biosynthetic process (GO:0010867),GO_Biological_Process_2021,1/11,0.0136676567242548,0.1131681976768303,0,0,83.1875,357.1008995813401,CTDNEP1
peptidyl-lysine monomethylation (GO:0018026),GO_Biological_Process_2021,1/11,0.0136676567242548,0.1131681976768303,0,0,83.1875,357.1008995813401,KMT5A
negative regulation of receptor signaling pathway via STAT (GO:1904893),GO_Biological_Process_2021,1/11,0.0136676567242548,0.1131681976768303,0,0,83.1875,357.1008995813401,VHL
cellular response to thyroid hormone stimulus (GO:0097067),GO_Biological_Process_2021,1/12,0.0149012443701484,0.1142428735044713,0,0,75.62121212121212,318.08630270790064,LMO2
mitotic nuclear membrane disassembly (GO:0007077),GO_Biological_Process_2021,1/12,0.0149012443701484,0.1142428735044713,0,0,75.62121212121212,318.08630270790064,CTDNEP1
regulation of signal transduction by p53 class mediator (GO:1901796),GO_Biological_Process_2021,2/156,0.01612389224337,0.1150839292085658,0,0,11.191981931112366,46.19438070413128,CSNK2B;KMT5A
response to thyroid hormone (GO:0097066),GO_Biological_Process_2021,1/13,0.016133351108423,0.1150839292085658,0,0,69.31597222222223,286.05777422638903,LMO2
regulation of intracellular signal transduction (GO:1902531),GO_Biological_Process_2021,3/437,0.016678830320082,0.1150839292085658,0,0,6.139819857561793,25.13405872273423,CSNK2B;KMT5A;RHOB
nuclear membrane disassembly (GO:0051081),GO_Biological_Process_2021,1/14,0.0173639786153884,0.1159465668834,0,0,63.98076923076923,259.3369252570107,CTDNEP1
regulation of triglyceride biosynthetic process (GO:0010866),GO_Biological_Process_2021,1/15,0.0185931285667873,0.1172258899037249,0,0,59.407738095238095,236.7376500104764,CTDNEP1
regulation of activin receptor signaling pathway (GO:0032925),GO_Biological_Process_2021,1/16,0.0198208026407264,0.1172258899037249,0,0,55.44444444444444,217.3989559937,CSNK2B
regulation of monocyte differentiation (GO:0045655),GO_Biological_Process_2021,1/16,0.0198208026407264,0.1172258899037249,0,0,55.44444444444444,217.3989559937,CTNNBIP1
negative regulation of receptor signaling pathway via JAK-STAT (GO:0046426),GO_Biological_Process_2021,1/16,0.0198208026407264,0.1172258899037249,0,0,55.44444444444444,217.3989559937,VHL
positive regulation of cyclin-dependent protein serine/threonine kinase activity (GO:0045737),GO_Biological_Process_2021,1/17,0.0210470025189844,0.1210202644841607,0,0,51.9765625,200.68135849118187,CCNY
regulation of GTPase activity (GO:0043087),GO_Biological_Process_2021,2/189,0.0231075907946105,0.1278328188169707,0,0,9.201581027667984,34.66782247890572,TMED2;ADAP1
positive regulation of triglyceride metabolic process (GO:0090208),GO_Biological_Process_2021,1/19,0.0234949864071648,0.1278328188169707,0,0,46.19675925925926,173.2825760780302,CTDNEP1
protein localization to membrane (GO:0072657),GO_Biological_Process_2021,2/195,0.024490400982595,0.1278328188169707,0,0,8.912818202297816,33.061867698606974,TMED2;LIN7C
positive regulation of cyclin-dependent protein kinase activity (GO:1904031),GO_Biological_Process_2021,1/20,0.0247167737784927,0.1278328188169707,0,0,43.76315789473684,161.93563879493826,CCNY
endomembrane system organization (GO:0010256),GO_Biological_Process_2021,2/199,0.025430873184039,0.1278328188169707,0,0,8.730081659677776,32.05503843950634,CTDNEP1;TMED2
nuclear envelope organization (GO:0006998),GO_Biological_Process_2021,1/21,0.0259370936730085,0.1278328188169707,0,0,41.57291666666666,151.8276651730302,CTDNEP1
negative regulation of GTPase activity (GO:0034260),GO_Biological_Process_2021,1/23,0.0283733377644313,0.1365879283078437,0,0,37.78977272727273,134.6187109177605,TMED2
negative regulation of cellular process (GO:0048523),GO_Biological_Process_2021,3/566,0.0326634349432768,0.1463458734059648,0,0,4.701760051671242,16.087067428728485,CSNK2B;VHL;RHOB
protein peptidyl-prolyl isomerization (GO:0000413),GO_Biological_Process_2021,1/27,0.0332282900970065,0.1463458734059648,0,0,31.96955128205128,108.83565874121032,PPIG
acute inflammatory response (GO:0002526),GO_Biological_Process_2021,1/27,0.0332282900970065,0.1463458734059648,0,0,31.96955128205128,108.83565874121032,CTNNBIP1
peptidyl-lysine methylation (GO:0018022),GO_Biological_Process_2021,1/27,0.0332282900970065,0.1463458734059648,0,0,31.96955128205128,108.83565874121032,KMT5A
"regulation of DNA damage response, signal transduction by p53 class mediator (GO:0043516)",GO_Biological_Process_2021,1/28,0.0344383846472214,0.1485155337911425,0,0,30.78395061728395,103.69830823466704,KMT5A
cellular protein modification process (GO:0006464),GO_Biological_Process_2021,4/1025,0.0367468986459296,0.1495386147499088,0,0,3.5360291031201903,11.681984466278903,CTDNEP1;PTP4A2;UBE2D2;VHL
TRIF-dependent toll-like receptor signaling pathway (GO:0035666),GO_Biological_Process_2021,1/30,0.0368542132262458,0.1495386147499088,0,0,28.658045977011493,94.59405781572389,UBE2D2
morphogenesis of an epithelium (GO:0002009),GO_Biological_Process_2021,1/30,0.0368542132262458,0.1495386147499088,0,0,28.658045977011493,94.59405781572389,LIN7C
MyD88-independent toll-like receptor signaling pathway (GO:0002756),GO_Biological_Process_2021,1/31,0.0380599505912853,0.1495386147499088,0,0,27.70138888888889,90.5445579257637,UBE2D2
establishment or maintenance of epithelial cell apical/basal polarity (GO:0045197),GO_Biological_Process_2021,1/32,0.0392642388923452,0.1495386147499088,0,0,26.806451612903224,86.78430889945572,LIN7C
peptidyl-proline modification (GO:0018208),GO_Biological_Process_2021,1/32,0.0392642388923452,0.1495386147499088,0,0,26.806451612903224,86.78430889945572,PPIG
phosphatidylcholine biosynthetic process (GO:0006656),GO_Biological_Process_2021,1/33,0.040467079797891,0.1495386147499088,0,0,25.967447916666668,83.2845252717618,CSNK2B
positive regulation of cell differentiation (GO:0045597),GO_Biological_Process_2021,2/258,0.0409276327353525,0.1495386147499088,0,0,6.698029891304348,21.406567472746907,CTNNBIP1;VHL
negative regulation of blood vessel endothelial cell migration (GO:0043537),GO_Biological_Process_2021,1/34,0.041668474974439,0.1495386147499088,0,0,25.17929292929293,80.0200555972378,CSNK2B
cellular response to hydrogen peroxide (GO:0070301),GO_Biological_Process_2021,1/35,0.0428684260822968,0.1495386147499088,0,0,24.4375,76.96883173102468,RHOB
positive regulation of lipid biosynthetic process (GO:0046889),GO_Biological_Process_2021,1/35,0.0428684260822968,0.1495386147499088,0,0,24.4375,76.96883173102468,CTDNEP1
protein-containing complex assembly (GO:0065003),GO_Biological_Process_2021,2/267,0.0435418812930281,0.1495386147499088,0,0,6.467596390484004,20.269654152567213,CSNK2B;TMED2
positive regulation of myeloid leukocyte differentiation (GO:0002763),GO_Biological_Process_2021,1/36,0.044066934781374,0.1495386147499088,0,0,23.73809523809524,74.11141474490151,CTNNBIP1
negative regulation of endothelial cell migration (GO:0010596),GO_Biological_Process_2021,1/38,0.0464596315903414,0.1526530752254075,0,0,22.4527027027027,68.91119481281235,CSNK2B
regulation of phosphoprotein phosphatase activity (GO:0043666),GO_Biological_Process_2021,1/38,0.0464596315903414,0.1526530752254075,0,0,22.4527027027027,68.91119481281235,CSNK2B
intraciliary transport involved in cilium assembly (GO:0035735),GO_Biological_Process_2021,1/40,0.048846578661385,0.1559497160787129,0,0,21.299145299145295,64.30363063192733,DYNLRB1
regulation of response to DNA damage stimulus (GO:2001020),GO_Biological_Process_2021,1/41,0.0500379001782909,0.1559497160787129,0,0,20.765625,62.19251853785659,KMT5A
cortical cytoskeleton organization (GO:0030865),GO_Biological_Process_2021,1/41,0.0500379001782909,0.1559497160787129,0,0,20.765625,62.19251853785659,RHOB
regulation of cell cycle (GO:0051726),GO_Biological_Process_2021,2/296,0.0523764680391371,0.1559497160787129,0,0,5.821058858325939,17.168036502167634,JUND;RHOB
signal release from synapse (GO:0099643),GO_Biological_Process_2021,1/43,0.0524162474254504,0.1559497160787129,0,0,19.77480158730159,58.30676717854421,LIN7C
positive regulation of osteoblast differentiation (GO:0045669),GO_Biological_Process_2021,1/44,0.053603276456753,0.1559497160787129,0,0,19.313953488372093,56.51543006900448,CTNNBIP1
neurotransmitter secretion (GO:0007269),GO_Biological_Process_2021,1/44,0.053603276456753,0.1559497160787129,0,0,19.313953488372093,56.51543006900448,LIN7C
regulation of receptor signaling pathway via JAK-STAT (GO:0046425),GO_Biological_Process_2021,1/45,0.054788877942146,0.1559497160787129,0,0,18.87405303030303,54.81530943314256,VHL
cellular response to radiation (GO:0071478),GO_Biological_Process_2021,1/45,0.054788877942146,0.1559497160787129,0,0,18.87405303030303,54.81530943314256,RHOB
positive regulation of pathway-restricted SMAD protein phosphorylation (GO:0010862),GO_Biological_Process_2021,1/47,0.057155804891704,0.1559497160787129,0,0,18.05163043478261,51.66330275637264,CSNK2B
regulation of DNA binding (GO:0051101),GO_Biological_Process_2021,1/47,0.057155804891704,0.1559497160787129,0,0,18.05163043478261,51.66330275637264,CSNK2B
cellular response to ionizing radiation (GO:0071479),GO_Biological_Process_2021,1/48,0.0583371336275197,0.1559497160787129,0,0,17.666666666666668,50.20012391375553,RHOB
positive regulation of DNA repair (GO:0045739),GO_Biological_Process_2021,1/48,0.0583371336275197,0.1559497160787129,0,0,17.666666666666668,50.20012391375553,FAM168A
nucleus organization (GO:0006997),GO_Biological_Process_2021,1/48,0.0583371336275197,0.1559497160787129,0,0,17.666666666666668,50.20012391375553,CTDNEP1
response to hydrogen peroxide (GO:0042542),GO_Biological_Process_2021,1/49,0.0595170414020208,0.1559497160787129,0,0,17.297743055555557,48.80545398159523,RHOB
mitotic cytokinesis (GO:0000281),GO_Biological_Process_2021,1/49,0.0595170414020208,0.1559497160787129,0,0,17.297743055555557,48.80545398159523,RHOB
regulation of blood vessel endothelial cell migration (GO:0043535),GO_Biological_Process_2021,1/55,0.0665667391581141,0.168662967285176,0,0,15.371141975308642,41.64888140097016,CSNK2B
Rho protein signal transduction (GO:0007266),GO_Biological_Process_2021,1/56,0.067736745861726,0.168662967285176,0,0,15.090909090909092,40.6266358411004,RHOB
regulation of cell population proliferation (GO:0042127),GO_Biological_Process_2021,3/764,0.0684719605621591,0.168662967285176,0,0,3.4429578306056623,9.231709398919095,JUND;CSNK2B;VHL
post-translational protein modification (GO:0043687),GO_Biological_Process_2021,2/345,0.0686127515397031,0.168662967285176,0,0,4.977056661173786,13.334912837862117,PTP4A2;VHL
protein K48-linked ubiquitination (GO:0070936),GO_Biological_Process_2021,1/57,0.0689053446517472,0.168662967285176,0,0,14.820684523809524,39.64565023244249,UBE2D2
negative regulation of hydrolase activity (GO:0051346),GO_Biological_Process_2021,1/58,0.0700725371329717,0.168662967285176,0,0,14.559941520467836,38.70359077425905,TMED2
regulation of pathway-restricted SMAD protein phosphorylation (GO:0060393),GO_Biological_Process_2021,1/58,0.0700725371329717,0.168662967285176,0,0,14.559941520467836,38.70359077425905,CSNK2B
peptidyl-threonine phosphorylation (GO:0018107),GO_Biological_Process_2021,1/60,0.0724027096697759,0.1722685161108461,0,0,14.064971751412427,36.927745838789015,CSNK2B
cellular response to reactive oxygen species (GO:0034614),GO_Biological_Process_2021,1/63,0.0758874616960385,0.172623127154725,0,0,13.38239247311828,34.506549888818924,RHOB
COPII vesicle coating (GO:0048208),GO_Biological_Process_2021,1/63,0.0758874616960385,0.172623127154725,0,0,13.38239247311828,34.506549888818924,TMED2
vesicle coating (GO:0006901),GO_Biological_Process_2021,1/63,0.0758874616960385,0.172623127154725,0,0,13.38239247311828,34.506549888818924,TMED2
"vesicle targeting, rough ER to cis-Golgi (GO:0048207)",GO_Biological_Process_2021,1/63,0.0758874616960385,0.172623127154725,0,0,13.38239247311828,34.506549888818924,TMED2
protein autoubiquitination (GO:0051865),GO_Biological_Process_2021,1/65,0.0782036440133172,0.1759581990299636,0,0,12.962890625,33.03513646067728,UBE2D2
positive regulation of cell cycle (GO:0045787),GO_Biological_Process_2021,1/66,0.079359644289574,0.1766392082574388,0,0,12.762820512820513,32.33799172322633,CCNY
peptidyl-threonine modification (GO:0018210),GO_Biological_Process_2021,1/67,0.0805142527998034,0.1773026630804182,0,0,12.568813131313131,31.66487558090284,CSNK2B
COPII-coated vesicle budding (GO:0090114),GO_Biological_Process_2021,1/70,0.0839697437215684,0.1779506310295574,0,0,12.020531400966185,29.77844727950012,TMED2
regulation of hematopoietic stem cell differentiation (GO:1902036),GO_Biological_Process_2021,1/71,0.0851188011585982,0.1779506310295574,0,0,11.848214285714286,29.190532473420173,LMO2
cytoskeleton-dependent cytokinesis (GO:0061640),GO_Biological_Process_2021,1/72,0.0862664748551896,0.1779506310295574,0,0,11.68075117370892,28.621510800477843,RHOB
response to ionizing radiation (GO:0010212),GO_Biological_Process_2021,1/72,0.0862664748551896,0.1779506310295574,0,0,11.68075117370892,28.621510800477843,RHOB
regulation of hydrolase activity (GO:0051336),GO_Biological_Process_2021,1/73,0.0874127663656434,0.1779506310295574,0,0,11.517939814814817,28.07053166814748,ADAP1
regulation of actin filament-based process (GO:0032970),GO_Biological_Process_2021,1/73,0.0874127663656434,0.1779506310295574,0,0,11.517939814814817,28.07053166814748,RHOB
neurotransmitter transport (GO:0006836),GO_Biological_Process_2021,1/73,0.0874127663656434,0.1779506310295574,0,0,11.517939814814817,28.07053166814748,LIN7C
negative regulation of protein binding (GO:0032091),GO_Biological_Process_2021,1/74,0.0885576772971073,0.1779506310295574,0,0,11.35958904109589,27.536793634757636,CTNNBIP1
regulation of hematopoietic progenitor cell differentiation (GO:1901532),GO_Biological_Process_2021,1/75,0.0897012092618635,0.1779506310295574,0,0,11.20551801801802,27.01954095985768,LMO2
regulation of transcription from RNA polymerase II promoter in response to hypoxia (GO:0061418),GO_Biological_Process_2021,1/75,0.0897012092618635,0.1779506310295574,0,0,11.20551801801802,27.01954095985768,VHL
cellular response to hormone stimulus (GO:0032870),GO_Biological_Process_2021,1/76,0.0908433638322228,0.1779506310295574,0,0,11.055555555555555,26.518060438580463,LMO2
protein modification by small protein conjugation (GO:0032446),GO_Biological_Process_2021,2/409,0.0919605610674629,0.1779506310295574,0,0,4.180749919880355,9.976922703006874,UBE2D2;VHL
phosphatidylcholine metabolic process (GO:0046470),GO_Biological_Process_2021,1/77,0.0919841426094813,0.1779506310295574,0,0,10.90953947368421,26.031678480011845,CSNK2B
protein modification process (GO:0036211),GO_Biological_Process_2021,1/78,0.0931235471667537,0.178486798736278,0,0,10.767316017316018,25.55975843572736,UBE2D2
negative regulation of cell cycle (GO:0045786),GO_Biological_Process_2021,1/80,0.0953982400052786,0.1811691346889237,0,0,10.49367088607595,24.656927579154026,RHOB
regulation of cyclin-dependent protein serine/threonine kinase activity (GO:0000079),GO_Biological_Process_2021,1/82,0.0976674550008274,0.1837923925924662,0,0,10.233539094650206,23.805124449422923,CCNY
regulation of osteoblast differentiation (GO:0045667),GO_Biological_Process_2021,1/83,0.0988000122711018,0.1842486715325953,0,0,10.108231707317072,23.397094838762637,CTNNBIP1
"retrograde vesicle-mediated transport, Golgi to endoplasmic reticulum (GO:0006890)",GO_Biological_Process_2021,1/85,0.1010610342090092,0.186782447154151,0,0,9.86656746031746,22.614474985502635,TMED2
positive regulation of endothelial cell migration (GO:0010595),GO_Biological_Process_2021,1/86,0.1021895020267238,0.1871966984029366,0,0,9.75,22.23903168224061,RHOB
regulation of transcription from RNA polymerase II promoter in response to stress (GO:0043618),GO_Biological_Process_2021,1/87,0.1033166098523801,0.1875376035480215,0,0,9.636143410852712,21.873632377634998,VHL
negative regulation of binding (GO:0051100),GO_Biological_Process_2021,1/88,0.1044423592578321,0.1875376035480215,0,0,9.524904214559388,21.517901093005328,CTNNBIP1
regulation of endothelial cell migration (GO:0010594),GO_Biological_Process_2021,1/89,0.1055667517960405,0.1875376035480215,0,0,9.416193181818182,21.171479933603603,RHOB
regulation of stem cell differentiation (GO:2000736),GO_Biological_Process_2021,1/91,0.1078114725710848,0.1875376035480215,0,0,9.20601851851852,20.505220529335578,LMO2
regulation of actin cytoskeleton organization (GO:0032956),GO_Biological_Process_2021,1/91,0.1078114725710848,0.1875376035480215,0,0,9.20601851851852,20.505220529335578,RHOB
toll-like receptor signaling pathway (GO:0002224),GO_Biological_Process_2021,1/91,0.1078114725710848,0.1875376035480215,0,0,9.20601851851852,20.505220529335578,UBE2D2
positive regulation of transmembrane receptor protein serine/threonine kinase signaling pathway (GO:0090100),GO_Biological_Process_2021,1/92,0.108931803930084,0.1879073617793949,0,0,9.104395604395604,20.184747726684503,CSNK2B
positive regulation of epithelial cell migration (GO:0010634),GO_Biological_Process_2021,1/94,0.1111684164109228,0.1901806793145539,0,0,8.907706093189963,19.56763781102837,RHOB
RNA splicing (GO:0008380),GO_Biological_Process_2021,1/98,0.1156254840416987,0.1961842229232101,0,0,8.538659793814434,18.42129521976745,PPIG
positive regulation of vasculature development (GO:1904018),GO_Biological_Process_2021,1/102,0.1200610913811501,0.2020540318365697,0,0,8.198844884488448,17.379538920010766,RHOB
positive regulation of protein serine/threonine kinase activity (GO:0071902),GO_Biological_Process_2021,1/106,0.1244753374689266,0.2044951972703794,0,0,7.884920634920635,16.42939655103013,CCNY
peptidyl-lysine modification (GO:0018205),GO_Biological_Process_2021,1/106,0.1244753374689266,0.2044951972703794,0,0,7.884920634920635,16.42939655103013,SENP3
protein localization to nucleus (GO:0034504),GO_Biological_Process_2021,1/106,0.1244753374689266,0.2044951972703794,0,0,7.884920634920635,16.42939655103013,CTDNEP1
regulation of cytoskeleton organization (GO:0051493),GO_Biological_Process_2021,1/112,0.1310568698603139,0.2136123784337399,0,0,7.456456456456457,15.152443590064316,RHOB
negative regulation of cell motility (GO:2000146),GO_Biological_Process_2021,1/114,0.1332401398918733,0.2151816823594333,0,0,7.323746312684365,14.761759295314553,RHOB
regulation of transcription by RNA polymerase II (GO:0006357),GO_Biological_Process_2021,5/2206,0.1340987295863135,0.2151816823594333,0,0,2.018855065879146,4.056241126435774,JUND;LMO2;VHL;KMT5A;ZNF587
positive regulation of angiogenesis (GO:0045766),GO_Biological_Process_2021,1/116,0.1354181432510356,0.215627351176649,0,0,7.195652173913044,14.386900105418068,RHOB
regulation of protein binding (GO:0043393),GO_Biological_Process_2021,1/118,0.1375908921143905,0.2158954366350126,0,0,7.071937321937322,14.02697938619064,CTNNBIP1
protein ubiquitination (GO:0016567),GO_Biological_Process_2021,2/525,0.1390715256708184,0.2158954366350126,0,0,3.234184055199933,6.380291268865947,UBE2D2;VHL
macroautophagy (GO:0016236),GO_Biological_Process_2021,1/120,0.1397583985946458,0.2158954366350126,0,0,6.9523809523809526,13.681173830250405,CSNK2B
cytoskeleton organization (GO:0007010),GO_Biological_Process_2021,1/120,0.1397583985946458,0.2158954366350126,0,0,6.9523809523809526,13.681173830250405,RHOB
G2/M transition of mitotic cell cycle (GO:0000086),GO_Biological_Process_2021,1/130,0.1505177190475093,0.2273797763283561,0,0,6.410206718346253,12.138844791932016,CCNY
Golgi organization (GO:0007030),GO_Biological_Process_2021,1/130,0.1505177190475093,0.2273797763283561,0,0,6.410206718346253,12.138844791932016,TMED2
cellular response to hypoxia (GO:0071456),GO_Biological_Process_2021,1/131,0.1515865175522374,0.2273797763283561,0,0,6.360576923076923,11.99985643470596,VHL
cell cycle G2/M phase transition (GO:0044839),GO_Biological_Process_2021,1/131,0.1515865175522374,0.2273797763283561,0,0,6.360576923076923,11.99985643470596,CCNY
regulation of cell motility (GO:2000145),GO_Biological_Process_2021,1/133,0.1537202429870007,0.2289215129374759,0,0,6.263573232323233,11.729298347565283,RHOB
protein localization to plasma membrane (GO:0072659),GO_Biological_Process_2021,1/136,0.1569111747282574,0.2320043797767806,0,0,6.1234567901234565,11.341103682737518,TMED2
protein dephosphorylation (GO:0006470),GO_Biological_Process_2021,1/139,0.1600905544475611,0.2344543793052635,0,0,5.989432367149759,10.97273388243861,CTDNEP1
regulation of small GTPase mediated signal transduction (GO:0051056),GO_Biological_Process_2021,1/141,0.1622037429610305,0.2344543793052635,0,0,5.903273809523809,10.73747690090652,RHOB
Ras protein signal transduction (GO:0007265),GO_Biological_Process_2021,1/142,0.1632584222447486,0.2344543793052635,0,0,5.861111111111111,10.622800398497253,RHOB
protein localization to organelle (GO:0033365),GO_Biological_Process_2021,1/142,0.1632584222447486,0.2344543793052635,0,0,5.861111111111111,10.622800398497253,CTDNEP1
negative regulation of DNA-binding transcription factor activity (GO:0043433),GO_Biological_Process_2021,1/143,0.1643118269041299,0.2344543793052635,0,0,5.819542253521127,10.510030883267577,CTNNBIP1
negative regulation of cell migration (GO:0030336),GO_Biological_Process_2021,1/144,0.1653639583505723,0.2344543793052635,0,0,5.778554778554779,10.39912431317092,RHOB
actin filament organization (GO:0007015),GO_Biological_Process_2021,1/152,0.1737353519520413,0.2444503433890976,0,0,5.470198675496689,9.574062631860778,RHOB
dephosphorylation (GO:0016311),GO_Biological_Process_2021,1/153,0.1747760909255384,0.2444503433890976,0,0,5.433936403508772,9.478141423883296,CTDNEP1
regulation of cell differentiation (GO:0045595),GO_Biological_Process_2021,1/156,0.1778907625398479,0.2471368311795203,0,0,5.327956989247312,9.199173871921207,VHL
organonitrogen compound biosynthetic process (GO:1901566),GO_Biological_Process_2021,1/158,0.1799609371529336,0.2483460932710484,0,0,5.259554140127388,9.02021670226334,CSNK2B
"positive regulation of transcription, DNA-templated (GO:0045893)",GO_Biological_Process_2021,3/1183,0.1816239282757722,0.2489811467091712,0,0,2.171995377503852,3.705026764543272,JUND;LMO2;VHL
rRNA metabolic process (GO:0016072),GO_Biological_Process_2021,1/162,0.1840862831598885,0.2506964514085325,0,0,5.127846790890269,8.678115111541567,SENP3
cellular protein-containing complex assembly (GO:0034622),GO_Biological_Process_2021,1/168,0.1902369676638971,0.2573794268393903,0,0,4.942115768463074,8.20136592691404,CSNK2B
rRNA processing (GO:0006364),GO_Biological_Process_2021,1/173,0.1953285127098871,0.2625519618892639,0,0,4.797238372093023,7.834237856747159,SENP3
positive regulation of developmental process (GO:0051094),GO_Biological_Process_2021,1/177,0.1993796064921612,0.2635084878056974,0,0,4.687263257575758,7.558421528416364,VHL
glycerophospholipid biosynthetic process (GO:0046474),GO_Biological_Process_2021,1/177,0.1993796064921612,0.2635084878056974,0,0,4.687263257575758,7.558421528416364,CSNK2B
protein stabilization (GO:0050821),GO_Biological_Process_2021,1/179,0.2013978039759471,0.2635084878056974,0,0,4.634129213483146,7.426067881764699,VHL
RNA processing (GO:0006396),GO_Biological_Process_2021,1/179,0.2013978039759471,0.2635084878056974,0,0,4.634129213483146,7.426067881764699,PPIG
positive regulation of cellular biosynthetic process (GO:0031328),GO_Biological_Process_2021,1/180,0.2024050703435067,0.2635084878056974,0,0,4.608007448789572,7.361219511230814,CTDNEP1
endoplasmic reticulum to Golgi vesicle-mediated transport (GO:0006888),GO_Biological_Process_2021,1/185,0.2074231350428311,0.2683536809616627,0,0,4.481657608695652,7.049622507038148,TMED2
negative regulation of transcription by RNA polymerase II (GO:0000122),GO_Biological_Process_2021,2/684,0.2100890337139007,0.2701144719178723,0,0,2.4599005482595944,3.837995548419935,VHL;KMT5A
negative regulation of Wnt signaling pathway (GO:0030178),GO_Biological_Process_2021,1/191,0.2134048111310349,0.2722717152129837,0,0,4.338815789473684,6.701580385914248,CTNNBIP1
ribosome biogenesis (GO:0042254),GO_Biological_Process_2021,1/192,0.2143975342015282,0.2722717152129837,0,0,4.315881326352531,6.646126433634115,SENP3
negative regulation of macromolecule metabolic process (GO:0010605),GO_Biological_Process_2021,1/194,0.2163793733909548,0.2731129895849247,0,0,4.270725388601036,6.537293537201518,VHL
modification-dependent protein catabolic process (GO:0019941),GO_Biological_Process_2021,1/201,0.2232780827804394,0.278425079129825,0,0,4.119791666666667,6.176957216862885,UBE2D2
ncRNA processing (GO:0034470),GO_Biological_Process_2021,1/201,0.2232780827804394,0.278425079129825,0,0,4.119791666666667,6.176957216862885,SENP3
regulation of angiogenesis (GO:0045765),GO_Biological_Process_2021,1/203,0.2252384091287941,0.279187728680601,0,0,4.078589108910891,6.079527965441561,RHOB
mitotic cell cycle phase transition (GO:0044772),GO_Biological_Process_2021,1/209,0.2310909314312872,0.2847370405135503,0,0,3.959735576923077,5.800790888295069,CCNY
regulation of apoptotic process (GO:0042981),GO_Biological_Process_2021,2/742,0.2370130078677376,0.2903058735421401,0,0,2.2602820211515864,3.253992982669991,VHL;RHOB
apoptotic process (GO:0006915),GO_Biological_Process_2021,1/231,0.2521891992459688,0.3070774367289149,0,0,3.5769927536231885,4.92757823392161,RHOB
membrane organization (GO:0061024),GO_Biological_Process_2021,1/242,0.2625288043583957,0.3177980263285843,0,0,3.4118257261410787,4.562956865845934,CTDNEP1
regulation of canonical Wnt signaling pathway (GO:0060828),GO_Biological_Process_2021,1/253,0.2727310911998157,0.32822869696722,0,0,3.2610780423280423,4.237017552068407,CCNY
negative regulation of signal transduction (GO:0009968),GO_Biological_Process_2021,1/267,0.2855199757491873,0.3416337282085652,0,0,3.087249373433584,3.869691995435244,CTNNBIP1
protein modification by small protein removal (GO:0070646),GO_Biological_Process_2021,1/276,0.2936270943315572,0.3493149915323698,0,0,2.984848484848485,3.657766766071708,SENP3
positive regulation of programmed cell death (GO:0043068),GO_Biological_Process_2021,1/286,0.3025314223159862,0.3568584789685849,0,0,2.878654970760234,3.441633901880741,RHOB
proteolysis (GO:0006508),GO_Biological_Process_2021,1/287,0.3034159048235311,0.3568584789685849,0,0,2.868444055944056,3.4210520736344243,VHL
"regulation of transcription, DNA-templated (GO:0006355)",GO_Biological_Process_2021,4/2244,0.3061854270213934,0.3580812621097652,0,0,1.508078231292517,1.784907691737715,JUND;VHL;KMT5A;ZNF587
positive regulation of transcription by RNA polymerase II (GO:0045944),GO_Biological_Process_2021,2/908,0.3148831351305229,0.3661843200675182,0,0,1.8302140320568192,2.1149106122375305,JUND;LMO2
chemical synaptic transmission (GO:0007268),GO_Biological_Process_2021,1/306,0.3200178996557216,0.3700765655236557,0,0,2.6871584699453552,3.061690179183596,LIN7C
positive regulation of apoptotic process (GO:0043065),GO_Biological_Process_2021,1/310,0.3234643246985458,0.3717969960074678,0,0,2.651833872707659,2.9930359237917226,RHOB
protein polyubiquitination (GO:0000209),GO_Biological_Process_2021,1/314,0.3268939771659862,0.3717969960074678,0,0,2.61741214057508,2.9265792647122497,UBE2D2
cilium assembly (GO:0060271),GO_Biological_Process_2021,1/314,0.3268939771659862,0.3717969960074678,0,0,2.61741214057508,2.9265792647122497,DYNLRB1
"negative regulation of transcription, DNA-templated (GO:0045892)",GO_Biological_Process_2021,2/948,0.3335617600520343,0.3754161865413268,0,0,1.7491497380273922,1.920439149832573,VHL;KMT5A
negative regulation of gene expression (GO:0010629),GO_Biological_Process_2021,1/322,0.3337032769256238,0.3754161865413268,0,0,2.551142263759086,2.7998864748963337,VHL
cellular protein localization (GO:0034613),GO_Biological_Process_2021,1/329,0.3396071245423561,0.3799928366500957,0,0,2.495807926829268,2.6953873180216528,TMED2
intracellular protein transport (GO:0006886),GO_Biological_Process_2021,1/336,0.3454607345683721,0.3844643658906077,0,0,2.442786069651741,2.5963793958806733,TMED2
supramolecular fiber organization (GO:0097435),GO_Biological_Process_2021,1/351,0.3578369186857921,0.3961082468874811,0,0,2.336309523809524,2.400973737057422,RHOB
ubiquitin-dependent protein catabolic process (GO:0006511),GO_Biological_Process_2021,1/354,0.3602850505843202,0.3966968376114589,0,0,2.3161000944287062,2.36441337186716,UBE2D2
protein transport (GO:0015031),GO_Biological_Process_2021,1/369,0.3723919203682807,0.407451667426248,0,0,2.2199954710144927,2.1929302406646425,TMED2
positive regulation of protein phosphorylation (GO:0001934),GO_Biological_Process_2021,1/371,0.3739894531931745,0.407451667426248,0,0,2.20777027027027,2.171403176270967,CSNK2B
negative regulation of programmed cell death (GO:0043069),GO_Biological_Process_2021,1/381,0.3819187375778467,0.413911930254525,0,0,2.148574561403509,2.0681049047515487,VHL
regulation of cell migration (GO:0030334),GO_Biological_Process_2021,1/408,0.4028491315957151,0.4343217200016304,0,0,2.003276003276003,1.8213648205651716,RHOB
cellular protein metabolic process (GO:0044267),GO_Biological_Process_2021,1/417,0.4096734535169073,0.43939069884974,0,0,1.959034455128205,1.748232339949079,UBE2D2
organelle organization (GO:0006996),GO_Biological_Process_2021,1/420,0.4119315430579297,0.4395352031597497,0,0,1.9447096260938743,1.724759274504905,TMED2
regulation of nucleic acid-templated transcription (GO:1903506),GO_Biological_Process_2021,1/430,0.4193987757198728,0.445207931148788,0,0,1.8984071484071483,1.6495887698787428,VHL
negative regulation of nucleic acid-templated transcription (GO:1903507),GO_Biological_Process_2021,1/464,0.4441124965557414,0.4690371774848901,0,0,1.755939524838013,1.4252563894853427,KMT5A
regulation of cellular macromolecule biosynthetic process (GO:2000112),GO_Biological_Process_2021,1/468,0.4469527033179733,0.4696406578011191,0,0,1.7405424696645253,1.4016632006084395,VHL
neutrophil degranulation (GO:0043312),GO_Biological_Process_2021,1/481,0.4560874828527986,0.4747056170140855,0,0,1.6922743055555556,1.3285548712835848,CSNK2B
negative regulation of apoptotic process (GO:0043066),GO_Biological_Process_2021,1/485,0.4588689212696588,0.4747056170140855,0,0,1.677944214876033,1.3071029121327715,VHL
neutrophil activation involved in immune response (GO:0002283),GO_Biological_Process_2021,1/485,0.4588689212696588,0.4747056170140855,0,0,1.677944214876033,1.3071029121327715,CSNK2B
neutrophil mediated immunity (GO:0002446),GO_Biological_Process_2021,1/488,0.4609460339122279,0.4747056170140855,0,0,1.6673511293634498,1.2913206086637412,CSNK2B
protein phosphorylation (GO:0006468),GO_Biological_Process_2021,1/496,0.466447648734769,0.4779933826143425,0,0,1.6397306397306397,1.2504741409234437,CSNK2B
positive regulation of nucleic acid-templated transcription (GO:1903508),GO_Biological_Process_2021,1/511,0.4766182278841697,0.4860097200592272,0,0,1.5902777777777777,1.17845860061659,VHL
negative regulation of cellular macromolecule biosynthetic process (GO:2000113),GO_Biological_Process_2021,1/547,0.500273897099887,0.5076308661748853,0,0,1.4826770451770452,1.0269014340384663,KMT5A
cytokine-mediated signaling pathway (GO:0019221),GO_Biological_Process_2021,1/621,0.5457175734201437,0.550717888231052,0,0,1.300739247311828,0.7877975402930191,CSNK2B
positive regulation of cellular process (GO:0048522),GO_Biological_Process_2021,1/625,0.548057415341047,0.550717888231052,0,0,1.2921340811965811,0.7770574238126305,VHL
regulation of gene expression (GO:0010468),GO_Biological_Process_2021,1/1079,0.7502634269474961,0.7502634269474961,0,0,0.7304035250463822,0.2098675008932198,VHL
MPP7-DLG1-LIN7 complex (GO:0097025),GO_Cellular_Component_2021,1/5,0.0062349390704731,0.0850050223198293,0,0,208.03125,1056.2966607689368,LIN7C
zymogen granule (GO:0042588),GO_Cellular_Component_2021,1/6,0.007477446810139,0.0850050223198293,0,0,166.41666666666666,814.7533474976135,TMED2
zymogen granule membrane (GO:0042589),GO_Cellular_Component_2021,1/6,0.007477446810139,0.0850050223198293,0,0,166.41666666666666,814.7533474976135,TMED2
COPI-coated vesicle (GO:0030137),GO_Cellular_Component_2021,1/7,0.0087184638276748,0.0850050223198293,0,0,138.67361111111111,657.6335609979999,TMED2
nucleus (GO:0005634),GO_Cellular_Component_2021,11/4484,0.0133874838021073,0.0944774190726076,0,0,2.723036632493373,11.745641661569312,PTP4A2;CCNY;UBE2D2;CTNNBIP1;CSNK2B;PPIG;VHL;ADAP1;SENP3;ZNF587;RHOB
intracellular membrane-bounded organelle (GO:0043231),GO_Cellular_Component_2021,12/5192,0.0145349875496319,0.0944774190726076,0,0,2.6364716364716365,11.155429828322108,PTP4A2;CCNY;UBE2D2;CTNNBIP1;CSNK2B;TMED2;PPIG;VHL;ADAP1;SENP3;ZNF587;RHOB
cytoplasmic dynein complex (GO:0005868),GO_Cellular_Component_2021,1/19,0.0234949864071648,0.1309006385542042,0,0,46.19675925925926,173.2825760780302,DYNLRB1
MLL1 complex (GO:0071339),GO_Cellular_Component_2021,1/26,0.0320167398038226,0.1387392058165647,0,0,33.25,114.42975510355669,SENP3
MLL1/2 complex (GO:0044665),GO_Cellular_Component_2021,1/26,0.0320167398038226,0.1387392058165647,0,0,33.25,114.42975510355669,SENP3
Golgi-associated vesicle (GO:0005798),GO_Cellular_Component_2021,1/47,0.057155804891704,0.1997002174743423,0,0,18.05163043478261,51.66330275637264,TMED2
endoplasmic reticulum-Golgi intermediate compartment membrane (GO:0033116),GO_Cellular_Component_2021,1/49,0.0595170414020208,0.1997002174743423,0,0,17.297743055555557,48.80545398159523,TMED2
ER to Golgi transport vesicle membrane (GO:0012507),GO_Cellular_Component_2021,1/54,0.0653953228992461,0.1997002174743423,0,0,15.66194968553459,42.71490645721221,TMED2
coated vesicle membrane (GO:0030662),GO_Cellular_Component_2021,1/55,0.0665667391581141,0.1997002174743423,0,0,15.371141975308642,41.64888140097016,TMED2
transport vesicle membrane (GO:0030658),GO_Cellular_Component_2021,1/60,0.0724027096697759,0.2016932626515186,0,0,14.064971751412427,36.927745838789015,TMED2
lipid droplet (GO:0005811),GO_Cellular_Component_2021,1/77,0.0919841426094813,0.2292539404415394,0,0,10.90953947368421,26.031678480011845,CTDNEP1
COPII-coated ER to Golgi transport vesicle (GO:0030134),GO_Cellular_Component_2021,1/79,0.0942615791008967,0.2292539404415394,0,0,10.628739316239315,25.101698127695773,TMED2
coated vesicle (GO:0030135),GO_Cellular_Component_2021,1/84,0.0999312048078505,0.2292539404415394,0,0,9.985943775100402,23.00035748937821,TMED2
cytoplasmic vesicle lumen (GO:0060205),GO_Cellular_Component_2021,1/115,0.1343297991538407,0.2910478981666549,0,0,7.259137426900585,14.572408528789037,CSNK2B
ficolin-1-rich granule lumen (GO:1904813),GO_Cellular_Component_2021,1/123,0.1429998554328014,0.2935260190462765,0,0,6.780396174863388,13.1872715777562,CSNK2B
adherens junction (GO:0005912),GO_Cellular_Component_2021,1/132,0.1526540250124257,0.2976753487742302,0,0,6.311704834605598,11.863361700115332,LIN7C
basolateral plasma membrane (GO:0016323),GO_Cellular_Component_2021,1/151,0.1726933530375904,0.3080684537873645,0,0,5.506944444444445,9.671503902552772,LIN7C
intracellular non-membrane-bounded organelle (GO:0043232),GO_Cellular_Component_2021,3/1158,0.1737822047005646,0.3080684537873645,0,0,2.2219598583234945,3.888324122134111,CTDNEP1;SENP3;RHOB
ficolin-1-rich granule (GO:0101002),GO_Cellular_Component_2021,1/184,0.2064219530070438,0.35001983335977,0,0,4.506375227686704,7.110307046953661,CSNK2B
endoplasmic reticulum membrane (GO:0005789),GO_Cellular_Component_2021,2/712,0.2230456169554943,0.3528981928923432,0,0,2.359461114513166,3.540085832272636,CTDNEP1;TMED2
nuclear membrane (GO:0031965),GO_Cellular_Component_2021,1/204,0.2262167903156046,0.3528981928923432,0,0,4.058292282430213,6.031683535803371,CTDNEP1
bounding membrane of organelle (GO:0098588),GO_Cellular_Component_2021,2/767,0.2487028690302971,0.372444384981829,0,0,2.183574879227053,3.0384365663909385,TMED2;RHOB
cilium (GO:0005929),GO_Cellular_Component_2021,1/237,0.2578461126797278,0.372444384981829,0,0,3.4849929378531077,4.723532713741259,DYNLRB1
cell-cell junction (GO:0005911),GO_Cellular_Component_2021,1/271,0.2891341065783936,0.3924653115784128,0,0,3.040895061728395,3.773339222638768,LIN7C
secretory granule membrane (GO:0030667),GO_Cellular_Component_2021,1/274,0.2918331804044608,0.3924653115784128,0,0,3.007020757020757,3.7033653942225335,TMED2
secretory granule lumen (GO:0034774),GO_Cellular_Component_2021,1/316,0.3286025381562784,0.4230112044398436,0,0,2.6005291005291005,2.8941453474064565,CSNK2B
endosome membrane (GO:0010008),GO_Cellular_Component_2021,1/325,0.3362396753239782,0.4230112044398436,0,0,2.527134773662552,2.7544026671894564,RHOB
cytoplasmic vesicle membrane (GO:0030659),GO_Cellular_Component_2021,1/380,0.3811301688380555,0.4497419867408632,0,0,2.154353562005277,2.07812027839606,RHOB
focal adhesion (GO:0005925),GO_Cellular_Component_2021,1/387,0.3866299317832257,0.4497419867408632,0,0,2.1145293609671847,2.0094103804400354,RHOB
cell-substrate junction (GO:0030055),GO_Cellular_Component_2021,1/394,0.3920827576715218,0.4497419867408632,0,0,2.0761238337574217,1.9438380915073863,RHOB
Golgi membrane (GO:0000139),GO_Cellular_Component_2021,1/472,0.4497789761476873,0.5011822877074231,0,0,1.7254069355980184,1.3785983833438795,TMED2
cytoskeleton (GO:0005856),GO_Cellular_Component_2021,1/600,0.5332413541588982,0.5776781336721396,0,0,1.3478018920422927,0.8474724037671353,RHOB
nucleolus (GO:0005730),GO_Cellular_Component_2021,1/733,0.6070336465387923,0.6292451091105022,0,0,1.095343806921676,0.5467639276185914,SENP3
nuclear lumen (GO:0031981),GO_Cellular_Component_2021,1/745,0.6131106191333098,0.6292451091105022,0,0,1.0770049283154122,0.5268814775562934,SENP3
intracellular organelle lumen (GO:0070013),GO_Cellular_Component_2021,1/848,0.6616892145432984,0.6616892145432984,0,0,0.9409681227863046,0.3885815351572475,CSNK2B
"inositol 1,3,4,5 tetrakisphosphate binding (GO:0043533)",GO_Molecular_Function_2021,1/5,0.0062349390704731,0.1203573445178438,0,0,208.03125,1056.2966607689368,ADAP1
protein kinase regulator activity (GO:0019887),GO_Molecular_Function_2021,2/98,0.0066249984591573,0.1203573445178438,0,0,18.006340579710145,90.33610260135455,CCNY;CSNK2B
SUMO-specific protease activity (GO:0016929),GO_Molecular_Function_2021,1/7,0.0087184638276748,0.1203573445178438,0,0,138.67361111111111,657.6335609979999,SENP3
armadillo repeat domain binding (GO:0070016),GO_Molecular_Function_2021,1/9,0.0111960320481715,0.1203573445178438,0,0,103.99479166666669,467.1649710127919,CTNNBIP1
ubiquitin-like protein-specific protease activity (GO:0019783),GO_Molecular_Function_2021,1/20,0.0247167737784927,0.1668151077705268,0,0,43.76315789473684,161.93563879493826,SENP3
lysine N-methyltransferase activity (GO:0016278),GO_Molecular_Function_2021,1/21,0.0259370936730085,0.1668151077705268,0,0,41.57291666666666,151.8276651730302,KMT5A
bHLH transcription factor binding (GO:0043425),GO_Molecular_Function_2021,1/22,0.0271559477765973,0.1668151077705268,0,0,39.59126984126984,142.77242140898989,LMO2
histone methyltransferase activity (GO:0042054),GO_Molecular_Function_2021,1/32,0.0392642388923452,0.1812247501163293,0,0,26.806451612903224,86.78430889945572,KMT5A
ubiquitin conjugating enzyme activity (GO:0061631),GO_Molecular_Function_2021,1/35,0.0428684260822968,0.1812247501163293,0,0,24.4375,76.96883173102468,UBE2D2
protein-lysine N-methyltransferase activity (GO:0016279),GO_Molecular_Function_2021,1/35,0.0428684260822968,0.1812247501163293,0,0,24.4375,76.96883173102468,KMT5A
ubiquitin-like protein conjugating enzyme activity (GO:0061650),GO_Molecular_Function_2021,1/38,0.0464596315903414,0.1812247501163293,0,0,22.4527027027027,68.91119481281235,UBE2D2
cyclin-dependent protein serine/threonine kinase regulator activity (GO:0016538),GO_Molecular_Function_2021,1/44,0.053603276456753,0.1812247501163293,0,0,19.313953488372093,56.51543006900448,CCNY
histone-lysine N-methyltransferase activity (GO:0018024),GO_Molecular_Function_2021,1/45,0.054788877942146,0.1812247501163293,0,0,18.87405303030303,54.81530943314256,KMT5A
transcription coregulator binding (GO:0001221),GO_Molecular_Function_2021,1/53,0.0642224954747202,0.1820425045033888,0,0,15.963942307692308,43.827434874789176,LMO2
GTPase activator activity (GO:0005096),GO_Molecular_Function_2021,2/336,0.065515673488025,0.1820425045033888,0,0,5.113512106222338,13.936702747280004,RINL;ADAP1
microtubule motor activity (GO:0003777),GO_Molecular_Function_2021,1/56,0.067736745861726,0.1820425045033888,0,0,15.090909090909092,40.6266358411004,DYNLRB1
protein serine/threonine phosphatase activity (GO:0004722),GO_Molecular_Function_2021,1/62,0.074727276437816,0.1890160521662405,0,0,13.602459016393444,35.28355592362645,CTDNEP1
motor activity (GO:0003774),GO_Molecular_Function_2021,1/66,0.079359644289574,0.1895813724695378,0,0,12.762820512820513,32.33799172322633,DYNLRB1
protein tyrosine phosphatase activity (GO:0004725),GO_Molecular_Function_2021,1/74,0.0885576772971073,0.2004200065145061,0,0,11.35958904109589,27.536793634757636,PTP4A2
guanyl-nucleotide exchange factor activity (GO:0005085),GO_Molecular_Function_2021,1/149,0.1706055694327323,0.3668019742803745,0,0,5.581925675675675,9.871082937357729,RINL
GTP binding (GO:0005525),GO_Molecular_Function_2021,1/189,0.2114157508984971,0.3933925080643332,0,0,4.385416666666667,6.814624823124887,RHOB
RNA polymerase II-specific DNA-binding transcription factor binding (GO:0061629),GO_Molecular_Function_2021,1/190,0.2124108838166647,0.3933925080643332,0,0,4.361992945326279,6.757742321163003,LMO2
DNA-binding transcription factor binding (GO:0140297),GO_Molecular_Function_2021,1/208,0.2301184672666756,0.3933925080643332,0,0,3.9790660225442833,5.845888726537855,LMO2
transcription regulatory region nucleic acid binding (GO:0001067),GO_Molecular_Function_2021,1/212,0.2340012537353759,0.3933925080643332,0,0,3.9028436018957344,5.668602471907256,JUND
guanyl ribonucleotide binding (GO:0032561),GO_Molecular_Function_2021,1/214,0.2359355904663216,0.3933925080643332,0,0,3.865805946791862,5.582983158869736,RHOB
GTPase activity (GO:0003924),GO_Molecular_Function_2021,1/216,0.2378652374342479,0.3933925080643332,0,0,3.829457364341085,5.499296058168595,RHOB
GTPase regulator activity (GO:0030695),GO_Molecular_Function_2021,1/233,0.2540794207187259,0.4046450033668599,0,0,3.545797413793104,4.858126753408722,ADAP1
ubiquitin protein ligase activity (GO:0061630),GO_Molecular_Function_2021,1/263,0.2818882087927792,0.4234305249429471,0,0,3.135019083969466,3.969701328821864,UBE2D2
ubiquitin-like protein ligase activity (GO:0061659),GO_Molecular_Function_2021,1/270,0.2882322227918819,0.4234305249429471,0,0,3.052354399008674,3.797094669564892,UBE2D2
nucleoside-triphosphatase activity (GO:0017111),GO_Molecular_Function_2021,1/278,0.2954166453090328,0.4234305249429471,0,0,2.9629963898916967,3.61298464745138,RHOB
protein serine/threonine kinase activity (GO:0004674),GO_Molecular_Function_2021,1/344,0.3520895847317558,0.4883823272085645,0,0,2.3848396501457727,2.4894616919959627,CSNK2B
ubiquitin-protein transferase activity (GO:0004842),GO_Molecular_Function_2021,1/392,0.3905295744499545,0.5247741156671264,0,0,2.0869565217391304,1.9622641622464805,UBE2D2
RNA polymerase II cis-regulatory region sequence-specific DNA binding (GO:0000978),GO_Molecular_Function_2021,2/1149,0.4250887063269504,0.5279123829299951,0,0,1.4273909252871384,1.221072145527485,JUND;ZNF587
cis-regulatory region sequence-specific DNA binding (GO:0000987),GO_Molecular_Function_2021,2/1149,0.4250887063269504,0.5279123829299951,0,0,1.4273909252871384,1.221072145527485,JUND;ZNF587
purine ribonucleoside triphosphate binding (GO:0035639),GO_Molecular_Function_2021,1/460,0.4412582900952471,0.5279123829299951,0,0,1.771604938271605,1.44939408312887,RHOB
kinase binding (GO:0019900),GO_Molecular_Function_2021,1/461,0.4419731578018563,0.5279123829299951,0,0,1.767663043478261,1.4433077067151825,RHOB
protein kinase binding (GO:0019901),GO_Molecular_Function_2021,1/506,0.4732488934784346,0.5499919572857483,0,0,1.6064356435643563,1.2018288458951123,RHOB
transcription cis-regulatory region binding (GO:0000976),GO_Molecular_Function_2021,1/549,0.5015575466324442,0.5668666082809222,0,0,1.4771137469586375,1.0192630339499071,JUND
RNA polymerase II transcription regulatory region sequence-specific DNA binding (GO:0000977),GO_Molecular_Function_2021,2/1359,0.5141348307664177,0.5668666082809222,0,0,1.1930409150619974,0.7936940089452298,JUND;ZNF587
double-stranded DNA binding (GO:0003690),GO_Molecular_Function_2021,1/651,0.5629867588990279,0.605210765816455,0,0,1.238782051282051,0.7116792602085816,JUND
sequence-specific DNA binding (GO:0043565),GO_Molecular_Function_2021,1/707,0.5935509469922038,0.6103725013885338,0,0,1.13721671388102,0.5932088870572599,JUND
sequence-specific double-stranded DNA binding (GO:1990837),GO_Molecular_Function_2021,1/712,0.5961777920539169,0.6103725013885338,0,0,1.1289263947491797,0.5838991865864127,JUND
RNA binding (GO:0003723),GO_Molecular_Function_2021,1/1406,0.8385340718846658,0.8385340718846658,0,0,0.550711743772242,0.0969803734426126,PPIG
