Term,Gene_set,Overlap,P-value,Adjusted P-value,Old P-value,Old Adjusted P-value,Odds Ratio,Combined Score,Genes
regulation of RNA splicing (GO:0043484),GO_Biological_Process_2021,3/76,0.000219544191344744,0.0303695873060507,0,0,29.201565557729943,245.9927331283584,CLK1;RBM39;YTHDC1
glycoprotein catabolic process (GO:0006516),GO_Biological_Process_2021,2/18,0.00035027247768592,0.0303695873060507,0,0,86.00431034482759,684.3190276353239,EDEM1;OGA
"regulation of mRNA splicing, via spliceosome (GO:0048024)",GO_Biological_Process_2021,3/90,0.0003615427060244141,0.0303695873060507,0,0,24.485221674876847,194.0485743458484,RBM39;RBM25;YTHDC1
regulation of mRNA processing (GO:0050684),GO_Biological_Process_2021,2/36,0.0014174693130427,0.0865346453320305,0,0,40.43610547667343,265.2156512854863,RBM39;YTHDC1
"regulation of alternative mRNA splicing, via spliceosome (GO:0000381)",GO_Biological_Process_2021,2/54,0.0031643223277353,0.0865346453320305,0,0,26.415119363395224,152.0405762035586,RBM25;YTHDC1
regulation of gene expression (GO:0010468),GO_Biological_Process_2021,6/1079,0.005603675794264,0.0865346453320305,0,0,4.22650512581547,21.9116079052114,CLK1;YTHDC1;SP3;ATXN1L;POGZ;TNRC6B
ubiquitin-dependent ERAD pathway (GO:0030433),GO_Biological_Process_2021,2/73,0.0057059479151469,0.0865346453320305,0,0,19.327829043224867,99.8523224658666,EDEM1;UBXN4
positive regulation of cell proliferation involved in heart morphogenesis (GO:2000138),GO_Biological_Process_2021,1/5,0.0077266942890359,0.0865346453320305,0,0,166.375,809.0939625056958,SMAD4
mannose trimming involved in glycoprotein ERAD pathway (GO:1904382),GO_Biological_Process_2021,1/5,0.0077266942890359,0.0865346453320305,0,0,166.375,809.0939625056958,EDEM1
ubiquitin-dependent glycoprotein ERAD pathway (GO:0097466),GO_Biological_Process_2021,1/5,0.0077266942890359,0.0865346453320305,0,0,166.375,809.0939625056958,EDEM1
positive regulation of histone H3-K9 acetylation (GO:2000617),GO_Biological_Process_2021,1/5,0.0077266942890359,0.0865346453320305,0,0,166.375,809.0939625056958,SMAD4
cardiac endothelial cell differentiation (GO:0003348),GO_Biological_Process_2021,1/5,0.0077266942890359,0.0865346453320305,0,0,166.375,809.0939625056958,SMAD4
protein deglycosylation involved in glycoprotein catabolic process (GO:0035977),GO_Biological_Process_2021,1/5,0.0077266942890359,0.0865346453320305,0,0,166.375,809.0939625056958,EDEM1
negative regulation of PERK-mediated unfolded protein response (GO:1903898),GO_Biological_Process_2021,1/5,0.0077266942890359,0.0865346453320305,0,0,166.375,809.0939625056958,PPP1R15B
endocardial cell differentiation (GO:0060956),GO_Biological_Process_2021,1/5,0.0077266942890359,0.0865346453320305,0,0,166.375,809.0939625056958,SMAD4
ERAD pathway (GO:0036503),GO_Biological_Process_2021,2/87,0.0080139889260804,0.0865346453320305,0,0,16.133062880324545,77.86730323779419,EDEM1;UBXN4
"mRNA splicing, via spliceosome (GO:0000398)",GO_Biological_Process_2021,3/274,0.0086111947820843,0.0865346453320305,0,0,7.787822878228782,37.02870072039632,YTHDC1;CDK13;SRSF11
negative regulation of cardiac muscle cell differentiation (GO:2000726),GO_Biological_Process_2021,1/6,0.0092650922497144,0.0865346453320305,0,0,133.09333333333333,623.0766346487915,SMAD4
L-serine biosynthetic process (GO:0006564),GO_Biological_Process_2021,1/6,0.0092650922497144,0.0865346453320305,0,0,133.09333333333333,623.0766346487915,SERINC5
regulation of hematopoietic stem cell proliferation (GO:1902033),GO_Biological_Process_2021,1/6,0.0092650922497144,0.0865346453320305,0,0,133.09333333333333,623.0766346487915,N4BP2L2
negative regulation of hematopoietic progenitor cell differentiation (GO:1901533),GO_Biological_Process_2021,1/6,0.0092650922497144,0.0865346453320305,0,0,133.09333333333333,623.0766346487915,N4BP2L2
detection of virus (GO:0009597),GO_Biological_Process_2021,1/6,0.0092650922497144,0.0865346453320305,0,0,133.09333333333333,623.0766346487915,SERINC5
mRNA-containing ribonucleoprotein complex export from nucleus (GO:0071427),GO_Biological_Process_2021,2/99,0.0102728504943795,0.0865346453320305,0,0,14.128688233202986,64.68467733221605,YTHDC1;SRSF11
SMAD protein complex assembly (GO:0007183),GO_Biological_Process_2021,1/7,0.0108011827726926,0.0865346453320305,0,0,110.90555555555557,502.1914056148727,SMAD4
regulation of transforming growth factor beta2 production (GO:0032909),GO_Biological_Process_2021,1/7,0.0108011827726926,0.0865346453320305,0,0,110.90555555555557,502.1914056148727,SMAD4
atrioventricular valve formation (GO:0003190),GO_Biological_Process_2021,1/7,0.0108011827726926,0.0865346453320305,0,0,110.90555555555557,502.1914056148727,SMAD4
regulation of miRNA mediated inhibition of translation (GO:1905616),GO_Biological_Process_2021,1/7,0.0108011827726926,0.0865346453320305,0,0,110.90555555555557,502.1914056148727,TNRC6B
positive regulation of miRNA mediated inhibition of translation (GO:1905618),GO_Biological_Process_2021,1/7,0.0108011827726926,0.0865346453320305,0,0,110.90555555555557,502.1914056148727,TNRC6B
mRNA transport (GO:0051028),GO_Biological_Process_2021,2/104,0.0112880236020324,0.0865346453320305,0,0,13.432724814063556,60.23251233622612,YTHDC1;SRSF11
RNA export from nucleus (GO:0006405),GO_Biological_Process_2021,2/106,0.0117060351203224,0.0865346453320305,0,0,13.173076923076923,58.589245429320336,YTHDC1;SRSF11
mRNA export from nucleus (GO:0006406),GO_Biological_Process_2021,2/107,0.0119175782685405,0.0865346453320305,0,0,13.046962233169127,57.79466096438427,YTHDC1;SRSF11
negative regulation of muscle hypertrophy (GO:0014741),GO_Biological_Process_2021,1/8,0.0123349690429111,0.0865346453320305,0,0,95.05714285714286,417.8062796500496,SMAD4
protein deglycosylation (GO:0006517),GO_Biological_Process_2021,1/8,0.0123349690429111,0.0865346453320305,0,0,95.05714285714286,417.8062796500496,OGA
kinetochore assembly (GO:0051382),GO_Biological_Process_2021,1/9,0.01386645428907,0.0865346453320305,0,0,83.17083333333333,355.82833874131705,POGZ
regulation of PERK-mediated unfolded protein response (GO:1903897),GO_Biological_Process_2021,1/9,0.01386645428907,0.0865346453320305,0,0,83.17083333333333,355.82833874131705,PPP1R15B
phosphorylation of RNA polymerase II C-terminal domain (GO:0070816),GO_Biological_Process_2021,1/9,0.01386645428907,0.0865346453320305,0,0,83.17083333333333,355.82833874131705,CDK13
L-serine metabolic process (GO:0006563),GO_Biological_Process_2021,1/10,0.0153956417644848,0.0865346453320305,0,0,73.92592592592592,308.5424792813036,SERINC5
regulation of histone phosphorylation (GO:0033127),GO_Biological_Process_2021,1/10,0.0153956417644848,0.0865346453320305,0,0,73.92592592592592,308.5424792813036,AKAP8
modification-dependent macromolecule catabolic process (GO:0043632),GO_Biological_Process_2021,1/10,0.0153956417644848,0.0865346453320305,0,0,73.92592592592592,308.5424792813036,CHFR
dosage compensation (GO:0007549),GO_Biological_Process_2021,1/10,0.0153956417644848,0.0865346453320305,0,0,73.92592592592592,308.5424792813036,YTHDC1
regulation of transcription by RNA polymerase II (GO:0006357),GO_Biological_Process_2021,8/2206,0.0167165817289047,0.0865346453320305,0,0,2.8122008149701307,11.505709430747595,SMAD4;SATB1;SP3;POGZ;CDK13;CCNL1;N4BP2L2;TNRC6B
regulation of histone H3-K9 acetylation (GO:2000615),GO_Biological_Process_2021,1/11,0.016922534733464,0.0865346453320305,0,0,66.53,271.3831303578043,SMAD4
positive regulation of transcription elongation from RNA polymerase II promoter (GO:0032968),GO_Biological_Process_2021,1/11,0.016922534733464,0.0865346453320305,0,0,66.53,271.3831303578043,CDK13
gene expression (GO:0010467),GO_Biological_Process_2021,3/356,0.0173879264966166,0.0865346453320305,0,0,5.953864832051801,24.12493641807664,RBM39;YTHDC1;SRSF11
serine family amino acid biosynthetic process (GO:0009070),GO_Biological_Process_2021,1/12,0.0184471364708874,0.0865346453320305,0,0,60.47878787878788,241.4824938489569,SERINC5
negative regulation of cardiac muscle hypertrophy (GO:0010614),GO_Biological_Process_2021,1/12,0.0184471364708874,0.0865346453320305,0,0,60.47878787878788,241.4824938489569,SMAD4
cell cycle checkpoint signaling (GO:0000075),GO_Biological_Process_2021,1/12,0.0184471364708874,0.0865346453320305,0,0,60.47878787878788,241.4824938489569,CHFR
dosage compensation by inactivation of X chromosome (GO:0009048),GO_Biological_Process_2021,1/12,0.0184471364708874,0.0865346453320305,0,0,60.47878787878788,241.4824938489569,YTHDC1
kinetochore organization (GO:0051383),GO_Biological_Process_2021,1/13,0.0199694502608653,0.0865346453320305,0,0,55.43611111111111,216.95208467294643,POGZ
negative regulation of stem cell differentiation (GO:2000737),GO_Biological_Process_2021,1/13,0.0199694502608653,0.0865346453320305,0,0,55.43611111111111,216.95208467294643,N4BP2L2
"regulation of retrograde protein transport, ER to cytosol (GO:1904152)",GO_Biological_Process_2021,1/13,0.0199694502608653,0.0865346453320305,0,0,55.43611111111111,216.95208467294643,EDEM1
positive regulation of nuclear-transcribed mRNA poly(A) tail shortening (GO:0060213),GO_Biological_Process_2021,1/13,0.0199694502608653,0.0865346453320305,0,0,55.43611111111111,216.95208467294643,TNRC6B
regulation of histone modification (GO:0031056),GO_Biological_Process_2021,1/13,0.0199694502608653,0.0865346453320305,0,0,55.43611111111111,216.95208467294643,AKAP8
positive regulation of protein exit from endoplasmic reticulum (GO:0070863),GO_Biological_Process_2021,1/13,0.0199694502608653,0.0865346453320305,0,0,55.43611111111111,216.95208467294643,EDEM1
negative regulation of endoplasmic reticulum unfolded protein response (GO:1900102),GO_Biological_Process_2021,1/13,0.0199694502608653,0.0865346453320305,0,0,55.43611111111111,216.95208467294643,PPP1R15B
positive regulation of histone deacetylation (GO:0031065),GO_Biological_Process_2021,1/13,0.0199694502608653,0.0865346453320305,0,0,55.43611111111111,216.95208467294643,AKAP8
regulation of histone deacetylation (GO:0031063),GO_Biological_Process_2021,1/14,0.0214894793855565,0.0865346453320305,0,0,51.16923076923077,196.4996601316088,AKAP8
positive regulation of protein deacetylation (GO:0090312),GO_Biological_Process_2021,1/14,0.0214894793855565,0.0865346453320305,0,0,51.16923076923077,196.4996601316088,AKAP8
positive regulation of SMAD protein signal transduction (GO:0060391),GO_Biological_Process_2021,1/14,0.0214894793855565,0.0865346453320305,0,0,51.16923076923077,196.4996601316088,SMAD4
cardiac left ventricle morphogenesis (GO:0003214),GO_Biological_Process_2021,1/14,0.0214894793855565,0.0865346453320305,0,0,51.16923076923077,196.4996601316088,SMAD4
peptidyl-serine dephosphorylation (GO:0070262),GO_Biological_Process_2021,1/14,0.0214894793855565,0.0865346453320305,0,0,51.16923076923077,196.4996601316088,PPP1R15B
secondary palate development (GO:0062009),GO_Biological_Process_2021,1/14,0.0214894793855565,0.0865346453320305,0,0,51.16923076923077,196.4996601316088,SMAD4
"positive regulation of nuclear-transcribed mRNA catabolic process, deadenylation-dependent decay (GO:1900153)",GO_Biological_Process_2021,1/15,0.0230072271319287,0.0865346453320305,0,0,47.51190476190476,179.21238137059572,TNRC6B
glucosamine-containing compound metabolic process (GO:1901071),GO_Biological_Process_2021,1/15,0.0230072271319287,0.0865346453320305,0,0,47.51190476190476,179.21238137059572,OGA
positive regulation of histone H3-K4 methylation (GO:0051571),GO_Biological_Process_2021,1/15,0.0230072271319287,0.0865346453320305,0,0,47.51190476190476,179.21238137059572,SMAD4
"regulation of nuclear-transcribed mRNA catabolic process, deadenylation-dependent decay (GO:1900151)",GO_Biological_Process_2021,1/15,0.0230072271319287,0.0865346453320305,0,0,47.51190476190476,179.21238137059572,TNRC6B
regulation of nuclear-transcribed mRNA poly(A) tail shortening (GO:0060211),GO_Biological_Process_2021,1/15,0.0230072271319287,0.0865346453320305,0,0,47.51190476190476,179.21238137059572,TNRC6B
mitotic sister chromatid cohesion (GO:0007064),GO_Biological_Process_2021,1/16,0.0245226967845343,0.0895611534739513,0,0,44.34222222222222,164.42788585185278,POGZ
N-acetylglucosamine metabolic process (GO:0006044),GO_Biological_Process_2021,1/16,0.0245226967845343,0.0895611534739513,0,0,44.34222222222222,164.42788585185278,OGA
establishment of protein localization to endoplasmic reticulum (GO:0072599),GO_Biological_Process_2021,1/17,0.026035891626597,0.0922119887107852,0,0,41.56875,151.6544078957345,EDEM1
positive regulation of stem cell proliferation (GO:2000648),GO_Biological_Process_2021,1/17,0.026035891626597,0.0922119887107852,0,0,41.56875,151.6544078957345,N4BP2L2
positive regulation of phosphoprotein phosphatase activity (GO:0032516),GO_Biological_Process_2021,1/18,0.0275468149406694,0.0922119887107852,0,0,39.12156862745098,140.51952455455398,PPP1R15B
"alternative mRNA splicing, via spliceosome (GO:0000380)",GO_Biological_Process_2021,1/18,0.0275468149406694,0.0922119887107852,0,0,39.12156862745098,140.51952455455398,CDK13
regulation of transforming growth factor beta production (GO:0071634),GO_Biological_Process_2021,1/18,0.0275468149406694,0.0922119887107852,0,0,39.12156862745098,140.51952455455398,SMAD4
interleukin-6-mediated signaling pathway (GO:0070102),GO_Biological_Process_2021,1/18,0.0275468149406694,0.0922119887107852,0,0,39.12156862745098,140.51952455455398,SMAD4
cellular protein-containing complex assembly (GO:0034622),GO_Biological_Process_2021,2/168,0.0278099648492844,0.0922119887107852,0,0,8.227253842958039,29.47299227321037,SMAD4;POGZ
regulation of histone H3-K4 methylation (GO:0051569),GO_Biological_Process_2021,1/19,0.0290554700086194,0.0926832714198999,0,0,36.946296296296296,130.736261970552,SMAD4
atrioventricular valve morphogenesis (GO:0003181),GO_Biological_Process_2021,1/19,0.0290554700086194,0.0926832714198999,0,0,36.946296296296296,130.736261970552,SMAD4
carbohydrate derivative catabolic process (GO:1901136),GO_Biological_Process_2021,1/19,0.0290554700086194,0.0926832714198999,0,0,36.946296296296296,130.736261970552,OGA
post-transcriptional gene silencing by RNA (GO:0035194),GO_Biological_Process_2021,1/20,0.0305618601074184,0.095081342556413,0,0,35.0,122.08008572013848,TNRC6B
regulation of nuclear division (GO:0051783),GO_Biological_Process_2021,1/20,0.0305618601074184,0.095081342556413,0,0,35.0,122.08008572013848,CDK13
RNA processing (GO:0006396),GO_Biological_Process_2021,2/179,0.0312533091680693,0.0960467550043106,0,0,7.711669588934346,26.725793593388094,RBM39;SRSF11
positive regulation of phosphatase activity (GO:0010922),GO_Biological_Process_2021,1/21,0.032065988516399,0.0961979655491971,0,0,33.248333333333335,114.37291539918964,PPP1R15B
positive regulation of transcription from RNA polymerase II promoter involved in cellular response to chemical stimulus (GO:1901522),GO_Biological_Process_2021,1/21,0.032065988516399,0.0961979655491971,0,0,33.248333333333335,114.37291539918964,SMAD4
regulation of SMAD protein signal transduction (GO:0060390),GO_Biological_Process_2021,1/23,0.0350674733320936,0.0999073703021239,0,0,30.222727272727276,101.2606814695486,SMAD4
positive regulation of histone acetylation (GO:0035066),GO_Biological_Process_2021,1/23,0.0350674733320936,0.0999073703021239,0,0,30.222727272727276,101.2606814695486,SMAD4
mitotic cell cycle checkpoint signaling (GO:0007093),GO_Biological_Process_2021,1/23,0.0350674733320936,0.0999073703021239,0,0,30.222727272727276,101.2606814695486,CHFR
positive regulation of cellular response to transforming growth factor beta stimulus (GO:1903846),GO_Biological_Process_2021,1/24,0.036564836271725,0.0999073703021239,0,0,28.9072463768116,95.64448851318151,SMAD4
regulation of cardiac muscle hypertrophy (GO:0010611),GO_Biological_Process_2021,1/24,0.036564836271725,0.0999073703021239,0,0,28.9072463768116,95.64448851318151,SMAD4
positive regulation of transforming growth factor beta receptor signaling pathway (GO:0030511),GO_Biological_Process_2021,1/24,0.036564836271725,0.0999073703021239,0,0,28.9072463768116,95.64448851318151,SMAD4
regulation of cellular response to transforming growth factor beta stimulus (GO:1903844),GO_Biological_Process_2021,1/24,0.036564836271725,0.0999073703021239,0,0,28.9072463768116,95.64448851318151,SMAD4
"protein alpha-1,2-demannosylation (GO:0036508)",GO_Biological_Process_2021,1/24,0.036564836271725,0.0999073703021239,0,0,28.9072463768116,95.64448851318151,EDEM1
"positive regulation of DNA-templated transcription, elongation (GO:0032786)",GO_Biological_Process_2021,1/25,0.0380599505912853,0.0999073703021239,0,0,27.70138888888889,90.5445579257637,CDK13
outflow tract septum morphogenesis (GO:0003148),GO_Biological_Process_2021,1/25,0.0380599505912853,0.0999073703021239,0,0,27.70138888888889,90.5445579257637,SMAD4
cAMP-mediated signaling (GO:0019933),GO_Biological_Process_2021,1/25,0.0380599505912853,0.0999073703021239,0,0,27.70138888888889,90.5445579257637,PDE7A
cardiac conduction system development (GO:0003161),GO_Biological_Process_2021,1/25,0.0380599505912853,0.0999073703021239,0,0,27.70138888888889,90.5445579257637,SMAD4
positive regulation of histone methylation (GO:0031062),GO_Biological_Process_2021,1/26,0.0395528195360064,0.1027557785883878,0,0,26.592,85.8953057509563,SMAD4
positive regulation of BMP signaling pathway (GO:0030513),GO_Biological_Process_2021,1/27,0.0410434463585474,0.1034294848235395,0,0,25.56794871794872,81.6416333934617,SMAD4
regulation of transcription elongation from RNA polymerase II promoter (GO:0034243),GO_Biological_Process_2021,1/27,0.0410434463585474,0.1034294848235395,0,0,25.56794871794872,81.6416333934617,CDK13
positive regulation of gene silencing by miRNA (GO:2000637),GO_Biological_Process_2021,1/27,0.0410434463585474,0.1034294848235395,0,0,25.56794871794872,81.6416333934617,TNRC6B
cellular response to interleukin-6 (GO:0071354),GO_Biological_Process_2021,1/28,0.0425318343189313,0.1050786494938304,0,0,24.619753086419752,77.73693045847051,SMAD4
ventricular septum morphogenesis (GO:0060412),GO_Biological_Process_2021,1/28,0.0425318343189313,0.1050786494938304,0,0,24.619753086419752,77.73693045847051,SMAD4
negative regulation of cytoskeleton organization (GO:0051494),GO_Biological_Process_2021,1/30,0.0455019066193127,0.1102546198852576,0,0,22.919540229885055,70.82140338003367,SMAD4
mRNA splice site selection (GO:0006376),GO_Biological_Process_2021,1/30,0.0455019066193127,0.1102546198852576,0,0,22.919540229885055,70.82140338003367,YTHDC1
regulation of transmembrane receptor protein serine/threonine kinase signaling pathway (GO:0090092),GO_Biological_Process_2021,1/31,0.0469835974317625,0.11276063383623,0,0,22.154444444444444,67.74733246608147,SMAD4
gene silencing by miRNA (GO:0035195),GO_Biological_Process_2021,1/32,0.0484630623370423,0.1152140727257988,0,0,21.438709677419357,64.89397456016435,TNRC6B
positive regulation of histone modification (GO:0031058),GO_Biological_Process_2021,1/33,0.0499403045580293,0.1167266890699815,0,0,20.76770833333333,62.2393036656038,AKAP8
positive regulation of transcription by RNA polymerase II (GO:0045944),GO_Biological_Process_2021,4/908,0.0501966901796921,0.1167266890699815,0,0,3.124385447394297,9.34755571250432,SMAD4;SP3;POGZ;CDK13
positive regulation of protein dephosphorylation (GO:0035307),GO_Biological_Process_2021,1/34,0.0514153273284442,0.1167266890699815,0,0,20.13737373737374,59.76407945997836,PPP1R15B
ventricular cardiac muscle tissue morphogenesis (GO:0055010),GO_Biological_Process_2021,1/34,0.0514153273284442,0.1167266890699815,0,0,20.13737373737374,59.76407945997836,SMAD4
phosphatidylserine metabolic process (GO:0006658),GO_Biological_Process_2021,1/34,0.0514153273284442,0.1167266890699815,0,0,20.13737373737374,59.76407945997836,SERINC5
negative regulation of organelle assembly (GO:1902116),GO_Biological_Process_2021,1/35,0.0528881338521174,0.1189983011672642,0,0,19.544117647058822,57.45142461157597,SMAD4
cyclic-nucleotide-mediated signaling (GO:0019935),GO_Biological_Process_2021,1/36,0.054358727363695,0.1201613973302732,0,0,18.984761904761903,55.2864763029152,PDE7A
"Wnt signaling pathway, calcium modulating pathway (GO:0007223)",GO_Biological_Process_2021,1/36,0.054358727363695,0.1201613973302732,0,0,18.984761904761903,55.2864763029152,TNRC6B
centromere complex assembly (GO:0034508),GO_Biological_Process_2021,1/37,0.0558271110621512,0.120719626059828,0,0,18.45648148148148,53.25609732919314,POGZ
"negative regulation of transcription, DNA-templated (GO:0045892)",GO_Biological_Process_2021,4/948,0.0571636214558074,0.120719626059828,0,0,2.985718769617075,8.544642152696651,SMAD4;SATB1;SP3;N4BP2L2
regulation of cell communication (GO:0010646),GO_Biological_Process_2021,1/38,0.0572932881600048,0.120719626059828,0,0,17.956756756756757,51.348635190815486,CDC42SE2
ventricular septum development (GO:0003281),GO_Biological_Process_2021,1/38,0.0572932881600048,0.120719626059828,0,0,17.956756756756757,51.348635190815486,SMAD4
regulation of phosphoprotein phosphatase activity (GO:0043666),GO_Biological_Process_2021,1/38,0.0572932881600048,0.120719626059828,0,0,17.956756756756757,51.348635190815486,PPP1R15B
"RNA splicing, via transesterification reactions with bulged adenosine as nucleophile (GO:0000377)",GO_Biological_Process_2021,2/251,0.0574855362189657,0.120719626059828,0,0,5.461847389558233,15.600248165869392,YTHDC1;SRSF11
positive regulation of epithelial to mesenchymal transition (GO:0010718),GO_Biological_Process_2021,1/42,0.0631359945348628,0.1314898398577309,0,0,16.201626016260164,44.75641243015854,SMAD4
regulation of protein phosphorylation (GO:0001932),GO_Biological_Process_2021,2/266,0.0636670774113256,0.1315090451447054,0,0,5.147596656217346,14.176932574386663,PPP1R15B;AKAP8
positive regulation of mRNA catabolic process (GO:0061014),GO_Biological_Process_2021,1/44,0.0660441911946433,0.1353100502524401,0,0,15.446511627906975,41.97483258957492,TNRC6B
mitotic G2/M transition checkpoint (GO:0044818),GO_Biological_Process_2021,1/45,0.0674950115208685,0.1371672814778941,0,0,15.094696969696969,40.69079857995566,CHFR
spliceosomal complex assembly (GO:0000245),GO_Biological_Process_2021,1/46,0.0689436507552879,0.1378873015105759,0,0,14.75851851851852,39.471152501452366,YTHDC1
posttranscriptional regulation of gene expression (GO:0010608),GO_Biological_Process_2021,1/46,0.0689436507552879,0.1378873015105759,0,0,14.75851851851852,39.471152501452366,YTHDC1
positive regulation of pathway-restricted SMAD protein phosphorylation (GO:0010862),GO_Biological_Process_2021,1/47,0.0703901120585572,0.1396717184154048,0,0,14.43695652173913,38.311387316676615,SMAD4
negative regulation of mitotic cell cycle (GO:0045930),GO_Biological_Process_2021,1/48,0.0718343985928686,0.14142397222971,0,0,14.129078014184396,37.20739858844958,CHFR
actin polymerization or depolymerization (GO:0008154),GO_Biological_Process_2021,1/50,0.0747164600026276,0.1448349840050935,0,0,13.551020408163266,35.15209038871121,ABI1
negative regulation of ERK1 and ERK2 cascade (GO:0070373),GO_Biological_Process_2021,1/50,0.0747164600026276,0.1448349840050935,0,0,13.551020408163266,35.15209038871121,SMAD4
negative regulation of BMP signaling pathway (GO:0030514),GO_Biological_Process_2021,1/52,0.0775898601982381,0.1475101977479769,0,0,13.018300653594771,33.27892316228608,SMAD4
mRNA processing (GO:0006397),GO_Biological_Process_2021,2/300,0.0784614089915718,0.1475101977479769,0,0,4.552418421661653,11.586580372222294,YTHDC1;SRSF11
IRE1-mediated unfolded protein response (GO:0036498),GO_Biological_Process_2021,1/53,0.0790233202221304,0.1475101977479769,0,0,12.767307692307693,32.40358367230175,EDEM1
cardiac muscle tissue development (GO:0048738),GO_Biological_Process_2021,1/53,0.0790233202221304,0.1475101977479769,0,0,12.767307692307693,32.40358367230175,SMAD4
cellular macromolecule catabolic process (GO:0044265),GO_Biological_Process_2021,1/53,0.0790233202221304,0.1475101977479769,0,0,12.767307692307693,32.40358367230175,OGA
regulation of megakaryocyte differentiation (GO:0045652),GO_Biological_Process_2021,1/54,0.0804546243589149,0.1490776863121071,0,0,12.525786163522012,31.56575680442027,TNRC6B
glycoprotein metabolic process (GO:0009100),GO_Biological_Process_2021,1/55,0.0818837757604707,0.1506183320557564,0,0,12.29320987654321,30.763197218330607,OGA
peptidyl-tyrosine modification (GO:0018212),GO_Biological_Process_2021,1/56,0.0833107775481581,0.1521327242183756,0,0,12.069090909090908,29.99383143293984,ABI1
regulation of mitotic nuclear division (GO:0007088),GO_Biological_Process_2021,1/57,0.0847356328479424,0.1536214350912337,0,0,11.852976190476191,29.2557418815663,CDK13
regulation of pathway-restricted SMAD protein phosphorylation (GO:0060393),GO_Biological_Process_2021,1/58,0.0861583447782449,0.1539851268377144,0,0,11.644444444444444,28.547152703267717,SMAD4
cellular iron ion homeostasis (GO:0006879),GO_Biological_Process_2021,1/58,0.0861583447782449,0.1539851268377144,0,0,11.644444444444444,28.547152703267717,SMAD4
proteasome-mediated ubiquitin-dependent protein catabolic process (GO:0043161),GO_Biological_Process_2021,2/321,0.0880931080716251,0.1556451137891473,0,0,4.248189384931359,10.32038551708748,EDEM1;UBXN4
negative regulation of transcription by RNA polymerase II (GO:0000122),GO_Biological_Process_2021,3/684,0.0883224256819367,0.1556451137891473,0,0,3.0346129641283826,7.364281095879999,SMAD4;SATB1;N4BP2L2
iron ion homeostasis (GO:0055072),GO_Biological_Process_2021,1/61,0.0904136515333159,0.1571326909406593,0,0,11.060555555555556,26.582496915567003,SMAD4
"regulation of DNA-templated transcription, initiation (GO:2000142)",GO_Biological_Process_2021,1/61,0.0904136515333159,0.1571326909406593,0,0,11.060555555555556,26.582496915567003,TNRC6B
regulation of transcription initiation from RNA polymerase II promoter (GO:0060260),GO_Biological_Process_2021,1/64,0.0946497799036063,0.1622567655490394,0,0,10.532275132275132,24.830594069685887,TNRC6B
protein catabolic process (GO:0030163),GO_Biological_Process_2021,1/64,0.0946497799036063,0.1622567655490394,0,0,10.532275132275132,24.830594069685887,OGA
regulation of RNA metabolic process (GO:0051252),GO_Biological_Process_2021,1/65,0.0960575752858901,0.1624597917586866,0,0,10.3671875,24.288324885251964,CLK1
BMP signaling pathway (GO:0030509),GO_Biological_Process_2021,1/65,0.0960575752858901,0.1624597917586866,0,0,10.3671875,24.288324885251964,SMAD4
negative regulation of G2/M transition of mitotic cell cycle (GO:0010972),GO_Biological_Process_2021,1/66,0.0974632521020976,0.1631862146819479,0,0,10.207179487179488,23.765170565615563,CHFR
transcription elongation from RNA polymerase II promoter (GO:0006368),GO_Biological_Process_2021,1/67,0.0988668134433671,0.1631862146819479,0,0,10.052020202020202,23.26019032662989,CDK13
vascular endothelial growth factor receptor signaling pathway (GO:0048010),GO_Biological_Process_2021,1/67,0.0988668134433671,0.1631862146819479,0,0,10.052020202020202,23.26019032662989,ABI1
regulation of translational initiation (GO:0006446),GO_Biological_Process_2021,1/68,0.1002682623878204,0.1631862146819479,0,0,9.901492537313432,22.77250269881097,PPP1R15B
regulation of myeloid cell differentiation (GO:0045637),GO_Biological_Process_2021,1/68,0.1002682623878204,0.1631862146819479,0,0,9.901492537313432,22.77250269881097,TNRC6B
peptidyl-tyrosine phosphorylation (GO:0018108),GO_Biological_Process_2021,1/69,0.1016676020042294,0.1631862146819479,0,0,9.755392156862746,22.301280984489107,ABI1
"DNA-templated transcription, elongation (GO:0006354)",GO_Biological_Process_2021,1/69,0.1016676020042294,0.1631862146819479,0,0,9.755392156862746,22.301280984489107,CDK13
RNA 3'-end processing (GO:0031123),GO_Biological_Process_2021,1/69,0.1016676020042294,0.1631862146819479,0,0,9.755392156862746,22.301280984489107,SRSF11
regulation of hematopoietic stem cell differentiation (GO:1902036),GO_Biological_Process_2021,1/71,0.1044599655206584,0.164524445695037,0,0,9.475714285714286,21.405177919492388,N4BP2L2
Fc-gamma receptor signaling pathway involved in phagocytosis (GO:0038096),GO_Biological_Process_2021,1/71,0.1044599655206584,0.164524445695037,0,0,9.475714285714286,21.405177919492388,ABI1
cellular response to BMP stimulus (GO:0071773),GO_Biological_Process_2021,1/71,0.1044599655206584,0.164524445695037,0,0,9.475714285714286,21.405177919492388,SMAD4
negative regulation of supramolecular fiber organization (GO:1902904),GO_Biological_Process_2021,1/72,0.1058529955609793,0.1646602153170789,0,0,9.341784037558686,20.97888160974941,SMAD4
Fc-gamma receptor signaling pathway (GO:0038094),GO_Biological_Process_2021,1/72,0.1058529955609793,0.1646602153170789,0,0,9.341784037558686,20.97888160974941,ABI1
proteolysis involved in cellular protein catabolic process (GO:0051603),GO_Biological_Process_2021,1/74,0.1086327674174716,0.1669235206658711,0,0,9.084931506849315,20.166569167475306,CHFR
Fc receptor mediated stimulatory signaling pathway (GO:0002431),GO_Biological_Process_2021,1/74,0.1086327674174716,0.1669235206658711,0,0,9.084931506849315,20.166569167475306,ABI1
regulation of BMP signaling pathway (GO:0030510),GO_Biological_Process_2021,1/76,0.1114041753771805,0.1681068993715538,0,0,8.841777777777779,19.40408125999615,SMAD4
RNA transport (GO:0050658),GO_Biological_Process_2021,1/76,0.1114041753771805,0.1681068993715538,0,0,8.841777777777779,19.40408125999615,SRSF11
regulation of epithelial to mesenchymal transition (GO:0010717),GO_Biological_Process_2021,1/76,0.1114041753771805,0.1681068993715538,0,0,8.841777777777779,19.40408125999615,SMAD4
mRNA 3'-end processing (GO:0031124),GO_Biological_Process_2021,1/79,0.1155456581169776,0.1733184871754664,0,0,8.500427350427351,18.344683169954745,SRSF11
negative regulation of cellular response to growth factor stimulus (GO:0090288),GO_Biological_Process_2021,1/80,0.1169219967195055,0.1733196657253846,0,0,8.39240506329114,18.01218477461978,SMAD4
glycerophospholipid metabolic process (GO:0006650),GO_Biological_Process_2021,1/80,0.1169219967195055,0.1733196657253846,0,0,8.39240506329114,18.01218477461978,SERINC5
negative regulation of protein modification process (GO:0031400),GO_Biological_Process_2021,1/81,0.1182962625352098,0.1743313342624145,0,0,8.287083333333333,17.689302303265983,PPP1R15B
nuclear export (GO:0051168),GO_Biological_Process_2021,1/84,0.1224066534031683,0.1793399805674326,0,0,7.986345381526104,16.774572169983173,SRSF11
negative regulation of phosphorylation (GO:0042326),GO_Biological_Process_2021,1/86,0.125136605265329,0.1822799105599013,0,0,7.79764705882353,16.206234277302418,PPP1R15B
transforming growth factor beta receptor signaling pathway (GO:0007179),GO_Biological_Process_2021,1/89,0.1292161299361437,0.187140601976484,0,0,7.530681818181818,15.409799629222077,SMAD4
positive regulation of transmembrane receptor protein serine/threonine kinase signaling pathway (GO:0090100),GO_Biological_Process_2021,1/92,0.1332772425291747,0.1919192292420116,0,0,7.281318681318681,14.674214761648551,SMAD4
hemopoiesis (GO:0030097),GO_Biological_Process_2021,1/94,0.1359744617032879,0.1935907590351895,0,0,7.124014336917563,14.21446168945804,CDK13
negative regulation of MAPK cascade (GO:0043409),GO_Biological_Process_2021,1/94,0.1359744617032879,0.1935907590351895,0,0,7.124014336917563,14.21446168945804,SMAD4
mRNA metabolic process (GO:0016071),GO_Biological_Process_2021,1/95,0.1373200234032162,0.1944081230202836,0,0,7.047872340425532,13.993135693897646,SRSF11
cellular transition metal ion homeostasis (GO:0046916),GO_Biological_Process_2021,1/96,0.1386635571508699,0.1952134994526213,0,0,6.973333333333334,13.77724766471137,SMAD4
RNA splicing (GO:0008380),GO_Biological_Process_2021,1/98,0.1413445525662776,0.1978823735927887,0,0,6.828865979381443,13.361050061201013,SRSF11
regulation of nucleic acid-templated transcription (GO:1903506),GO_Biological_Process_2021,2/430,0.1428851300544624,0.1989339932249973,0,0,3.148727038349984,6.126523092633181,SP3;ATXN1L
regulation of transforming growth factor beta receptor signaling pathway (GO:0017015),GO_Biological_Process_2021,1/100,0.1440174715013112,0.1994088066941232,0,0,6.69023569023569,12.964476920040203,SMAD4
protein O-linked glycosylation (GO:0006493),GO_Biological_Process_2021,1/102,0.1466823374951631,0.2005320591822493,0,0,6.557095709570957,12.586253414445132,OGA
mitotic sister chromatid segregation (GO:0000070),GO_Biological_Process_2021,1/102,0.1466823374951631,0.2005320591822493,0,0,6.557095709570957,12.586253414445132,POGZ
protein targeting to ER (GO:0045047),GO_Biological_Process_2021,1/103,0.1480117579678507,0.2005320591822493,0,0,6.492483660130719,12.40365346374743,EDEM1
chromatin remodeling (GO:0006338),GO_Biological_Process_2021,1/103,0.1480117579678507,0.2005320591822493,0,0,6.492483660130719,12.40365346374743,SATB1
chromosome organization (GO:0051276),GO_Biological_Process_2021,1/106,0.1519880043814253,0.2037286016176552,0,0,6.306031746031746,11.880271712830174,SATB1
regulation of cell cycle process (GO:0010564),GO_Biological_Process_2021,1/106,0.1519880043814253,0.2037286016176552,0,0,6.306031746031746,11.880271712830174,CDK13
negative regulation of transmembrane receptor protein serine/threonine kinase signaling pathway (GO:0090101),GO_Biological_Process_2021,1/108,0.1546288520007175,0.2061718026676234,0,0,6.187538940809969,11.55044932516124,SMAD4
response to endoplasmic reticulum stress (GO:0034976),GO_Biological_Process_2021,1/110,0.1572617400799925,0.2085787289482006,0,0,6.073394495412844,11.234830711924577,PPP1R15B
negative regulation of nucleic acid-templated transcription (GO:1903507),GO_Biological_Process_2021,2/464,0.1612380404168898,0.2127329119636452,0,0,2.9119271533064635,5.313898678568917,SMAD4;SP3
cellular response to transforming growth factor beta stimulus (GO:0071560),GO_Biological_Process_2021,1/114,0.1625037303919528,0.213286146139438,0,0,5.857227138643068,10.642899882624762,SMAD4
regulation of cellular macromolecule biosynthetic process (GO:2000112),GO_Biological_Process_2021,2/468,0.1634269319581447,0.2133864603805827,0,0,2.8863400917566966,5.228285523365482,SP3;ATXN1L
non-canonical Wnt signaling pathway (GO:0035567),GO_Biological_Process_2021,1/124,0.1754710298811658,0.2265484689991252,0,0,5.378319783197832,9.359789460313923,TNRC6B
defense response to symbiont (GO:0140546),GO_Biological_Process_2021,1/124,0.1754710298811658,0.2265484689991252,0,0,5.378319783197832,9.359789460313923,SERINC5
protein targeting (GO:0006605),GO_Biological_Process_2021,1/125,0.1767570211186702,0.2265484689991252,0,0,5.334677419354839,9.244885281458137,EDEM1
negative regulation of cell growth (GO:0030308),GO_Biological_Process_2021,1/126,0.1780410712140333,0.2265484689991252,0,0,5.291733333333333,9.132161270435883,SMAD4
negative regulation of growth (GO:0045926),GO_Biological_Process_2021,1/126,0.1780410712140333,0.2265484689991252,0,0,5.291733333333333,9.132161270435883,SMAD4
protein phosphorylation (GO:0006468),GO_Biological_Process_2021,2/496,0.1789013703604203,0.2265484689991252,0,0,2.7188328912466844,4.678895608188395,ABI1;CDK13
protein glycosylation (GO:0006486),GO_Biological_Process_2021,1/130,0.1831579170678056,0.2302291674139762,0,0,5.126614987080103,8.701949927392622,OGA
cell cycle G2/M phase transition (GO:0044839),GO_Biological_Process_2021,1/131,0.1844323040266989,0.2302291674139762,0,0,5.086923076923077,8.599305090496161,AKAP8
transmembrane receptor protein serine/threonine kinase signaling pathway (GO:0007178),GO_Biological_Process_2021,1/133,0.1869753081714116,0.2302291674139762,0,0,5.009343434343434,8.399560435360442,SMAD4
defense response to virus (GO:0051607),GO_Biological_Process_2021,1/133,0.1869753081714116,0.2302291674139762,0,0,5.009343434343434,8.399560435360442,SERINC5
RNA metabolic process (GO:0016070),GO_Biological_Process_2021,1/133,0.1869753081714116,0.2302291674139762,0,0,5.009343434343434,8.399560435360442,RBM39
positive regulation of nucleic acid-templated transcription (GO:1903508),GO_Biological_Process_2021,2/511,0.1872896004756553,0.2302291674139762,0,0,2.636677731860985,4.416696744607433,SMAD4;SP3
ribonucleoprotein complex assembly (GO:0022618),GO_Biological_Process_2021,1/136,0.1907754321327925,0.2333757713469113,0,0,4.897283950617284,8.113126058532183,YTHDC1
protein dephosphorylation (GO:0006470),GO_Biological_Process_2021,1/139,0.1945583644683707,0.2368536610919295,0,0,4.790096618357488,7.841498751053612,PPP1R15B
enzyme linked receptor protein signaling pathway (GO:0007167),GO_Biological_Process_2021,1/140,0.1958155345491977,0.2372380514730665,0,0,4.755395683453237,7.754063618028026,ABI1
chromatin organization (GO:0006325),GO_Biological_Process_2021,1/142,0.1983241803646007,0.2391277198654516,0,0,4.687470449172577,7.58363490639918,SATB1
positive regulation of transferase activity (GO:0051347),GO_Biological_Process_2021,1/148,0.2058047620885687,0.2469657145062824,0,0,4.494784580498866,7.105478246409346,SERINC5
negative regulation of cellular macromolecule biosynthetic process (GO:2000113),GO_Biological_Process_2021,2/547,0.2076504641988796,0.2479996065313633,0,0,2.4579563429294526,3.863659297959716,SMAD4;SP3
actin filament organization (GO:0007015),GO_Biological_Process_2021,1/152,0.2107542404200593,0.2493430450040139,0,0,4.3748344370860925,6.811890915559051,ABI1
negative regulation of protein phosphorylation (GO:0001933),GO_Biological_Process_2021,1/152,0.2107542404200593,0.2493430450040139,0,0,4.3748344370860925,6.811890915559051,PPP1R15B
cellular response to growth factor stimulus (GO:0071363),GO_Biological_Process_2021,1/158,0.2181225314622797,0.2561056373368878,0,0,4.206369426751593,6.405031588611805,SMAD4
negative regulation of cellular process (GO:0048523),GO_Biological_Process_2021,2/566,0.2185028255056781,0.2561056373368878,0,0,2.37282954267547,3.608970120427168,SMAD4;ABI1
regulation of mitotic cell cycle (GO:0007346),GO_Biological_Process_2021,1/178,0.2422058302138552,0.282573468582831,0,0,3.727306967984934,5.28519968188763,CDK13
negative regulation of macromolecule metabolic process (GO:0010605),GO_Biological_Process_2021,1/194,0.2609540743384321,0.3016533336389215,0,0,3.415544041450777,4.588478915506342,TNRC6B
regulation of programmed cell death (GO:0043067),GO_Biological_Process_2021,1/194,0.2609540743384321,0.3016533336389215,0,0,3.415544041450777,4.588478915506342,RBM25
"regulation of transcription, DNA-templated (GO:0006355)",GO_Biological_Process_2021,5/2244,0.2640747953732778,0.3038668878267854,0,0,1.5228295598996804,2.027682432038311,SMAD4;SATB1;SP3;ATXN1L;CCNL1
regulation of signal transduction (GO:0009966),GO_Biological_Process_2021,1/198,0.2655705309713454,0.3041989718399047,0,0,3.3455160744500847,4.435735523700054,CDC42SE2
regulation of macromolecule metabolic process (GO:0060255),GO_Biological_Process_2021,1/200,0.2678682819607093,0.3053678642783434,0,0,3.3115577889447234,4.362182296847866,POGZ
modification-dependent protein catabolic process (GO:0019941),GO_Biological_Process_2021,1/201,0.2690145471023502,0.3053678642783434,0,0,3.294833333333333,4.326082633154742,CHFR
"positive regulation of transcription, DNA-templated (GO:0045893)",GO_Biological_Process_2021,3/1183,0.2768815817756088,0.3128886036208673,0,0,1.7060230024213074,2.190815654699568,SMAD4;SP3;POGZ
regulation of cell growth (GO:0001558),GO_Biological_Process_2021,1/217,0.2871202987823171,0.3230103361301067,0,0,3.0483024691358023,3.803836403486802,SMAD4
regulation of ERK1 and ERK2 cascade (GO:0070372),GO_Biological_Process_2021,1/238,0.3102265487794759,0.347453734633013,0,0,2.7752461322081574,3.248293623402664,SMAD4
positive regulation of cell differentiation (GO:0045597),GO_Biological_Process_2021,1/258,0.331557639406241,0.3696394524208884,0,0,2.5566796368352787,2.822455714549541,SMAD4
regulation of cell population proliferation (GO:0042127),GO_Biological_Process_2021,2/764,0.3329688718235781,0.3696394524208884,0,0,1.7383473617521947,1.911671495552824,ABI1;CDK13
protein deubiquitination (GO:0016579),GO_Biological_Process_2021,1/267,0.3409470297572932,0.3768361907843767,0,0,2.469047619047619,2.6567647460323824,SMAD4
protein modification by small protein removal (GO:0070646),GO_Biological_Process_2021,1/276,0.3502087267889814,0.3853825290428966,0,0,2.387151515151515,2.504661292401895,SMAD4
innate immune response (GO:0045087),GO_Biological_Process_2021,1/302,0.3762627326155081,0.4122530809526437,0,0,2.178073089700997,2.128995924954682,SERINC5
protein polyubiquitination (GO:0000209),GO_Biological_Process_2021,1/314,0.387943901965902,0.4232115294173477,0,0,2.093290734824281,1.982125551474344,CHFR
transcription by RNA polymerase II (GO:0006366),GO_Biological_Process_2021,1/320,0.3937048154575802,0.4276448857556475,0,0,2.053291536050157,1.913983610133064,CDK13
negative regulation of gene expression (GO:0010629),GO_Biological_Process_2021,1/322,0.3956134323621159,0.4278737551727606,0,0,2.0402907580477674,1.8919977849203244,TNRC6B
positive regulation of multicellular organismal process (GO:0051240),GO_Biological_Process_2021,1/345,0.4171488457997587,0.4492372185535863,0,0,1.9016472868217051,1.6626333782933105,SMAD4
ubiquitin-dependent protein catabolic process (GO:0006511),GO_Biological_Process_2021,1/354,0.425371980225438,0.4561435702842995,0,0,1.8523135033050049,1.58334136612844,CHFR
positive regulation of protein phosphorylation (GO:0001934),GO_Biological_Process_2021,1/371,0.4405993010726419,0.4704704401284142,0,0,1.7656756756756755,1.4471820924923635,SMAD4
negative regulation of cell population proliferation (GO:0008285),GO_Biological_Process_2021,1/379,0.4476292641558118,0.4759602302416226,0,0,1.7276014109347442,1.3886286077132546,ABI1
positive regulation of macromolecule metabolic process (GO:0010604),GO_Biological_Process_2021,1/384,0.4519794935462018,0.4785665225783313,0,0,1.7046127067014796,1.3536644319286169,TNRC6B
phosphorylation (GO:0016310),GO_Biological_Process_2021,1/400,0.4656785687077663,0.4910083653320382,0,0,1.6349206349206349,1.2495038715298927,CDK13
transmembrane receptor protein tyrosine kinase signaling pathway (GO:0007169),GO_Biological_Process_2021,1/404,0.4690512086516094,0.4925037690841899,0,0,1.618362282878412,1.2251703711388575,ABI1
protein modification by small protein conjugation (GO:0032446),GO_Biological_Process_2021,1/409,0.4732380460727361,0.4948381228644378,0,0,1.5981209150326798,1.1956449473963058,CHFR
cellular protein modification process (GO:0006464),GO_Biological_Process_2021,2/1025,0.4765866127622332,0.4962802744466231,0,0,1.2772440759092594,0.9465729974677032,OGA;CDK13
organelle assembly (GO:0070925),GO_Biological_Process_2021,1/425,0.4864223225113615,0.5044379640858564,0,0,1.536556603773585,1.1073626262370684,POGZ
positive regulation of cell population proliferation (GO:0008284),GO_Biological_Process_2021,1/474,0.5248428778556615,0.5420508410640439,0,0,1.3739252995066948,0.8857096570175657,CDK13
neutrophil degranulation (GO:0043312),GO_Biological_Process_2021,1/481,0.53009918940522,0.5437929330090715,0,0,1.3534027777777775,0.8589927520763129,CDK13
positive regulation of gene expression (GO:0010628),GO_Biological_Process_2021,1/482,0.5308454822231412,0.5437929330090715,0,0,1.3505197505197506,0.8552629467641872,TNRC6B
neutrophil activation involved in immune response (GO:0002283),GO_Biological_Process_2021,1/485,0.5330774847860283,0.5438685269881747,0,0,1.341942148760331,0.8442003607678734,CDK13
neutrophil mediated immunity (GO:0002446),GO_Biological_Process_2021,1/488,0.5352992096863053,0.5439330679070521,0,0,1.33347022587269,0.8333247721454339,CDK13
protein ubiquitination (GO:0016567),GO_Biological_Process_2021,1/525,0.5618731748923961,0.5686427312164009,0,0,1.2369592875318065,0.7130812040340341,CHFR
cytokine-mediated signaling pathway (GO:0019221),GO_Biological_Process_2021,1/621,0.6241457971705304,0.6290413761829695,0,0,1.040268817204301,0.4903528528484071,SMAD4
positive regulation of cellular process (GO:0048522),GO_Biological_Process_2021,1/625,0.6265451802457355,0.6290413761829695,0,0,1.033386752136752,0.4831438467885479,CDK13
regulation of apoptotic process (GO:0042981),GO_Biological_Process_2021,1/742,0.690522844343981,0.690522844343981,0,0,0.864957264957265,0.3202990577639316,RBM25
cyclin/CDK positive transcription elongation factor complex (GO:0008024),GO_Cellular_Component_2021,1/6,0.0092650922497144,0.112383581496223,0,0,133.09333333333333,623.0766346487915,CDK13
nucleus (GO:0005634),GO_Cellular_Component_2021,13/4484,0.0118435667271781,0.112383581496223,0,0,2.503466785953925,11.105304687655678,SMAD4;NUFIP2;YTHDC1;SATB1;AKAP8;N4BP2L2;CHFR;SP3;ATXN1L;POGZ;CDK13;CCNL1;SRSF11
intracellular membrane-bounded organelle (GO:0043231),GO_Cellular_Component_2021,14/5192,0.0160547973566032,0.112383581496223,0,0,2.3524186035943924,9.719599856892968,SMAD4;NUFIP2;YTHDC1;SATB1;AKAP8;N4BP2L2;CHFR;SP3;ATXN1L;POGZ;CDK13;CCNL1;SERINC5;SRSF11
cyclin-dependent protein kinase holoenzyme complex (GO:0000307),GO_Cellular_Component_2021,1/30,0.0455019066193127,0.1674813331864537,0,0,22.919540229885055,70.82140338003367,CDK13
polysomal ribosome (GO:0042788),GO_Cellular_Component_2021,1/30,0.0455019066193127,0.1674813331864537,0,0,22.919540229885055,70.82140338003367,NUFIP2
aggresome (GO:0016235),GO_Cellular_Component_2021,1/35,0.0528881338521174,0.1674813331864537,0,0,19.544117647058822,57.45142461157597,EDEM1
serine/threonine protein kinase complex (GO:1902554),GO_Cellular_Component_2021,1/37,0.0558271110621512,0.1674813331864537,0,0,18.45648148148148,53.25609732919314,CDK13
ribosome (GO:0005840),GO_Cellular_Component_2021,1/62,0.091827821126534,0.2241343423337436,0,0,10.878688524590164,25.97656722459872,NUFIP2
cytoplasmic stress granule (GO:0010494),GO_Cellular_Component_2021,1/65,0.0960575752858901,0.2241343423337436,0,0,10.3671875,24.288324885251964,NUFIP2
P-body (GO:0000932),GO_Cellular_Component_2021,1/80,0.1169219967195055,0.2455361931109616,0,0,8.39240506329114,18.01218477461978,TNRC6B
intrinsic component of endoplasmic reticulum membrane (GO:0031227),GO_Cellular_Component_2021,1/121,0.1716013811377445,0.3048204157620471,0,0,5.513611111111112,9.718186424971936,EDEM1
ficolin-1-rich granule lumen (GO:1904813),GO_Cellular_Component_2021,1/123,0.1741830947211697,0.3048204157620471,0,0,5.422677595628415,9.476933088951569,CDK13
integral component of endoplasmic reticulum membrane (GO:0030176),GO_Cellular_Component_2021,1/142,0.1983241803646007,0.3203698298197397,0,0,4.687470449172577,7.58363490639918,EDEM1
ficolin-1-rich granule (GO:0101002),GO_Cellular_Component_2021,1/184,0.2492897378575591,0.3739346067863388,0,0,3.604007285974499,5.006468710309246,CDK13
integral component of organelle membrane (GO:0031301),GO_Cellular_Component_2021,1/214,0.2837588627527301,0.3972624078538222,0,0,3.09170579029734,3.89440683722238,EDEM1
nucleolus (GO:0005730),GO_Cellular_Component_2021,2/733,0.3151094144332024,0.3978064715417204,0,0,1.814991273173263,2.096016087757057,ATXN1L;AKAP8
nuclear lumen (GO:0031981),GO_Cellular_Component_2021,2/745,0.3220338102956784,0.3978064715417204,0,0,1.784563976423632,2.02208718962242,ATXN1L;AKAP8
microtubule cytoskeleton (GO:0015630),GO_Cellular_Component_2021,1/331,0.4041304933669326,0.4714855755947548,0,0,1.9837373737373736,1.797300676410323,RBM39
intracellular non-membrane-bounded organelle (GO:0043232),GO_Cellular_Component_2021,2/1158,0.5428922574402935,0.6000388108550613,0,0,1.1223601002267032,0.6855873816213972,ATXN1L;AKAP8
cytoskeleton (GO:0005856),GO_Cellular_Component_2021,1/600,0.6113022390274201,0.6418673509787911,0,0,1.0779076238174736,0.5305070897915405,RBM39
intracellular organelle lumen (GO:0070013),GO_Cellular_Component_2021,1/848,0.7392271775637018,0.7392271775637018,0,0,0.7525383707201889,0.2273794635551022,CDK13
RNA binding (GO:0003723),GO_Molecular_Function_2021,9/1406,0.0001998275561750056,0.0083927573593502,0,0,5.438537125008135,46.32576260583113,RBM39;RBM25;NUFIP2;YTHDC1;AKAP8;CDK13;SRSF11;TNRC6B;RBM33
"mannosyl-oligosaccharide 1,2-alpha-mannosidase activity (GO:0004571)",GO_Molecular_Function_2021,1/7,0.0108011827726926,0.0866372870557607,0,0,110.90555555555557,502.1914056148727,EDEM1
mannosyl-oligosaccharide mannosidase activity (GO:0015924),GO_Molecular_Function_2021,1/7,0.0108011827726926,0.0866372870557607,0,0,110.90555555555557,502.1914056148727,EDEM1
N6-methyladenosine-containing RNA binding (GO:1990247),GO_Molecular_Function_2021,1/7,0.0108011827726926,0.0866372870557607,0,0,110.90555555555557,502.1914056148727,YTHDC1
hyalurononglucosaminidase activity (GO:0004415),GO_Molecular_Function_2021,1/8,0.0123349690429111,0.0866372870557607,0,0,95.05714285714286,417.8062796500496,OGA
"3',5'-cyclic-AMP phosphodiesterase activity (GO:0004115)",GO_Molecular_Function_2021,1/12,0.0184471364708874,0.0866372870557607,0,0,60.47878787878788,241.4824938489569,PDE7A
RNA polymerase II CTD heptapeptide repeat kinase activity (GO:0008353),GO_Molecular_Function_2021,1/12,0.0184471364708874,0.0866372870557607,0,0,60.47878787878788,241.4824938489569,CDK13
hexosaminidase activity (GO:0015929),GO_Molecular_Function_2021,1/12,0.0184471364708874,0.0866372870557607,0,0,60.47878787878788,241.4824938489569,OGA
I-SMAD binding (GO:0070411),GO_Molecular_Function_2021,1/13,0.0199694502608653,0.0866372870557607,0,0,55.43611111111111,216.95208467294643,SMAD4
protein tyrosine kinase activator activity (GO:0030296),GO_Molecular_Function_2021,1/19,0.0290554700086194,0.0866372870557607,0,0,36.946296296296296,130.736261970552,ABI1
R-SMAD binding (GO:0070412),GO_Molecular_Function_2021,1/19,0.0290554700086194,0.0866372870557607,0,0,36.946296296296296,130.736261970552,SMAD4
transcription coactivator binding (GO:0001223),GO_Molecular_Function_2021,1/20,0.0305618601074184,0.0866372870557607,0,0,35.0,122.08008572013848,SMAD4
"3',5'-cyclic-nucleotide phosphodiesterase activity (GO:0004114)",GO_Molecular_Function_2021,1/21,0.032065988516399,0.0866372870557607,0,0,33.248333333333335,114.37291539918964,PDE7A
protein kinase A regulatory subunit binding (GO:0034237),GO_Molecular_Function_2021,1/22,0.0335678584979562,0.0866372870557607,0,0,31.663492063492065,107.4717897739846,AKAP8
cyclic-nucleotide phosphodiesterase activity (GO:0004112),GO_Molecular_Function_2021,1/23,0.0350674733320936,0.0866372870557607,0,0,30.222727272727276,101.2606814695486,PDE7A
cyclin-dependent protein kinase activity (GO:0097472),GO_Molecular_Function_2021,1/23,0.0350674733320936,0.0866372870557607,0,0,30.222727272727276,101.2606814695486,CDK13
cyclin-dependent protein serine/threonine kinase activity (GO:0004693),GO_Molecular_Function_2021,1/23,0.0350674733320936,0.0866372870557607,0,0,30.222727272727276,101.2606814695486,CDK13
transcription cis-regulatory region binding (GO:0000976),GO_Molecular_Function_2021,3/549,0.0523942152412623,0.1169106116731017,0,0,3.811420722135008,11.239723784005122,SMAD4;SATB1;SP3
non-membrane spanning protein tyrosine kinase activity (GO:0004715),GO_Molecular_Function_2021,1/35,0.0528881338521174,0.1169106116731017,0,0,19.544117647058822,57.45142461157597,CLK1
mRNA binding (GO:0003729),GO_Molecular_Function_2021,2/263,0.0624130235100356,0.1310673493710748,0,0,5.207557140969745,14.445666207339215,RBM25;YTHDC1
cyclin-dependent protein serine/threonine kinase regulator activity (GO:0016538),GO_Molecular_Function_2021,1/44,0.0660441911946433,0.1320883823892867,0,0,15.446511627906975,41.97483258957492,CCNL1
transcription coregulator binding (GO:0001221),GO_Molecular_Function_2021,1/53,0.0790233202221304,0.1508627022422491,0,0,12.767307692307693,32.40358367230175,SMAD4
protein phosphatase regulator activity (GO:0019888),GO_Molecular_Function_2021,1/57,0.0847356328479424,0.1539198613473547,0,0,11.852976190476191,29.2557418815663,PPP1R15B
SH3 domain binding (GO:0017124),GO_Molecular_Function_2021,1/62,0.091827821126534,0.1539198613473547,0,0,10.878688524590164,25.97656722459872,ABI1
protein kinase activator activity (GO:0030295),GO_Molecular_Function_2021,1/63,0.0932398628808903,0.1539198613473547,0,0,10.702688172043011,25.39298321204175,ABI1
sequence-specific DNA binding (GO:0043565),GO_Molecular_Function_2021,3/707,0.0952837236912195,0.1539198613473547,0,0,2.931970373376624,6.8927582237187295,SMAD4;SATB1;SP3
protein serine/threonine kinase activity (GO:0004674),GO_Molecular_Function_2021,2/344,0.0990299351807052,0.1540465658366526,0,0,3.957854406130268,9.15187774428296,CLK1;CDK13
histone deacetylase binding (GO:0042826),GO_Molecular_Function_2021,1/93,0.1346268690574452,0.2019403035861678,0,0,7.201811594202899,14.441420169325143,AKAP8
protein kinase regulator activity (GO:0019887),GO_Molecular_Function_2021,1/98,0.1413445525662776,0.204705903716678,0,0,6.828865979381443,13.361050061201013,CCNL1
protein tyrosine kinase activity (GO:0004713),GO_Molecular_Function_2021,1/108,0.1546288520007175,0.2164803928010046,0,0,6.187538940809969,11.55044932516124,CLK1
RNA polymerase II cis-regulatory region sequence-specific DNA binding (GO:0000978),GO_Molecular_Function_2021,3/1149,0.2623781598426029,0.3405628710697373,0,0,1.7598167539267016,2.3545793080566417,SMAD4;SATB1;SP3
cis-regulatory region sequence-specific DNA binding (GO:0000987),GO_Molecular_Function_2021,3/1149,0.2623781598426029,0.3405628710697373,0,0,1.7598167539267016,2.3545793080566417,SMAD4;SATB1;SP3
double-stranded DNA binding (GO:0003690),GO_Molecular_Function_2021,2/651,0.267585112983365,0.3405628710697373,0,0,2.0530258753520005,2.7065401116316967,SATB1;SP3
transcription regulatory region nucleic acid binding (GO:0001067),GO_Molecular_Function_2021,1/212,0.2815093892654292,0.3477468926220007,0,0,3.1213270142180094,3.956561279221988,SMAD4
sequence-specific double-stranded DNA binding (GO:1990837),GO_Molecular_Function_2021,2/712,0.3029646696228794,0.3635576035474553,0,0,1.8707139388052447,2.2338926258987204,SMAD4;SP3
"DNA-binding transcription repressor activity, RNA polymerase II-specific (GO:0001227)",GO_Molecular_Function_2021,1/256,0.3294535964560771,0.3843625291987567,0,0,2.576993464052288,2.861286777763288,SATB1
RNA polymerase II transcription regulatory region sequence-specific DNA binding (GO:0000977),GO_Molecular_Function_2021,3/1359,0.3530404375795887,0.397704140267094,0,0,1.4706858407079646,1.5312379102071807,SMAD4;SATB1;SP3
DNA binding (GO:0003677),GO_Molecular_Function_2021,2/811,0.3598275554797517,0.397704140267094,0,0,1.6333489621073272,1.669495586901893,SMAD4;SATB1
cadherin binding (GO:0045296),GO_Molecular_Function_2021,1/322,0.3956134323621159,0.4260452348515094,0,0,2.0402907580477674,1.8919977849203244,ABI1
"DNA-binding transcription activator activity, RNA polymerase II-specific (GO:0001228)",GO_Molecular_Function_2021,1/333,0.4060073384208904,0.4263077053419349,0,0,1.971586345381526,1.7771564743085986,SMAD4
ubiquitin-protein transferase activity (GO:0004842),GO_Molecular_Function_2021,1/392,0.458870981541731,0.4700629567012854,0,0,1.6690537084398978,1.300169796585775,CHFR
protein homodimerization activity (GO:0042803),GO_Molecular_Function_2021,1/636,0.6330673019753852,0.6330673019753852,0,0,1.0149081364829395,0.4639942203289479,SMAD4
