Term,Gene_set,Overlap,P-value,Adjusted P-value,Old P-value,Old Adjusted P-value,Odds Ratio,Combined Score,Genes
"energy coupled proton transport, down electrochemical gradient (GO:0015985)",GO_Biological_Process_2021,2/12,0.00014221789991262262,0.030750550093069,0,0,142.57142857142858,1262.919124249693,ATP5PO;ATP5MG
mitochondrial ATP synthesis coupled proton transport (GO:0042776),GO_Biological_Process_2021,2/17,0.00029169286205301905,0.030750550093069,0,0,95.02380952380952,773.4756743774749,ATP5PO;ATP5MG
ATP synthesis coupled proton transport (GO:0015986),GO_Biological_Process_2021,2/19,0.0003660779772984416,0.030750550093069,0,0,83.83613445378151,663.3671793000248,ATP5PO;ATP5MG
cellular response to cadmium ion (GO:0071276),GO_Biological_Process_2021,2/27,0.0007458431753894333,0.0361665139597268,0,0,56.98571428571429,410.3538550694941,SUMO1;MT1X
cristae formation (GO:0042407),GO_Biological_Process_2021,2/28,0.0008024678708939625,0.0361665139597268,0,0,54.79120879120879,390.5418048109173,ATP5PO;ATP5MG
response to cadmium ion (GO:0046686),GO_Biological_Process_2021,2/29,0.0008611074752315914,0.0361665139597268,0,0,52.75925925925926,372.337457949904,SUMO1;MT1X
exonucleolytic catabolism of deadenylated mRNA (GO:0043928),GO_Biological_Process_2021,2/33,0.0011156998625027,0.0395304897921958,0,0,45.94239631336406,312.32897040365367,LSM4;LSM2
"nuclear-transcribed mRNA catabolic process, exonucleolytic (GO:0000291)",GO_Biological_Process_2021,2/35,0.0012549361838792,0.0395304897921958,0,0,43.15367965367965,288.29551709674206,LSM4;LSM2
spliceosomal snRNP assembly (GO:0000387),GO_Biological_Process_2021,2/38,0.0014785875016258,0.0414004500455242,0,0,39.5515873015873,257.74456480935885,LSM4;LSM2
regulation of mitochondrial membrane potential (GO:0051881),GO_Biological_Process_2021,2/41,0.0017198589811284,0.0433404463244359,0,0,36.50366300366301,232.36454063940053,ATP5IF1;TUSC2
inner mitochondrial membrane organization (GO:0007007),GO_Biological_Process_2021,2/49,0.002448238177796,0.0560869109822375,0,0,30.27811550151976,182.0437366477304,ATP5PO;ATP5MG
"nuclear-transcribed mRNA catabolic process, deadenylation-dependent decay (GO:0000288)",GO_Biological_Process_2021,2/56,0.0031852247621403,0.0668897200049474,0,0,26.343915343915345,151.45729225683525,LSM4;LSM2
positive regulation of intrinsic apoptotic signaling pathway by p53 class mediator (GO:1902255),GO_Biological_Process_2021,1/5,0.0074781928285412,0.110714255959188,0,0,172.1206896551724,842.6622961465415,EIF5A
cellular response to erythropoietin (GO:0036018),GO_Biological_Process_2021,1/5,0.0074781928285412,0.110714255959188,0,0,172.1206896551724,842.6622961465415,MT1X
positive regulation of autophagy of mitochondrion in response to mitochondrial depolarization (GO:1904925),GO_Biological_Process_2021,1/6,0.008967337727522,0.110714255959188,0,0,137.68965517241378,649.0919521468393,ATP5IF1
centromeric sister chromatid cohesion (GO:0070601),GO_Biological_Process_2021,1/6,0.008967337727522,0.110714255959188,0,0,137.68965517241378,649.0919521468393,BOD1
regulation of translational elongation (GO:0006448),GO_Biological_Process_2021,1/6,0.008967337727522,0.110714255959188,0,0,137.68965517241378,649.0919521468393,EIF5A
response to gonadotropin (GO:0034698),GO_Biological_Process_2021,1/6,0.008967337727522,0.110714255959188,0,0,137.68965517241378,649.0919521468393,NSMF
regulation of protein targeting (GO:1903533),GO_Biological_Process_2021,1/6,0.008967337727522,0.110714255959188,0,0,137.68965517241378,649.0919521468393,ATP5IF1
cellular transition metal ion homeostasis (GO:0046916),GO_Biological_Process_2021,2/96,0.009087823485852,0.110714255959188,0,0,15.103343465045592,70.99809661026983,MT1X;NEDD8
positive regulation of translation (GO:0045727),GO_Biological_Process_2021,2/100,0.0098285778207101,0.110714255959188,0,0,14.48396501457726,66.95156387938638,EIF5A;RPS27L
DNA repair (GO:0006281),GO_Biological_Process_2021,3/298,0.0098748801682034,0.110714255959188,0,0,7.410546139359699,34.22013171531543,POLD4;SUMO1;RHNO1
cellular response to gonadotropin stimulus (GO:0071371),GO_Biological_Process_2021,1/7,0.0104543235506301,0.110714255959188,0,0,114.73563218390804,523.2793468811269,NSMF
DNA replication (GO:0006260),GO_Biological_Process_2021,2/108,0.0113879486023853,0.110714255959188,0,0,13.38544474393531,59.90253727027526,POLD4;RHNO1
regulation of intrinsic apoptotic signaling pathway by p53 class mediator (GO:1902253),GO_Biological_Process_2021,1/8,0.0119391531667426,0.110714255959188,0,0,98.33990147783253,435.442406227662,EIF5A
regulation of establishment of protein localization to mitochondrion (GO:1903747),GO_Biological_Process_2021,1/8,0.0119391531667426,0.110714255959188,0,0,98.33990147783253,435.442406227662,ATP5IF1
exonucleolytic trimming involved in rRNA processing (GO:0000459),GO_Biological_Process_2021,1/9,0.0134218294793273,0.110714255959188,0,0,86.04310344827586,370.92087702683546,ERI3
"exonucleolytic trimming to generate mature 3'-end of 5.8S rRNA from tricistronic rRNA transcript (SSU-rRNA, 5.8S rRNA, LSU-rRNA) (GO:0000467)",GO_Biological_Process_2021,1/9,0.0134218294793273,0.110714255959188,0,0,86.04310344827586,370.92087702683546,ERI3
negative regulation of delayed rectifier potassium channel activity (GO:1902260),GO_Biological_Process_2021,1/10,0.0149023554252653,0.110714255959188,0,0,76.47892720306514,321.6884165593148,SUMO1
"DNA damage response, signal transduction by p53 class mediator resulting in transcription of p21 class mediator (GO:0006978)",GO_Biological_Process_2021,1/10,0.0149023554252653,0.110714255959188,0,0,76.47892720306514,321.6884165593148,RPS27L
modification-dependent macromolecule catabolic process (GO:0043632),GO_Biological_Process_2021,1/10,0.0149023554252653,0.110714255959188,0,0,76.47892720306514,321.6884165593148,NEDD8
rRNA 3'-end processing (GO:0031125),GO_Biological_Process_2021,1/10,0.0149023554252653,0.110714255959188,0,0,76.47892720306514,321.6884165593148,ERI3
negative regulation of voltage-gated potassium channel activity (GO:1903817),GO_Biological_Process_2021,1/11,0.0163807339505408,0.110714255959188,0,0,68.82758620689656,282.994903106762,SUMO1
synaptic vesicle transport (GO:0048489),GO_Biological_Process_2021,1/11,0.0163807339505408,0.110714255959188,0,0,68.82758620689656,282.994903106762,SNAPIN
"DNA damage response, signal transduction resulting in transcription (GO:0042772)",GO_Biological_Process_2021,1/11,0.0163807339505408,0.110714255959188,0,0,68.82758620689656,282.994903106762,RPS27L
cellular response to metal ion (GO:0071248),GO_Biological_Process_2021,2/131,0.016429116348176,0.110714255959188,0,0,10.986157253599114,45.13882574929996,SUMO1;MT1X
ribonucleoprotein complex assembly (GO:0022618),GO_Biological_Process_2021,2/136,0.0176305659425332,0.110714255959188,0,0,10.57356076759062,42.69731970455651,RPS27L;LSM4
attachment of mitotic spindle microtubules to kinetochore (GO:0051315),GO_Biological_Process_2021,1/12,0.0178569680089386,0.110714255959188,0,0,62.56739811912226,251.8563944353508,BOD1
P-body assembly (GO:0033962),GO_Biological_Process_2021,1/12,0.0178569680089386,0.110714255959188,0,0,62.56739811912226,251.8563944353508,LSM4
mitotic G1/S transition checkpoint signaling (GO:0044819),GO_Biological_Process_2021,1/12,0.0178569680089386,0.110714255959188,0,0,62.56739811912226,251.8563944353508,RPS27L
protein neddylation (GO:0045116),GO_Biological_Process_2021,1/13,0.0193310605643026,0.110714255959188,0,0,57.35057471264368,226.30778348154325,NEDD8
positive regulation of neuron migration (GO:2001224),GO_Biological_Process_2021,1/13,0.0193310605643026,0.110714255959188,0,0,57.35057471264368,226.30778348154325,NSMF
spliceosomal tri-snRNP complex assembly (GO:0000244),GO_Biological_Process_2021,1/13,0.0193310605643026,0.110714255959188,0,0,57.35057471264368,226.30778348154325,LSM2
synaptic vesicle localization (GO:0097479),GO_Biological_Process_2021,1/13,0.0193310605643026,0.110714255959188,0,0,57.35057471264368,226.30778348154325,SNAPIN
regulation of response to interferon-gamma (GO:0060330),GO_Biological_Process_2021,1/14,0.02080301457834,0.116496881638704,0,0,52.93633952254642,205.00430545239047,SUMO1
anterograde synaptic vesicle transport (GO:0048490),GO_Biological_Process_2021,1/15,0.0222728330244505,0.119420296216203,0,0,49.15270935960592,186.9959576603662,SNAPIN
synaptic vesicle transport along microtubule (GO:0099517),GO_Biological_Process_2021,1/15,0.0222728330244505,0.119420296216203,0,0,49.15270935960592,186.9959576603662,SNAPIN
mitotic sister chromatid cohesion (GO:0007064),GO_Biological_Process_2021,1/16,0.0237405188646141,0.122152517631794,0,0,45.87356321839081,171.5933676703201,BOD1
negative regulation of ATPase activity (GO:0032780),GO_Biological_Process_2021,1/17,0.0252060750668781,0.122152517631794,0,0,43.00431034482759,158.28468525367578,ATP5IF1
DNA biosynthetic process (GO:0071897),GO_Biological_Process_2021,1/17,0.0252060750668781,0.122152517631794,0,0,43.00431034482759,158.28468525367578,POLD4
ribosomal small subunit assembly (GO:0000028),GO_Biological_Process_2021,1/17,0.0252060750668781,0.122152517631794,0,0,43.00431034482759,158.28468525367578,RPS27L
"protein localization to chromosome, centromeric region (GO:0071459)",GO_Biological_Process_2021,1/17,0.0252060750668781,0.122152517631794,0,0,43.00431034482759,158.28468525367578,BOD1
establishment of vesicle localization (GO:0051650),GO_Biological_Process_2021,1/18,0.0266695046006179,0.1221948210791949,0,0,40.47261663286004,146.68225415832842,SNAPIN
cellular response to zinc ion (GO:0071294),GO_Biological_Process_2021,1/18,0.0266695046006179,0.1221948210791949,0,0,40.47261663286004,146.68225415832842,MT1X
regulation of delayed rectifier potassium channel activity (GO:1902259),GO_Biological_Process_2021,1/18,0.0266695046006179,0.1221948210791949,0,0,40.47261663286004,146.68225415832842,SUMO1
regulation of synaptic vesicle exocytosis (GO:2000300),GO_Biological_Process_2021,1/19,0.0281308104264749,0.1222235211633049,0,0,38.22222222222222,136.48734525751556,SNAPIN
positive regulation of cellular protein catabolic process (GO:1903364),GO_Biological_Process_2021,1/19,0.0281308104264749,0.1222235211633049,0,0,38.22222222222222,136.48734525751556,ATP5IF1
cellular response to copper ion (GO:0071280),GO_Biological_Process_2021,1/19,0.0281308104264749,0.1222235211633049,0,0,38.22222222222222,136.48734525751556,MT1X
intrinsic apoptotic signaling pathway in response to DNA damage by p53 class mediator (GO:0042771),GO_Biological_Process_2021,1/21,0.0310470628007074,0.1277108011515988,0,0,34.39655172413793,119.43346355828848,RPS27L
chaperone-mediated protein complex assembly (GO:0051131),GO_Biological_Process_2021,1/22,0.0325020152689227,0.1277108011515988,0,0,32.756978653530375,112.24025378249362,PSMG3
"maturation of 5.8S rRNA from tricistronic rRNA transcript (SSU-rRNA, 5.8S rRNA, LSU-rRNA) (GO:0000466)",GO_Biological_Process_2021,1/22,0.0325020152689227,0.1277108011515988,0,0,32.756978653530375,112.24025378249362,ERI3
positive regulation of signal transduction by p53 class mediator (GO:1901798),GO_Biological_Process_2021,1/22,0.0325020152689227,0.1277108011515988,0,0,32.756978653530375,112.24025378249362,EIF5A
heme biosynthetic process (GO:0006783),GO_Biological_Process_2021,1/22,0.0325020152689227,0.1277108011515988,0,0,32.756978653530375,112.24025378249362,ATP5IF1
negative regulation of protein dephosphorylation (GO:0035308),GO_Biological_Process_2021,1/22,0.0325020152689227,0.1277108011515988,0,0,32.756978653530375,112.24025378249362,BOD1
regulation of interferon-gamma-mediated signaling pathway (GO:0060334),GO_Biological_Process_2021,1/23,0.0339548558617346,0.1277108011515988,0,0,31.266457680250785,105.76577819907342,SUMO1
response to copper ion (GO:0046688),GO_Biological_Process_2021,1/23,0.0339548558617346,0.1277108011515988,0,0,31.266457680250785,105.76577819907342,MT1X
negative regulation of phosphoprotein phosphatase activity (GO:0032515),GO_Biological_Process_2021,1/23,0.0339548558617346,0.1277108011515988,0,0,31.266457680250785,105.76577819907342,BOD1
"nucleotide-excision repair, DNA gap filling (GO:0006297)",GO_Biological_Process_2021,1/24,0.035405587532064,0.1278250848514891,0,0,29.90554722638681,99.91101302805887,POLD4
porphyrin-containing compound biosynthetic process (GO:0006779),GO_Biological_Process_2021,1/24,0.035405587532064,0.1278250848514891,0,0,29.90554722638681,99.91101302805887,ATP5IF1
regulation of proteolysis involved in cellular protein catabolic process (GO:1903050),GO_Biological_Process_2021,1/25,0.0368542132262458,0.1278250848514891,0,0,28.658045977011493,94.59405781572389,ATP5IF1
negative regulation of catalytic activity (GO:0043086),GO_Biological_Process_2021,1/27,0.0397451584744871,0.1278250848514891,0,0,26.450928381962864,85.31131290182489,ATP5IF1
melanosome organization (GO:0032438),GO_Biological_Process_2021,1/27,0.0397451584744871,0.1278250848514891,0,0,26.450928381962864,85.31131290182489,SNAPIN
cellular zinc ion homeostasis (GO:0006882),GO_Biological_Process_2021,1/28,0.0411874839013458,0.1278250848514891,0,0,25.46998722860792,81.2396025067177,MT1X
regulation of neuron migration (GO:2001222),GO_Biological_Process_2021,1/28,0.0411874839013458,0.1278250848514891,0,0,25.46998722860792,81.2396025067177,NSMF
negative regulation of phosphatase activity (GO:0010923),GO_Biological_Process_2021,1/28,0.0411874839013458,0.1278250848514891,0,0,25.46998722860792,81.2396025067177,BOD1
cellular response to acid chemical (GO:0071229),GO_Biological_Process_2021,1/28,0.0411874839013458,0.1278250848514891,0,0,25.46998722860792,81.2396025067177,NSMF
positive regulation of dephosphorylation (GO:0035306),GO_Biological_Process_2021,1/29,0.0426277151111442,0.1278250848514891,0,0,24.55911330049261,77.49015815040234,NSMF
mismatch repair (GO:0006298),GO_Biological_Process_2021,1/29,0.0426277151111442,0.1278250848514891,0,0,24.55911330049261,77.49015815040234,POLD4
regulation of neuronal synaptic plasticity (GO:0048168),GO_Biological_Process_2021,1/29,0.0426277151111442,0.1278250848514891,0,0,24.55911330049261,77.49015815040234,NSMF
response to zinc ion (GO:0010043),GO_Biological_Process_2021,1/29,0.0426277151111442,0.1278250848514891,0,0,24.55911330049261,77.49015815040234,MT1X
synaptic vesicle cycle (GO:0099504),GO_Biological_Process_2021,1/30,0.0440658550450575,0.1278250848514891,0,0,23.711058263971463,74.02758505991471,SNAPIN
zinc ion homeostasis (GO:0055069),GO_Biological_Process_2021,1/30,0.0440658550450575,0.1278250848514891,0,0,23.711058263971463,74.02758505991471,MT1X
negative regulation of DNA binding (GO:0043392),GO_Biological_Process_2021,1/31,0.0455019066193127,0.1278250848514891,0,0,22.919540229885055,70.82140338003367,SUMO1
positive regulation of proteolysis involved in cellular protein catabolic process (GO:1903052),GO_Biological_Process_2021,1/31,0.0455019066193127,0.1278250848514891,0,0,22.919540229885055,70.82140338003367,ATP5IF1
membrane depolarization (GO:0051899),GO_Biological_Process_2021,1/32,0.0469358727577943,0.1278250848514891,0,0,22.17908787541713,67.84523138217664,ATP5IF1
response to amino acid (GO:0043200),GO_Biological_Process_2021,1/32,0.0469358727577943,0.1278250848514891,0,0,22.17908787541713,67.84523138217664,NSMF
DNA damage checkpoint signaling (GO:0000077),GO_Biological_Process_2021,1/32,0.0469358727577943,0.1278250848514891,0,0,22.17908787541713,67.84523138217664,RHNO1
regulation of dendrite morphogenesis (GO:0048814),GO_Biological_Process_2021,1/32,0.0469358727577943,0.1278250848514891,0,0,22.17908787541713,67.84523138217664,NSMF
lytic vacuole organization (GO:0080171),GO_Biological_Process_2021,1/33,0.0483677563907074,0.1278250848514891,0,0,21.48491379310345,65.07612542493897,SNAPIN
regulation of neurotransmitter secretion (GO:0046928),GO_Biological_Process_2021,1/33,0.0483677563907074,0.1278250848514891,0,0,21.48491379310345,65.07612542493897,SNAPIN
positive regulation of protein dephosphorylation (GO:0035307),GO_Biological_Process_2021,1/34,0.0497975604232894,0.1278250848514891,0,0,20.832810867293627,62.494042787714754,NSMF
cellular response to amino acid stimulus (GO:0071230),GO_Biological_Process_2021,1/34,0.0497975604232894,0.1278250848514891,0,0,20.832810867293627,62.494042787714754,NSMF
protein localization to chromosome (GO:0034502),GO_Biological_Process_2021,1/34,0.0497975604232894,0.1278250848514891,0,0,20.832810867293627,62.494042787714754,BOD1
regulation of regulated secretory pathway (GO:1903305),GO_Biological_Process_2021,1/35,0.0512252877849629,0.1278250848514891,0,0,20.219066937119678,60.081401552176,SNAPIN
cellular response to virus (GO:0098586),GO_Biological_Process_2021,1/35,0.0512252877849629,0.1278250848514891,0,0,20.219066937119678,60.081401552176,EIF5A
"base-excision repair, gap-filling (GO:0006287)",GO_Biological_Process_2021,1/35,0.0512252877849629,0.1278250848514891,0,0,20.219066937119678,60.081401552176,POLD4
intrinsic apoptotic signaling pathway by p53 class mediator (GO:0072332),GO_Biological_Process_2021,1/36,0.0526509413652038,0.1278250848514891,0,0,19.64039408866995,57.82271782479102,RPS27L
cellular response to heat (GO:0034605),GO_Biological_Process_2021,1/36,0.0526509413652038,0.1278250848514891,0,0,19.64039408866995,57.82271782479102,SUMO1
axonal transport (GO:0098930),GO_Biological_Process_2021,1/36,0.0526509413652038,0.1278250848514891,0,0,19.64039408866995,57.82271782479102,SNAPIN
proton transmembrane transport (GO:1902600),GO_Biological_Process_2021,1/37,0.0540745240778647,0.1278250848514891,0,0,19.09386973180077,55.70430487305193,ATP5PO
lysosome localization (GO:0032418),GO_Biological_Process_2021,1/37,0.0540745240778647,0.1278250848514891,0,0,19.09386973180077,55.70430487305193,SNAPIN
anterograde axonal transport (GO:0008089),GO_Biological_Process_2021,1/37,0.0540745240778647,0.1278250848514891,0,0,19.09386973180077,55.70430487305193,SNAPIN
negative regulation of endothelial cell proliferation (GO:0001937),GO_Biological_Process_2021,1/37,0.0540745240778647,0.1278250848514891,0,0,19.09386973180077,55.70430487305193,ATP5IF1
"nucleotide-excision repair, DNA incision, 5'-to lesion (GO:0006296)",GO_Biological_Process_2021,1/37,0.0540745240778647,0.1278250848514891,0,0,19.09386973180077,55.70430487305193,POLD4
"RNA splicing, via transesterification reactions with bulged adenosine as nucleophile (GO:0000377)",GO_Biological_Process_2021,2/251,0.0542137719372333,0.1278250848514891,0,0,5.657200229489386,16.48972211550903,LSM4;LSM2
lysosome organization (GO:0007040),GO_Biological_Process_2021,1/38,0.0554960388319167,0.1278250848514891,0,0,18.576887232059647,53.71402231134463,SNAPIN
regulation of phosphoprotein phosphatase activity (GO:0043666),GO_Biological_Process_2021,1/38,0.0554960388319167,0.1278250848514891,0,0,18.576887232059647,53.71402231134463,BOD1
regulation of protein targeting to mitochondrion (GO:1903214),GO_Biological_Process_2021,1/39,0.0569154885110809,0.1278250848514891,0,0,18.087114337568057,51.84106589215322,ATP5IF1
"nucleotide-excision repair, DNA incision (GO:0033683)",GO_Biological_Process_2021,1/39,0.0569154885110809,0.1278250848514891,0,0,18.087114337568057,51.84106589215322,POLD4
DNA integrity checkpoint signaling (GO:0031570),GO_Biological_Process_2021,1/39,0.0569154885110809,0.1278250848514891,0,0,18.087114337568057,51.84106589215322,RHNO1
DNA recombination (GO:0006310),GO_Biological_Process_2021,1/39,0.0569154885110809,0.1278250848514891,0,0,18.087114337568057,51.84106589215322,RHNO1
regulation of dendrite development (GO:0050773),GO_Biological_Process_2021,1/39,0.0569154885110809,0.1278250848514891,0,0,18.087114337568057,51.84106589215322,NSMF
synaptic vesicle exocytosis (GO:0016079),GO_Biological_Process_2021,1/40,0.058332876023497,0.1278250848514891,0,0,17.622458001768347,50.075790447561154,SNAPIN
positive regulation of intrinsic apoptotic signaling pathway (GO:2001244),GO_Biological_Process_2021,1/40,0.058332876023497,0.1278250848514891,0,0,17.622458001768347,50.075790447561154,EIF5A
ribosomal small subunit biogenesis (GO:0042274),GO_Biological_Process_2021,1/40,0.058332876023497,0.1278250848514891,0,0,17.622458001768347,50.075790447561154,RPS27L
regulation of G0 to G1 transition (GO:0070316),GO_Biological_Process_2021,1/41,0.0597482042475946,0.1286884399178962,0,0,17.18103448275862,48.4095601130177,RHNO1
regulation of protein dephosphorylation (GO:0035304),GO_Biological_Process_2021,1/41,0.0597482042475946,0.1286884399178962,0,0,17.18103448275862,48.4095601130177,NSMF
translesion synthesis (GO:0019985),GO_Biological_Process_2021,1/42,0.0611614760831625,0.1306160336691267,0,0,16.761143818334734,46.83462101550951,POLD4
signal release from synapse (GO:0099643),GO_Biological_Process_2021,1/43,0.0625726944066545,0.1310847060412235,0,0,16.361247947454842,45.34399265988268,SNAPIN
DNA synthesis involved in DNA repair (GO:0000731),GO_Biological_Process_2021,1/43,0.0625726944066545,0.1310847060412235,0,0,16.361247947454842,45.34399265988268,POLD4
"mRNA splicing, via spliceosome (GO:0000398)",GO_Biological_Process_2021,2/274,0.0632828557561453,0.1310847060412235,0,0,5.172794117647059,14.277640237151797,LSM4;LSM2
neurotransmitter secretion (GO:0007269),GO_Biological_Process_2021,1/44,0.0639818620949856,0.1310847060412235,0,0,15.979951884522857,43.93137485913406,SNAPIN
mRNA catabolic process (GO:0006402),GO_Biological_Process_2021,1/44,0.0639818620949856,0.1310847060412235,0,0,15.979951884522857,43.93137485913406,LSM2
DNA metabolic process (GO:0006259),GO_Biological_Process_2021,2/277,0.0645019982107607,0.1310847060412235,0,0,5.115584415584416,14.022119089583615,POLD4;SUMO1
cellular response to radiation (GO:0071478),GO_Biological_Process_2021,1/45,0.0653889820318286,0.1318241877761665,0,0,15.615987460815049,42.59106770539062,RHNO1
erythrocyte differentiation (GO:0030218),GO_Biological_Process_2021,1/46,0.0667940570746933,0.1325362392348245,0,0,15.268199233716476,41.317902512852925,ATP5IF1
postreplication repair (GO:0006301),GO_Biological_Process_2021,1/46,0.0667940570746933,0.1325362392348245,0,0,15.268199233716476,41.317902512852925,POLD4
telomere organization (GO:0032200),GO_Biological_Process_2021,1/47,0.0681970901048618,0.1328690694182838,0,0,14.93553223388306,40.10718199812654,POLD4
regulation of DNA binding (GO:0051101),GO_Biological_Process_2021,1/47,0.0681970901048618,0.1328690694182838,0,0,14.93553223388306,40.10718199812654,SUMO1
cellular response to ionizing radiation (GO:0071479),GO_Biological_Process_2021,1/48,0.0695980839810058,0.1328690694182838,0,0,14.617021276595745,38.95462833164002,RHNO1
base-excision repair (GO:0006284),GO_Biological_Process_2021,1/48,0.0695980839810058,0.1328690694182838,0,0,14.617021276595745,38.95462833164002,POLD4
regulation of protein metabolic process (GO:0051246),GO_Biological_Process_2021,1/48,0.0695980839810058,0.1328690694182838,0,0,14.617021276595745,38.95462833164002,NEDD8
RNA catabolic process (GO:0006401),GO_Biological_Process_2021,1/49,0.070997041562065,0.1343573133186785,0,0,14.311781609195402,37.85633785017516,LSM2
ribosome assembly (GO:0042255),GO_Biological_Process_2021,1/50,0.0723939657090184,0.1343573133186785,0,0,14.019000703729768,36.80874147674154,RPS27L
intrinsic apoptotic signaling pathway in response to DNA damage (GO:0008630),GO_Biological_Process_2021,1/51,0.0737888592797165,0.1343573133186785,0,0,13.73793103448276,35.80857002720438,RPS27L
mitotic metaphase plate congression (GO:0007080),GO_Biological_Process_2021,1/51,0.0737888592797165,0.1343573133186785,0,0,13.73793103448276,35.80857002720438,BOD1
mitotic nuclear membrane organization (GO:0101024),GO_Biological_Process_2021,1/51,0.0737888592797165,0.1343573133186785,0,0,13.73793103448276,35.80857002720438,SUMO1
mitotic nuclear membrane reassembly (GO:0007084),GO_Biological_Process_2021,1/51,0.0737888592797165,0.1343573133186785,0,0,13.73793103448276,35.80857002720438,SUMO1
mRNA processing (GO:0006397),GO_Biological_Process_2021,2/300,0.0741097879019695,0.1343573133186785,0,0,4.715244487056568,12.270045346371148,LSM4;LSM2
signal transduction in response to DNA damage (GO:0042770),GO_Biological_Process_2021,1/52,0.0751817250984591,0.1343673384738418,0,0,13.46788370520622,34.852823720532044,RHNO1
myeloid cell differentiation (GO:0030099),GO_Biological_Process_2021,1/52,0.0751817250984591,0.1343673384738418,0,0,13.46788370520622,34.852823720532044,ATP5IF1
regulation of proteolysis (GO:0030162),GO_Biological_Process_2021,1/54,0.0779613849203899,0.1373864965030648,0,0,12.958360442420298,33.06379625497651,NEDD8
nuclear membrane reassembly (GO:0031468),GO_Biological_Process_2021,1/54,0.0779613849203899,0.1373864965030648,0,0,12.958360442420298,33.06379625497651,SUMO1
protein sumoylation (GO:0016925),GO_Biological_Process_2021,1/55,0.0793481846088859,0.1388593230655504,0,0,12.717752234993617,32.22563588457274,SUMO1
telomere maintenance (GO:0000723),GO_Biological_Process_2021,1/56,0.0807329679040596,0.1393451468004686,0,0,12.4858934169279,31.42210254292495,POLD4
regulation of ATP metabolic process (GO:1903578),GO_Biological_Process_2021,1/56,0.0807329679040596,0.1393451468004686,0,0,12.4858934169279,31.42210254292495,ATP5IF1
positive regulation of proteolysis (GO:0045862),GO_Biological_Process_2021,1/57,0.0821157376538747,0.1393451468004686,0,0,12.26231527093596,30.65119706904604,ATP5IF1
negative regulation of hydrolase activity (GO:0051346),GO_Biological_Process_2021,1/58,0.0834964966939316,0.1393451468004686,0,0,12.04658197217181,29.91106798113016,ATP5IF1
mitochondrial respiratory chain complex I assembly (GO:0032981),GO_Biological_Process_2021,1/58,0.0834964966939316,0.1393451468004686,0,0,12.04658197217181,29.91106798113016,TIMMDC1
cellular iron ion homeostasis (GO:0006879),GO_Biological_Process_2021,1/58,0.0834964966939316,0.1393451468004686,0,0,12.04658197217181,29.91106798113016,NEDD8
NADH dehydrogenase complex assembly (GO:0010257),GO_Biological_Process_2021,1/58,0.0834964966939316,0.1393451468004686,0,0,12.04658197217181,29.91106798113016,TIMMDC1
mitotic DNA damage checkpoint signaling (GO:0044773),GO_Biological_Process_2021,1/59,0.0848752478256348,0.1407142266582892,0,0,11.838287752675386,29.199998252267804,RPS27L
iron ion homeostasis (GO:0055072),GO_Biological_Process_2021,1/61,0.0876267376582637,0.1443263914371402,0,0,11.442528735632184,27.85877117514337,NEDD8
double-strand break repair via nonhomologous end joining (GO:0006303),GO_Biological_Process_2021,1/62,0.0889994819880445,0.1456355159804365,0,0,11.254381006218203,27.22575140877544,SUMO1
mitotic G1 DNA damage checkpoint signaling (GO:0031571),GO_Biological_Process_2021,1/65,0.0931057463211684,0.1513719230511899,0,0,10.72521551724138,25.461869434390834,RPS27L
regulation of protein localization (GO:0032880),GO_Biological_Process_2021,1/66,0.0944705208619502,0.1526062260077657,0,0,10.559681697612731,24.915225160225248,SUMO1
cellular response to light stimulus (GO:0071482),GO_Biological_Process_2021,1/70,0.0999097923540907,0.1598795396985363,0,0,9.945527236381809,22.909398431433704,RHNO1
response to metal ion (GO:0010038),GO_Biological_Process_2021,1/71,0.1012646674619075,0.1598795396985363,0,0,9.80295566502463,22.44894217800591,MT1X
negative regulation of epithelial cell proliferation (GO:0050680),GO_Biological_Process_2021,1/72,0.1026175710295397,0.1598795396985363,0,0,9.664400194269062,22.00338548313555,ATP5IF1
response to ionizing radiation (GO:0010212),GO_Biological_Process_2021,1/72,0.1026175710295397,0.1598795396985363,0,0,9.664400194269062,22.00338548313555,RHNO1
regulation of hydrolase activity (GO:0051336),GO_Biological_Process_2021,1/73,0.1039685058127173,0.1598795396985363,0,0,9.529693486590038,21.572055090315494,ATP5IF1
neurotransmitter transport (GO:0006836),GO_Biological_Process_2021,1/73,0.1039685058127173,0.1598795396985363,0,0,9.529693486590038,21.572055090315494,SNAPIN
transcription-coupled nucleotide-excision repair (GO:0006283),GO_Biological_Process_2021,1/73,0.1039685058127173,0.1598795396985363,0,0,9.529693486590038,21.572055090315494,POLD4
proteolysis involved in cellular protein catabolic process (GO:0051603),GO_Biological_Process_2021,1/74,0.1053174745633215,0.1598795396985363,0,0,9.398677373641949,21.15431674384753,NEDD8
"DNA damage response, signal transduction by p53 class mediator (GO:0030330)",GO_Biological_Process_2021,1/74,0.1053174745633215,0.1598795396985363,0,0,9.398677373641949,21.15431674384753,RPS27L
regulation of cytokine-mediated signaling pathway (GO:0001959),GO_Biological_Process_2021,1/74,0.1053174745633215,0.1598795396985363,0,0,9.398677373641949,21.15431674384753,SUMO1
nucleic acid phosphodiester bond hydrolysis (GO:0090305),GO_Biological_Process_2021,1/75,0.1066644800819346,0.1609547843152546,0,0,9.271202236719478,20.749572437350395,POLD4
cellular response to hormone stimulus (GO:0032870),GO_Biological_Process_2021,1/76,0.1080095250991305,0.161055623224739,0,0,9.14712643678161,20.3572579045293,NSMF
regulation of epithelial to mesenchymal transition (GO:0010717),GO_Biological_Process_2021,1/76,0.1080095250991305,0.161055623224739,0,0,9.14712643678161,20.3572579045293,MCRIP1
cellular response to UV (GO:0034644),GO_Biological_Process_2021,1/77,0.1093526123750557,0.1620991665794943,0,0,9.026315789473683,19.976840295907547,RHNO1
protein modification process (GO:0036211),GO_Biological_Process_2021,1/78,0.1106937446588701,0.1622545806063299,0,0,8.908643081056875,19.607816054535498,NEDD8
positive regulation of proteasomal ubiquitin-dependent protein catabolic process (GO:0032436),GO_Biological_Process_2021,1/79,0.1120329247043706,0.1622545806063299,0,0,8.793987621573828,19.249708955963715,SUMO1
recombinational repair (GO:0000725),GO_Biological_Process_2021,1/79,0.1120329247043706,0.1622545806063299,0,0,8.793987621573828,19.249708955963715,RHNO1
positive regulation of ubiquitin-dependent protein catabolic process (GO:2000060),GO_Biological_Process_2021,1/79,0.1120329247043706,0.1622545806063299,0,0,8.793987621573828,19.249708955963715,SUMO1
activation of cysteine-type endopeptidase activity involved in apoptotic process (GO:0006919),GO_Biological_Process_2021,1/81,0.1147054390288231,0.1642373331549059,0,0,8.573275862068966,18.564467269525416,RPS27L
positive regulation of cellular amide metabolic process (GO:0034250),GO_Biological_Process_2021,1/81,0.1147054390288231,0.1642373331549059,0,0,8.573275862068966,18.564467269525416,RPS27L
positive regulation of proteasomal protein catabolic process (GO:1901800),GO_Biological_Process_2021,1/86,0.1213527522063146,0.1718027727864679,0,0,8.066937119675456,17.0136033150249,SUMO1
regulation of neuron death (GO:1901214),GO_Biological_Process_2021,1/86,0.1213527522063146,0.1718027727864679,0,0,8.066937119675456,17.0136033150249,NSMF
negative regulation of binding (GO:0051100),GO_Biological_Process_2021,1/88,0.1239981456512226,0.1745672218106597,0,0,7.880697582243361,16.45086689819455,SUMO1
protein modification by small protein conjugation (GO:0032446),GO_Biological_Process_2021,2/409,0.1249119189561709,0.1748766865386393,0,0,3.4333099333099333,7.14178742973853,SUMO1;NEDD8
mitochondrial respiratory chain complex assembly (GO:0033108),GO_Biological_Process_2021,1/90,0.1266358392018219,0.1763106711539178,0,0,7.702828361100349,15.917430476118057,TIMMDC1
positive regulation of cellular component biogenesis (GO:0044089),GO_Biological_Process_2021,1/92,0.1292658545119819,0.1780054390001063,0,0,7.532777567260326,15.411189911294056,SUMO1
regulation of endothelial cell proliferation (GO:0001936),GO_Biological_Process_2021,1/92,0.1292658545119819,0.1780054390001063,0,0,7.532777567260326,15.411189911294056,ATP5IF1
mRNA metabolic process (GO:0016071),GO_Biological_Process_2021,1/95,0.1331965279231108,0.1824213317207822,0,0,7.291269258987527,14.698685432239005,LSM2
regulation of neuron apoptotic process (GO:0043523),GO_Biological_Process_2021,1/98,0.1371100464027112,0.1857619983520603,0,0,7.064699608958407,14.037356193959155,NSMF
RNA splicing (GO:0008380),GO_Biological_Process_2021,1/98,0.1371100464027112,0.1857619983520603,0,0,7.064699608958407,14.037356193959155,LSM4
response to UV (GO:0009411),GO_Biological_Process_2021,1/99,0.1384107528555566,0.1865214423508036,0,0,6.992258972554539,13.82739870293458,RHNO1
positive regulation of cell cycle process (GO:0090068),GO_Biological_Process_2021,1/101,0.1410064822198498,0.1877485897365354,0,0,6.8517241379310345,13.422181001815328,RHNO1
positive regulation of cellular protein metabolic process (GO:0032270),GO_Biological_Process_2021,1/102,0.1423015104749137,0.1877485897365354,0,0,6.783543871628543,13.226602405790088,RPS27L
mitotic sister chromatid segregation (GO:0000070),GO_Biological_Process_2021,1/102,0.1423015104749137,0.1877485897365354,0,0,6.783543871628543,13.226602405790088,BOD1
regulation of proteasomal ubiquitin-dependent protein catabolic process (GO:0032434),GO_Biological_Process_2021,1/102,0.1423015104749137,0.1877485897365354,0,0,6.783543871628543,13.226602405790088,SUMO1
cellular response to organonitrogen compound (GO:0071417),GO_Biological_Process_2021,1/103,0.1435946513344905,0.1884679798765188,0,0,6.716700473292765,13.035509454318872,NSMF
nucleotide-excision repair (GO:0006289),GO_Biological_Process_2021,1/105,0.1461752814085876,0.190860989196705,0,0,6.586870026525199,12.666213943509506,POLD4
peptidyl-lysine modification (GO:0018205),GO_Biological_Process_2021,1/106,0.147462775934803,0.1915495852348988,0,0,6.523809523809524,12.487742462791424,SUMO1
cellular divalent inorganic cation homeostasis (GO:0072503),GO_Biological_Process_2021,1/111,0.1538721492906634,0.198850162160242,0,0,6.225705329153605,11.652236916869368,MT1X
positive regulation of cellular component organization (GO:0051130),GO_Biological_Process_2021,1/114,0.1576953885966523,0.2027512139099816,0,0,6.059505645407385,11.192452446545069,SUMO1
regulation of protein-containing complex assembly (GO:0043254),GO_Biological_Process_2021,1/116,0.1602349315662659,0.2039353674479747,0,0,5.95352323838081,10.901581051315937,SUMO1
tumor necrosis factor-mediated signaling pathway (GO:0033209),GO_Biological_Process_2021,1/116,0.1602349315662659,0.2039353674479747,0,0,5.95352323838081,10.901581051315937,EIF5A
positive regulation of protein-containing complex assembly (GO:0031334),GO_Biological_Process_2021,1/118,0.1627670723160846,0.2050865111182666,0,0,5.851164161508989,10.622408820243352,SUMO1
regulation of protein binding (GO:0043393),GO_Biological_Process_2021,1/118,0.1627670723160846,0.2050865111182666,0,0,5.851164161508989,10.622408820243352,SNAPIN
positive regulation of cysteine-type endopeptidase activity involved in apoptotic process (GO:0043280),GO_Biological_Process_2021,1/119,0.1640303733701603,0.2056500203446786,0,0,5.801285797779077,10.487005597367974,RPS27L
regulation of anatomical structure morphogenesis (GO:0022603),GO_Biological_Process_2021,1/123,0.1690651760608406,0.2109129919174843,0,0,5.609949123798756,9.971521773790307,NSMF
negative regulation of growth (GO:0045926),GO_Biological_Process_2021,1/126,0.1728220289630276,0.214537691126517,0,0,5.47448275862069,9.610415878416694,MT1X
plasma membrane bounded cell projection organization (GO:0120036),GO_Biological_Process_2021,1/128,0.1753174699880012,0.2159890287002961,0,0,5.387727396144448,9.380878377461652,SNAPIN
DNA-dependent DNA replication (GO:0006261),GO_Biological_Process_2021,1/129,0.1765624599692897,0.2159890287002961,0,0,5.345366379310345,9.269296054674214,POLD4
positive regulation of macromolecule biosynthetic process (GO:0010557),GO_Biological_Process_2021,1/129,0.1765624599692897,0.2159890287002961,0,0,5.345366379310345,9.269296054674214,RPS27L
neuron development (GO:0048666),GO_Biological_Process_2021,1/143,0.1938026997849468,0.2347994247394548,0,0,4.814958717824187,7.900936293655021,SNAPIN
negative regulation of DNA-binding transcription factor activity (GO:0043433),GO_Biological_Process_2021,1/143,0.1938026997849468,0.2347994247394548,0,0,4.814958717824187,7.900936293655021,SUMO1
regulation of signal transduction by p53 class mediator (GO:1901796),GO_Biological_Process_2021,1/156,0.2094986982516284,0.251398437901954,0,0,4.4082313681868746,6.890232053472163,RHNO1
regulation of cell differentiation (GO:0045595),GO_Biological_Process_2021,1/156,0.2094986982516284,0.251398437901954,0,0,4.4082313681868746,6.890232053472163,MCRIP1
double-strand break repair (GO:0006302),GO_Biological_Process_2021,1/164,0.2190105068819787,0.2615670508732636,0,0,4.190184049079755,6.363362557225996,SUMO1
cellular protein-containing complex assembly (GO:0034622),GO_Biological_Process_2021,1/168,0.2237248276023687,0.2659370592254571,0,0,4.088994424943217,6.1226084945342665,PSMG3
neuron projection development (GO:0031175),GO_Biological_Process_2021,1/171,0.227242503419016,0.2688502857351739,0,0,4.016227180527383,5.950994561365476,SNAPIN
regulation of translation (GO:0006417),GO_Biological_Process_2021,1/178,0.235390593565183,0.2747763191856925,0,0,3.856029612312488,5.577781709378128,RPS27L
protein stabilization (GO:0050821),GO_Biological_Process_2021,1/179,0.2365478052048684,0.2747763191856925,0,0,3.8341728012398297,5.52736250975957,SUMO1
RNA processing (GO:0006396),GO_Biological_Process_2021,1/179,0.2365478052048684,0.2747763191856925,0,0,3.8341728012398297,5.52736250975957,LSM4
positive regulation of cellular biosynthetic process (GO:0031328),GO_Biological_Process_2021,1/180,0.2377033237400038,0.2747763191856925,0,0,3.812560200346754,5.477626943599837,RPS27L
regulated exocytosis (GO:0045055),GO_Biological_Process_2021,1/180,0.2377033237400038,0.2747763191856925,0,0,3.812560200346754,5.477626943599837,SNAPIN
cellular response to tumor necrosis factor (GO:0071356),GO_Biological_Process_2021,1/194,0.253704140329371,0.2919335313379063,0,0,3.533500089333572,4.846500994573908,EIF5A
modification-dependent protein catabolic process (GO:0019941),GO_Biological_Process_2021,1/201,0.2615823120745377,0.2996306483762886,0,0,3.4086206896551725,4.57098173760038,NEDD8
positive regulation of protein modification process (GO:0031401),GO_Biological_Process_2021,1/214,0.2760004415862119,0.314715435654866,0,0,3.1984782256758946,4.117569942154547,NSMF
inflammatory response (GO:0006954),GO_Biological_Process_2021,1/230,0.2933725253431161,0.3330174612002939,0,0,2.97259448878181,3.6453284710191713,TUSC2
protein deubiquitination (GO:0016579),GO_Biological_Process_2021,1/267,0.3320160624034503,0.3751930391285626,0,0,2.5543168265491314,2.81631803456374,NEDD8
positive regulation of cell migration (GO:0030335),GO_Biological_Process_2021,1/269,0.3340456331382016,0.3758013372804768,0,0,2.5349974266598045,2.77956806975024,NSMF
inorganic cation transmembrane transport (GO:0098662),GO_Biological_Process_2021,1/274,0.3390935149607164,0.3797847367560024,0,0,2.487937350006316,2.6906528788272395,ATP5PO
protein modification by small protein removal (GO:0070646),GO_Biological_Process_2021,1/276,0.341102293971421,0.3803441507999916,0,0,2.469592476489028,2.6562266537476997,NEDD8
proteolysis (GO:0006508),GO_Biological_Process_2021,1/287,0.35204551677203,0.3908170494561742,0,0,2.3732818905232698,2.4776939591249354,NEDD8
innate immune response (GO:0045087),GO_Biological_Process_2021,1/302,0.3666853317365104,0.4052837877087747,0,0,2.253293618971245,2.260619539405869,PPP1R14B
chemical synaptic transmission (GO:0007268),GO_Biological_Process_2021,1/306,0.3705349586792404,0.4077502602059764,0,0,2.223289994347089,2.2072989439063053,SNAPIN
cellular macromolecule biosynthetic process (GO:0034645),GO_Biological_Process_2021,1/314,0.3781664667612792,0.4143389114080102,0,0,2.1655833425140463,2.105858269172696,RHNO1
negative regulation of gene expression (GO:0010629),GO_Biological_Process_2021,1/322,0.3857084997395333,0.4199764798543366,0,0,2.1107530346976047,2.0108582212255,LSM2
cellular response to oxygen-containing compound (GO:1901701),GO_Biological_Process_2021,1/323,0.3866450131992305,0.4199764798543366,0,0,2.1040908117369885,1.9994086863151697,NSMF
post-translational protein modification (GO:0043687),GO_Biological_Process_2021,1/345,0.4069025649572143,0.4400834608120944,0,0,1.9673215717722532,1.768979201902621,NEDD8
cellular response to DNA damage stimulus (GO:0006974),GO_Biological_Process_2021,1/350,0.4114155278137225,0.4430628761070858,0,0,1.938642426637684,1.7218082928649616,SUMO1
ubiquitin-dependent protein catabolic process (GO:0006511),GO_Biological_Process_2021,1/354,0.4150019802043119,0.4450234000488791,0,0,1.916284067597929,1.685318156943543,NEDD8
cellular protein metabolic process (GO:0044267),GO_Biological_Process_2021,1/417,0.468778016666567,0.5005595771185377,0,0,1.6208554376657824,1.2280021158048111,NEDD8
organelle assembly (GO:0070925),GO_Biological_Process_2021,1/425,0.4752547594522281,0.5053341746074325,0,0,1.589622641509434,1.1825270914285548,LSM4
regulation of intracellular signal transduction (GO:1902531),GO_Biological_Process_2021,1/437,0.4848269621971872,0.51334619526761,0,0,1.5449224928819991,1.118467079097494,RHNO1
negative regulation of nucleic acid-templated transcription (GO:1903507),GO_Biological_Process_2021,1/464,0.5057512759377615,0.5332607595661754,0,0,1.4528189468980413,0.9904016111879292,SUMO1
positive regulation of gene expression (GO:0010628),GO_Biological_Process_2021,1/482,0.5192418335935136,0.5429416683218483,0,0,1.3971610868162592,0.9156791784651676,RPS27L
cellular response to cytokine stimulus (GO:0071345),GO_Biological_Process_2021,1/482,0.5192418335935136,0.5429416683218483,0,0,1.3971610868162592,0.9156791784651676,MT1X
protein ubiquitination (GO:0016567),GO_Biological_Process_2021,1/525,0.5500441213665305,0.5727732172907674,0,0,1.279678862858647,0.7649367207279695,NEDD8
negative regulation of cellular macromolecule biosynthetic process (GO:2000113),GO_Biological_Process_2021,1/547,0.565056743768565,0.5859847713155488,0,0,1.226727295692813,0.7002516644342939,SUMO1
cytokine-mediated signaling pathway (GO:0019221),GO_Biological_Process_2021,1/621,0.6120829170439238,0.6321512094060197,0,0,1.0761957730812013,0.5282910743849782,EIF5A
negative regulation of transcription by RNA polymerase II (GO:0000122),GO_Biological_Process_2021,1/684,0.648211010298013,0.6667313248779562,0,0,0.973746655222901,0.4221571535549667,SUMO1
regulation of apoptotic process (GO:0042981),GO_Biological_Process_2021,1/742,0.6785803102755313,0.6951310495505443,0,0,0.8948299129787333,0.3469724841713595,NSMF
positive regulation of transcription by RNA polymerase II (GO:0045944),GO_Biological_Process_2021,1/908,0.7521465625510657,0.7673722014691036,0,0,0.7247462266661597,0.2064251750787391,EIF5A
"negative regulation of transcription, DNA-templated (GO:0045892)",GO_Biological_Process_2021,1/948,0.7672719512567207,0.7796473053092484,0,0,0.6926774205294396,0.1834999292713072,SUMO1
cellular protein modification process (GO:0006464),GO_Biological_Process_2021,1/1025,0.7939155817490405,0.8034808297219205,0,0,0.6379983836206896,0.1472360825935125,NEDD8
"positive regulation of transcription, DNA-templated (GO:0045893)",GO_Biological_Process_2021,1/1183,0.8396679235143272,0.8463852669024418,0,0,0.5481066573312329,0.0957809776027944,EIF5A
regulation of transcription by RNA polymerase II (GO:0006357),GO_Biological_Process_2021,2/2206,0.8585607751055226,0.8619813359625168,0,0,0.5757713248638838,0.0878038654969062,EIF5A;SUMO1
"regulation of transcription, DNA-templated (GO:0006355)",GO_Biological_Process_2021,1/2244,0.9719270741764,0.9719270741764,0,0,0.2725260196473319,0.0077600432103408,SUMO1
U6 snRNP (GO:0005688),GO_Cellular_Component_2021,2/7,4.546235690936047e-05,0.0010598013807016,0,0,285.2142857142857,2851.750942795132,LSM4;LSM2
"mitochondrial proton-transporting ATP synthase complex, coupling factor F(o) (GO:0000276)",GO_Cellular_Component_2021,2/8,6.056007889723947e-05,0.0010598013807016,0,0,237.66666666666663,2308.188874209161,ATP5PO;ATP5MG
proton-transporting ATP synthase complex (GO:0045259),GO_Cellular_Component_2021,2/15,0.0002256241583974691,0.0026322818479704,0,0,109.65384615384616,920.7238662710552,ATP5PO;ATP5MG
mitochondrial proton-transporting ATP synthase complex (GO:0005753),GO_Cellular_Component_2021,2/18,0.00032784881716921787,0.0028686771502306,0,0,89.08035714285714,714.6879621205851,ATP5PO;ATP5MG
spliceosomal tri-snRNP complex (GO:0097526),GO_Cellular_Component_2021,2/32,0.0010490581524956,0.0061195058895576,0,0,47.47619047619048,325.6801394016241,LSM4;LSM2
U4/U6 x U5 tri-snRNP complex (GO:0046540),GO_Cellular_Component_2021,2/32,0.0010490581524956,0.0061195058895576,0,0,47.47619047619048,325.6801394016241,LSM4;LSM2
U2-type precatalytic spliceosome (GO:0071005),GO_Cellular_Component_2021,2/50,0.0025478771667966,0.0107054186565572,0,0,29.64583333333333,177.0595839464994,LSM4;LSM2
spliceosomal snRNP complex (GO:0097525),GO_Cellular_Component_2021,2/51,0.0026494069247459,0.0107054186565572,0,0,29.03935860058309,172.30269560126317,LSM4;LSM2
precatalytic spliceosome (GO:0071011),GO_Cellular_Component_2021,2/52,0.0027528219402575,0.0107054186565572,0,0,28.457142857142856,167.75852052625558,LSM4;LSM2
cytoplasmic stress granule (GO:0010494),GO_Cellular_Component_2021,2/65,0.0042662887226134,0.014932010529147,0,0,22.570294784580497,123.16634649030992,MCRIP2;MCRIP1
P-body (GO:0000932),GO_Cellular_Component_2021,2/80,0.0063918361606561,0.0203376605111785,0,0,18.216117216117212,92.04118939174062,LSM4;LSM2
U2-type spliceosomal complex (GO:0005684),GO_Cellular_Component_2021,2/89,0.0078551724663544,0.0229109196935337,0,0,16.324302134646963,79.11708604949641,LSM4;LSM2
nuclear stress granule (GO:0097165),GO_Cellular_Component_2021,1/6,0.008967337727522,0.0241428323433287,0,0,137.68965517241378,649.0919521468393,SUMO1
mitochondrial inner membrane (GO:0005743),GO_Cellular_Component_2021,3/328,0.0127889818572045,0.0319724546430114,0,0,6.716239316239316,29.277237477565446,TIMMDC1;ATP5PO;ATP5MG
organelle inner membrane (GO:0019866),GO_Cellular_Component_2021,3/346,0.0147507757256778,0.032598902492768,0,0,6.35795270489148,26.80805075708308,TIMMDC1;ATP5PO;ATP5MG
apical dendrite (GO:0097440),GO_Cellular_Component_2021,1/10,0.0149023554252653,0.032598902492768,0,0,76.47892720306514,321.6884165593148,NSMF
nucleus (GO:0005634),GO_Cellular_Component_2021,12/4484,0.0230319680350403,0.0474187577192007,0,0,2.310375670840787,8.712131188935881,EIF5A;SUMO1;MCRIP2;MCRIP1;ATP5PO;RPS27L;NSMF;MT1X;NEDD8;LSM4;LSM2;RHNO1
mitochondrial membrane (GO:0031966),GO_Cellular_Component_2021,3/469,0.0325609632905335,0.0633129841760375,0,0,4.650453028135432,15.926132821154436,TIMMDC1;ATP5PO;ATP5MG
nuclear membrane (GO:0031965),GO_Cellular_Component_2021,2/204,0.0373528744489261,0.0688079266164429,0,0,6.99009900990099,22.97886989951578,SUMO1;NSMF
cytosolic small ribosomal subunit (GO:0022627),GO_Cellular_Component_2021,1/40,0.058332876023497,0.1020825330411197,0,0,17.622458001768347,50.075790447561154,RPS27L
intracellular membrane-bounded organelle (GO:0043231),GO_Cellular_Component_2021,12/5192,0.0652289280004771,0.1040279259597273,0,0,1.9034749034749037,5.196205205161219,EIF5A;SUMO1;MCRIP2;MCRIP1;ATP5PO;RPS27L;NSMF;MT1X;NEDD8;LSM4;LSM2;RHNO1
small ribosomal subunit (GO:0015935),GO_Cellular_Component_2021,1/45,0.0653889820318286,0.1040279259597273,0,0,15.615987460815049,42.59106770539062,RPS27L
cortical cytoskeleton (GO:0030863),GO_Cellular_Component_2021,1/58,0.0834964966939316,0.1270598862733741,0,0,12.04658197217181,29.91106798113016,NSMF
spindle microtubule (GO:0005876),GO_Cellular_Component_2021,1/61,0.0876267376582637,0.1277889924183012,0,0,11.442528735632184,27.85877117514337,BOD1
asymmetric synapse (GO:0032279),GO_Cellular_Component_2021,1/133,0.1815242758910291,0.2526541141031669,0,0,5.182340647857889,8.842969274321403,NSMF
postsynaptic density (GO:0014069),GO_Cellular_Component_2021,1/138,0.1876859133337811,0.2526541141031669,0,0,4.991945633022905,8.351452096947407,NSMF
chromosome (GO:0005694),GO_Cellular_Component_2021,1/160,0.2142685160362031,0.2777554837506337,0,0,4.29646497505964,6.61881300609656,RHNO1
microtubule (GO:0005874),GO_Cellular_Component_2021,1/182,0.2400092910579399,0.3000116138224249,0,0,3.770051438369213,5.380156123099872,BOD1
spindle (GO:0005819),GO_Cellular_Component_2021,1/192,0.2514383510525367,0.3034600788565099,0,0,3.570861166275501,4.929778966484762,BOD1
dendrite (GO:0030425),GO_Cellular_Component_2021,1/270,0.3350581818786444,0.3909012121917518,0,0,2.5254454557108064,2.761451073623817,NSMF
intracellular non-membrane-bounded organelle (GO:0043232),GO_Cellular_Component_2021,2/1158,0.5250415485478901,0.5927888451347146,0,0,1.1625061789421651,0.7489770157939509,SUMO1;RHNO1
neuron projection (GO:0043005),GO_Cellular_Component_2021,1/556,0.5710576894099211,0.6245943477921012,0,0,1.2062752407579993,0.6758338486536167,NSMF
cytoskeleton (GO:0005856),GO_Cellular_Component_2021,1/600,0.5992620790202855,0.6355809929003028,0,0,1.11513441943469,0.5710115479177431,NSMF
nucleolus (GO:0005730),GO_Cellular_Component_2021,1/733,0.674039864163672,0.6800801603496658,0,0,0.906255888449218,0.3574871572021389,SUMO1
nuclear lumen (GO:0031981),GO_Cellular_Component_2021,1/745,0.6800801603496658,0.6800801603496658,0,0,0.8910826844642195,0.3435521215082774,SUMO1
U6 snRNA binding (GO:0017070),GO_Molecular_Function_2021,3/14,1.0961631522150156e-06,3.50772208708805e-05,0,0,201.6060606060606,2766.779988938022,EIF5A;LSM4;LSM2
snRNA binding (GO:0017069),GO_Molecular_Function_2021,3/43,3.609024832058106e-05,0.0005774439731292969,0,0,55.36111111111112,566.3158139575121,EIF5A;LSM4;LSM2
protein phosphatase inhibitor activity (GO:0004864),GO_Molecular_Function_2021,2/29,0.0008611074752315914,0.0091851464024703,0,0,52.75925925925926,372.337457949904,PPP1R14B;BOD1
small protein activating enzyme binding (GO:0044388),GO_Molecular_Function_2021,1/5,0.0074781928285412,0.047860434102664,0,0,172.1206896551724,842.6622961465415,SUMO1
ATPase inhibitor activity (GO:0042030),GO_Molecular_Function_2021,1/5,0.0074781928285412,0.047860434102664,0,0,172.1206896551724,842.6622961465415,ATP5IF1
protein serine/threonine phosphatase inhibitor activity (GO:0004865),GO_Molecular_Function_2021,1/11,0.0163807339505408,0.0752900893822929,0,0,68.82758620689656,282.994903106762,PPP1R14B
RNA binding (GO:0003723),GO_Molecular_Function_2021,6/1406,0.0164697070523765,0.0752900893822929,0,0,3.316071428571429,13.61656034425273,EIF5A;SUMO1;ERI3;RPS27L;LSM4;LSM2
translation elongation factor activity (GO:0003746),GO_Molecular_Function_2021,1/14,0.02080301457834,0.0755319200684033,0,0,52.93633952254642,205.00430545239047,EIF5A
cysteine-type endopeptidase activator activity involved in apoptotic process (GO:0008656),GO_Molecular_Function_2021,1/15,0.0222728330244505,0.0755319200684033,0,0,49.15270935960592,186.9959576603662,RPS27L
peptidase activator activity involved in apoptotic process (GO:0016505),GO_Molecular_Function_2021,1/17,0.0252060750668781,0.0755319200684033,0,0,43.00431034482759,158.28468525367578,RPS27L
ubiquitin-specific protease binding (GO:1990381),GO_Molecular_Function_2021,1/21,0.0310470628007074,0.0755319200684033,0,0,34.39655172413793,119.43346355828848,SUMO1
DNA-directed DNA polymerase activity (GO:0003887),GO_Molecular_Function_2021,1/21,0.0310470628007074,0.0755319200684033,0,0,34.39655172413793,119.43346355828848,POLD4
DNA polymerase activity (GO:0034061),GO_Molecular_Function_2021,1/22,0.0325020152689227,0.0755319200684033,0,0,32.756978653530375,112.24025378249362,POLD4
phosphatase inhibitor activity (GO:0019212),GO_Molecular_Function_2021,1/23,0.0339548558617346,0.0755319200684033,0,0,31.266457680250785,105.76577819907342,BOD1
protein phosphatase 2A binding (GO:0051721),GO_Molecular_Function_2021,1/24,0.035405587532064,0.0755319200684033,0,0,29.90554722638681,99.91101302805887,BOD1
"exoribonuclease activity, producing 5'-phosphomonoesters (GO:0016896)",GO_Molecular_Function_2021,1/33,0.0483677563907074,0.0937365843261919,0,0,21.48491379310345,65.07612542493897,ERI3
3'-5'-exoribonuclease activity (GO:0000175),GO_Molecular_Function_2021,1/34,0.0497975604232894,0.0937365843261919,0,0,20.832810867293627,62.494042787714754,ERI3
ATPase regulator activity (GO:0060590),GO_Molecular_Function_2021,1/38,0.0554960388319167,0.0986596245900742,0,0,18.576887232059647,53.71402231134463,ATP5IF1
ubiquitin protein ligase binding (GO:0031625),GO_Molecular_Function_2021,2/265,0.0596747014224513,0.1005047602904443,0,0,5.352254209668659,15.087186311787372,SUMO1;NEDD8
ubiquitin-like protein ligase binding (GO:0044389),GO_Molecular_Function_2021,2/282,0.0665517644971611,0.1053003137585722,0,0,5.0229591836734695,13.61109033018358,SUMO1;NEDD8
3'-5' exonuclease activity (GO:0008408),GO_Molecular_Function_2021,1/48,0.0695980839810058,0.1053003137585722,0,0,14.617021276595745,38.95462833164002,ERI3
potassium channel regulator activity (GO:0015459),GO_Molecular_Function_2021,1/50,0.0723939657090184,0.1053003137585722,0,0,14.019000703729768,36.80874147674154,SUMO1
protein phosphatase regulator activity (GO:0019888),GO_Molecular_Function_2021,1/57,0.0821157376538747,0.1142479828227822,0,0,12.26231527093596,30.65119706904604,BOD1
ATPase binding (GO:0051117),GO_Molecular_Function_2021,1/73,0.1039685058127173,0.1386246744169564,0,0,9.529693486590038,21.572055090315494,ATP5IF1
protease binding (GO:0002020),GO_Molecular_Function_2021,1/118,0.1627670723160846,0.2080802166902653,0,0,5.851164161508989,10.622408820243352,SUMO1
protein phosphatase binding (GO:0019903),GO_Molecular_Function_2021,1/123,0.1690651760608406,0.2080802166902653,0,0,5.609949123798756,9.971521773790307,BOD1
small GTPase binding (GO:0031267),GO_Molecular_Function_2021,1/175,0.231908776011473,0.2748548456432273,0,0,3.923107411811336,5.733273077034567,LSM2
GTPase binding (GO:0051020),GO_Molecular_Function_2021,1/201,0.2615823120745377,0.2989512137994716,0,0,3.4086206896551725,4.57098173760038,LSM2
zinc ion binding (GO:0008270),GO_Molecular_Function_2021,1/336,0.3986947992818617,0.4399390888627439,0,0,2.0211013896037056,1.8585221119135495,MT1X
transition metal ion binding (GO:0046914),GO_Molecular_Function_2021,1/445,0.4911144211810633,0.5238553825931341,0,0,1.5164647406026717,1.0783249291066916,MT1X
metal ion binding (GO:0046872),GO_Molecular_Function_2021,1/517,0.5444617711537533,0.5620250540941969,0,0,1.3000534616412724,0.7903773150136328,MT1X
protein homodimerization activity (GO:0042803),GO_Molecular_Function_2021,1/636,0.6209969400744528,0.6209969400744528,0,0,1.049959272332338,0.5002311768539487,ATP5IF1
