Term,Gene_set,Overlap,P-value,Adjusted P-value,Old P-value,Old Adjusted P-value,Odds Ratio,Combined Score,Genes
cellular response to hypoxia (GO:0071456),GO_Biological_Process_2021,3/131,0.0004418748772169129,0.0635699346023383,0,0,23.260546875,179.67571749604747,PSMD7;PSMD2;HYOU1
post-translational protein modification (GO:0043687),GO_Biological_Process_2021,4/345,0.0005944222185126975,0.0635699346023383,0,0,12.122858465812625,90.04763116592977,APP;VCAN;PSMD7;PSMD2
regulation of mitotic cell cycle (GO:0007346),GO_Biological_Process_2021,3/178,0.0010767440697671,0.0635699346023383,0,0,16.973142857142857,115.991293500232,APP;PSMD7;PSMD2
substantia nigra development (GO:0021762),GO_Biological_Process_2021,2/43,0.0011100252238666,0.0635699346023383,0,0,46.3089430894309,315.0569917577159,HSPA5;GNB4
regulation of cellular amine metabolic process (GO:0033238),GO_Biological_Process_2021,2/51,0.0015585779465969,0.0635699346023383,0,0,38.73275024295432,250.36777892881815,PSMD7;PSMD2
IRE1-mediated unfolded protein response (GO:0036498),GO_Biological_Process_2021,2/53,0.0016821355801761,0.0635699346023383,0,0,37.21008403361345,237.6865231384464,HSPA5;HYOU1
regulation of cellular amino acid metabolic process (GO:0006521),GO_Biological_Process_2021,2/54,0.0017456137398424,0.0635699346023383,0,0,36.49267399267399,231.752166218624,PSMD7;PSMD2
negative regulation of cell cycle G2/M phase transition (GO:1902750),GO_Biological_Process_2021,2/57,0.0019428161280176,0.0635699346023383,0,0,34.4969696969697,215.38585768961525,PSMD7;PSMD2
regulation of cellular ketone metabolic process (GO:0010565),GO_Biological_Process_2021,2/64,0.0024421209821295,0.0635699346023383,0,0,30.591397849462364,184.0038429108897,PSMD7;PSMD2
pre-replicative complex assembly (GO:0036388),GO_Biological_Process_2021,2/64,0.0024421209821295,0.0635699346023383,0,0,30.591397849462364,184.0038429108897,PSMD7;PSMD2
negative regulation of G2/M transition of mitotic cell cycle (GO:0010972),GO_Biological_Process_2021,2/66,0.002594763239101,0.0635699346023383,0,0,29.632440476190474,176.43925514435907,PSMD7;PSMD2
regulation of hematopoietic stem cell differentiation (GO:1902036),GO_Biological_Process_2021,2/71,0.0029955844322773,0.0635699346023383,0,0,27.47826086956522,159.66562035018282,PSMD7;PSMD2
"antigen processing and presentation of exogenous peptide antigen via MHC class I, TAP-dependent (GO:0002479)",GO_Biological_Process_2021,2/73,0.0031635487156869,0.0635699346023383,0,0,26.70154258886653,153.69570446963246,PSMD7;PSMD2
NIK/NF-kappaB signaling (GO:0038061),GO_Biological_Process_2021,2/74,0.0032491575363259,0.0635699346023383,0,0,26.32936507936508,150.85039888996042,PSMD7;PSMD2
regulation of transcription from RNA polymerase II promoter in response to hypoxia (GO:0061418),GO_Biological_Process_2021,2/75,0.0033358476303402,0.0635699346023383,0,0,25.967384213959555,148.09273146071038,PSMD7;PSMD2
regulation of hematopoietic progenitor cell differentiation (GO:1901532),GO_Biological_Process_2021,2/75,0.0033358476303402,0.0635699346023383,0,0,25.967384213959555,148.09273146071038,PSMD7;PSMD2
antigen processing and presentation of exogenous peptide antigen via MHC class I (GO:0042590),GO_Biological_Process_2021,2/78,0.0036023817908896,0.0635699346023383,0,0,24.93859649122807,140.3085351250561,PSMD7;PSMD2
mRNA 3'-end processing (GO:0031124),GO_Biological_Process_2021,2/79,0.0036933732314508,0.0635699346023383,0,0,24.6134817563389,137.8654052747509,APP;SRSF1
negative regulation of cellular component organization (GO:0051129),GO_Biological_Process_2021,2/80,0.0037854340886344,0.0635699346023383,0,0,24.296703296703296,135.49286712603902,HSPA5;XRCC5
anaphase-promoting complex-dependent catabolic process (GO:0031145),GO_Biological_Process_2021,2/84,0.0041643245266368,0.0635699346023383,0,0,23.1068524970964,126.65330751964044,PSMD7;PSMD2
"Wnt signaling pathway, planar cell polarity pathway (GO:0060071)",GO_Biological_Process_2021,2/85,0.004261697129685,0.0635699346023383,0,0,22.82730923694779,124.5934582992268,PSMD7;PSMD2
regulation of transcription from RNA polymerase II promoter in response to stress (GO:0043618),GO_Biological_Process_2021,2/87,0.0044596059176455,0.0635699346023383,0,0,22.287955182072828,120.63790081333988,PSMD7;PSMD2
regulation of establishment of planar polarity (GO:0090175),GO_Biological_Process_2021,2/88,0.004560137427208,0.0635699346023383,0,0,22.027685492801773,118.73809135413664,PSMD7;PSMD2
SCF-dependent proteasomal ubiquitin-dependent protein catabolic process (GO:0031146),GO_Biological_Process_2021,2/89,0.004661717237599,0.0635699346023383,0,0,21.773399014778324,116.88769239503544,PSMD7;PSMD2
regulation of stem cell differentiation (GO:2000736),GO_Biological_Process_2021,2/91,0.0048680124483489,0.0635699346023383,0,0,21.281968967362225,113.32796484150646,PSMD7;PSMD2
negative regulation of mitotic cell cycle phase transition (GO:1901991),GO_Biological_Process_2021,2/92,0.0049727232024433,0.0635699346023383,0,0,21.044444444444444,111.61526477440044,PSMD7;PSMD2
interleukin-1-mediated signaling pathway (GO:0070498),GO_Biological_Process_2021,2/94,0.0051852594222442,0.0635699346023383,0,0,20.58488612836439,108.3163411335794,PSMD7;PSMD2
regulation of cell cycle phase transition (GO:1901987),GO_Biological_Process_2021,2/95,0.0052930802620267,0.0635699346023383,0,0,20.36251920122888,106.72719024813,PSMD7;PSMD2
cellular protein modification process (GO:0006464),GO_Biological_Process_2021,5/1025,0.005440263096182,0.0635699346023383,0,0,5.162581699346405,26.91732853117541,APP;VCAN;PSMD7;PSMD2;MGAT1
proteasome-mediated ubiquitin-dependent protein catabolic process (GO:0043161),GO_Biological_Process_2021,3/321,0.0057173026532491,0.0635699346023383,0,0,9.27311320754717,47.88875044801701,PSMD7;HSPA5;PSMD2
axon choice point recognition (GO:0016198),GO_Biological_Process_2021,1/5,0.0057372891133286,0.0635699346023383,0,0,226.9659090909091,1171.3185051583378,APP
negative regulation of IRE1-mediated unfolded protein response (GO:1903895),GO_Biological_Process_2021,1/5,0.0057372891133286,0.0635699346023383,0,0,226.9659090909091,1171.3185051583378,HSPA5
response to indole-3-methanol (GO:0071680),GO_Biological_Process_2021,1/5,0.0057372891133286,0.0635699346023383,0,0,226.9659090909091,1171.3185051583378,CTNNA1
cellular response to indole-3-methanol (GO:0071681),GO_Biological_Process_2021,1/5,0.0057372891133286,0.0635699346023383,0,0,226.9659090909091,1171.3185051583378,CTNNA1
mRNA export from nucleus (GO:0006406),GO_Biological_Process_2021,2/107,0.0066667760218244,0.0635699346023383,0,0,18.024489795918367,90.31384907129232,SRSF1;IWS1
positive regulation of autophagosome maturation (GO:1901098),GO_Biological_Process_2021,1/6,0.0068809683244201,0.0635699346023383,0,0,181.5636363636364,904.0045996114618,CALCOCO2
regulation of ribonucleoprotein complex localization (GO:2000197),GO_Biological_Process_2021,1/6,0.0068809683244201,0.0635699346023383,0,0,181.5636363636364,904.0045996114618,IWS1
negative regulation of cellular response to hypoxia (GO:1900038),GO_Biological_Process_2021,1/6,0.0068809683244201,0.0635699346023383,0,0,181.5636363636364,904.0045996114618,HYOU1
regulation of t-circle formation (GO:1904429),GO_Biological_Process_2021,1/6,0.0068809683244201,0.0635699346023383,0,0,181.5636363636364,904.0045996114618,XRCC5
axo-dendritic transport (GO:0008088),GO_Biological_Process_2021,1/6,0.0068809683244201,0.0635699346023383,0,0,181.5636363636364,904.0045996114618,APP
cellular response to X-ray (GO:0071481),GO_Biological_Process_2021,1/6,0.0068809683244201,0.0635699346023383,0,0,181.5636363636364,904.0045996114618,XRCC5
regulation of mRNA export from nucleus (GO:0010793),GO_Biological_Process_2021,1/6,0.0068809683244201,0.0635699346023383,0,0,181.5636363636364,904.0045996114618,IWS1
mRNA 5'-splice site recognition (GO:0000395),GO_Biological_Process_2021,1/6,0.0068809683244201,0.0635699346023383,0,0,181.5636363636364,904.0045996114618,SRSF1
response to endoplasmic reticulum stress (GO:0034976),GO_Biological_Process_2021,2/110,0.0070329584813138,0.0635699346023383,0,0,17.521164021164022,86.85500012045658,HSPA5;HYOU1
Fc-epsilon receptor signaling pathway (GO:0038095),GO_Biological_Process_2021,2/111,0.007157018094183,0.0635699346023383,0,0,17.359545653123636,85.75028543163849,PSMD7;PSMD2
Fc receptor signaling pathway (GO:0038093),GO_Biological_Process_2021,2/112,0.0072820733492794,0.0635699346023383,0,0,17.200865800865802,84.66850385939397,PSMD7;PSMD2
cellular response to lectin (GO:1990858),GO_Biological_Process_2021,2/115,0.0076631905064974,0.0635699346023383,0,0,16.74167720185419,81.5541819476721,PSMD7;PSMD2
stimulatory C-type lectin receptor signaling pathway (GO:0002223),GO_Biological_Process_2021,2/115,0.0076631905064974,0.0635699346023383,0,0,16.74167720185419,81.5541819476721,PSMD7;PSMD2
positive regulation of protein metabolic process (GO:0051247),GO_Biological_Process_2021,2/115,0.0076631905064974,0.0635699346023383,0,0,16.74167720185419,81.5541819476721,NSF;APP
tumor necrosis factor-mediated signaling pathway (GO:0033209),GO_Biological_Process_2021,2/116,0.007792205888935,0.0635699346023383,0,0,16.593984962406015,80.55767862217884,PSMD7;PSMD2
negative regulation of low-density lipoprotein receptor activity (GO:1905598),GO_Biological_Process_2021,1/7,0.0080233898041786,0.0635699346023383,0,0,151.29545454545453,730.0602205833903,APP
"posttranslational protein targeting to membrane, translocation (GO:0031204)",GO_Biological_Process_2021,1/7,0.0080233898041786,0.0635699346023383,0,0,151.29545454545453,730.0602205833903,HSPA5
innate immune response activating cell surface receptor signaling pathway (GO:0002220),GO_Biological_Process_2021,2/119,0.0081851497526784,0.0636279565679907,0,0,16.166056166056165,77.684912265853,PSMD7;PSMD2
regulation of mRNA catabolic process (GO:0061013),GO_Biological_Process_2021,2/122,0.0085868934651246,0.0655148168079877,0,0,15.75952380952381,74.97622219656569,PSMD7;PSMD2
non-canonical Wnt signaling pathway (GO:0035567),GO_Biological_Process_2021,2/124,0.0088595818473312,0.066194989259229,0,0,15.49960967993755,73.25511876869098,PSMD7;PSMD2
platelet degranulation (GO:0002576),GO_Biological_Process_2021,2/125,0.008997377180866,0.066194989259229,0,0,15.372822299651569,72.41863208109412,APP;ANXA5
negative regulation of long-term synaptic potentiation (GO:1900272),GO_Biological_Process_2021,1/8,0.0091645547457302,0.0662420448287868,0,0,129.67532467532467,608.4900471331728,APP
DNA-dependent DNA replication (GO:0006261),GO_Biological_Process_2021,2/129,0.0095581814434899,0.0666120039228055,0,0,14.885639295088112,69.22354873825937,PSMD7;PSMD2
positive regulation of canonical Wnt signaling pathway (GO:0090263),GO_Biological_Process_2021,2/130,0.0097007772703114,0.0666120039228055,0,0,14.76860119047619,68.46057840427018,PSMD7;PSMD2
regulation of primary metabolic process (GO:0080090),GO_Biological_Process_2021,2/130,0.0097007772703114,0.0666120039228055,0,0,14.76860119047619,68.46057840427018,PSMD7;PSMD2
ATF6-mediated unfolded protein response (GO:0036500),GO_Biological_Process_2021,1/9,0.0103044643785071,0.0671905124152466,0,0,113.46022727272728,519.1007405544717,HSPA5
regulation of histone H4 acetylation (GO:0090239),GO_Biological_Process_2021,1/9,0.0103044643785071,0.0671905124152466,0,0,113.46022727272728,519.1007405544717,IWS1
regulation of PERK-mediated unfolded protein response (GO:1903897),GO_Biological_Process_2021,1/9,0.0103044643785071,0.0671905124152466,0,0,113.46022727272728,519.1007405544717,HSPA5
ribonucleoprotein complex assembly (GO:0022618),GO_Biological_Process_2021,2/136,0.0105763000351582,0.0671905124152466,0,0,14.103056147832268,64.15677158163794,XRCC5;SRSF1
regulation of endoplasmic reticulum unfolded protein response (GO:1900101),GO_Biological_Process_2021,1/10,0.0114431199495764,0.0671905124152466,0,0,100.84848484848484,450.8296990682604,HSPA5
ionotropic glutamate receptor signaling pathway (GO:0035235),GO_Biological_Process_2021,1/10,0.0114431199495764,0.0671905124152466,0,0,100.84848484848484,450.8296990682604,APP
neuron projection maintenance (GO:1990535),GO_Biological_Process_2021,1/10,0.0114431199495764,0.0671905124152466,0,0,100.84848484848484,450.8296990682604,APP
neuron remodeling (GO:0016322),GO_Biological_Process_2021,1/10,0.0114431199495764,0.0671905124152466,0,0,100.84848484848484,450.8296990682604,APP
positive regulation of receptor recycling (GO:0001921),GO_Biological_Process_2021,1/10,0.0114431199495764,0.0671905124152466,0,0,100.84848484848484,450.8296990682604,NSF
protein-DNA complex assembly (GO:0065004),GO_Biological_Process_2021,2/143,0.0116405029651342,0.0671905124152466,0,0,13.398176291793312,59.66562455391273,PSMD7;PSMD2
regulation of mRNA stability (GO:0043488),GO_Biological_Process_2021,2/146,0.0121105141609918,0.0671905124152466,0,0,13.117063492063492,57.89453738363223,PSMD7;PSMD2
regulation of long-term neuronal synaptic plasticity (GO:0048169),GO_Biological_Process_2021,1/11,0.0125805227255512,0.0671905124152466,0,0,90.75909090909092,397.1259752205777,APP
positive regulation of transcription from RNA polymerase II promoter in response to endoplasmic reticulum stress (GO:1990440),GO_Biological_Process_2021,1/11,0.0125805227255512,0.0671905124152466,0,0,90.75909090909092,397.1259752205777,HSPA5
PERK-mediated unfolded protein response (GO:0036499),GO_Biological_Process_2021,1/11,0.0125805227255512,0.0671905124152466,0,0,90.75909090909092,397.1259752205777,HSPA5
regulation of G2/M transition of mitotic cell cycle (GO:0010389),GO_Biological_Process_2021,2/149,0.012588796477888,0.0671905124152466,0,0,12.847424684159378,56.20681529957356,PSMD7;PSMD2
response to cytokine (GO:0034097),GO_Biological_Process_2021,2/150,0.0127500520169001,0.0671905124152466,0,0,12.75997425997426,55.66181399289476,APP;CALCOCO2
positive regulation of Wnt signaling pathway (GO:0030177),GO_Biological_Process_2021,2/153,0.013239273263516,0.0671905124152466,0,0,12.504572690003153,54.07687015015004,PSMD7;PSMD2
cellular response to interleukin-1 (GO:0071347),GO_Biological_Process_2021,2/155,0.0135699451738065,0.0671905124152466,0,0,12.339869281045752,53.06017733400719,PSMD7;PSMD2
regulation of RNA export from nucleus (GO:0046831),GO_Biological_Process_2021,1/12,0.013716673976595,0.0671905124152466,0,0,82.50413223140495,353.872030109198,IWS1
maintenance of protein localization in endoplasmic reticulum (GO:0035437),GO_Biological_Process_2021,1/12,0.013716673976595,0.0671905124152466,0,0,82.50413223140495,353.872030109198,HSPA5
dermatan sulfate biosynthetic process (GO:0030208),GO_Biological_Process_2021,1/12,0.013716673976595,0.0671905124152466,0,0,82.50413223140495,353.872030109198,VCAN
posttranslational protein targeting to endoplasmic reticulum membrane (GO:0006620),GO_Biological_Process_2021,1/12,0.013716673976595,0.0671905124152466,0,0,82.50413223140495,353.872030109198,HSPA5
T cell receptor signaling pathway (GO:0050852),GO_Biological_Process_2021,2/158,0.0140726975688952,0.0671905124152466,0,0,12.1007326007326,51.59169974343487,PSMD7;PSMD2
alpha-linolenic acid metabolic process (GO:0036109),GO_Biological_Process_2021,1/13,0.0148515749863377,0.0671905124152466,0,0,75.625,318.3547328251434,HSD17B4
negative regulation of endoplasmic reticulum unfolded protein response (GO:1900102),GO_Biological_Process_2021,1/13,0.0148515749863377,0.0671905124152466,0,0,75.625,318.3547328251434,HSPA5
regulation of autophagosome maturation (GO:1901096),GO_Biological_Process_2021,1/13,0.0148515749863377,0.0671905124152466,0,0,75.625,318.3547328251434,CALCOCO2
chondroitin sulfate catabolic process (GO:0030207),GO_Biological_Process_2021,1/13,0.0148515749863377,0.0671905124152466,0,0,75.625,318.3547328251434,VCAN
transport along microtubule (GO:0010970),GO_Biological_Process_2021,1/13,0.0148515749863377,0.0671905124152466,0,0,75.625,318.3547328251434,APP
dermatan sulfate metabolic process (GO:0030205),GO_Biological_Process_2021,1/13,0.0148515749863377,0.0671905124152466,0,0,75.625,318.3547328251434,VCAN
regulation of mRNA metabolic process (GO:1903311),GO_Biological_Process_2021,1/13,0.0148515749863377,0.0671905124152466,0,0,75.625,318.3547328251434,IWS1
negative regulation of canonical Wnt signaling pathway (GO:0090090),GO_Biological_Process_2021,2/165,0.0152769681111971,0.0671905124152466,0,0,11.576979257960852,48.40808453240121,PSMD7;PSMD2
response to X-ray (GO:0010165),GO_Biological_Process_2021,1/14,0.015985227036696,0.0671905124152466,0,0,69.8041958041958,288.7164567086745,XRCC5
positive regulation of long-term synaptic potentiation (GO:1900273),GO_Biological_Process_2021,1/14,0.015985227036696,0.0671905124152466,0,0,69.8041958041958,288.7164567086745,APP
positive regulation of lymphocyte migration (GO:2000403),GO_Biological_Process_2021,1/14,0.015985227036696,0.0671905124152466,0,0,69.8041958041958,288.7164567086745,APP
cellular copper ion homeostasis (GO:0006878),GO_Biological_Process_2021,1/14,0.015985227036696,0.0671905124152466,0,0,69.8041958041958,288.7164567086745,APP
positive regulation of protein-containing complex disassembly (GO:0043243),GO_Biological_Process_2021,1/14,0.015985227036696,0.0671905124152466,0,0,69.8041958041958,288.7164567086745,CALCOCO2
regulation of IRE1-mediated unfolded protein response (GO:1903894),GO_Biological_Process_2021,1/14,0.015985227036696,0.0671905124152466,0,0,69.8041958041958,288.7164567086745,HSPA5
fatty acid beta-oxidation using acyl-CoA oxidase (GO:0033540),GO_Biological_Process_2021,1/15,0.0171176314186799,0.0671905124152466,0,0,64.81493506493507,263.6442288281798,HSD17B4
anterograde synaptic vesicle transport (GO:0048490),GO_Biological_Process_2021,1/15,0.0171176314186799,0.0671905124152466,0,0,64.81493506493507,263.6442288281798,AP3B1
regulation of amyloid fibril formation (GO:1905906),GO_Biological_Process_2021,1/15,0.0171176314186799,0.0671905124152466,0,0,64.81493506493507,263.6442288281798,APP
integrated stress response signaling (GO:0140467),GO_Biological_Process_2021,1/15,0.0171176314186799,0.0671905124152466,0,0,64.81493506493507,263.6442288281798,HSPA5
synaptic vesicle transport along microtubule (GO:0099517),GO_Biological_Process_2021,1/15,0.0171176314186799,0.0671905124152466,0,0,64.81493506493507,263.6442288281798,AP3B1
dermatan sulfate proteoglycan biosynthetic process (GO:0050651),GO_Biological_Process_2021,1/15,0.0171176314186799,0.0671905124152466,0,0,64.81493506493507,263.6442288281798,VCAN
"protein localization to chromosome, telomeric region (GO:0070198)",GO_Biological_Process_2021,1/15,0.0171176314186799,0.0671905124152466,0,0,64.81493506493507,263.6442288281798,XRCC5
neutrophil degranulation (GO:0043312),GO_Biological_Process_2021,3/481,0.017123795639808,0.0671905124152466,0,0,6.118933054393305,24.887452123276702,PSMD7;XRCC5;PSMD2
neutrophil activation involved in immune response (GO:0002283),GO_Biological_Process_2021,3/485,0.0175032035355638,0.0677342454107194,0,0,6.066908713692946,24.542898727600804,PSMD7;XRCC5;PSMD2
neutrophil mediated immunity (GO:0002446),GO_Biological_Process_2021,3/488,0.0177908727043402,0.0677342454107194,0,0,6.028453608247423,24.289059907175115,PSMD7;XRCC5;PSMD2
regulated exocytosis (GO:0045055),GO_Biological_Process_2021,2/180,0.0180017006118915,0.0677342454107194,0,0,10.593365436062063,42.55661093832957,APP;ANXA5
neuron projection organization (GO:0106027),GO_Biological_Process_2021,1/16,0.0182487894189074,0.0677342454107194,0,0,60.49090909090909,242.18482345145705,APP
"mRNA cis splicing, via spliceosome (GO:0045292)",GO_Biological_Process_2021,1/16,0.0182487894189074,0.0677342454107194,0,0,60.49090909090909,242.18482345145705,SRSF1
protein localization to endoplasmic reticulum (GO:0070972),GO_Biological_Process_2021,1/16,0.0182487894189074,0.0677342454107194,0,0,60.49090909090909,242.18482345145705,HSPA5
antigen receptor-mediated signaling pathway (GO:0050851),GO_Biological_Process_2021,2/185,0.0189527067868114,0.0681373954864216,0,0,10.301327088212334,40.85309072652796,PSMD7;PSMD2
endoplasmic reticulum to Golgi vesicle-mediated transport (GO:0006888),GO_Biological_Process_2021,2/185,0.0189527067868114,0.0681373954864216,0,0,10.301327088212334,40.85309072652796,NSF;HYOU1
regulation of receptor recycling (GO:0001919),GO_Biological_Process_2021,1/17,0.0193787023349683,0.0681373954864216,0,0,56.70738636363637,223.63015065372352,NSF
ribosomal small subunit assembly (GO:0000028),GO_Biological_Process_2021,1/17,0.0193787023349683,0.0681373954864216,0,0,56.70738636363637,223.63015065372352,XRCC5
cellular response to gamma radiation (GO:0071480),GO_Biological_Process_2021,1/17,0.0193787023349683,0.0681373954864216,0,0,56.70738636363637,223.63015065372352,XRCC5
copper ion homeostasis (GO:0055070),GO_Biological_Process_2021,1/17,0.0193787023349683,0.0681373954864216,0,0,56.70738636363637,223.63015065372352,APP
regulation of mitotic cell cycle phase transition (GO:1901990),GO_Biological_Process_2021,2/188,0.0195333873542059,0.0681373954864216,0,0,10.133640552995391,39.8822608386582,PSMD7;PSMD2
negative regulation of Wnt signaling pathway (GO:0030178),GO_Biological_Process_2021,2/191,0.0201215595221628,0.0681373954864216,0,0,9.971277399848828,38.94744483144349,PSMD7;PSMD2
"alternative mRNA splicing, via spliceosome (GO:0000380)",GO_Biological_Process_2021,1/18,0.0205073714570783,0.0681373954864216,0,0,53.36898395721925,207.44368622737056,SRSF1
neuron maturation (GO:0042551),GO_Biological_Process_2021,1/18,0.0205073714570783,0.0681373954864216,0,0,53.36898395721925,207.44368622737056,APP
regulation of multicellular organism growth (GO:0040014),GO_Biological_Process_2021,1/18,0.0205073714570783,0.0681373954864216,0,0,53.36898395721925,207.44368622737056,APP
regulation of presynapse assembly (GO:1905606),GO_Biological_Process_2021,1/18,0.0205073714570783,0.0681373954864216,0,0,53.36898395721925,207.44368622737056,APP
regulation of presynapse organization (GO:0099174),GO_Biological_Process_2021,1/18,0.0205073714570783,0.0681373954864216,0,0,53.36898395721925,207.44368622737056,APP
cellular response to tumor necrosis factor (GO:0071356),GO_Biological_Process_2021,2/194,0.0207171695537746,0.0682837908492411,0,0,9.813988095238097,38.04679520196789,PSMD7;PSMD2
negative regulation of protein localization to nucleus (GO:1900181),GO_Biological_Process_2021,1/19,0.0216347980764043,0.0696370063084264,0,0,50.40151515151515,193.21180108339516,CTNNA1
maintenance of protein localization in organelle (GO:0072595),GO_Biological_Process_2021,1/19,0.0216347980764043,0.0696370063084264,0,0,50.40151515151515,193.21180108339516,HSPA5
regulation of nervous system process (GO:0031644),GO_Biological_Process_2021,1/19,0.0216347980764043,0.0696370063084264,0,0,50.40151515151515,193.21180108339516,APP
regulation of T cell migration (GO:2000404),GO_Biological_Process_2021,1/20,0.0227609834903901,0.0707985808992931,0,0,47.74641148325359,180.6107068727385,APP
positive regulation of nitrogen compound metabolic process (GO:0051173),GO_Biological_Process_2021,1/20,0.0227609834903901,0.0707985808992931,0,0,47.74641148325359,180.6107068727385,APP
myeloid cell development (GO:0061515),GO_Biological_Process_2021,1/20,0.0227609834903901,0.0707985808992931,0,0,47.74641148325359,180.6107068727385,APP
proteasomal protein catabolic process (GO:0010498),GO_Biological_Process_2021,2/205,0.0229638463586823,0.0707985808992931,0,0,9.2770349519118,35.009991750409284,PSMD7;PSMD2
purinergic nucleotide receptor signaling pathway (GO:0035590),GO_Biological_Process_2021,1/21,0.0238859289927226,0.0707985808992931,0,0,45.35681818181818,169.38348350725923,APP
androgen metabolic process (GO:0008209),GO_Biological_Process_2021,1/21,0.0238859289927226,0.0707985808992931,0,0,45.35681818181818,169.38348350725923,HSD17B4
positive regulation of glycolytic process (GO:0045821),GO_Biological_Process_2021,1/21,0.0238859289927226,0.0707985808992931,0,0,45.35681818181818,169.38348350725923,APP
neuron apoptotic process (GO:0051402),GO_Biological_Process_2021,1/21,0.0238859289927226,0.0707985808992931,0,0,45.35681818181818,169.38348350725923,APP
positive regulation of purine nucleotide metabolic process (GO:1900544),GO_Biological_Process_2021,1/21,0.0238859289927226,0.0707985808992931,0,0,45.35681818181818,169.38348350725923,APP
chondroitin sulfate biosynthetic process (GO:0030206),GO_Biological_Process_2021,1/21,0.0238859289927226,0.0707985808992931,0,0,45.35681818181818,169.38348350725923,VCAN
poly(A)+ mRNA export from nucleus (GO:0016973),GO_Biological_Process_2021,1/21,0.0238859289927226,0.0707985808992931,0,0,45.35681818181818,169.38348350725923,IWS1
fatty-acyl-CoA metabolic process (GO:0035337),GO_Biological_Process_2021,1/22,0.0250096358786987,0.0725631688874921,0,0,43.1948051948052,159.3237838191313,HSD17B4
regulation of chromosome organization (GO:0033044),GO_Biological_Process_2021,1/22,0.0250096358786987,0.0725631688874921,0,0,43.1948051948052,159.3237838191313,XRCC5
microglial cell activation (GO:0001774),GO_Biological_Process_2021,1/22,0.0250096358786987,0.0725631688874921,0,0,43.1948051948052,159.3237838191313,APP
extracellular structure organization (GO:0043062),GO_Biological_Process_2021,2/216,0.0253071976036033,0.0729130448439482,0,0,8.795282599020917,32.337320304503685,APP;VCAN
external encapsulating structure organization (GO:0045229),GO_Biological_Process_2021,2/217,0.0255249343860901,0.0730296733824246,0,0,8.753931339977852,32.11029104435425,APP;VCAN
positive regulation of carbohydrate metabolic process (GO:0045913),GO_Biological_Process_2021,1/24,0.0272533389718204,0.0763835078665987,0,0,39.43478260869565,142.06692893534887,APP
response to gamma radiation (GO:0010332),GO_Biological_Process_2021,1/24,0.0272533389718204,0.0763835078665987,0,0,39.43478260869565,142.06692893534887,XRCC5
positive regulation of transcription from RNA polymerase II promoter in response to stress (GO:0036003),GO_Biological_Process_2021,1/24,0.0272533389718204,0.0763835078665987,0,0,39.43478260869565,142.06692893534887,HSPA5
positive regulation of peptidyl-threonine phosphorylation (GO:0010800),GO_Biological_Process_2021,1/25,0.0283733377644313,0.0773691420714583,0,0,37.78977272727273,134.6187109177605,APP
positive regulation of T cell migration (GO:2000406),GO_Biological_Process_2021,1/25,0.0283733377644313,0.0773691420714583,0,0,37.78977272727273,134.6187109177605,APP
regulation of telomere maintenance (GO:0032204),GO_Biological_Process_2021,1/26,0.0294921031126646,0.0773691420714583,0,0,36.276363636363634,127.82458269039886,XRCC5
glial cell development (GO:0021782),GO_Biological_Process_2021,1/26,0.0294921031126646,0.0773691420714583,0,0,36.276363636363634,127.82458269039886,APP
RNA polyadenylation (GO:0043631),GO_Biological_Process_2021,1/26,0.0294921031126646,0.0773691420714583,0,0,36.276363636363634,127.82458269039886,APP
negative regulation of receptor-mediated endocytosis (GO:0048261),GO_Biological_Process_2021,1/26,0.0294921031126646,0.0773691420714583,0,0,36.276363636363634,127.82458269039886,APP
chaperone cofactor-dependent protein refolding (GO:0051085),GO_Biological_Process_2021,1/26,0.0294921031126646,0.0773691420714583,0,0,36.276363636363634,127.82458269039886,HSPA5
mRNA polyadenylation (GO:0006378),GO_Biological_Process_2021,1/26,0.0294921031126646,0.0773691420714583,0,0,36.276363636363634,127.82458269039886,APP
bile acid biosynthetic process (GO:0006699),GO_Biological_Process_2021,1/27,0.0306096363049701,0.0773691420714583,0,0,34.87937062937063,121.60484715637172,HSD17B4
regulation of epidermal growth factor-activated receptor activity (GO:0007176),GO_Biological_Process_2021,1/27,0.0306096363049701,0.0773691420714583,0,0,34.87937062937063,121.60484715637172,APP
positive regulation of mitotic cell cycle (GO:0045931),GO_Biological_Process_2021,1/27,0.0306096363049701,0.0773691420714583,0,0,34.87937062937063,121.60484715637172,APP
positive regulation of muscle cell differentiation (GO:0051149),GO_Biological_Process_2021,1/27,0.0306096363049701,0.0773691420714583,0,0,34.87937062937063,121.60484715637172,CTNNA1
cellular response to unfolded protein (GO:0034620),GO_Biological_Process_2021,1/27,0.0306096363049701,0.0773691420714583,0,0,34.87937062937063,121.60484715637172,HSPA5
chondroitin sulfate proteoglycan biosynthetic process (GO:0050650),GO_Biological_Process_2021,1/27,0.0306096363049701,0.0773691420714583,0,0,34.87937062937063,121.60484715637172,VCAN
melanosome organization (GO:0032438),GO_Biological_Process_2021,1/27,0.0306096363049701,0.0773691420714583,0,0,34.87937062937063,121.60484715637172,AP3B1
modulation of excitatory postsynaptic potential (GO:0098815),GO_Biological_Process_2021,1/27,0.0306096363049701,0.0773691420714583,0,0,34.87937062937063,121.60484715637172,APP
regulation of neuronal synaptic plasticity (GO:0048168),GO_Biological_Process_2021,1/29,0.0328410113902878,0.0808635873701425,0,0,32.38474025974026,110.62877274373584,APP
"RNA splicing, via transesterification reactions with bulged adenosine as nucleophile (GO:0000377)",GO_Biological_Process_2021,2/251,0.0333773051479213,0.0808635873701425,0,0,7.545611015490533,25.654165162220696,MFAP1;SRSF1
regulation of canonical Wnt signaling pathway (GO:0060828),GO_Biological_Process_2021,2/253,0.0338655717347815,0.0808635873701425,0,0,7.48472775564409,25.33847073808991,PSMD7;PSMD2
protein N-linked glycosylation via asparagine (GO:0018279),GO_Biological_Process_2021,1/30,0.0339548558617346,0.0808635873701425,0,0,31.266457680250785,105.76577819907342,MGAT1
estrogen metabolic process (GO:0008210),GO_Biological_Process_2021,1/30,0.0339548558617346,0.0808635873701425,0,0,31.266457680250785,105.76577819907342,HSD17B4
Golgi to plasma membrane protein transport (GO:0043001),GO_Biological_Process_2021,1/30,0.0339548558617346,0.0808635873701425,0,0,31.266457680250785,105.76577819907342,NSF
positive regulation of phosphate metabolic process (GO:0045937),GO_Biological_Process_2021,1/30,0.0339548558617346,0.0808635873701425,0,0,31.266457680250785,105.76577819907342,APP
chondroitin sulfate metabolic process (GO:0030204),GO_Biological_Process_2021,1/30,0.0339548558617346,0.0808635873701425,0,0,31.266457680250785,105.76577819907342,VCAN
regulation of long-term synaptic potentiation (GO:1900271),GO_Biological_Process_2021,1/30,0.0339548558617346,0.0808635873701425,0,0,31.266457680250785,105.76577819907342,APP
mRNA splice site selection (GO:0006376),GO_Biological_Process_2021,1/30,0.0339548558617346,0.0808635873701425,0,0,31.266457680250785,105.76577819907342,SRSF1
'de novo' posttranslational protein folding (GO:0051084),GO_Biological_Process_2021,1/31,0.0350674733320936,0.0820897671183101,0,0,30.222727272727276,101.2606814695486,HSPA5
regulation of developmental growth (GO:0048638),GO_Biological_Process_2021,1/31,0.0350674733320936,0.0820897671183101,0,0,30.222727272727276,101.2606814695486,APP
peptidyl-asparagine modification (GO:0018196),GO_Biological_Process_2021,1/31,0.0350674733320936,0.0820897671183101,0,0,30.222727272727276,101.2606814695486,MGAT1
regulation of cellular amide metabolic process (GO:0034248),GO_Biological_Process_2021,1/32,0.0361788650960567,0.0827589772669721,0,0,29.24633431085044,97.07677745812856,APP
intra-Golgi vesicle-mediated transport (GO:0006891),GO_Biological_Process_2021,1/32,0.0361788650960567,0.0827589772669721,0,0,29.24633431085044,97.07677745812856,NSF
cellular response to topologically incorrect protein (GO:0035967),GO_Biological_Process_2021,1/32,0.0361788650960567,0.0827589772669721,0,0,29.24633431085044,97.07677745812856,HSPA5
regulation of NMDA receptor activity (GO:2000310),GO_Biological_Process_2021,1/32,0.0361788650960567,0.0827589772669721,0,0,29.24633431085044,97.07677745812856,APP
positive regulation of ATP metabolic process (GO:1903580),GO_Biological_Process_2021,1/33,0.0372890324289426,0.0827589772669721,0,0,28.33096590909091,93.1821343249523,APP
bile acid metabolic process (GO:0008206),GO_Biological_Process_2021,1/33,0.0372890324289426,0.0827589772669721,0,0,28.33096590909091,93.1821343249523,HSD17B4
positive regulation of organelle organization (GO:0010638),GO_Biological_Process_2021,1/33,0.0372890324289426,0.0827589772669721,0,0,28.33096590909091,93.1821343249523,CALCOCO2
regulation of histone acetylation (GO:0035065),GO_Biological_Process_2021,1/33,0.0372890324289426,0.0827589772669721,0,0,28.33096590909091,93.1821343249523,IWS1
positive regulation of telomere maintenance via telomerase (GO:0032212),GO_Biological_Process_2021,1/33,0.0372890324289426,0.0827589772669721,0,0,28.33096590909091,93.1821343249523,XRCC5
protein deubiquitination (GO:0016579),GO_Biological_Process_2021,2/267,0.0373620625525651,0.0827589772669721,0,0,7.084276729559749,23.28672220964491,PSMD7;PSMD2
positive regulation of telomerase activity (GO:0051973),GO_Biological_Process_2021,1/34,0.0383979766224181,0.0832449089400233,0,0,27.47107438016529,89.54884880069255,XRCC5
protein insertion into membrane (GO:0051205),GO_Biological_Process_2021,1/34,0.0383979766224181,0.0832449089400233,0,0,27.47107438016529,89.54884880069255,APP
protein localization to chromosome (GO:0034502),GO_Biological_Process_2021,1/34,0.0383979766224181,0.0832449089400233,0,0,27.47107438016529,89.54884880069255,XRCC5
"mRNA splicing, via spliceosome (GO:0000398)",GO_Biological_Process_2021,2/274,0.0391609046930771,0.0832449089400233,0,0,6.8995098039215685,22.354938605118065,MFAP1;SRSF1
cellular response to amyloid-beta (GO:1904646),GO_Biological_Process_2021,1/35,0.0395056989616672,0.0832449089400233,0,0,26.66176470588235,86.15243597600474,APP
regulation of muscle cell differentiation (GO:0051147),GO_Biological_Process_2021,1/35,0.0395056989616672,0.0832449089400233,0,0,26.66176470588235,86.15243597600474,CTNNA1
protein modification by small protein removal (GO:0070646),GO_Biological_Process_2021,2/276,0.0396809337978034,0.0832449089400233,0,0,6.848453249913104,22.09916739205189,PSMD7;PSMD2
establishment of protein localization to plasma membrane (GO:0061951),GO_Biological_Process_2021,1/36,0.0406122007207395,0.0832449089400233,0,0,25.898701298701297,82.97132611919092,NSF
negative regulation of cellular protein localization (GO:1903828),GO_Biological_Process_2021,1/36,0.0406122007207395,0.0832449089400233,0,0,25.898701298701297,82.97132611919092,CTNNA1
negative regulation of DNA metabolic process (GO:0051053),GO_Biological_Process_2021,1/36,0.0406122007207395,0.0832449089400233,0,0,25.898701298701297,82.97132611919092,XRCC5
axonal transport (GO:0098930),GO_Biological_Process_2021,1/36,0.0406122007207395,0.0832449089400233,0,0,25.898701298701297,82.97132611919092,AP3B1
macrophage activation (GO:0042116),GO_Biological_Process_2021,1/36,0.0406122007207395,0.0832449089400233,0,0,25.898701298701297,82.97132611919092,APP
membrane fusion (GO:0061025),GO_Biological_Process_2021,1/36,0.0406122007207395,0.0832449089400233,0,0,25.898701298701297,82.97132611919092,NSF
positive regulation of telomere maintenance via telomere lengthening (GO:1904358),GO_Biological_Process_2021,1/36,0.0406122007207395,0.0832449089400233,0,0,25.898701298701297,82.97132611919092,XRCC5
regulation of mRNA processing (GO:0050684),GO_Biological_Process_2021,1/36,0.0406122007207395,0.0832449089400233,0,0,25.898701298701297,82.97132611919092,IWS1
anterograde axonal transport (GO:0008089),GO_Biological_Process_2021,1/37,0.0417174831924768,0.0842529562514728,0,0,25.178030303030305,79.98644731441095,AP3B1
glutamate receptor signaling pathway (GO:0007215),GO_Biological_Process_2021,1/37,0.0417174831924768,0.0842529562514728,0,0,25.178030303030305,79.98644731441095,APP
protein insertion into ER membrane (GO:0045048),GO_Biological_Process_2021,1/37,0.0417174831924768,0.0842529562514728,0,0,25.178030303030305,79.98644731441095,APP
positive regulation of signaling (GO:0023056),GO_Biological_Process_2021,1/38,0.0428215476525957,0.0860608665018022,0,0,24.496314496314497,77.18087743724719,NSF
regulation of protein tyrosine kinase activity (GO:0061097),GO_Biological_Process_2021,1/39,0.043924395374042,0.087424400454615,0,0,23.85047846889952,74.53955237955424,APP
regulation of peptidyl-threonine phosphorylation (GO:0010799),GO_Biological_Process_2021,1/39,0.043924395374042,0.087424400454615,0,0,23.85047846889952,74.53955237955424,APP
positive regulation of catalytic activity (GO:0043085),GO_Biological_Process_2021,1/40,0.0450260276423818,0.088759442051011,0,0,23.23776223776224,72.04902026138872,XRCC5
sulfur compound catabolic process (GO:0044273),GO_Biological_Process_2021,1/40,0.0450260276423818,0.088759442051011,0,0,23.23776223776224,72.04902026138872,VCAN
extracellular matrix organization (GO:0030198),GO_Biological_Process_2021,2/300,0.0461259345762886,0.0900658059025161,0,0,6.289229785874081,19.34806019414666,APP;VCAN
mRNA processing (GO:0006397),GO_Biological_Process_2021,2/300,0.0461259345762886,0.0900658059025161,0,0,6.289229785874081,19.34806019414666,MFAP1;SRSF1
innate immune response (GO:0045087),GO_Biological_Process_2021,2/302,0.0466796594967694,0.0907170741163631,0,0,6.246666666666667,19.14257746497207,APP;CALCOCO2
MAPK cascade (GO:0000165),GO_Biological_Process_2021,2/303,0.0469574593504236,0.0908285129219461,0,0,6.225597215630438,19.0410713076126,PSMD7;PSMD2
regulation of chemokine production (GO:0032642),GO_Biological_Process_2021,1/42,0.047225650914242,0.0909204120405033,0,0,22.1019955654102,67.473371719961,APP
cellular response to glucose starvation (GO:0042149),GO_Biological_Process_2021,1/43,0.0483236444741315,0.0926015884806614,0,0,21.57467532467533,65.36769140672365,HSPA5
response to amyloid-beta (GO:1904645),GO_Biological_Process_2021,1/44,0.04942042767551,0.0934000743225236,0,0,21.071881606765327,63.37139604360823,APP
intracellular protein transmembrane transport (GO:0065002),GO_Biological_Process_2021,1/44,0.04942042767551,0.0934000743225236,0,0,21.071881606765327,63.37139604360823,HSPA5
mitotic spindle assembly (GO:0090307),GO_Biological_Process_2021,1/44,0.04942042767551,0.0934000743225236,0,0,21.071881606765327,63.37139604360823,STAG1
protein polyubiquitination (GO:0000209),GO_Biological_Process_2021,2/314,0.0500539931727486,0.0941655031377737,0,0,6.002747252747253,17.976145025054272,PSMD7;PSMD2
regulation of telomerase activity (GO:0051972),GO_Biological_Process_2021,1/46,0.0516103681028748,0.0953518908447732,0,0,20.133333333333333,59.67585824831113,XRCC5
regulation of DNA metabolic process (GO:0051052),GO_Biological_Process_2021,1/46,0.0516103681028748,0.0953518908447732,0,0,20.133333333333333,59.67585824831113,XRCC5
spliceosomal complex assembly (GO:0000245),GO_Biological_Process_2021,1/46,0.0516103681028748,0.0953518908447732,0,0,20.133333333333333,59.67585824831113,SRSF1
posttranscriptional regulation of gene expression (GO:0010608),GO_Biological_Process_2021,1/46,0.0516103681028748,0.0953518908447732,0,0,20.133333333333333,59.67585824831113,APP
regulation of synapse assembly (GO:0051963),GO_Biological_Process_2021,1/47,0.0527035278621339,0.0958183386978448,0,0,19.694664031620555,57.96283165755778,APP
telomere organization (GO:0032200),GO_Biological_Process_2021,1/47,0.0527035278621339,0.0958183386978448,0,0,19.694664031620555,57.96283165755778,XRCC5
regulation of protein localization to nucleus (GO:1900180),GO_Biological_Process_2021,1/47,0.0527035278621339,0.0958183386978448,0,0,19.694664031620555,57.96283165755778,CTNNA1
Golgi to plasma membrane transport (GO:0006893),GO_Biological_Process_2021,1/48,0.0537954823572277,0.0958183386978448,0,0,19.27466150870406,56.33146626969103,NSF
cellular response to alcohol (GO:0097306),GO_Biological_Process_2021,1/48,0.0537954823572277,0.0958183386978448,0,0,19.27466150870406,56.33146626969103,CTNNA1
cellular response to ionizing radiation (GO:0071479),GO_Biological_Process_2021,1/48,0.0537954823572277,0.0958183386978448,0,0,19.27466150870406,56.33146626969103,XRCC5
cognition (GO:0050890),GO_Biological_Process_2021,1/48,0.0537954823572277,0.0958183386978448,0,0,19.27466150870406,56.33146626969103,APP
regulation of protein metabolic process (GO:0051246),GO_Biological_Process_2021,1/48,0.0537954823572277,0.0958183386978448,0,0,19.27466150870406,56.33146626969103,APP
cellular protein localization (GO:0034613),GO_Biological_Process_2021,2/329,0.0543940228936918,0.0958183386978448,0,0,5.723023154215815,16.662587661901092,NSF;AP3B1
adherens junction organization (GO:0034332),GO_Biological_Process_2021,1/49,0.0548862328463382,0.0958183386978448,0,0,18.87215909090909,54.77630455586824,CTNNA1
regulation of smooth muscle cell proliferation (GO:0048660),GO_Biological_Process_2021,1/49,0.0548862328463382,0.0958183386978448,0,0,18.87215909090909,54.77630455586824,XRCC5
regulation of cellular protein metabolic process (GO:0032268),GO_Biological_Process_2021,1/49,0.0548862328463382,0.0958183386978448,0,0,18.87215909090909,54.77630455586824,APP
response to unfolded protein (GO:0006986),GO_Biological_Process_2021,1/49,0.0548862328463382,0.0958183386978448,0,0,18.87215909090909,54.77630455586824,HSPA5
organic hydroxy compound biosynthetic process (GO:1901617),GO_Biological_Process_2021,1/50,0.0559757805878795,0.0972301068018526,0,0,18.4860853432282,53.29235549319145,HSD17B4
positive regulation of cytokine production (GO:0001819),GO_Biological_Process_2021,2/335,0.05616690635641,0.0972301068018526,0,0,5.618189618189618,16.177169969951386,APP;XRCC5
intracellular protein transport (GO:0006886),GO_Biological_Process_2021,2/336,0.0564643944803894,0.0973361109871149,0,0,5.601083547191331,16.098326415512613,NSF;AP3B1
fatty acid beta-oxidation (GO:0006635),GO_Biological_Process_2021,1/52,0.0581512729120791,0.0985939277357062,0,0,17.759358288770052,50.52017989878981,HSD17B4
regulation of telomere maintenance via telomerase (GO:0032210),GO_Biological_Process_2021,1/52,0.0581512729120791,0.0985939277357062,0,0,17.759358288770052,50.52017989878981,XRCC5
negative regulation of protein-containing complex assembly (GO:0031333),GO_Biological_Process_2021,1/52,0.0581512729120791,0.0985939277357062,0,0,17.759358288770052,50.52017989878981,HSPA5
regulation of exocytosis (GO:0017157),GO_Biological_Process_2021,1/52,0.0581512729120791,0.0985939277357062,0,0,17.759358288770052,50.52017989878981,NSF
positive regulation of chemokine production (GO:0032722),GO_Biological_Process_2021,1/53,0.0592372200228126,0.0992103034528407,0,0,17.416958041958043,49.22389770074136,APP
positive regulation of macroautophagy (GO:0016239),GO_Biological_Process_2021,1/53,0.0592372200228126,0.0992103034528407,0,0,17.416958041958043,49.22389770074136,CALCOCO2
positive regulation of NIK/NF-kappaB signaling (GO:1901224),GO_Biological_Process_2021,1/53,0.0592372200228126,0.0992103034528407,0,0,17.416958041958043,49.22389770074136,APP
unsaturated fatty acid metabolic process (GO:0033559),GO_Biological_Process_2021,1/54,0.0603219694450494,0.1006180219083415,0,0,17.087478559176674,47.98264634686218,HSD17B4
ubiquitin-dependent protein catabolic process (GO:0006511),GO_Biological_Process_2021,2/354,0.0619150314934904,0.1025697476732091,0,0,5.309794372294372,14.771807024633306,PSMD7;PSMD2
glycosaminoglycan catabolic process (GO:0006027),GO_Biological_Process_2021,1/56,0.0624878802572221,0.1025697476732091,0,0,16.464462809917354,45.65237693498055,VCAN
positive regulation of interleukin-1 beta production (GO:0032731),GO_Biological_Process_2021,1/56,0.0624878802572221,0.1025697476732091,0,0,16.464462809917354,45.65237693498055,APP
telomere maintenance (GO:0000723),GO_Biological_Process_2021,1/56,0.0624878802572221,0.1025697476732091,0,0,16.464462809917354,45.65237693498055,XRCC5
cellular response to peptide (GO:1901653),GO_Biological_Process_2021,1/57,0.0635690441677429,0.1039303420520242,0,0,16.169642857142858,44.55753118287091,APP
positive regulation of protein binding (GO:0032092),GO_Biological_Process_2021,1/58,0.0646490154275843,0.1048637573077352,0,0,15.885167464114833,43.50601712183945,APP
regulation of neurotransmitter receptor activity (GO:0099601),GO_Biological_Process_2021,1/58,0.0646490154275843,0.1048637573077352,0,0,15.885167464114833,43.50601712183945,APP
regulation of secretion by cell (GO:1903530),GO_Biological_Process_2021,1/59,0.0657277952904182,0.1053690726056509,0,0,15.61050156739812,42.4954284324617,NSF
fatty acid oxidation (GO:0019395),GO_Biological_Process_2021,1/59,0.0657277952904182,0.1053690726056509,0,0,15.61050156739812,42.4954284324617,HSD17B4
selective autophagy (GO:0061912),GO_Biological_Process_2021,1/59,0.0657277952904182,0.1053690726056509,0,0,15.61050156739812,42.4954284324617,CALCOCO2
protein transport (GO:0015031),GO_Biological_Process_2021,2/369,0.0665916379109913,0.1062695699572554,0,0,5.088880238743999,13.786673564394098,NSF;AP3B1
apical junction assembly (GO:0043297),GO_Biological_Process_2021,1/60,0.0668053849974009,0.1062695699572554,0,0,15.345146379044683,41.52353011470704,CTNNA1
positive regulation of protein phosphorylation (GO:0001934),GO_Biological_Process_2021,2/371,0.0672241164250337,0.1065243691042843,0,0,5.060782036391792,13.662710777338171,APP;XRCC5
positive regulation of DNA biosynthetic process (GO:2000573),GO_Biological_Process_2021,1/61,0.0678817858220214,0.1071543898799725,0,0,15.088636363636365,40.58824366962844,XRCC5
positive regulation of interleukin-1 production (GO:0032732),GO_Biological_Process_2021,1/62,0.0689569990042958,0.1076596366613586,0,0,14.84053651266766,39.68763380584956,APP
double-strand break repair via nonhomologous end joining (GO:0006303),GO_Biological_Process_2021,1/62,0.0689569990042958,0.1076596366613586,0,0,14.84053651266766,39.68763380584956,XRCC5
amyloid fibril formation (GO:1990000),GO_Biological_Process_2021,1/63,0.0700310257894274,0.1076596366613586,0,0,14.600439882697946,38.819896447204,APP
COPII vesicle coating (GO:0048208),GO_Biological_Process_2021,1/63,0.0700310257894274,0.1076596366613586,0,0,14.600439882697946,38.819896447204,NSF
vesicle coating (GO:0006901),GO_Biological_Process_2021,1/63,0.0700310257894274,0.1076596366613586,0,0,14.600439882697946,38.819896447204,NSF
"vesicle targeting, rough ER to cis-Golgi (GO:0048207)",GO_Biological_Process_2021,1/63,0.0700310257894274,0.1076596366613586,0,0,14.600439882697946,38.819896447204,NSF
monocarboxylic acid biosynthetic process (GO:0072330),GO_Biological_Process_2021,1/63,0.0700310257894274,0.1076596366613586,0,0,14.600439882697946,38.819896447204,HSD17B4
negative regulation of programmed cell death (GO:0043069),GO_Biological_Process_2021,2/381,0.0704172255069383,0.1078509178767977,0,0,4.924739288855384,13.066896274455074,HSPA5;ANXA5
negative regulation of intrinsic apoptotic signaling pathway (GO:2001243),GO_Biological_Process_2021,1/64,0.0711038674321035,0.108098868568364,0,0,14.367965367965368,37.98334792390798,HYOU1
plasma membrane organization (GO:0007009),GO_Biological_Process_2021,1/64,0.0711038674321035,0.108098868568364,0,0,14.367965367965368,37.98334792390798,NSF
positive regulation of macromolecule metabolic process (GO:0010604),GO_Biological_Process_2021,2/384,0.0713849975796081,0.1081272757455829,0,0,4.8853153826975815,12.89560848549872,NSF;APP
steroid biosynthetic process (GO:0006694),GO_Biological_Process_2021,1/65,0.0721755251798537,0.1089242358025631,0,0,14.142755681818182,37.17641521130676,HSD17B4
positive regulation of cell cycle (GO:0045787),GO_Biological_Process_2021,1/66,0.0732460002885256,0.1097358258868092,0,0,13.924475524475524,36.39762709015897,APP
cell-cell junction assembly (GO:0007043),GO_Biological_Process_2021,1/66,0.0732460002885256,0.1097358258868092,0,0,13.924475524475524,36.39762709015897,CTNNA1
protein N-linked glycosylation (GO:0006487),GO_Biological_Process_2021,1/67,0.0743152939821416,0.1101363349663393,0,0,13.712809917355372,35.64560614515663,MGAT1
positive regulation of catabolic process (GO:0009896),GO_Biological_Process_2021,1/67,0.0743152939821416,0.1101363349663393,0,0,13.712809917355372,35.64560614515663,NSF
transcription elongation from RNA polymerase II promoter (GO:0006368),GO_Biological_Process_2021,1/67,0.0743152939821416,0.1101363349663393,0,0,13.712809917355372,35.64560614515663,IWS1
RNA 3'-end processing (GO:0031123),GO_Biological_Process_2021,1/69,0.0764503421503532,0.1120908931172439,0,0,13.308155080213904,34.216782125997526,SRSF1
cellular response to decreased oxygen levels (GO:0036294),GO_Biological_Process_2021,1/69,0.0764503421503532,0.1120908931172439,0,0,13.308155080213904,34.216782125997526,HYOU1
"DNA-templated transcription, elongation (GO:0006354)",GO_Biological_Process_2021,1/69,0.0764503421503532,0.1120908931172439,0,0,13.308155080213904,34.216782125997526,IWS1
fatty acid catabolic process (GO:0009062),GO_Biological_Process_2021,1/70,0.0775160991028361,0.1128502926868145,0,0,13.114624505928854,33.537631008181485,HSD17B4
COPII-coated vesicle budding (GO:0090114),GO_Biological_Process_2021,1/70,0.0775160991028361,0.1128502926868145,0,0,13.114624505928854,33.537631008181485,NSF
regulation of glycolytic process (GO:0006110),GO_Biological_Process_2021,1/71,0.0785806796212511,0.1139973239575896,0,0,12.926623376623375,32.88053947172483,APP
cell junction organization (GO:0034330),GO_Biological_Process_2021,1/72,0.0796440849468236,0.115055371349778,0,0,12.74391805377721,32.24450226836904,APP
positive regulation of JNK cascade (GO:0046330),GO_Biological_Process_2021,1/73,0.0807063163108879,0.115055371349778,0,0,12.56628787878788,31.62857298179009,APP
positive regulation of synaptic transmission (GO:0050806),GO_Biological_Process_2021,1/73,0.0807063163108879,0.115055371349778,0,0,12.56628787878788,31.62857298179009,APP
ubiquitin-dependent ERAD pathway (GO:0030433),GO_Biological_Process_2021,1/73,0.0807063163108879,0.115055371349778,0,0,12.56628787878788,31.62857298179009,HSPA5
endoplasmic reticulum organization (GO:0007029),GO_Biological_Process_2021,1/73,0.0807063163108879,0.115055371349778,0,0,12.56628787878788,31.62857298179009,APP
mitotic nuclear division (GO:0140014),GO_Biological_Process_2021,1/74,0.0817673749589197,0.1161660637347411,0,0,12.393524283935244,31.031859834177094,STAG1
cellular protein metabolic process (GO:0044267),GO_Biological_Process_2021,2/417,0.0823170718960511,0.1165451327188078,0,0,4.489271371199082,11.21050412790629,APP;VCAN
positive regulation of interleukin-6 production (GO:0032755),GO_Biological_Process_2021,1/76,0.0838859790374924,0.1175545012362138,0,0,12.061818181818182,29.892765337545285,APP
cell morphogenesis involved in neuron differentiation (GO:0048667),GO_Biological_Process_2021,1/76,0.0838859790374924,0.1175545012362138,0,0,12.061818181818182,29.892765337545285,APP
RNA transport (GO:0050658),GO_Biological_Process_2021,1/76,0.0838859790374924,0.1175545012362138,0,0,12.061818181818182,29.892765337545285,SRSF1
positive regulation of tumor necrosis factor production (GO:0032760),GO_Biological_Process_2021,1/77,0.0849435269348037,0.1182322064092538,0,0,11.902511961722489,29.348840640770707,APP
positive regulation of type I interferon production (GO:0032481),GO_Biological_Process_2021,1/77,0.0849435269348037,0.1182322064092538,0,0,11.902511961722489,29.348840640770707,XRCC5
axon development (GO:0061564),GO_Biological_Process_2021,1/79,0.0870551206102123,0.1207633322943013,0,0,11.596153846153848,28.30869068849647,APP
response to interferon-gamma (GO:0034341),GO_Biological_Process_2021,1/80,0.0881091688442,0.1214079517184295,0,0,11.4487917146145,27.811160725540127,CALCOCO2
regulation of NIK/NF-kappaB signaling (GO:1901222),GO_Biological_Process_2021,1/80,0.0881091688442,0.1214079517184295,0,0,11.4487917146145,27.811160725540127,APP
positive regulation of tumor necrosis factor superfamily cytokine production (GO:1903557),GO_Biological_Process_2021,1/81,0.0891620529898079,0.1224492194393361,0,0,11.305113636363636,27.32784830837951,APP
cell-cell junction organization (GO:0045216),GO_Biological_Process_2021,1/82,0.090213774262221,0.1234819767310134,0,0,11.164983164983164,26.85818378402261,CTNNA1
glycoprotein biosynthetic process (GO:0009101),GO_Biological_Process_2021,1/83,0.0912643338868601,0.1236871893466657,0,0,11.028270509977826,26.401626832424128,MGAT1
long-chain fatty acid metabolic process (GO:0001676),GO_Biological_Process_2021,1/83,0.0912643338868601,0.1236871893466657,0,0,11.028270509977826,26.401626832424128,HSD17B4
regulation of interleukin-1 beta production (GO:0032651),GO_Biological_Process_2021,1/83,0.0912643338868601,0.1236871893466657,0,0,11.028270509977826,26.401626832424128,APP
spindle assembly (GO:0051225),GO_Biological_Process_2021,1/84,0.0923137330775272,0.1242916929017687,0,0,10.894852135815992,25.9576646289328,STAG1
nuclear export (GO:0051168),GO_Biological_Process_2021,1/84,0.0923137330775272,0.1242916929017687,0,0,10.894852135815992,25.9576646289328,SRSF1
"retrograde vesicle-mediated transport, Golgi to endoplasmic reticulum (GO:0006890)",GO_Biological_Process_2021,1/85,0.0933619730924317,0.1248867951755905,0,0,10.76461038961039,25.52581013311219,NSF
positive regulation of protein catabolic process (GO:0045732),GO_Biological_Process_2021,1/85,0.0933619730924317,0.1248867951755905,0,0,10.76461038961039,25.52581013311219,NSF
response to interleukin-1 (GO:0070555),GO_Biological_Process_2021,1/86,0.0944090551290999,0.1258787401721331,0,0,10.637433155080211,25.105600520866265,APP
ERAD pathway (GO:0036503),GO_Biological_Process_2021,1/87,0.0954549804193163,0.1268627481701881,0,0,10.513213530655392,24.696595706742745,HSPA5
regulation of type I interferon production (GO:0032479),GO_Biological_Process_2021,1/89,0.097543365599777,0.1279868363920641,0,0,10.273243801652892,23.910545778237577,XRCC5
regulation of cation channel activity (GO:2001257),GO_Biological_Process_2021,1/89,0.097543365599777,0.1279868363920641,0,0,10.273243801652892,23.910545778237577,APP
positive regulation of inflammatory response (GO:0050729),GO_Biological_Process_2021,1/89,0.097543365599777,0.1279868363920641,0,0,10.273243801652892,23.910545778237577,APP
post-Golgi vesicle-mediated transport (GO:0006892),GO_Biological_Process_2021,1/89,0.097543365599777,0.1279868363920641,0,0,10.273243801652892,23.910545778237577,APP
positive regulation of binding (GO:0051099),GO_Biological_Process_2021,1/90,0.0985858279282814,0.1289440035125458,0,0,10.157303370786517,23.53272242311733,APP
positive regulation of supramolecular fiber organization (GO:1902905),GO_Biological_Process_2021,1/91,0.0996271383895574,0.1298936108117014,0,0,10.043939393939391,23.16454510995958,APP
regulation of peptidyl-tyrosine phosphorylation (GO:0050730),GO_Biological_Process_2021,1/92,0.1006672981685322,0.1308357313736128,0,0,9.933066933066932,22.80566884833423,APP
positive regulation of peptidyl-serine phosphorylation (GO:0033138),GO_Biological_Process_2021,1/93,0.1017063085022199,0.1317704374305491,0,0,9.824604743083004,22.45576450741648,APP
mRNA metabolic process (GO:0016071),GO_Biological_Process_2021,1/95,0.1037808856581245,0.1340367551446624,0,0,9.61460348162476,21.78162912260091,SRSF1
regulation of vesicle-mediated transport (GO:0060627),GO_Biological_Process_2021,1/96,0.104816454902684,0.1345307770090524,0,0,9.51291866028708,21.456811429654763,NSF
cellular transition metal ion homeostasis (GO:0046916),GO_Biological_Process_2021,1/96,0.104816454902684,0.1345307770090524,0,0,9.51291866028708,21.456811429654763,APP
glycosaminoglycan biosynthetic process (GO:0006024),GO_Biological_Process_2021,1/97,0.1058508795289652,0.1354365290867505,0,0,9.413352272727272,21.139790857950924,VCAN
negative regulation of apoptotic process (GO:0043066),GO_Biological_Process_2021,2/485,0.1063367502875895,0.1354962284152734,0,0,3.843833185448093,8.614584952936836,HSPA5;ANXA5
positive regulation of defense response (GO:0031349),GO_Biological_Process_2021,1/98,0.1068841607644753,0.1354962284152734,0,0,9.315838800374882,20.8303053683161,APP
regulation of peptidyl-serine phosphorylation (GO:0033135),GO_Biological_Process_2021,1/98,0.1068841607644753,0.1354962284152734,0,0,9.315838800374882,20.8303053683161,APP
positive regulation of stress-activated MAPK cascade (GO:0032874),GO_Biological_Process_2021,1/99,0.1079162997886252,0.1359679373483596,0,0,9.220315398886829,20.528104250379776,APP
mRNA-containing ribonucleoprotein complex export from nucleus (GO:0071427),GO_Biological_Process_2021,1/99,0.1079162997886252,0.1359679373483596,0,0,9.220315398886829,20.528104250379776,SRSF1
regulation of protein catabolic process (GO:0042176),GO_Biological_Process_2021,1/102,0.1110058757517839,0.1394342097857773,0,0,8.945094509450945,19.66285757943244,NSF
cellular response to organonitrogen compound (GO:0071417),GO_Biological_Process_2021,1/103,0.1120334580167763,0.1402972179419813,0,0,8.856951871657754,19.387493175186865,CTNNA1
steroid metabolic process (GO:0008202),GO_Biological_Process_2021,1/104,0.1130599041103922,0.1407271314002465,0,0,8.770520741394527,19.118309794948487,HSD17B4
mRNA transport (GO:0051028),GO_Biological_Process_2021,1/104,0.1130599041103922,0.1407271314002465,0,0,8.770520741394527,19.118309794948487,SRSF1
positive regulation of cellular metabolic process (GO:0031325),GO_Biological_Process_2021,1/105,0.1140852152224879,0.1411504764914865,0,0,8.685751748251748,18.855113346734395,NSF
regulation of JNK cascade (GO:0046328),GO_Biological_Process_2021,1/105,0.1140852152224879,0.1411504764914865,0,0,8.685751748251748,18.855113346734395,APP
RNA export from nucleus (GO:0006405),GO_Biological_Process_2021,1/106,0.1151093925447775,0.1419912267318813,0,0,8.602597402597402,18.59771757676144,SRSF1
modulation of chemical synaptic transmission (GO:0050804),GO_Biological_Process_2021,1/109,0.1181751337488235,0.1453377764313889,0,0,8.362373737373737,17.85858141355622,APP
regulation of interleukin-6 production (GO:0032675),GO_Biological_Process_2021,1/110,0.1191947878833988,0.1457218178277754,0,0,8.285237698081735,17.62266952343559,APP
regulation of protein kinase activity (GO:0045859),GO_Biological_Process_2021,1/110,0.1191947878833988,0.1457218178277754,0,0,8.285237698081735,17.62266952343559,XRCC5
regulation of Wnt signaling pathway (GO:0030111),GO_Biological_Process_2021,1/111,0.1202133141804672,0.146532205450747,0,0,8.209504132231405,17.391731853500882,APP
protein ubiquitination (GO:0016567),GO_Biological_Process_2021,2/525,0.121273612159544,0.1473885787897703,0,0,3.5425657834835653,7.473772390352861,PSMD7;PSMD2
sulfur compound biosynthetic process (GO:0044272),GO_Biological_Process_2021,1/113,0.122246988120224,0.1481345856045067,0,0,8.062094155844155,16.944198323174863,VCAN
positive regulation of kinase activity (GO:0033674),GO_Biological_Process_2021,1/114,0.1232621381330373,0.1489266888880099,0,0,7.990345937248592,16.72732567625456,XRCC5
regulation of protein-containing complex assembly (GO:0043254),GO_Biological_Process_2021,1/116,0.1252890701471288,0.1509330318731493,0,0,7.8505928853754945,16.30671495628141,HSPA5
regulation of protein binding (GO:0043393),GO_Biological_Process_2021,1/118,0.1273115194081633,0.1529222915340037,0,0,7.715617715617715,15.902800771228389,APP
regulation of tumor necrosis factor production (GO:0032680),GO_Biological_Process_2021,1/124,0.1333520651461152,0.1597123570936031,0,0,7.337028824833703,14.78237084448453,APP
regulation of phosphorylation (GO:0042325),GO_Biological_Process_2021,1/125,0.134354926532257,0.160447042699391,0,0,7.277492668621701,14.607894711747354,APP
synapse organization (GO:0050808),GO_Biological_Process_2021,1/126,0.1353566777937671,0.1611761596850638,0,0,7.218909090909091,14.436677066560293,APP
plasma membrane bounded cell projection organization (GO:0120036),GO_Biological_Process_2021,1/128,0.1373568548353667,0.1630865250494844,0,0,7.104509663564782,14.103680477408885,APP
protein glycosylation (GO:0006486),GO_Biological_Process_2021,1/130,0.1393526055876227,0.1649806709830475,0,0,6.993657505285412,13.782735331854797,MGAT1
positive regulation of response to external stimulus (GO:0032103),GO_Biological_Process_2021,1/139,0.1482789593013432,0.175045648229666,0,0,6.534584980237154,12.472300440344007,APP
neuron projection morphogenesis (GO:0048812),GO_Biological_Process_2021,1/140,0.1492652920740199,0.1757065723842748,0,0,6.4872465663832575,12.33893805698733,APP
positive regulation of cellular catabolic process (GO:0031331),GO_Biological_Process_2021,1/141,0.1502505322473789,0.1763624481080345,0,0,6.440584415584415,12.20781322195773,APP
protein localization to organelle (GO:0033365),GO_Biological_Process_2021,1/142,0.1512346809413265,0.1770133197381435,0,0,6.394584139264991,12.078873668454536,APP
receptor-mediated endocytosis (GO:0006898),GO_Biological_Process_2021,1/143,0.1522177393641853,0.1771573689775264,0,0,6.349231754161331,11.95206869552785,HYOU1
neuron development (GO:0048666),GO_Biological_Process_2021,1/143,0.1522177393641853,0.1771573689775264,0,0,6.349231754161331,11.95206869552785,APP
positive regulation of transferase activity (GO:0051347),GO_Biological_Process_2021,1/148,0.1571167172354541,0.1823439084535411,0,0,6.131725417439704,11.348390934851706,XRCC5
cytokine-mediated signaling pathway (GO:0019221),GO_Biological_Process_2021,2/621,0.1590436421474715,0.1835751014214117,0,0,2.9783829525348104,5.475985308130113,PSMD7;PSMD2
cellular response to organic cyclic compound (GO:0071407),GO_Biological_Process_2021,1/150,0.1590687165229223,0.1835751014214117,0,0,6.048810250152532,11.120247635233367,CTNNA1
positive regulation of protein kinase activity (GO:0045860),GO_Biological_Process_2021,1/154,0.1629597509524996,0.1875402720458933,0,0,5.889483065953654,10.685006639498438,XRCC5
positive regulation of NF-kappaB transcription factor activity (GO:0051092),GO_Biological_Process_2021,1/155,0.163929815349397,0.1881311529915085,0,0,5.850944510035419,10.580361826426786,APP
mitotic spindle organization (GO:0007052),GO_Biological_Process_2021,1/157,0.1658667190910358,0.1898252451819632,0,0,5.77534965034965,10.375824022762574,STAG1
skeletal system development (GO:0001501),GO_Biological_Process_2021,1/158,0.1668335606946207,0.1898768701828279,0,0,5.738274464389114,10.27586438121692,VCAN
cellular response to starvation (GO:0009267),GO_Biological_Process_2021,1/158,0.1668335606946207,0.1898768701828279,0,0,5.738274464389114,10.27586438121692,HSPA5
double-strand break repair (GO:0006302),GO_Biological_Process_2021,1/164,0.1726121381777813,0.1959123992541209,0,0,5.52537646402677,9.706474017159984,XRCC5
neuron projection development (GO:0031175),GO_Biological_Process_2021,1/171,0.1793053621916948,0.2029500253378524,0,0,5.295989304812834,9.102031419165993,APP
positive regulation of ERK1 and ERK2 cascade (GO:0070374),GO_Biological_Process_2021,1/172,0.1802572987357565,0.2034685125455662,0,0,5.264752791068581,9.0204695493575,APP
regulation of translation (GO:0006417),GO_Biological_Process_2021,1/178,0.1859467767313647,0.2093171366484214,0,0,5.084745762711864,8.554041319435186,APP
RNA processing (GO:0006396),GO_Biological_Process_2021,1/179,0.1868913432693421,0.2098071755503241,0,0,5.055924412665986,8.479937399462528,SRSF1
negative regulation of macromolecule metabolic process (GO:0010605),GO_Biological_Process_2021,1/194,0.2009346526396095,0.2249594480639107,0,0,4.659444182760245,7.477362031326383,APP
regulation of signal transduction (GO:0009966),GO_Biological_Process_2021,1/198,0.2046401712881441,0.2284871289179279,0,0,4.56391324411629,7.240657964857908,APP
regulation of macromolecule metabolic process (GO:0060255),GO_Biological_Process_2021,1/200,0.2064867613185778,0.2299257990898759,0,0,4.517587939698492,7.126580711797677,APP
regulation of apoptotic process (GO:0042981),GO_Biological_Process_2021,2/742,0.2093731465485587,0.232511418808642,0,0,2.475804375804376,3.871259893103389,HSPA5;ANXA5
regulation of inflammatory response (GO:0050727),GO_Biological_Process_2021,1/206,0.2120019586943508,0.2347978682313777,0,0,4.384035476718403,6.800339440819973,APP
regulation of cell population proliferation (GO:0042127),GO_Biological_Process_2021,2/764,0.2187383328446333,0.2415802123671674,0,0,2.4015748031496065,3.6501033281411774,APP;XRCC5
positive regulation of protein modification process (GO:0031401),GO_Biological_Process_2021,1/214,0.2192985422944675,0.2415802123671674,0,0,4.217669654289373,6.399559879089191,APP
positive regulation of cell motility (GO:2000147),GO_Biological_Process_2021,1/221,0.2256299991066613,0.2472328713615544,0,0,4.08202479338843,6.077558508656151,HSPA5
"transcription, DNA-templated (GO:0006351)",GO_Biological_Process_2021,1/221,0.2256299991066613,0.2472328713615544,0,0,4.08202479338843,6.077558508656151,IWS1
apoptotic process (GO:0006915),GO_Biological_Process_2021,1/231,0.2345897975356937,0.2563686912061163,0,0,3.9025691699604734,5.658400729418156,APP
regulation of ERK1 and ERK2 cascade (GO:0070372),GO_Biological_Process_2021,1/238,0.2408025630104484,0.2624620528050391,0,0,3.785960874568469,5.390367506285645,APP
axonogenesis (GO:0007409),GO_Biological_Process_2021,1/240,0.2425687603639768,0.263689523139732,0,0,3.753898820844428,5.317285291389026,APP
positive regulation of DNA-binding transcription factor activity (GO:0051091),GO_Biological_Process_2021,1/246,0.2478438019926275,0.268714859002533,0,0,3.660853432282004,5.106731517584393,APP
positive regulation of phosphorylation (GO:0042327),GO_Biological_Process_2021,1/253,0.2539536062450693,0.2746164980917809,0,0,3.557900432900433,4.876471430765644,APP
positive regulation of cell differentiation (GO:0045597),GO_Biological_Process_2021,1/258,0.2582886564688896,0.2785731059297971,0,0,3.4877962504421647,4.721351294697295,CTNNA1
regulation of protein phosphorylation (GO:0001932),GO_Biological_Process_2021,1/266,0.2651746608827328,0.2852531600096238,0,0,3.3811320754716983,4.488001693967901,APP
protein-containing complex assembly (GO:0065003),GO_Biological_Process_2021,1/267,0.2660310994435866,0.2854292004446815,0,0,3.36825017088175,4.46004172604083,NSF
central nervous system development (GO:0007417),GO_Biological_Process_2021,1/268,0.2668865831633556,0.2856033045800065,0,0,3.355464759959142,4.432339075038441,VCAN
positive regulation of cell migration (GO:0030335),GO_Biological_Process_2021,1/269,0.2677411130489655,0.2857754885393103,0,0,3.342774762550882,4.404890504251362,HSPA5
positive regulation of MAPK cascade (GO:0043410),GO_Biological_Process_2021,1/274,0.2719994908104836,0.2895705173486285,0,0,3.2807192807192807,4.271349149032607,APP
DNA metabolic process (GO:0006259),GO_Biological_Process_2021,1/277,0.2745431365730978,0.2915251862580317,0,0,3.244565217391304,4.194077119470456,XRCC5
regulation of cell cycle (GO:0051726),GO_Biological_Process_2021,1/296,0.2904565640308829,0.3076300883823232,0,0,3.0326656394453004,3.749288276231164,HBP1
DNA repair (GO:0006281),GO_Biological_Process_2021,1/298,0.2921121023395041,0.3085902209330146,0,0,3.011937557392103,3.70654348348756,XRCC5
transcription by RNA polymerase II (GO:0006366),GO_Biological_Process_2021,1/320,0.3100808643322098,0.3267348237976226,0,0,2.801082929609575,3.279850082217363,IWS1
negative regulation of gene expression (GO:0010629),GO_Biological_Process_2021,1/322,0.3116925763084136,0.3275952587731286,0,0,2.7833474936278675,3.2446536880117733,APP
cellular response to DNA damage stimulus (GO:0006974),GO_Biological_Process_2021,1/350,0.3338818327416735,0.3499506164001808,0,0,2.556394894503777,2.8042837596666863,XRCC5
supramolecular fiber organization (GO:0097435),GO_Biological_Process_2021,1/351,0.3346615118001729,0.3499506164001808,0,0,2.548961038961039,2.790183675973552,APP
gene expression (GO:0010467),GO_Biological_Process_2021,1/356,0.3385468311536208,0.3531172011020045,0,0,2.5124199743918054,2.721184103296973,SRSF1
negative regulation of cell population proliferation (GO:0008285),GO_Biological_Process_2021,1/379,0.3561414872286763,0.3705310422682188,0,0,2.356782106782106,2.4332059304249696,APP
phosphorylation (GO:0016310),GO_Biological_Process_2021,1/400,0.371814470587013,0.3858628762766987,0,0,2.2303485987696514,2.206618323320324,APP
regulation of cell migration (GO:0030334),GO_Biological_Process_2021,1/408,0.37768859306904,0.3909741214684535,0,0,2.185615367433549,2.128101447093284,HSPA5
nervous system development (GO:0007399),GO_Biological_Process_2021,1/447,0.4055804975363792,0.41879489971175,0,0,1.9905218100285365,1.7963183627163757,VCAN
negative regulation of nucleic acid-templated transcription (GO:1903507),GO_Biological_Process_2021,1/464,0.4173606160552116,0.4298814345368679,0,0,1.9157667386609072,1.6740058734319418,XRCC5
regulation of cellular macromolecule biosynthetic process (GO:2000112),GO_Biological_Process_2021,1/468,0.42009977650176,0.4316237105205115,0,0,1.898968269417948,1.6469049805623424,APP
positive regulation of gene expression (GO:0010628),GO_Biological_Process_2021,1/482,0.4295901626680832,0.4402764851225131,0,0,1.8423738423738425,1.5566652036823418,APP
protein phosphorylation (GO:0006468),GO_Biological_Process_2021,1/496,0.4389318799639992,0.4487343288961978,0,0,1.7889807162534437,1.4730664879821194,APP
positive regulation of intracellular signal transduction (GO:1902533),GO_Biological_Process_2021,1/546,0.4711149516796026,0.479893773481218,0,0,1.6206839032527105,1.2198128546218148,APP
negative regulation of cellular macromolecule biosynthetic process (GO:2000113),GO_Biological_Process_2021,1/547,0.4717402384948866,0.479893773481218,0,0,1.6176323676323676,1.2153705294211592,XRCC5
negative regulation of cellular process (GO:0048523),GO_Biological_Process_2021,1/566,0.4834871955331234,0.4906323265015933,0,0,1.561705551086082,1.1349389737039814,APP
positive regulation of transcription by RNA polymerase II (GO:0045944),GO_Biological_Process_2021,1/908,0.6567326707913229,0.6648006397199632,0,0,0.9556981056429787,0.4018502546357021,APP
"negative regulation of transcription, DNA-templated (GO:0045892)",GO_Biological_Process_2021,1/948,0.6729073066223018,0.6795044370793831,0,0,0.9134107708553326,0.3618455672968785,XRCC5
regulation of gene expression (GO:0010468),GO_Biological_Process_2021,1/1079,0.7209307534193696,0.7262187540556975,0,0,0.7968881767583066,0.2607515244851601,APP
regulation of transcription by RNA polymerase II (GO:0006357),GO_Biological_Process_2021,2/2206,0.7382174577502976,0.7418185185198112,0,0,0.7679975801572898,0.2331001983395204,APP;HBP1
"regulation of transcription, DNA-templated (GO:0006355)",GO_Biological_Process_2021,2/2244,0.7472039652155935,0.7490219797295001,0,0,0.7533664670149951,0.219543859991971,XRCC5;HBP1
"positive regulation of transcription, DNA-templated (GO:0045893)",GO_Biological_Process_2021,1/1183,0.7541755759447436,0.7541755759447436,0,0,0.722773419473927,0.2039161217463089,APP
endoplasmic reticulum lumen (GO:0005788),GO_Cellular_Component_2021,4/285,0.00028871016896458784,0.0069201625964102,0,0,14.756321408503466,120.2653069480276,APP;VCAN;HSPA5;HYOU1
cytoplasmic vesicle lumen (GO:0060205),GO_Cellular_Component_2021,3/115,0.0003015659569960703,0.0069201625964102,0,0,26.604910714285715,215.6732887691064,PSMD7;XRCC5;PSMD2
intracellular organelle lumen (GO:0070013),GO_Cellular_Component_2021,6/848,0.0003098580267049372,0.0069201625964102,0,0,8.02081877881794,64.80337391554625,APP;VCAN;PSMD7;HSPA5;PSMD2;HYOU1
secretory granule lumen (GO:0034774),GO_Cellular_Component_2021,4/316,0.000427043364710028,0.0071529763588929,0,0,13.26923076923077,102.95098548661566,APP;PSMD7;XRCC5;PSMD2
focal adhesion (GO:0005925),GO_Cellular_Component_2021,4/387,0.0009132211713918536,0.0109003868982757,0,0,10.77037240621135,75.37680088940115,HSPA5;ANXA5;CTNNA1;HYOU1
cell-substrate junction (GO:0030055),GO_Cellular_Component_2021,4/394,0.0009761540505918556,0.0109003868982757,0,0,10.57327935222672,73.29281094504829,HSPA5;ANXA5;CTNNA1;HYOU1
nucleus (GO:0005634),GO_Cellular_Component_2021,12/4484,0.0017331459260313,0.0146923689636483,0,0,3.7823223288339567,24.047313457067716,STAG1;SH3BGRL;PSMD7;HSPA5;MFAP1;CALCOCO2;XRCC5;PSMD2;SRSF1;HDLBP;HBP1;IWS1
intracellular membrane-bounded organelle (GO:0043231),GO_Cellular_Component_2021,13/5192,0.0017989236929842,0.0146923689636483,0,0,3.7145008688936088,23.477750652327053,HSPA5;CALCOCO2;XRCC5;SRSF1;HDLBP;IWS1;STAG1;SH3BGRL;PSMD7;MFAP1;PSMD2;CTNNA1;HBP1
lysosome (GO:0005764),GO_Cellular_Component_2021,4/477,0.001973601801087,0.0146923689636483,0,0,8.680983643039946,54.06425532143632,NSF;VCAN;GNB4;AP3B1
lytic vacuole membrane (GO:0098852),GO_Cellular_Component_2021,3/267,0.0034191523977592,0.0229083210649868,0,0,11.200568181818182,63.60088741239567,NSF;GNB4;AP3B1
Golgi lumen (GO:0005796),GO_Cellular_Component_2021,2/100,0.0058476195920622,0.034458922914476,0,0,19.318756073858115,99.33164622370634,APP;VCAN
lysosomal membrane (GO:0005765),GO_Cellular_Component_2021,3/330,0.0061717473876673,0.034458922914476,0,0,9.013761467889909,45.85997469528967,NSF;GNB4;AP3B1
nuclear envelope lumen (GO:0005641),GO_Cellular_Component_2021,1/6,0.0068809683244201,0.03546345213355,0,0,181.5636363636364,904.0045996114618,APP
ficolin-1-rich granule lumen (GO:1904813),GO_Cellular_Component_2021,2/123,0.0087227532060259,0.0417446046288383,0,0,15.62849271940181,74.10750491450415,PSMD7;PSMD2
microfibril (GO:0001527),GO_Cellular_Component_2021,1/11,0.0125805227255512,0.0561930015074621,0,0,90.75909090909092,397.1259752205777,MFAP1
ficolin-1-rich granule (GO:0101002),GO_Cellular_Component_2021,2/184,0.0187608207224738,0.078560936775359,0,0,10.358451072736788,41.18504181897477,PSMD7;PSMD2
smooth endoplasmic reticulum (GO:0005790),GO_Cellular_Component_2021,1/19,0.0216347980764043,0.0805295261732827,0,0,50.40151515151515,193.21180108339516,HYOU1
supramolecular fiber (GO:0099512),GO_Cellular_Component_2021,1/19,0.0216347980764043,0.0805295261732827,0,0,50.40151515151515,193.21180108339516,MFAP1
endocytic vesicle lumen (GO:0071682),GO_Cellular_Component_2021,1/21,0.0238859289927226,0.0842293285532852,0,0,45.35681818181818,169.38348350725923,HYOU1
endosome lumen (GO:0031904),GO_Cellular_Component_2021,1/26,0.0294921031126646,0.0987985454274266,0,0,36.276363636363634,127.82458269039886,APP
catenin complex (GO:0016342),GO_Cellular_Component_2021,1/31,0.0350674733320936,0.1067963960568306,0,0,30.222727272727276,101.2606814695486,CTNNA1
Golgi stack (GO:0005795),GO_Cellular_Component_2021,1/31,0.0350674733320936,0.1067963960568306,0,0,30.222727272727276,101.2606814695486,NSF
heterotrimeric G-protein complex (GO:0005834),GO_Cellular_Component_2021,1/33,0.0372890324289426,0.1086245727277893,0,0,28.33096590909091,93.1821343249523,GNB4
small-subunit processome (GO:0032040),GO_Cellular_Component_2021,1/37,0.0417174831924768,0.1164613072456644,0,0,25.178030303030305,79.98644731441095,XRCC5
Golgi-associated vesicle (GO:0005798),GO_Cellular_Component_2021,1/47,0.0527035278621339,0.1240279294227639,0,0,19.694664031620555,57.96283165755778,APP
microbody lumen (GO:0031907),GO_Cellular_Component_2021,1/49,0.0548862328463382,0.1240279294227639,0,0,18.87215909090909,54.77630455586824,HSD17B4
endoplasmic reticulum-Golgi intermediate compartment membrane (GO:0033116),GO_Cellular_Component_2021,1/49,0.0548862328463382,0.1240279294227639,0,0,18.87215909090909,54.77630455586824,MGAT1
peroxisomal matrix (GO:0005782),GO_Cellular_Component_2021,1/49,0.0548862328463382,0.1240279294227639,0,0,18.87215909090909,54.77630455586824,HSD17B4
U2-type precatalytic spliceosome (GO:0071005),GO_Cellular_Component_2021,1/50,0.0559757805878795,0.1240279294227639,0,0,18.4860853432282,53.29235549319145,MFAP1
precatalytic spliceosome (GO:0071011),GO_Cellular_Component_2021,1/52,0.0581512729120791,0.1240279294227639,0,0,17.759358288770052,50.52017989878981,MFAP1
microbody membrane (GO:0031903),GO_Cellular_Component_2021,1/52,0.0581512729120791,0.1240279294227639,0,0,17.759358288770052,50.52017989878981,HSD17B4
peroxisomal membrane (GO:0005778),GO_Cellular_Component_2021,1/53,0.0592372200228126,0.1240279294227639,0,0,17.416958041958043,49.22389770074136,HSD17B4
extracellular membrane-bounded organelle (GO:0065010),GO_Cellular_Component_2021,1/56,0.0624878802572221,0.1268693326434509,0,0,16.464462809917354,45.65237693498055,MGAT1
extracellular vesicle (GO:1903561),GO_Cellular_Component_2021,1/59,0.0657277952904182,0.1295224201311182,0,0,15.61050156739812,42.4954284324617,MGAT1
collagen-containing extracellular matrix (GO:0062023),GO_Cellular_Component_2021,2/380,0.070095635189832,0.1323321977208593,0,0,4.938019652305367,13.124736520915224,VCAN;ANXA5
organelle envelope lumen (GO:0031970),GO_Cellular_Component_2021,1/64,0.0711038674321035,0.1323321977208593,0,0,14.367965367965368,37.98334792390798,APP
platelet alpha granule lumen (GO:0031093),GO_Cellular_Component_2021,1/67,0.0743152939821416,0.1345709377514456,0,0,13.712809917355372,35.64560614515663,APP
autophagosome (GO:0005776),GO_Cellular_Component_2021,1/69,0.0764503421503532,0.1347940243177281,0,0,13.308155080213904,34.216782125997526,CALCOCO2
lysosomal lumen (GO:0043202),GO_Cellular_Component_2021,1/86,0.0944090551290999,0.1611036700291427,0,0,10.637433155080211,25.105600520866265,VCAN
U2-type spliceosomal complex (GO:0005684),GO_Cellular_Component_2021,1/89,0.097543365599777,0.1611036700291427,0,0,10.273243801652892,23.910545778237577,MFAP1
platelet alpha granule (GO:0031091),GO_Cellular_Component_2021,1/90,0.0985858279282814,0.1611036700291427,0,0,10.157303370786517,23.53272242311733,APP
Golgi membrane (GO:0000139),GO_Cellular_Component_2021,2/472,0.1016032083063074,0.1620813084886333,0,0,3.952786220871327,9.038757853753438,APP;MGAT1
trans-Golgi network membrane (GO:0032588),GO_Cellular_Component_2021,1/99,0.1079162997886252,0.1681486531590207,0,0,9.220315398886829,20.528104250379776,APP
intrinsic component of endoplasmic reticulum membrane (GO:0031227),GO_Cellular_Component_2021,1/121,0.1303368087990387,0.1984674133985362,0,0,7.521590909090909,15.326244421572152,HSPA5
peroxisome (GO:0005777),GO_Cellular_Component_2021,1/128,0.1373568548353667,0.2029072946355854,0,0,7.104509663564782,14.103680477408885,HSD17B4
adherens junction (GO:0005912),GO_Cellular_Component_2021,1/132,0.1413439394350832,0.2029072946355854,0,0,6.88619014573213,13.47323780157014,CTNNA1
asymmetric synapse (GO:0032279),GO_Cellular_Component_2021,1/133,0.1423379529533211,0.2029072946355854,0,0,6.833677685950414,13.322603840135232,NSF
postsynaptic density (GO:0014069),GO_Cellular_Component_2021,1/138,0.1472915327491069,0.2055944311289617,0,0,6.582614465826144,12.60795427125458,NSF
integral component of endoplasmic reticulum membrane (GO:0030176),GO_Cellular_Component_2021,1/142,0.1512346809413265,0.2066019904405054,0,0,6.394584139264991,12.078873668454536,HSPA5
recycling endosome (GO:0055037),GO_Cellular_Component_2021,1/145,0.1541805898809742,0.2066019904405054,0,0,6.260416666666667,11.704667207527,APP
chromosome (GO:0005694),GO_Cellular_Component_2021,1/160,0.1687640290690754,0.216993673045158,0,0,5.665523156089193,10.080403703384755,STAG1
vacuolar lumen (GO:0005775),GO_Cellular_Component_2021,1/161,0.1697276581139294,0.216993673045158,0,0,5.6298295454545455,9.98484126340404,VCAN
membrane raft (GO:0045121),GO_Cellular_Component_2021,1/163,0.171651711513334,0.216993673045158,0,0,5.55976430976431,9.797904748253902,APP
endocytic vesicle (GO:0030139),GO_Cellular_Component_2021,1/189,0.1962795291870694,0.2435320084358084,0,0,4.784574468085107,7.790318149286441,HYOU1
axon (GO:0030424),GO_Cellular_Component_2021,1/204,0.2101676463250431,0.2560224055232343,0,0,4.427675772503359,6.906508950874955,APP
integral component of organelle membrane (GO:0031301),GO_Cellular_Component_2021,1/214,0.2192985422944675,0.262375041673738,0,0,4.217669654289373,6.399559879089191,HSPA5
vesicle (GO:0031982),GO_Cellular_Component_2021,1/226,0.2301223657483093,0.2704947106164338,0,0,3.9903030303030302,5.8623301004779735,MGAT1
trans-Golgi network (GO:0005802),GO_Cellular_Component_2021,1/239,0.2416861535305365,0.2791891773542405,0,0,3.7698624904507256,5.35363932900647,APP
early endosome (GO:0005769),GO_Cellular_Component_2021,1/266,0.2651746608827328,0.3008828355905814,0,0,3.3811320754716983,4.488001693967901,APP
cell-cell junction (GO:0005911),GO_Cellular_Component_2021,1/271,0.269447315454252,0.3008828355905814,0,0,3.317676767676768,4.350742914420761,CTNNA1
intracellular non-membrane-bounded organelle (GO:0043232),GO_Cellular_Component_2021,2/1158,0.3878663802746147,0.4260171717770358,0,0,1.5505849398582965,1.4685502813330205,STAG1;XRCC5
neuron projection (GO:0043005),GO_Cellular_Component_2021,1/556,0.4773360895948839,0.5158309355299552,0,0,1.590663390663391,1.176350369156673,APP
endoplasmic reticulum membrane (GO:0005789),GO_Cellular_Component_2021,1/712,0.5657764012531421,0.600479844173783,0,0,1.2316839278864595,0.701513377220898,HSPA5
nucleolus (GO:0005730),GO_Cellular_Component_2021,1/733,0.5765267919621132,0.600479844173783,0,0,1.1950447093889718,0.6581511158680328,XRCC5
nuclear lumen (GO:0031981),GO_Cellular_Component_2021,1/745,0.5825550727059089,0.600479844173783,0,0,1.1750366568914956,0.6349093811725144,XRCC5
bounding membrane of organelle (GO:0098588),GO_Cellular_Component_2021,1/767,0.5933943700867066,0.6023851938758991,0,0,1.139983384761453,0.5949528355159276,MGAT1
integral component of plasma membrane (GO:0005887),GO_Cellular_Component_2021,1/1454,0.8239493263424662,0.8239493263424662,0,0,0.5794907088781831,0.1122162015951775,APP
5'-deoxyribose-5-phosphate lyase activity (GO:0051575),GO_Molecular_Function_2021,1/5,0.0057372891133286,0.0560405103229099,0,0,226.9659090909091,1171.3185051583378,XRCC5
cadherin binding (GO:0045296),GO_Molecular_Function_2021,3/322,0.0057667588844963,0.0560405103229099,0,0,9.2435736677116,47.65658505296339,HSPA5;HDLBP;CTNNA1
3-hydroxyacyl-CoA dehydrogenase activity (GO:0003857),GO_Molecular_Function_2021,1/7,0.0080233898041786,0.0560405103229099,0,0,151.29545454545453,730.0602205833903,HSD17B4
estradiol 17-beta-dehydrogenase activity (GO:0004303),GO_Molecular_Function_2021,1/8,0.0091645547457302,0.0560405103229099,0,0,129.67532467532467,608.4900471331728,HSD17B4
U3 snoRNA binding (GO:0034511),GO_Molecular_Function_2021,1/9,0.0103044643785071,0.0560405103229099,0,0,113.46022727272728,519.1007405544717,XRCC5
double-stranded telomeric DNA binding (GO:0003691),GO_Molecular_Function_2021,1/9,0.0103044643785071,0.0560405103229099,0,0,113.46022727272728,519.1007405544717,XRCC5
phospholipase inhibitor activity (GO:0004859),GO_Molecular_Function_2021,1/10,0.0114431199495764,0.0560405103229099,0,0,100.84848484848484,450.8296990682604,ANXA5
ionotropic glutamate receptor binding (GO:0035255),GO_Molecular_Function_2021,1/10,0.0114431199495764,0.0560405103229099,0,0,100.84848484848484,450.8296990682604,NSF
lipase inhibitor activity (GO:0055102),GO_Molecular_Function_2021,1/10,0.0114431199495764,0.0560405103229099,0,0,100.84848484848484,450.8296990682604,ANXA5
enoyl-CoA hydratase activity (GO:0004300),GO_Molecular_Function_2021,1/10,0.0114431199495764,0.0560405103229099,0,0,100.84848484848484,450.8296990682604,HSD17B4
vinculin binding (GO:0017166),GO_Molecular_Function_2021,1/11,0.0125805227255512,0.0560405103229099,0,0,90.75909090909092,397.1259752205777,CTNNA1
glutamate receptor binding (GO:0035254),GO_Molecular_Function_2021,1/17,0.0193787023349683,0.0745462794871853,0,0,56.70738636363637,223.63015065372352,NSF
RNA binding (GO:0003723),GO_Molecular_Function_2021,5/1406,0.019777584353743,0.0745462794871853,0,0,3.6830835117773018,14.449495648433732,MFAP1;XRCC5;SRSF1;HDLBP;CTNNA1
syntaxin-1 binding (GO:0017075),GO_Molecular_Function_2021,1/22,0.0250096358786987,0.0875337255754455,0,0,43.1948051948052,159.3237838191313,NSF
snoRNA binding (GO:0030515),GO_Molecular_Function_2021,1/30,0.0339548558617346,0.0961664520535888,0,0,31.266457680250785,105.76577819907342,XRCC5
protein homodimerization activity (GO:0042803),GO_Molecular_Function_2021,3/636,0.0353257846833903,0.0961664520535888,0,0,4.58388625592417,15.324583295223304,PSMD7;CALCOCO2;HSD17B4
mRNA binding (GO:0003729),GO_Molecular_Function_2021,2/263,0.0363491677535535,0.0961664520535888,0,0,7.194307608100711,23.84613667757589,SRSF1;HDLBP
ubiquitin protein ligase binding (GO:0031625),GO_Molecular_Function_2021,2/265,0.0368542396001843,0.0961664520535888,0,0,7.138873800470758,23.563884821556528,HSPA5;XRCC5
telomeric DNA binding (GO:0042162),GO_Molecular_Function_2021,1/33,0.0372890324289426,0.0961664520535888,0,0,28.33096590909091,93.1821343249523,XRCC5
ubiquitin-like protein ligase binding (GO:0044389),GO_Molecular_Function_2021,2/282,0.0412570104577177,0.1010796756214084,0,0,6.699659863945579,21.3580750106427,HSPA5;XRCC5
manganese ion binding (GO:0030145),GO_Molecular_Function_2021,1/48,0.0537954823572277,0.1192527499480911,0,0,19.27466150870406,56.33146626969103,MGAT1
acetylglucosaminyltransferase activity (GO:0008375),GO_Molecular_Function_2021,1/48,0.0537954823572277,0.1192527499480911,0,0,19.27466150870406,56.33146626969103,MGAT1
calcium-dependent phospholipid binding (GO:0005544),GO_Molecular_Function_2021,1/50,0.0559757805878795,0.1192527499480911,0,0,18.4860853432282,53.29235549319145,ANXA5
calcium ion binding (GO:0005509),GO_Molecular_Function_2021,2/348,0.0600782158507058,0.120354823969444,0,0,5.403523259014588,15.195290812995456,HSPA5;ANXA5
hydro-lyase activity (GO:0016836),GO_Molecular_Function_2021,1/55,0.0614055224333898,0.120354823969444,0,0,16.77020202020202,46.79314852295847,HSD17B4
serine-type endopeptidase inhibitor activity (GO:0004867),GO_Molecular_Function_2021,1/60,0.0668053849974009,0.1225542951314981,0,0,15.345146379044683,41.52353011470704,APP
syntaxin binding (GO:0019905),GO_Molecular_Function_2021,1/62,0.0689569990042958,0.1225542951314981,0,0,14.84053651266766,39.68763380584956,NSF
PDZ domain binding (GO:0030165),GO_Molecular_Function_2021,1/63,0.0700310257894274,0.1225542951314981,0,0,14.600439882697946,38.819896447204,NSF
"oxidoreductase activity, acting on the CH-OH group of donors, NAD or NADP as acceptor (GO:0016616)",GO_Molecular_Function_2021,1/87,0.0954549804193163,0.1612860013981552,0,0,10.513213530655392,24.696595706742745,HSD17B4
metal ion binding (GO:0046872),GO_Molecular_Function_2021,2/517,0.1182435965787283,0.1902978777852066,0,0,3.599075358298659,7.684056138865941,HSPA5;ANXA5
phosphatase binding (GO:0019902),GO_Molecular_Function_2021,1/114,0.1232621381330373,0.1902978777852066,0,0,7.990345937248592,16.72732567625456,AP3B1
endopeptidase inhibitor activity (GO:0004866),GO_Molecular_Function_2021,1/115,0.1242761650842165,0.1902978777852066,0,0,7.919856459330144,16.514873173765185,APP
metallopeptidase activity (GO:0008237),GO_Molecular_Function_2021,1/121,0.1303368087990387,0.1907369568773066,0,0,7.521590909090909,15.326244421572152,PSMD7
protein phosphatase binding (GO:0019903),GO_Molecular_Function_2021,1/123,0.1323480925271107,0.1907369568773066,0,0,7.397540983606557,14.96019332690465,AP3B1
transcription regulatory region nucleic acid binding (GO:0001067),GO_Molecular_Function_2021,1/212,0.217480479002833,0.3044726706039662,0,0,4.258078414476519,6.496321085038281,XRCC5
DNA binding (GO:0003677),GO_Molecular_Function_2021,2/811,0.2388866286531919,0.3251512445557334,0,0,2.256518924009653,3.230807517595449,APP;XRCC5
ATP binding (GO:0005524),GO_Molecular_Function_2021,1/278,0.2753891276967853,0.3647045204633102,0,0,3.232687889727601,4.168777876982829,HSPA5
adenyl ribonucleotide binding (GO:0032559),GO_Molecular_Function_2021,1/306,0.2986973821545805,0.3851624138309065,0,0,2.931743666169896,3.542497165763799,HSPA5
transition metal ion binding (GO:0046914),GO_Molecular_Function_2021,1/445,0.4041797168851213,0.4963319098207768,0,0,1.9996928746928744,1.8115130888375648,MGAT1
purine ribonucleoside triphosphate binding (GO:0035639),GO_Molecular_Function_2021,1/460,0.4146090822282258,0.4963319098207768,0,0,1.9328579916815207,1.7017252349857523,HSPA5
kinase binding (GO:0019900),GO_Molecular_Function_2021,1/461,0.415298128625548,0.4963319098207768,0,0,1.9285573122529645,1.6947363901435144,NSF
protein kinase binding (GO:0019901),GO_Molecular_Function_2021,1/506,0.4455147470277382,0.5197672048656946,0,0,1.7526552655265526,1.4170654766178843,NSF
transcription cis-regulatory region binding (GO:0000976),GO_Molecular_Function_2021,1/549,0.4729886915533915,0.5389871136306089,0,0,1.6115627073656271,1.2065508895888408,XRCC5
double-stranded DNA binding (GO:0003690),GO_Molecular_Function_2021,1/651,0.5330484294359249,0.5936221145990981,0,0,1.3515384615384616,0.8503109582029279,XRCC5
sequence-specific DNA binding (GO:0043565),GO_Molecular_Function_2021,1/707,0.5631785739527378,0.602674862204434,0,0,1.2407288179242852,0.7123750196739911,XRCC5
sequence-specific double-stranded DNA binding (GO:1990837),GO_Molecular_Function_2021,1/712,0.5657764012531421,0.602674862204434,0,0,1.2316839278864595,0.701513377220898,XRCC5
RNA polymerase II cis-regulatory region sequence-specific DNA binding (GO:0000978),GO_Molecular_Function_2021,1/1149,0.7437477624792069,0.759242507530857,0,0,0.7455258156477669,0.2207154007395962,HBP1
cis-regulatory region sequence-specific DNA binding (GO:0000987),GO_Molecular_Function_2021,1/1149,0.7437477624792069,0.759242507530857,0,0,0.7455258156477669,0.2207154007395962,HBP1
RNA polymerase II transcription regulatory region sequence-specific DNA binding (GO:0000977),GO_Molecular_Function_2021,1/1359,0.8019825935843184,0.8019825935843184,0,0,0.6232092649618423,0.137522575853471,HBP1
