Term,Gene_set,Overlap,P-value,Adjusted P-value,Old P-value,Old Adjusted P-value,Odds Ratio,Combined Score,Genes
protein deneddylation (GO:0000338),GO_Biological_Process_2021,2/10,9.069521855500592e-05,0.0302922029973719,0,0,184.84259259259255,1720.5159460048703,COPS6;GPS1
"nucleotide-excision repair, DNA damage recognition (GO:0000715)",GO_Biological_Process_2021,2/23,0.0005039873444597456,0.0841658865247775,0,0,70.37037037037037,534.3193652138322,COPS6;GPS1
mitotic nuclear membrane organization (GO:0101024),GO_Biological_Process_2021,2/51,0.0024768063483714,0.1432191540268773,0,0,30.11640211640212,180.7220634534563,UBE2I;PPP2R1A
mitotic nuclear membrane reassembly (GO:0007084),GO_Biological_Process_2021,2/51,0.0024768063483714,0.1432191540268773,0,0,30.11640211640212,180.7220634534563,UBE2I;PPP2R1A
nuclear membrane reassembly (GO:0031468),GO_Biological_Process_2021,2/54,0.0027723814931392,0.1432191540268773,0,0,28.37464387464388,167.0712816687644,UBE2I;PPP2R1A
cellular protein modification process (GO:0006464),GO_Biological_Process_2021,6/1025,0.0030726228743061,0.1432191540268773,0,0,4.8518155053974485,28.06883817447777,PSMD8;COPS6;UBE2I;PPP2R1A;GPS1;MPI
regulation of endocytosis (GO:0030100),GO_Biological_Process_2021,2/61,0.0035232130489716,0.1432191540268773,0,0,24.999372253609543,141.20600194153468,SNX17;ARFGAP1
transcription-coupled nucleotide-excision repair (GO:0006283),GO_Biological_Process_2021,2/73,0.005005461094159,0.1432191540268773,0,0,20.761606677099635,109.97891737161147,COPS6;GPS1
positive regulation of anoikis (GO:2000210),GO_Biological_Process_2021,1/5,0.0072296416117061,0.1432191540268773,0,0,178.27678571428572,878.8271482248972,TLE5
ADP transport (GO:0015866),GO_Biological_Process_2021,1/5,0.0072296416117061,0.1432191540268773,0,0,178.27678571428572,878.8271482248972,SLC25A5
regulation of mitophagy (GO:1901524),GO_Biological_Process_2021,1/5,0.0072296416117061,0.1432191540268773,0,0,178.27678571428572,878.8271482248972,SLC25A5
intracellular distribution of mitochondria (GO:0048312),GO_Biological_Process_2021,1/5,0.0072296416117061,0.1432191540268773,0,0,178.27678571428572,878.8271482248972,CLUH
protein modification by small protein removal (GO:0070646),GO_Biological_Process_2021,3/276,0.0072859695802579,0.1432191540268773,0,0,8.325443786982248,40.976208822412666,PSMD8;COPS6;GPS1
regulation of stem cell differentiation (GO:2000736),GO_Biological_Process_2021,2/91,0.0076749744949354,0.1432191540268773,0,0,16.547648772367875,80.58357962261866,PSMD8;NELFB
regulation of vesicle-mediated transport (GO:0060627),GO_Biological_Process_2021,2/96,0.0085083695950949,0.1432191540268773,0,0,15.663514578408195,74.66335234524666,SNX17;ARFGAP1
protein-DNA covalent cross-linking repair (GO:0106300),GO_Biological_Process_2021,1/6,0.0086695086687213,0.1432191540268773,0,0,142.61428571428573,677.1245223853919,TEX264
GDP-mannose metabolic process (GO:0019673),GO_Biological_Process_2021,1/6,0.0086695086687213,0.1432191540268773,0,0,142.61428571428573,677.1245223853919,MPI
tRNA pseudouridine synthesis (GO:0031119),GO_Biological_Process_2021,1/6,0.0086695086687213,0.1432191540268773,0,0,142.61428571428573,677.1245223853919,PUS1
positive regulation of hemoglobin biosynthetic process (GO:0046985),GO_Biological_Process_2021,1/6,0.0086695086687213,0.1432191540268773,0,0,142.61428571428573,677.1245223853919,PRMT1
nucleotide-excision repair (GO:0006289),GO_Biological_Process_2021,2/105,0.010106046583338,0.1432191540268773,0,0,14.288385472851491,65.64972113133649,COPS6;GPS1
regulation of hemoglobin biosynthetic process (GO:0046984),GO_Biological_Process_2021,1/7,0.0101073601190722,0.1432191540268773,0,0,118.83928571428572,546.0060757050519,PRMT1
negative regulation of mitochondrial outer membrane permeabilization involved in apoptotic signaling pathway (GO:1901029),GO_Biological_Process_2021,1/7,0.0101073601190722,0.1432191540268773,0,0,118.83928571428572,546.0060757050519,SLC25A5
mRNA pseudouridine synthesis (GO:1990481),GO_Biological_Process_2021,1/7,0.0101073601190722,0.1432191540268773,0,0,118.83928571428572,546.0060757050519,PUS1
chromosome organization (GO:0051276),GO_Biological_Process_2021,2/106,0.010291196696542,0.1432191540268773,0,0,14.1502849002849,64.75830394643451,COPS6;GPS1
positive regulation of autophagy of mitochondrion (GO:1903599),GO_Biological_Process_2021,1/9,0.0129770265246845,0.1438261196881463,0,0,89.12053571428571,387.1908225092229,SLC25A5
sterol catabolic process (GO:0016127),GO_Biological_Process_2021,1/9,0.0129770265246845,0.1438261196881463,0,0,89.12053571428571,387.1908225092229,SNX17
cholesterol catabolic process (GO:0006707),GO_Biological_Process_2021,1/9,0.0129770265246845,0.1438261196881463,0,0,89.12053571428571,387.1908225092229,SNX17
mitochondrial tRNA modification (GO:0070900),GO_Biological_Process_2021,1/9,0.0129770265246845,0.1438261196881463,0,0,89.12053571428571,387.1908225092229,PUS1
histone arginine methylation (GO:0034969),GO_Biological_Process_2021,1/9,0.0129770265246845,0.1438261196881463,0,0,89.12053571428571,387.1908225092229,PRMT1
post-translational protein modification (GO:0043687),GO_Biological_Process_2021,3/345,0.0133410801708418,0.1438261196881463,0,0,6.622469635627531,28.588587311724343,PSMD8;COPS6;GPS1
negative regulation of tyrosine phosphorylation of STAT protein (GO:0042532),GO_Biological_Process_2021,1/10,0.0144088467211374,0.1438261196881463,0,0,79.21428571428571,335.8616722924233,PPP2R1A
alcohol catabolic process (GO:0046164),GO_Biological_Process_2021,1/11,0.0158386617716755,0.1438261196881463,0,0,71.28928571428571,295.5155744703354,SNX17
negative regulation of response to cytokine stimulus (GO:0060761),GO_Biological_Process_2021,1/11,0.0158386617716755,0.1438261196881463,0,0,71.28928571428571,295.5155744703354,TLE5
regulation of cellular component organization (GO:0051128),GO_Biological_Process_2021,2/139,0.0172218462382182,0.1438261196881463,0,0,10.72397945390646,43.55626369751454,SNX17;ARFGAP1
negative regulation of transcription elongation from RNA polymerase II promoter (GO:0034244),GO_Biological_Process_2021,1/12,0.0172664743371053,0.1438261196881463,0,0,64.8051948051948,263.043544162992,NELFB
ATP transport (GO:0015867),GO_Biological_Process_2021,1/12,0.0172664743371053,0.1438261196881463,0,0,64.8051948051948,263.043544162992,SLC25A5
mitochondrion distribution (GO:0048311),GO_Biological_Process_2021,1/12,0.0172664743371053,0.1438261196881463,0,0,64.8051948051948,263.043544162992,CLUH
phosphate ion transmembrane transport (GO:0035435),GO_Biological_Process_2021,1/12,0.0172664743371053,0.1438261196881463,0,0,64.8051948051948,263.043544162992,SLC25A3
"energy coupled proton transport, down electrochemical gradient (GO:0015985)",GO_Biological_Process_2021,1/12,0.0172664743371053,0.1438261196881463,0,0,64.8051948051948,263.043544162992,ATP5F1A
negative regulation of stem cell differentiation (GO:2000737),GO_Biological_Process_2021,1/13,0.0186922870807393,0.1438261196881463,0,0,59.40178571428572,236.3979776770167,NELFB
pseudouridine synthesis (GO:0001522),GO_Biological_Process_2021,1/13,0.0186922870807393,0.1438261196881463,0,0,59.40178571428572,236.3979776770167,PUS1
reticulophagy (GO:0061709),GO_Biological_Process_2021,1/13,0.0186922870807393,0.1438261196881463,0,0,59.40178571428572,236.3979776770167,TEX264
regulation of G2/M transition of mitotic cell cycle (GO:0010389),GO_Biological_Process_2021,2/149,0.0196230386450883,0.1438261196881463,0,0,9.989417989417989,39.26891119671927,PSMD8;PPP2R1A
"negative regulation of DNA-templated transcription, elongation (GO:0032785)",GO_Biological_Process_2021,1/14,0.020116102664845,0.1438261196881463,0,0,54.82967032967033,214.17755847607225,NELFB
"maturation of LSU-rRNA from tricistronic rRNA transcript (SSU-rRNA, 5.8S rRNA, LSU-rRNA) (GO:0000463)",GO_Biological_Process_2021,1/14,0.020116102664845,0.1438261196881463,0,0,54.82967032967033,214.17755847607225,BOP1
peptidyl-arginine modification (GO:0018195),GO_Biological_Process_2021,1/15,0.0215379237658092,0.1438261196881463,0,0,50.910714285714285,195.39226686727991,PRMT1
T cell receptor signaling pathway (GO:0050852),GO_Biological_Process_2021,2/158,0.021897619373481,0.1438261196881463,0,0,9.408831908831909,35.95469716966088,PSMD8;HLA-DPA1
rRNA metabolic process (GO:0016072),GO_Biological_Process_2021,2/162,0.0229422519163454,0.1438261196881463,0,0,9.17175925925926,34.62132761848302,BOP1;WDR46
positive regulation of TORC1 signaling (GO:1904263),GO_Biological_Process_2021,1/16,0.0229577530466617,0.1438261196881463,0,0,47.51428571428571,179.32364557493287,TELO2
histone H2A acetylation (GO:0043968),GO_Biological_Process_2021,1/16,0.0229577530466617,0.1438261196881463,0,0,47.51428571428571,179.32364557493287,DMAP1
negative regulation of receptor signaling pathway via JAK-STAT (GO:0046426),GO_Biological_Process_2021,1/16,0.0229577530466617,0.1438261196881463,0,0,47.51428571428571,179.32364557493287,PPP2R1A
negative regulation of canonical Wnt signaling pathway (GO:0090090),GO_Biological_Process_2021,2/165,0.023739114774418,0.1438261196881463,0,0,9.001590547602818,33.67163026162512,PSMD8;TLE5
mitochondrial ATP synthesis coupled proton transport (GO:0042776),GO_Biological_Process_2021,1/17,0.0243755931875056,0.1438261196881463,0,0,44.54241071428572,165.43821595589523,ATP5F1A
phosphate ion transport (GO:0006817),GO_Biological_Process_2021,1/17,0.0243755931875056,0.1438261196881463,0,0,44.54241071428572,165.43821595589523,SLC25A3
adenine nucleotide transport (GO:0051503),GO_Biological_Process_2021,1/18,0.02579144685281,0.1438261196881463,0,0,41.92016806722689,153.33191684558912,SLC25A5
regulation of mitochondrial outer membrane permeabilization involved in apoptotic signaling pathway (GO:1901028),GO_Biological_Process_2021,1/18,0.02579144685281,0.1438261196881463,0,0,41.92016806722689,153.33191684558912,SLC25A5
rRNA processing (GO:0006364),GO_Biological_Process_2021,2/173,0.0259193159109683,0.1438261196881463,0,0,8.576998050682262,31.329773724655823,BOP1;WDR46
ATP synthesis coupled proton transport (GO:0015986),GO_Biological_Process_2021,1/19,0.0272053167113753,0.1438261196881463,0,0,39.58928571428572,142.69335919589085,ATP5F1A
regulation of mitochondrial membrane permeability (GO:0046902),GO_Biological_Process_2021,1/19,0.0272053167113753,0.1438261196881463,0,0,39.58928571428572,142.69335919589085,SLC25A5
nucleotide-sugar biosynthetic process (GO:0009226),GO_Biological_Process_2021,1/19,0.0272053167113753,0.1438261196881463,0,0,39.58928571428572,142.69335919589085,MPI
DNA alkylation (GO:0006305),GO_Biological_Process_2021,1/19,0.0272053167113753,0.1438261196881463,0,0,39.58928571428572,142.69335919589085,DMAP1
DNA methylation or demethylation (GO:0044728),GO_Biological_Process_2021,1/19,0.0272053167113753,0.1438261196881463,0,0,39.58928571428572,142.69335919589085,DMAP1
branched-chain amino acid catabolic process (GO:0009083),GO_Biological_Process_2021,1/20,0.0286172054274548,0.1438261196881463,0,0,37.50375939849624,133.2788782141628,ECHS1
branched-chain amino acid metabolic process (GO:0009081),GO_Biological_Process_2021,1/20,0.0286172054274548,0.1438261196881463,0,0,37.50375939849624,133.2788782141628,ECHS1
negative regulation of nucleic acid-templated transcription (GO:1903507),GO_Biological_Process_2021,3/464,0.0290033657743322,0.1438261196881463,0,0,4.883197063240448,17.288194467111552,UBE2I;DMAP1;TLE5
antigen receptor-mediated signaling pathway (GO:0050851),GO_Biological_Process_2021,2/185,0.0293366645432014,0.1438261196881463,0,0,8.009714632665453,28.265619699439824,PSMD8;HLA-DPA1
regulation of anoikis (GO:2000209),GO_Biological_Process_2021,1/21,0.0300271156735161,0.1438261196881463,0,0,35.62678571428572,124.89519987020886,TLE5
regulation of mitotic cell cycle phase transition (GO:1901990),GO_Biological_Process_2021,2/188,0.0302179088309927,0.1438261196881463,0,0,7.879330943847073,27.57230447704457,PSMD8;PPP2R1A
negative regulation of Wnt signaling pathway (GO:0030178),GO_Biological_Process_2021,2/191,0.0311097108313632,0.1438261196881463,0,0,7.753086419753086,26.905033892107067,PSMD8;TLE5
ribosome biogenesis (GO:0042254),GO_Biological_Process_2021,2/192,0.0314093067699908,0.1438261196881463,0,0,7.711890838206628,26.68816301903001,BOP1;WDR46
regulation of response to cytokine stimulus (GO:0060759),GO_Biological_Process_2021,1/22,0.031435050111481,0.1438261196881463,0,0,33.92857142857143,117.38714910240454,TLE5
negative regulation of myeloid cell differentiation (GO:0045638),GO_Biological_Process_2021,1/22,0.031435050111481,0.1438261196881463,0,0,33.92857142857143,117.38714910240454,PRMT1
mRNA modification (GO:0016556),GO_Biological_Process_2021,1/22,0.031435050111481,0.1438261196881463,0,0,33.92857142857143,117.38714910240454,PUS1
DNA methylation (GO:0006306),GO_Biological_Process_2021,1/23,0.0328410113902878,0.1462519707247485,0,0,32.38474025974026,110.62877274373584,DMAP1
protein alkylation (GO:0008213),GO_Biological_Process_2021,1/23,0.0328410113902878,0.1462519707247485,0,0,32.38474025974026,110.62877274373584,PRMT1
ncRNA processing (GO:0034470),GO_Biological_Process_2021,2/201,0.0341573363133754,0.1485432562196187,0,0,7.359761771822074,24.852280825849554,BOP1;WDR46
positive regulation of p38MAPK cascade (GO:1900745),GO_Biological_Process_2021,1/24,0.0342450021823671,0.1485432562196187,0,0,30.975155279503102,104.51682262493934,PRMT1
ribosomal large subunit assembly (GO:0000027),GO_Biological_Process_2021,1/25,0.0356470251349897,0.1526423896805972,0,0,29.683035714285715,98.96590013795104,BOP1
maturation of LSU-rRNA (GO:0000470),GO_Biological_Process_2021,1/26,0.0370470829069464,0.152762045566915,0,0,28.494285714285716,93.90478962861955,BOP1
positive regulation of viral transcription (GO:0050434),GO_Biological_Process_2021,1/26,0.0370470829069464,0.152762045566915,0,0,28.494285714285716,93.90478962861955,NELFB
histone methylation (GO:0016571),GO_Biological_Process_2021,1/26,0.0370470829069464,0.152762045566915,0,0,28.494285714285716,93.90478962861955,PRMT1
translation (GO:0006412),GO_Biological_Process_2021,2/214,0.0382868603554036,0.1528653512051231,0,0,6.903913347309573,22.525042618679745,DRG2;TUFM
regulation of transcription elongation from RNA polymerase II promoter (GO:0034243),GO_Biological_Process_2021,1/27,0.0384451781473962,0.1528653512051231,0,0,27.396978021978025,89.27365552728025,NELFB
positive regulation of erythrocyte differentiation (GO:0045648),GO_Biological_Process_2021,1/27,0.0384451781473962,0.1528653512051231,0,0,27.396978021978025,89.27365552728025,PRMT1
positive regulation of protein import into nucleus (GO:0042307),GO_Biological_Process_2021,1/28,0.0398413134963124,0.1529540081352685,0,0,26.38095238095238,85.02187553087816,DMAP1
cristae formation (GO:0042407),GO_Biological_Process_2021,1/28,0.0398413134963124,0.1529540081352685,0,0,26.38095238095238,85.02187553087816,ATP5F1A
protein localization to Golgi apparatus (GO:0034067),GO_Biological_Process_2021,1/28,0.0398413134963124,0.1529540081352685,0,0,26.38095238095238,85.02187553087816,ARFRP1
telomere maintenance via telomerase (GO:0007004),GO_Biological_Process_2021,1/29,0.0412354916064529,0.1547571396426323,0,0,25.4375,81.10634814419134,TELO2
positive regulation of protein import (GO:1904591),GO_Biological_Process_2021,1/30,0.0426277151111442,0.1547571396426323,0,0,24.55911330049261,77.49015815040234,DMAP1
"maturation of SSU-rRNA from tricistronic rRNA transcript (SSU-rRNA, 5.8S rRNA, LSU-rRNA) (GO:0000462)",GO_Biological_Process_2021,1/30,0.0426277151111442,0.1547571396426323,0,0,24.55911330049261,77.49015815040234,WDR46
Golgi to plasma membrane protein transport (GO:0043001),GO_Biological_Process_2021,1/30,0.0426277151111442,0.1547571396426323,0,0,24.55911330049261,77.49015815040234,ARFRP1
RNA-dependent DNA biosynthetic process (GO:0006278),GO_Biological_Process_2021,1/30,0.0426277151111442,0.1547571396426323,0,0,24.55911330049261,77.49015815040234,TELO2
negative regulation of cellular macromolecule biosynthetic process (GO:2000113),GO_Biological_Process_2021,3/547,0.0439208069772374,0.1547579741511776,0,0,4.120545814479638,12.878218356203895,UBE2I;DMAP1;TLE5
positive regulation of leukocyte cell-cell adhesion (GO:1903039),GO_Biological_Process_2021,1/31,0.044017986659766,0.1547579741511776,0,0,23.739285714285717,74.14151494993529,HLA-DPA1
negative regulation of peptidyl-tyrosine phosphorylation (GO:0050732),GO_Biological_Process_2021,1/31,0.044017986659766,0.1547579741511776,0,0,23.739285714285717,74.14151494993529,PPP2R1A
mitochondrial membrane organization (GO:0007006),GO_Biological_Process_2021,1/32,0.0454063088797545,0.1579761163108128,0,0,22.972350230414747,71.03290112478346,SLC25A5
organelle disassembly (GO:1903008),GO_Biological_Process_2021,1/34,0.0481771158578003,0.1603162373662619,0,0,21.57792207792208,65.4430572478459,TEX264
negative regulation of mitochondrion organization (GO:0010823),GO_Biological_Process_2021,1/34,0.0481771158578003,0.1603162373662619,0,0,21.57792207792208,65.4430572478459,SLC25A5
regulation of TORC1 signaling (GO:1903432),GO_Biological_Process_2021,1/35,0.049559605875515,0.1603162373662619,0,0,20.942226890756302,62.92257878831688,TELO2
maturation of SSU-rRNA (GO:0030490),GO_Biological_Process_2021,1/35,0.049559605875515,0.1603162373662619,0,0,20.942226890756302,62.92257878831688,WDR46
positive regulation of lymphocyte activation (GO:0051251),GO_Biological_Process_2021,1/35,0.049559605875515,0.1603162373662619,0,0,20.942226890756302,62.92257878831688,HLA-DPA1
establishment of protein localization to plasma membrane (GO:0061951),GO_Biological_Process_2021,1/36,0.0509401570739593,0.1603162373662619,0,0,20.34285714285714,60.56279579598777,ARFRP1
telomere maintenance via telomere lengthening (GO:0010833),GO_Biological_Process_2021,1/36,0.0509401570739593,0.1603162373662619,0,0,20.34285714285714,60.56279579598777,TELO2
regulation of protein import into nucleus (GO:0042306),GO_Biological_Process_2021,1/36,0.0509401570739593,0.1603162373662619,0,0,20.34285714285714,60.56279579598777,DMAP1
regulation of canonical Wnt signaling pathway (GO:0060828),GO_Biological_Process_2021,2/253,0.051737536396169,0.1603162373662619,0,0,5.819684226058728,17.235412214088697,PSMD8;TLE5
positive regulation of myeloid cell differentiation (GO:0045639),GO_Biological_Process_2021,1/37,0.0523187720746184,0.1603162373662619,0,0,19.776785714285715,58.34942939474461,PRMT1
negative regulation of endothelial cell proliferation (GO:0001937),GO_Biological_Process_2021,1/37,0.0523187720746184,0.1603162373662619,0,0,19.776785714285715,58.34942939474461,ATP5F1A
regulation of p38MAPK cascade (GO:1900744),GO_Biological_Process_2021,1/37,0.0523187720746184,0.1603162373662619,0,0,19.776785714285715,58.34942939474461,PRMT1
regulation of erythrocyte differentiation (GO:0045646),GO_Biological_Process_2021,1/37,0.0523187720746184,0.1603162373662619,0,0,19.776785714285715,58.34942939474461,PRMT1
histone exchange (GO:0043486),GO_Biological_Process_2021,1/38,0.0536954534974879,0.163038922437827,0,0,19.24131274131274,56.26981345523857,DMAP1
stem cell differentiation (GO:0048863),GO_Biological_Process_2021,1/40,0.0564430260228561,0.1679117397149053,0,0,18.25274725274725,52.46795162162656,NELFB
protein methylation (GO:0006479),GO_Biological_Process_2021,1/41,0.0578139223569284,0.1679117397149053,0,0,17.795535714285716,50.72663120626347,PRMT1
JNK cascade (GO:0007254),GO_Biological_Process_2021,1/41,0.0578139223569284,0.1679117397149053,0,0,17.795535714285716,50.72663120626347,GPS1
regulation of viral transcription (GO:0046782),GO_Biological_Process_2021,1/41,0.0578139223569284,0.1679117397149053,0,0,17.795535714285716,50.72663120626347,NELFB
positive regulation of TOR signaling (GO:0032008),GO_Biological_Process_2021,1/41,0.0578139223569284,0.1679117397149053,0,0,17.795535714285716,50.72663120626347,TELO2
ATP-dependent chromatin remodeling (GO:0043044),GO_Biological_Process_2021,1/42,0.0591828955366752,0.1704059233555995,0,0,17.360627177700348,49.080623277270966,DMAP1
erythrocyte differentiation (GO:0030218),GO_Biological_Process_2021,1/46,0.0646396086979469,0.182962960212833,0,0,15.814285714285717,43.31418865156708,SLC25A5
positive regulation of nucleocytoplasmic transport (GO:0046824),GO_Biological_Process_2021,1/46,0.0646396086979469,0.182962960212833,0,0,15.814285714285717,43.31418865156708,DMAP1
regulation of T cell activation (GO:0050863),GO_Biological_Process_2021,1/47,0.0659990050555762,0.184402204366592,0,0,15.46972049689441,42.048488795650734,HLA-DPA1
positive regulation of blood vessel endothelial cell migration (GO:0043536),GO_Biological_Process_2021,1/48,0.0673564938105515,0.184402204366592,0,0,15.139817629179332,40.84353327133134,ATP5F1A
Golgi to plasma membrane transport (GO:0006893),GO_Biological_Process_2021,1/48,0.0673564938105515,0.184402204366592,0,0,15.139817629179332,40.84353327133134,ARFRP1
histone H4 acetylation (GO:0043967),GO_Biological_Process_2021,1/48,0.0673564938105515,0.184402204366592,0,0,15.139817629179332,40.84353327133134,DMAP1
regulation of cell cycle (GO:0051726),GO_Biological_Process_2021,2/296,0.0682259184180237,0.1850793056434786,0,0,4.957671957671957,13.311005891894236,BOP1;RASSF1
inner mitochondrial membrane organization (GO:0007007),GO_Biological_Process_2021,1/49,0.0687120775442854,0.1850793056434786,0,0,14.823660714285714,39.695247728368734,ATP5F1A
ribosome assembly (GO:0042255),GO_Biological_Process_2021,1/50,0.0700657588372089,0.1856583965669689,0,0,14.520408163265309,38.5999069065122,BOP1
regulation of cellular amine metabolic process (GO:0033238),GO_Biological_Process_2021,1/51,0.0714175402605397,0.1856583965669689,0,0,14.229285714285714,37.55409844816487,PSMD8
fatty acid beta-oxidation (GO:0006635),GO_Biological_Process_2021,1/52,0.0727674243643111,0.1856583965669689,0,0,13.949579831932772,36.55469109076161,ECHS1
myeloid cell differentiation (GO:0030099),GO_Biological_Process_2021,1/52,0.0727674243643111,0.1856583965669689,0,0,13.949579831932772,36.55469109076161,SLC25A5
endocytic recycling (GO:0032456),GO_Biological_Process_2021,1/52,0.0727674243643111,0.1856583965669689,0,0,13.949579831932772,36.55469109076161,SNX17
IRE1-mediated unfolded protein response (GO:0036498),GO_Biological_Process_2021,1/53,0.07411541375319,0.1856583965669689,0,0,13.680631868131869,35.598806618662685,ARFGAP1
positive regulation of macroautophagy (GO:0016239),GO_Biological_Process_2021,1/53,0.07411541375319,0.1856583965669689,0,0,13.680631868131869,35.598806618662685,SLC25A5
regulation of DNA replication (GO:0006275),GO_Biological_Process_2021,1/53,0.07411541375319,0.1856583965669689,0,0,13.680631868131869,35.598806618662685,PPP2R1A
negative regulation of transcription by RNA polymerase II (GO:0000122),GO_Biological_Process_2021,3/684,0.0754177554375576,0.1856583965669689,0,0,3.2683835987800745,8.447832100860525,UBE2I;DMAP1;TLE5
regulation of megakaryocyte differentiation (GO:0045652),GO_Biological_Process_2021,1/54,0.0754615109632623,0.1856583965669689,0,0,13.421832884097036,34.683795119411634,PRMT1
regulation of cellular amino acid metabolic process (GO:0006521),GO_Biological_Process_2021,1/54,0.0754615109632623,0.1856583965669689,0,0,13.421832884097036,34.683795119411634,PSMD8
protein sumoylation (GO:0016925),GO_Biological_Process_2021,1/55,0.0768057185673521,0.1856583965669689,0,0,13.172619047619047,33.80721302826248,UBE2I
ceramide metabolic process (GO:0006672),GO_Biological_Process_2021,1/55,0.0768057185673521,0.1856583965669689,0,0,13.172619047619047,33.80721302826248,PPP2R1A
regulation of blood vessel endothelial cell migration (GO:0043535),GO_Biological_Process_2021,1/55,0.0768057185673521,0.1856583965669689,0,0,13.172619047619047,33.80721302826248,ATP5F1A
mitochondrial transport (GO:0006839),GO_Biological_Process_2021,1/56,0.0781480391133726,0.1856583965669689,0,0,12.932467532467532,32.96680366793903,SLC25A5
"DNA damage response, signal transduction by p53 class mediator resulting in cell cycle arrest (GO:0006977)",GO_Biological_Process_2021,1/56,0.0781480391133726,0.1856583965669689,0,0,12.932467532467532,32.96680366793903,PRMT1
negative regulation of cell cycle G2/M phase transition (GO:1902750),GO_Biological_Process_2021,1/57,0.0794884751768759,0.1856583965669689,0,0,12.700892857142858,32.1604799159938,PSMD8
positive regulation of interferon-gamma production (GO:0032729),GO_Biological_Process_2021,1/57,0.0794884751768759,0.1856583965669689,0,0,12.700892857142858,32.1604799159938,HLA-DPA1
ribosomal large subunit biogenesis (GO:0042273),GO_Biological_Process_2021,1/57,0.0794884751768759,0.1856583965669689,0,0,12.700892857142858,32.1604799159938,BOP1
cellular protein localization (GO:0034613),GO_Biological_Process_2021,2/329,0.0819075402665703,0.1879635419809155,0,0,4.449881073734285,11.13433323093521,ARFRP1;SNX17
fatty acid oxidation (GO:0019395),GO_Biological_Process_2021,1/59,0.0821637039796816,0.1879635419809155,0,0,12.261699507389162,30.642497546322605,ECHS1
selective autophagy (GO:0061912),GO_Biological_Process_2021,1/59,0.0821637039796816,0.1879635419809155,0,0,12.261699507389162,30.642497546322605,TEX264
ribonucleoprotein complex biogenesis (GO:0022613),GO_Biological_Process_2021,1/60,0.0834985018208404,0.189072945433627,0,0,12.053268765133172,29.927381507961847,BOP1
negative regulation of response to stimulus (GO:0048585),GO_Biological_Process_2021,1/61,0.0848314253435665,0.189072945433627,0,0,11.851785714285716,29.239412808440157,TLE5
B cell differentiation (GO:0030183),GO_Biological_Process_2021,1/61,0.0848314253435665,0.189072945433627,0,0,11.851785714285716,29.239412808440157,SLC25A5
intracellular protein transport (GO:0006886),GO_Biological_Process_2021,2/336,0.0849129994462396,0.189072945433627,0,0,4.355067642492792,10.740154614726194,ARFRP1;SNX17
stress-activated MAPK cascade (GO:0051403),GO_Biological_Process_2021,1/62,0.0861624770957202,0.1893530946314682,0,0,11.656908665105387,28.577150519464418,GPS1
positive regulation of viral process (GO:0048524),GO_Biological_Process_2021,1/63,0.0874916595913277,0.1893530946314682,0,0,11.46831797235023,27.9392516749594,NELFB
regulation of cellular ketone metabolic process (GO:0010565),GO_Biological_Process_2021,1/64,0.088818975374761,0.1893530946314682,0,0,11.285714285714286,27.32446317822344,PSMD8
pre-replicative complex assembly (GO:0036388),GO_Biological_Process_2021,1/64,0.088818975374761,0.1893530946314682,0,0,11.285714285714286,27.32446317822344,PSMD8
tRNA modification (GO:0006400),GO_Biological_Process_2021,1/65,0.090144426983272,0.1893530946314682,0,0,11.108816964285714,26.73161450467769,PUS1
mitotic G1 DNA damage checkpoint signaling (GO:0031571),GO_Biological_Process_2021,1/65,0.090144426983272,0.1893530946314682,0,0,11.108816964285714,26.73161450467769,PRMT1
inorganic anion transmembrane transport (GO:0098661),GO_Biological_Process_2021,1/65,0.090144426983272,0.1893530946314682,0,0,11.108816964285714,26.73161450467769,SLC25A3
negative regulation of G2/M transition of mitotic cell cycle (GO:0010972),GO_Biological_Process_2021,1/66,0.0914680169101072,0.1893530946314682,0,0,10.937362637362638,26.159611098844096,PSMD8
positive regulation of T cell proliferation (GO:0042102),GO_Biological_Process_2021,1/66,0.0914680169101072,0.1893530946314682,0,0,10.937362637362638,26.159611098844096,HLA-DPA1
anion transmembrane transport (GO:0098656),GO_Biological_Process_2021,1/67,0.0927897477058275,0.1893530946314682,0,0,10.771103896103895,25.607428374118918,SLC25A5
transcription elongation from RNA polymerase II promoter (GO:0006368),GO_Biological_Process_2021,1/67,0.0927897477058275,0.1893530946314682,0,0,10.771103896103895,25.607428374118918,NELFB
ubiquitin-dependent protein catabolic process (GO:0006511),GO_Biological_Process_2021,2/354,0.0927951724731506,0.1893530946314682,0,0,4.128577441077441,9.815117595575265,PSMD8;UBE2I
positive regulation of protein localization to nucleus (GO:1900182),GO_Biological_Process_2021,1/68,0.0941096218827057,0.1893530946314682,0,0,10.609808102345417,25.074106290081968,DMAP1
regulation of tyrosine phosphorylation of STAT protein (GO:0042509),GO_Biological_Process_2021,1/68,0.0941096218827057,0.1893530946314682,0,0,10.609808102345417,25.074106290081968,PPP2R1A
regulation of myeloid cell differentiation (GO:0045637),GO_Biological_Process_2021,1/68,0.0941096218827057,0.1893530946314682,0,0,10.609808102345417,25.074106290081968,PRMT1
interferon-gamma-mediated signaling pathway (GO:0060333),GO_Biological_Process_2021,1/68,0.0941096218827057,0.1893530946314682,0,0,10.609808102345417,25.074106290081968,HLA-DPA1
"DNA-templated transcription, elongation (GO:0006354)",GO_Biological_Process_2021,1/69,0.0954276419328769,0.1895669602695853,0,0,10.453256302521009,24.558744410167414,NELFB
RNA 3'-end processing (GO:0031123),GO_Biological_Process_2021,1/69,0.0954276419328769,0.1895669602695853,0,0,10.453256302521009,24.558744410167414,DDX39A
fatty acid catabolic process (GO:0009062),GO_Biological_Process_2021,1/70,0.0967438103878096,0.1895669602695853,0,0,10.301242236024844,24.06049739864184,ECHS1
regulation of hematopoietic stem cell differentiation (GO:1902036),GO_Biological_Process_2021,1/71,0.0980581297624673,0.1895669602695853,0,0,10.153571428571428,23.578570928414106,PSMD8
regulation of TOR signaling (GO:0032006),GO_Biological_Process_2021,1/71,0.0980581297624673,0.1895669602695853,0,0,10.153571428571428,23.578570928414106,TELO2
histone acetylation (GO:0016573),GO_Biological_Process_2021,1/71,0.0980581297624673,0.1895669602695853,0,0,10.153571428571428,23.578570928414106,DMAP1
negative regulation of epithelial cell proliferation (GO:0050680),GO_Biological_Process_2021,1/72,0.0993706025424171,0.1895669602695853,0,0,10.010060362173038,23.112217941062152,ATP5F1A
protein transport (GO:0015031),GO_Biological_Process_2021,2/369,0.0995240189520908,0.1895669602695853,0,0,3.956806943182965,9.12976329942553,ARFRP1;SNX17
"antigen processing and presentation of exogenous peptide antigen via MHC class I, TAP-dependent (GO:0002479)",GO_Biological_Process_2021,1/73,0.1006812312455331,0.1895669602695853,0,0,9.870535714285714,22.660735221252363,PSMD8
NIK/NF-kappaB signaling (GO:0038061),GO_Biological_Process_2021,1/74,0.101990018350818,0.1895669602695853,0,0,9.734833659491194,22.22346027505055,PSMD8
"DNA damage response, signal transduction by p53 class mediator (GO:0030330)",GO_Biological_Process_2021,1/74,0.101990018350818,0.1895669602695853,0,0,9.734833659491194,22.22346027505055,PRMT1
negative regulation of protein binding (GO:0032091),GO_Biological_Process_2021,1/74,0.101990018350818,0.1895669602695853,0,0,9.734833659491194,22.22346027505055,TLE5
regulation of hematopoietic progenitor cell differentiation (GO:1901532),GO_Biological_Process_2021,1/75,0.1032969663744447,0.1895669602695853,0,0,9.602799227799228,21.799768455453663,PSMD8
regulation of transcription from RNA polymerase II promoter in response to hypoxia (GO:0061418),GO_Biological_Process_2021,1/75,0.1032969663744447,0.1895669602695853,0,0,9.602799227799228,21.799768455453663,PSMD8
positive regulation of T cell activation (GO:0050870),GO_Biological_Process_2021,1/75,0.1032969663744447,0.1895669602695853,0,0,9.602799227799228,21.799768455453663,HLA-DPA1
positive regulation of lymphocyte proliferation (GO:0050671),GO_Biological_Process_2021,1/75,0.1032969663744447,0.1895669602695853,0,0,9.602799227799228,21.799768455453663,HLA-DPA1
regulation of T cell proliferation (GO:0042129),GO_Biological_Process_2021,1/76,0.1046020777922812,0.1898755107751191,0,0,9.474285714285717,21.3890703398866,HLA-DPA1
RNA transport (GO:0050658),GO_Biological_Process_2021,1/76,0.1046020777922812,0.1898755107751191,0,0,9.474285714285717,21.3890703398866,DDX39A
cholesterol metabolic process (GO:0008203),GO_Biological_Process_2021,1/77,0.1059053551062263,0.1904631460783411,0,0,9.349154135338344,20.99080930838857,SNX17
negative regulation of apoptotic signaling pathway (GO:2001234),GO_Biological_Process_2021,1/78,0.1072068007866111,0.1904631460783411,0,0,9.227272727272728,20.60445932788025,SLC25A5
protein modification process (GO:0036211),GO_Biological_Process_2021,1/78,0.1072068007866111,0.1904631460783411,0,0,9.227272727272728,20.60445932788025,UBE2I
antigen processing and presentation of exogenous peptide antigen via MHC class I (GO:0042590),GO_Biological_Process_2021,1/78,0.1072068007866111,0.1904631460783411,0,0,9.227272727272728,20.60445932788025,PSMD8
mRNA 3'-end processing (GO:0031124),GO_Biological_Process_2021,1/79,0.1085064173227218,0.1917520814062914,0,0,9.108516483516484,20.22952290313978,DDX39A
response to interferon-gamma (GO:0034341),GO_Biological_Process_2021,1/80,0.109804207201114,0.1930242379219583,0,0,8.992766726943943,19.865529194835588,HLA-DPA1
glycoprotein biosynthetic process (GO:0009101),GO_Biological_Process_2021,1/83,0.1136866415597872,0.1940116882894925,0,0,8.662456445993032,18.834860248996137,MPI
anaphase-promoting complex-dependent catabolic process (GO:0031145),GO_Biological_Process_2021,1/84,0.1149771494929438,0.1940116882894925,0,0,8.557659208261619,18.5104040271028,PSMD8
lymphocyte differentiation (GO:0030098),GO_Biological_Process_2021,1/84,0.1149771494929438,0.1940116882894925,0,0,8.557659208261619,18.5104040271028,SLC25A5
nuclear export (GO:0051168),GO_Biological_Process_2021,1/84,0.1149771494929438,0.1940116882894925,0,0,8.557659208261619,18.5104040271028,DDX39A
B cell activation (GO:0042113),GO_Biological_Process_2021,1/85,0.1162658431123955,0.1940116882894925,0,0,8.455357142857142,18.19487976015863,SLC25A5
regulation of cell cycle G2/M phase transition (GO:1902749),GO_Biological_Process_2021,1/85,0.1162658431123955,0.1940116882894925,0,0,8.455357142857142,18.19487976015863,PPP2R1A
"Wnt signaling pathway, planar cell polarity pathway (GO:0060071)",GO_Biological_Process_2021,1/85,0.1162658431123955,0.1940116882894925,0,0,8.455357142857142,18.19487976015863,PSMD8
"retrograde vesicle-mediated transport, Golgi to endoplasmic reticulum (GO:0006890)",GO_Biological_Process_2021,1/85,0.1162658431123955,0.1940116882894925,0,0,8.455357142857142,18.19487976015863,ARFGAP1
regulation of Ras protein signal transduction (GO:0046578),GO_Biological_Process_2021,1/86,0.117552724870697,0.1940116882894925,0,0,8.35546218487395,17.887944321802927,ARFGAP1
regulation of interferon-gamma production (GO:0032649),GO_Biological_Process_2021,1/86,0.117552724870697,0.1940116882894925,0,0,8.35546218487395,17.887944321802927,HLA-DPA1
positive regulation of endothelial cell migration (GO:0010595),GO_Biological_Process_2021,1/86,0.117552724870697,0.1940116882894925,0,0,8.35546218487395,17.887944321802927,ATP5F1A
response to interleukin-1 (GO:0070555),GO_Biological_Process_2021,1/86,0.117552724870697,0.1940116882894925,0,0,8.35546218487395,17.887944321802927,TLE5
regulation of transcription from RNA polymerase II promoter in response to stress (GO:0043618),GO_Biological_Process_2021,1/87,0.1188377972199883,0.1940116882894925,0,0,8.257890365448505,17.589271499945774,PSMD8
negative regulation of binding (GO:0051100),GO_Biological_Process_2021,1/88,0.1201210626217972,0.1940116882894925,0,0,8.16256157635468,17.298550980881092,TLE5
"retrograde transport, endosome to Golgi (GO:0042147)",GO_Biological_Process_2021,1/88,0.1201210626217972,0.1940116882894925,0,0,8.16256157635468,17.298550980881092,ARFRP1
regulation of establishment of planar polarity (GO:0090175),GO_Biological_Process_2021,1/88,0.1201210626217972,0.1940116882894925,0,0,8.16256157635468,17.298550980881092,PSMD8
mitochondrial translational elongation (GO:0070125),GO_Biological_Process_2021,1/89,0.1214025235104908,0.1940116882894925,0,0,8.06939935064935,17.015487408196194,TUFM
SCF-dependent proteasomal ubiquitin-dependent protein catabolic process (GO:0031146),GO_Biological_Process_2021,1/89,0.1214025235104908,0.1940116882894925,0,0,8.06939935064935,17.015487408196194,PSMD8
second-messenger-mediated signaling (GO:0019932),GO_Biological_Process_2021,1/89,0.1214025235104908,0.1940116882894925,0,0,8.06939935064935,17.015487408196194,PPP2R1A
protein complex oligomerization (GO:0051259),GO_Biological_Process_2021,1/90,0.1226821823509282,0.1941983360436494,0,0,7.978330658105939,16.73979950106851,PRMT1
cellular amino acid catabolic process (GO:0009063),GO_Biological_Process_2021,1/90,0.1226821823509282,0.1941983360436494,0,0,7.978330658105939,16.73979950106851,ECHS1
negative regulation of mitotic cell cycle phase transition (GO:1901991),GO_Biological_Process_2021,1/92,0.1252361036613152,0.19637961794779,0,0,7.802197802197802,16.209491106910413,PSMD8
regulation of endothelial cell proliferation (GO:0001936),GO_Biological_Process_2021,1/92,0.1252361036613152,0.19637961794779,0,0,7.802197802197802,16.209491106910413,ATP5F1A
cytoplasmic translation (GO:0002181),GO_Biological_Process_2021,1/93,0.1265103709770979,0.1974507659175267,0,0,7.717003105590062,15.954371371707152,DRG2
nucleosome organization (GO:0034728),GO_Biological_Process_2021,1/94,0.1277828460126215,0.1975901415195167,0,0,7.633640552995391,15.705627428388125,DMAP1
interleukin-1-mediated signaling pathway (GO:0070498),GO_Biological_Process_2021,1/94,0.1277828460126215,0.1975901415195167,0,0,7.633640552995391,15.705627428388125,PSMD8
ciliary basal body-plasma membrane docking (GO:0097711),GO_Biological_Process_2021,1/95,0.1290535311850947,0.197724217503769,0,0,7.552051671732523,15.463037181836098,PPP2R1A
regulation of cell cycle phase transition (GO:1901987),GO_Biological_Process_2021,1/95,0.1290535311850947,0.197724217503769,0,0,7.552051671732523,15.463037181836098,PSMD8
regulation of intracellular signal transduction (GO:1902531),GO_Biological_Process_2021,2/437,0.1316160895211263,0.2007295611874713,0,0,3.32669220945083,6.746086046516387,BOP1;TELO2
antigen processing and presentation of exogenous peptide antigen via MHC class II (GO:0019886),GO_Biological_Process_2021,1/98,0.132854871702785,0.2007851907182362,0,0,7.317378497790869,14.77011340018396,HLA-DPA1
RNA splicing (GO:0008380),GO_Biological_Process_2021,1/98,0.132854871702785,0.2007851907182362,0,0,7.317378497790869,14.77011340018396,PPP2R1A
positive regulation of stress-activated MAPK cascade (GO:0032874),GO_Biological_Process_2021,1/99,0.1341184216510177,0.2008769185266364,0,0,7.24234693877551,14.55010766501914,PRMT1
mRNA-containing ribonucleoprotein complex export from nucleus (GO:0071427),GO_Biological_Process_2021,1/99,0.1341184216510177,0.2008769185266364,0,0,7.24234693877551,14.55010766501914,DDX39A
antigen processing and presentation of peptide antigen via MHC class II (GO:0002495),GO_Biological_Process_2021,1/100,0.13538019382269,0.2018615390034753,0,0,7.1688311688311686,14.335283778329618,HLA-DPA1
antigen processing and presentation of exogenous peptide antigen (GO:0002478),GO_Biological_Process_2021,1/103,0.1391548678538364,0.205746344752579,0,0,6.956932773109243,13.720238863404822,HLA-DPA1
translational elongation (GO:0006414),GO_Biological_Process_2021,1/104,0.1404095530685888,0.205746344752579,0,0,6.889042995839112,13.524512360401651,TUFM
mRNA transport (GO:0051028),GO_Biological_Process_2021,1/104,0.1404095530685888,0.205746344752579,0,0,6.889042995839112,13.524512360401651,DDX39A
mitochondrial translation (GO:0032543),GO_Biological_Process_2021,1/105,0.1416624725419254,0.205746344752579,0,0,6.822458791208791,13.333185827739708,TUFM
small GTPase mediated signal transduction (GO:0007264),GO_Biological_Process_2021,1/106,0.1429136286904141,0.205746344752579,0,0,6.757142857142857,13.146121612489974,RASSF1
positive regulation of protein serine/threonine kinase activity (GO:0071902),GO_Biological_Process_2021,1/106,0.1429136286904141,0.205746344752579,0,0,6.757142857142857,13.146121612489974,TELO2
peptidyl-lysine modification (GO:0018205),GO_Biological_Process_2021,1/106,0.1429136286904141,0.205746344752579,0,0,6.757142857142857,13.146121612489974,UBE2I
RNA export from nucleus (GO:0006405),GO_Biological_Process_2021,1/106,0.1429136286904141,0.205746344752579,0,0,6.757142857142857,13.146121612489974,DDX39A
mRNA export from nucleus (GO:0006406),GO_Biological_Process_2021,1/107,0.144163023862874,0.2066542917175963,0,0,6.693059299191375,12.963187592054815,DDX39A
Fc-epsilon receptor signaling pathway (GO:0038095),GO_Biological_Process_2021,1/111,0.1491430429514568,0.2091927269856108,0,0,6.448376623376624,12.2702896774478,PSMD8
regulation of Wnt signaling pathway (GO:0030111),GO_Biological_Process_2021,1/111,0.1491430429514568,0.2091927269856108,0,0,6.448376623376624,12.2702896774478,PPP2R1A
regulation of protein serine/threonine kinase activity (GO:0071900),GO_Biological_Process_2021,1/111,0.1491430429514568,0.2091927269856108,0,0,6.448376623376624,12.2702896774478,TELO2
positive regulation of cell population proliferation (GO:0008284),GO_Biological_Process_2021,2/474,0.1499888352764831,0.2091927269856108,0,0,3.060106716886378,5.805617385268499,PRMT1;SLC25A5
protein-containing complex subunit organization (GO:0043933),GO_Biological_Process_2021,1/112,0.1503836692132686,0.2091927269856108,0,0,6.38996138996139,12.10620011280844,PPP2R1A
Fc receptor signaling pathway (GO:0038093),GO_Biological_Process_2021,1/112,0.1503836692132686,0.2091927269856108,0,0,6.38996138996139,12.10620011280844,PSMD8
"nuclear-transcribed mRNA catabolic process, nonsense-mediated decay (GO:0000184)",GO_Biological_Process_2021,1/113,0.1516225488163737,0.2091927269856108,0,0,6.332589285714286,11.945549951152008,PPP2R1A
histone modification (GO:0016570),GO_Biological_Process_2021,1/114,0.1528596841248385,0.2091927269856108,0,0,6.2762326169405815,11.788238988540712,PRMT1
cellular response to lectin (GO:1990858),GO_Biological_Process_2021,1/115,0.1540950775438487,0.2091927269856108,0,0,6.220864661654136,11.63417076591374,PSMD8
stimulatory C-type lectin receptor signaling pathway (GO:0002223),GO_Biological_Process_2021,1/115,0.1540950775438487,0.2091927269856108,0,0,6.220864661654136,11.63417076591374,PSMD8
positive regulation of protein metabolic process (GO:0051247),GO_Biological_Process_2021,1/115,0.1540950775438487,0.2091927269856108,0,0,6.220864661654136,11.63417076591374,PRMT1
cellular amide metabolic process (GO:0043603),GO_Biological_Process_2021,1/115,0.1540950775438487,0.2091927269856108,0,0,6.220864661654136,11.63417076591374,PPP2R1A
sphingolipid metabolic process (GO:0006665),GO_Biological_Process_2021,1/116,0.1553287314144655,0.2091927269856108,0,0,6.166459627329193,11.4832524025977,PPP2R1A
cytosolic transport (GO:0016482),GO_Biological_Process_2021,1/116,0.1553287314144655,0.2091927269856108,0,0,6.166459627329193,11.4832524025977,ARFRP1
tumor necrosis factor-mediated signaling pathway (GO:0033209),GO_Biological_Process_2021,1/116,0.1553287314144655,0.2091927269856108,0,0,6.166459627329193,11.4832524025977,PSMD8
"negative regulation of transcription, DNA-templated (GO:0045892)",GO_Biological_Process_2021,3/948,0.1565441829375626,0.2099829602455659,0,0,2.3230769230769237,4.307953314665349,UBE2I;DMAP1;TLE5
regulation of protein binding (GO:0043393),GO_Biological_Process_2021,1/118,0.157790829920516,0.2108085487738093,0,0,6.06043956043956,11.190510646586436,TLE5
innate immune response activating cell surface receptor signaling pathway (GO:0002220),GO_Biological_Process_2021,1/119,0.1590192793029687,0.2116033437736715,0,0,6.008777239709443,11.048517956292724,PSMD8
cellular response to interferon-gamma (GO:0071346),GO_Biological_Process_2021,1/121,0.1614709900485726,0.2131672358744001,0,0,5.908035714285714,10.772888266493863,HLA-DPA1
protein homooligomerization (GO:0051260),GO_Biological_Process_2021,1/121,0.1614709900485726,0.2131672358744001,0,0,5.908035714285714,10.772888266493863,PRMT1
regulation of mRNA catabolic process (GO:0061013),GO_Biological_Process_2021,1/122,0.1626942561104061,0.2139365414995104,0,0,5.858913813459268,10.639099466798154,PSMD8
non-canonical Wnt signaling pathway (GO:0035567),GO_Biological_Process_2021,1/124,0.1651356213455527,0.2162952844290769,0,0,5.7630662020905925,10.379214197813798,PSMD8
platelet degranulation (GO:0002576),GO_Biological_Process_2021,1/125,0.1663537252021877,0.2169318517061347,0,0,5.716301843317972,10.25298125318036,TEX264
negative regulation of cell growth (GO:0030308),GO_Biological_Process_2021,1/126,0.1675701129945591,0.2169318517061347,0,0,5.670285714285714,10.129134336252406,PPP2R1A
negative regulation of growth (GO:0045926),GO_Biological_Process_2021,1/126,0.1675701129945591,0.2169318517061347,0,0,5.670285714285714,10.129134336252406,PPP2R1A
plasma membrane bounded cell projection organization (GO:0120036),GO_Biological_Process_2021,1/128,0.1699977496813081,0.2171955620299844,0,0,5.580427446569179,9.888350464401547,PRMT1
DNA-dependent DNA replication (GO:0006261),GO_Biological_Process_2021,1/129,0.1712090032573018,0.2171955620299844,0,0,5.536551339285714,9.771294621938235,PSMD8
positive regulation of macromolecule biosynthetic process (GO:0010557),GO_Biological_Process_2021,1/129,0.1712090032573018,0.2171955620299844,0,0,5.536551339285714,9.771294621938235,PRMT1
positive regulation of canonical Wnt signaling pathway (GO:0090263),GO_Biological_Process_2021,1/130,0.1724185500532113,0.2171955620299844,0,0,5.493355481727575,9.65638686620222,PSMD8
G2/M transition of mitotic cell cycle (GO:0000086),GO_Biological_Process_2021,1/130,0.1724185500532113,0.2171955620299844,0,0,5.493355481727575,9.65638686620222,PPP2R1A
protein glycosylation (GO:0006486),GO_Biological_Process_2021,1/130,0.1724185500532113,0.2171955620299844,0,0,5.493355481727575,9.65638686620222,MPI
regulation of primary metabolic process (GO:0080090),GO_Biological_Process_2021,1/130,0.1724185500532113,0.2171955620299844,0,0,5.493355481727575,9.65638686620222,PSMD8
cellular response to hypoxia (GO:0071456),GO_Biological_Process_2021,1/131,0.1736263924012151,0.2171955620299844,0,0,5.450824175824176,9.543572555804772,PSMD8
cell cycle G2/M phase transition (GO:0044839),GO_Biological_Process_2021,1/131,0.1736263924012151,0.2171955620299844,0,0,5.450824175824176,9.543572555804772,PPP2R1A
regulation of cell adhesion (GO:0030155),GO_Biological_Process_2021,1/133,0.1760369730652206,0.2193893619544168,0,0,5.367694805194805,9.324014550089352,PPP2R1A
ribonucleoprotein complex assembly (GO:0022618),GO_Biological_Process_2021,1/136,0.1796401185512385,0.2230475821416864,0,0,5.247619047619048,9.009111178329023,BOP1
protein dephosphorylation (GO:0006470),GO_Biological_Process_2021,1/139,0.1832280487267172,0.226659882498976,0,0,5.13276397515528,8.710422287155945,PPP2R1A
Ras protein signal transduction (GO:0007265),GO_Biological_Process_2021,1/142,0.1868008255388087,0.2291537362397989,0,0,5.022796352583587,8.42680739101831,RASSF1
protein localization to organelle (GO:0033365),GO_Biological_Process_2021,1/142,0.1868008255388087,0.2291537362397989,0,0,5.022796352583587,8.42680739101831,ARFRP1
protein-DNA complex assembly (GO:0065004),GO_Biological_Process_2021,1/143,0.1879883944003141,0.2291537362397989,0,0,4.987173038229376,8.335436585984167,PSMD8
neuron development (GO:0048666),GO_Biological_Process_2021,1/143,0.1879883944003141,0.2291537362397989,0,0,4.987173038229376,8.335436585984167,PRMT1
regulation of mRNA stability (GO:0043488),GO_Biological_Process_2021,1/146,0.1915410627130633,0.2326353270769569,0,0,4.883251231527094,8.070320122993364,PSMD8
positive regulation of transferase activity (GO:0051347),GO_Biological_Process_2021,1/148,0.1939011657318861,0.2338014056117327,0,0,4.816326530612245,7.900734332963019,UBE2I
positive regulation of intracellular protein transport (GO:0090316),GO_Biological_Process_2021,1/148,0.1939011657318861,0.2338014056117327,0,0,4.816326530612245,7.900734332963019,DMAP1
response to cytokine (GO:0034097),GO_Biological_Process_2021,1/150,0.1962546159004851,0.235787919822885,0,0,4.751198465963567,7.736577922845861,TLE5
dephosphorylation (GO:0016311),GO_Biological_Process_2021,1/153,0.1997723566309641,0.23829988255265,0,0,4.65671992481203,7.500004970410198,PPP2R1A
positive regulation of Wnt signaling pathway (GO:0030177),GO_Biological_Process_2021,1/153,0.1997723566309641,0.23829988255265,0,0,4.65671992481203,7.500004970410198,PSMD8
positive regulation of protein kinase activity (GO:0045860),GO_Biological_Process_2021,1/154,0.2009416299930148,0.2388416527319108,0,0,4.626050420168068,7.423611903641707,TELO2
cellular response to interleukin-1 (GO:0071347),GO_Biological_Process_2021,1/155,0.2021092536964389,0.2390631225544066,0,0,4.595779220779221,7.348406790668775,PSMD8
regulation of signal transduction by p53 class mediator (GO:1901796),GO_Biological_Process_2021,1/156,0.2032752299564415,0.2390631225544066,0,0,4.565898617511521,7.274364134097743,BOP1
regulation of cell differentiation (GO:0045595),GO_Biological_Process_2021,1/156,0.2032752299564415,0.2390631225544066,0,0,4.565898617511521,7.274364134097743,PPP2R1A
neuron projection development (GO:0031175),GO_Biological_Process_2021,1/171,0.2205686984163979,0.2575872212275416,0,0,4.159873949579832,6.28784114171094,PRMT1
nuclear-transcribed mRNA catabolic process (GO:0000956),GO_Biological_Process_2021,1/171,0.2205686984163979,0.2575872212275416,0,0,4.159873949579832,6.28784114171094,PPP2R1A
mitochondrion organization (GO:0007005),GO_Biological_Process_2021,1/175,0.2251187291557794,0.2619848625018478,0,0,4.063423645320197,6.059082054228087,CLUH
cytokine-mediated signaling pathway (GO:0019221),GO_Biological_Process_2021,2/621,0.227033534164338,0.2621675205583557,0,0,2.3158020702447195,3.433541411746944,PSMD8;HLA-DPA1
regulation of mitotic cell cycle (GO:0007346),GO_Biological_Process_2021,1/178,0.2285144113270738,0.2621675205583557,0,0,3.993946731234866,5.8956884364707,PSMD8
positive regulation of cellular process (GO:0048522),GO_Biological_Process_2021,2/625,0.2291876441352963,0.2621675205583557,0,0,2.3004577611319186,3.389067049985764,PRMT1;SLC25A5
protein stabilization (GO:0050821),GO_Biological_Process_2021,1/179,0.2296431092465047,0.2621675205583557,0,0,3.971308186195827,5.842703271555632,TELO2
RNA processing (GO:0006396),GO_Biological_Process_2021,1/179,0.2296431092465047,0.2621675205583557,0,0,3.971308186195827,5.842703271555632,PPP2R1A
positive regulation of cellular biosynthetic process (GO:0031328),GO_Biological_Process_2021,1/180,0.2307702127070556,0.2621675205583557,0,0,3.948922585794094,5.790434766463251,PRMT1
regulated exocytosis (GO:0045055),GO_Biological_Process_2021,1/180,0.2307702127070556,0.2621675205583557,0,0,3.948922585794094,5.790434766463251,TEX264
endoplasmic reticulum to Golgi vesicle-mediated transport (GO:0006888),GO_Biological_Process_2021,1/185,0.2363818892832427,0.2676323763410273,0,0,3.840644409937888,5.5393868070606525,ARFGAP1
negative regulation of cell differentiation (GO:0045596),GO_Biological_Process_2021,1/191,0.2430637365844259,0.2742678649297237,0,0,3.718233082706767,5.25918629235571,NELFB
cellular response to tumor necrosis factor (GO:0071356),GO_Biological_Process_2021,1/194,0.2463834556022868,0.2761478999032342,0,0,3.659881569207994,5.127004364523929,PSMD8
negative regulation of macromolecule metabolic process (GO:0010605),GO_Biological_Process_2021,1/194,0.2463834556022868,0.2761478999032342,0,0,3.659881569207994,5.127004364523929,TLE5
regulation of signal transduction (GO:0009966),GO_Biological_Process_2021,1/198,0.2507878872325828,0.2801443288818818,0,0,3.584844089920232,4.958369101280273,PPP2R1A
modification-dependent protein catabolic process (GO:0019941),GO_Biological_Process_2021,1/201,0.2540748900660081,0.282870044273489,0,0,3.530535714285714,4.837279526810303,UBE2I
proteasomal protein catabolic process (GO:0010498),GO_Biological_Process_2021,1/205,0.2584359079118467,0.2867694127659694,0,0,3.460609243697479,4.682576509853867,PSMD8
mitotic cell cycle phase transition (GO:0044772),GO_Biological_Process_2021,1/209,0.2627723034817502,0.2906157263672336,0,0,3.3933722527472527,4.535131351227306,PPP2R1A
regulation of cell growth (GO:0001558),GO_Biological_Process_2021,1/217,0.271371763278782,0.2991358710729808,0,0,3.2663690476190474,4.260212713760186,PPP2R1A
"transcription, DNA-templated (GO:0006351)",GO_Biological_Process_2021,1/221,0.2756350936135662,0.3028359252201681,0,0,3.2063311688311686,4.131926554688627,NELFB
apoptotic process (GO:0006915),GO_Biological_Process_2021,1/231,0.2861883118416756,0.3133996595249825,0,0,3.0653726708074536,3.835103847236826,PPP2R1A
regulation of cell population proliferation (GO:0042127),GO_Biological_Process_2021,2/764,0.3045775019369033,0.3324473387154434,0,0,1.867308253135025,2.2199115145967943,PRMT1;SLC25A5
"RNA splicing, via transesterification reactions with bulged adenosine as nucleophile (GO:0000377)",GO_Biological_Process_2021,1/251,0.3068511981640484,0.3338381113576292,0,0,2.817285714285714,3.328319777752968,DDX39A
cellular component assembly (GO:0022607),GO_Biological_Process_2021,1/261,0.3169648730850546,0.343721648085741,0,0,2.707554945054945,3.1108840309160315,PPP2R1A
protein-containing complex assembly (GO:0065003),GO_Biological_Process_2021,1/267,0.3229645287725442,0.3479682342259024,0,0,2.6456766917293235,2.990177608295022,PPP2R1A
protein deubiquitination (GO:0016579),GO_Biological_Process_2021,1/267,0.3229645287725442,0.3479682342259024,0,0,2.6456766917293235,2.990177608295022,PSMD8
"mRNA splicing, via spliceosome (GO:0000398)",GO_Biological_Process_2021,1/274,0.3298998267759788,0.3542975631613406,0,0,2.576923076923077,2.8577206588647988,DDX39A
DNA repair (GO:0006281),GO_Biological_Process_2021,1/298,0.3531610720899979,0.3780634553783952,0,0,2.365800865800866,2.462398954876971,TEX264
mRNA processing (GO:0006397),GO_Biological_Process_2021,1/300,0.3550639213306991,0.3788861013560815,0,0,2.349737219302437,2.4330528989985645,DDX39A
MAPK cascade (GO:0000165),GO_Biological_Process_2021,1/303,0.3579080648517554,0.3807047568805297,0,0,2.326040681173132,2.389958249972061,PSMD8
positive regulation of apoptotic process (GO:0043065),GO_Biological_Process_2021,1/310,0.3644973838196466,0.3864829403040062,0,0,2.2725381414701804,2.2935270878734726,TLE5
protein polyubiquitination (GO:0000209),GO_Biological_Process_2021,1/314,0.3682333446256914,0.3867608085062294,0,0,2.243039707895938,2.240882920031033,PSMD8
cilium assembly (GO:0060271),GO_Biological_Process_2021,1/314,0.3682333446256914,0.3867608085062294,0,0,2.243039707895938,2.240882920031033,PPP2R1A
cellular macromolecule biosynthetic process (GO:0034645),GO_Biological_Process_2021,1/314,0.3682333446256914,0.3867608085062294,0,0,2.243039707895938,2.240882920031033,TUFM
transcription by RNA polymerase II (GO:0006366),GO_Biological_Process_2021,1/320,0.3737975537934666,0.3908546589012336,0,0,2.200179131213614,2.165066314355504,NELFB
proteasome-mediated ubiquitin-dependent protein catabolic process (GO:0043161),GO_Biological_Process_2021,1/321,0.37472030986379,0.3908546589012336,0,0,2.1931919642857145,2.152783217448483,PSMD8
negative regulation of gene expression (GO:0010629),GO_Biological_Process_2021,1/322,0.3756417530158563,0.3908546589012336,0,0,2.186248331108144,2.140598098045785,TLE5
positive regulation of cytokine production (GO:0001819),GO_Biological_Process_2021,1/335,0.3875018535061784,0.4019429163697627,0,0,2.099764756201882,1.9906497393415927,HLA-DPA1
gene expression (GO:0010467),GO_Biological_Process_2021,1/356,0.4062023489310624,0.4200358654581264,0,0,1.973440643863179,1.777880268191738,DDX39A
"regulation of transcription, DNA-templated (GO:0006355)",GO_Biological_Process_2021,4/2244,0.4126644193265783,0.4254009754786332,0,0,1.2665,1.121005189641931,UBE2I;PPP2R1A;DMAP1;TLE5
protein modification by small protein conjugation (GO:0032446),GO_Biological_Process_2021,1/409,0.4509802970227113,0.4634689821710325,0,0,1.7124474789915969,1.363676088372923,UBE2I
cellular protein metabolic process (GO:0044267),GO_Biological_Process_2021,1/417,0.4574494348725829,0.4686751878755911,0,0,1.6788289835164836,1.3129935553861378,UBE2I
organelle organization (GO:0006996),GO_Biological_Process_2021,1/420,0.4598563357343711,0.4697003551537613,0,0,1.6665530173883396,1.2946469657303523,CLUH
regulation of nucleic acid-templated transcription (GO:1903506),GO_Biological_Process_2021,1/430,0.4678051087893121,0.4759092544053313,0,0,1.626873126873127,1.2359412150622389,PPP2R1A
regulation of gene expression (GO:0010468),GO_Biological_Process_2021,2/1079,0.4687848643693234,0.4759092544053313,0,0,1.2994944805529764,0.984511738025638,PPP2R1A;TLE5
regulation of cellular macromolecule biosynthetic process (GO:2000112),GO_Biological_Process_2021,1/468,0.496993013032404,0.5030171707661302,0,0,1.491587641480575,1.0428872198680812,PPP2R1A
cellular response to cytokine stimulus (GO:0071345),GO_Biological_Process_2021,1/482,0.5073517999094491,0.5119501545914079,0,0,1.447133947133947,0.9819536523834056,HLA-DPA1
protein ubiquitination (GO:0016567),GO_Biological_Process_2021,1/525,0.5378963170168213,0.5411366562759587,0,0,1.3254498364231189,0.821897468941029,PSMD8
negative regulation of cellular process (GO:0048523),GO_Biological_Process_2021,1/566,0.5653120413257983,0.5670096750835334,0,0,1.2266750948166878,0.699667769328138,PPP2R1A
regulation of transcription by RNA polymerase II (GO:0006357),GO_Biological_Process_2021,3/2206,0.6346566889085723,0.6346566889085723,0,0,0.9306190858619364,0.4231255789559636,UBE2I;DMAP1;TLE5
intracellular membrane-bounded organelle (GO:0043231),GO_Cellular_Component_2021,15/5192,0.0026537807886723,0.0925407831023096,0,0,3.0617566709898174,18.161636193956223,UBE2I;PRMT1;TEX264;PUS1;TLE5;PSMD8;RASSF1;DDX39A;PPP2R1A;SNX17;DRG2;DMAP1;SLC25A5;TELO2;HLA-DPA1
nucleus (GO:0005634),GO_Cellular_Component_2021,13/4484,0.0061192742901199,0.0925407831023096,0,0,2.816763587564304,14.355105423301108,UBE2I;PRMT1;TEX264;PUS1;TLE5;PSMD8;RASSF1;DDX39A;PPP2R1A;DRG2;DMAP1;SLC25A5;TELO2
"mitochondrial proton-transporting ATP synthase complex, catalytic sector F(1) (GO:0000275)",GO_Cellular_Component_2021,1/5,0.0072296416117061,0.0925407831023096,0,0,178.27678571428572,878.8271482248972,ATP5F1A
TORC1 complex (GO:0031931),GO_Cellular_Component_2021,1/6,0.0086695086687213,0.0925407831023096,0,0,142.61428571428573,677.1245223853919,TELO2
trans-Golgi network membrane (GO:0032588),GO_Cellular_Component_2021,2/99,0.0090270993569211,0.0925407831023096,0,0,15.176785032455136,71.44508260735158,ARFRP1;HLA-DPA1
mitochondrial inner membrane (GO:0005743),GO_Cellular_Component_2021,3/328,0.0116490725799893,0.0925407831023096,0,0,6.97491124260355,31.055992550468638,SLC25A3;ATP5F1A;SLC25A5
TORC2 complex (GO:0031932),GO_Cellular_Component_2021,1/9,0.0129770265246845,0.0925407831023096,0,0,89.12053571428571,387.1908225092229,TELO2
organelle inner membrane (GO:0019866),GO_Cellular_Component_2021,3/346,0.0134447744897203,0.0925407831023096,0,0,6.602825745682889,28.452664034248645,SLC25A3;ATP5F1A;SLC25A5
mitochondrial matrix (GO:0005759),GO_Cellular_Component_2021,3/348,0.0136535581626358,0.0925407831023096,0,0,6.563879598662207,28.183691634243704,ATP5F1A;ECHS1;PUS1
Swr1 complex (GO:0000812),GO_Cellular_Component_2021,1/12,0.0172664743371053,0.0949520515056544,0,0,64.8051948051948,263.043544162992,DMAP1
MHC class II protein complex (GO:0042613),GO_Cellular_Component_2021,1/13,0.0186922870807393,0.0949520515056544,0,0,59.40178571428572,236.3979776770167,HLA-DPA1
proton-transporting ATP synthase complex (GO:0045259),GO_Cellular_Component_2021,1/15,0.0215379237658092,0.0949520515056544,0,0,50.910714285714285,195.39226686727991,ATP5F1A
protein phosphatase type 2A complex (GO:0000159),GO_Cellular_Component_2021,1/17,0.0243755931875056,0.0949520515056544,0,0,44.54241071428572,165.43821595589523,PPP2R1A
mitochondrial proton-transporting ATP synthase complex (GO:0005753),GO_Cellular_Component_2021,1/18,0.02579144685281,0.0949520515056544,0,0,41.92016806722689,153.33191684558912,ATP5F1A
H4/H2A histone acetyltransferase complex (GO:0043189),GO_Cellular_Component_2021,1/19,0.0272053167113753,0.0949520515056544,0,0,39.58928571428572,142.69335919589085,DMAP1
MHC protein complex (GO:0042611),GO_Cellular_Component_2021,1/20,0.0286172054274548,0.0949520515056544,0,0,37.50375939849624,133.2788782141628,HLA-DPA1
NuA4 histone acetyltransferase complex (GO:0035267),GO_Cellular_Component_2021,1/20,0.0286172054274548,0.0949520515056544,0,0,37.50375939849624,133.2788782141628,DMAP1
mitochondrial membrane (GO:0031966),GO_Cellular_Component_2021,3/469,0.0298095057147953,0.0949520515056544,0,0,4.829564212611423,16.96591112144285,SLC25A3;ATP5F1A;SLC25A5
Golgi membrane (GO:0000139),GO_Cellular_Component_2021,3/472,0.0302989233765663,0.0949520515056544,0,0,4.797933409873709,16.776660748174137,ARFRP1;ARFGAP1;HLA-DPA1
autophagosome membrane (GO:0000421),GO_Cellular_Component_2021,1/22,0.031435050111481,0.0949520515056544,0,0,33.92857142857143,117.38714910240454,TEX264
"preribosome, large subunit precursor (GO:0030687)",GO_Cellular_Component_2021,1/23,0.0328410113902878,0.0949520515056544,0,0,32.38474025974026,110.62877274373584,BOP1
INO80-type complex (GO:0097346),GO_Cellular_Component_2021,1/24,0.0342450021823671,0.0949520515056544,0,0,30.975155279503102,104.51682262493934,DMAP1
lumenal side of endoplasmic reticulum membrane (GO:0098553),GO_Cellular_Component_2021,1/28,0.0398413134963124,0.1012633384697942,0,0,26.38095238095238,85.02187553087816,HLA-DPA1
integral component of lumenal side of endoplasmic reticulum membrane (GO:0071556),GO_Cellular_Component_2021,1/28,0.0398413134963124,0.1012633384697942,0,0,26.38095238095238,85.02187553087816,HLA-DPA1
trans-Golgi network (GO:0005802),GO_Cellular_Component_2021,2/239,0.046733495464306,0.1140297289329066,0,0,6.16783872480075,18.89390412208488,ARFRP1;HLA-DPA1
small-subunit processome (GO:0032040),GO_Cellular_Component_2021,1/37,0.0523187720746184,0.1227478883289124,0,0,19.776785714285715,58.34942939474461,WDR46
intrinsic component of mitochondrial inner membrane (GO:0031304),GO_Cellular_Component_2021,1/39,0.055070203944055,0.124417868169902,0,0,18.73402255639098,54.31267540736575,SLC25A3
vacuolar membrane (GO:0005774),GO_Cellular_Component_2021,1/45,0.0632783021573496,0.1378563011285118,0,0,16.17451298701299,44.64509756246689,TEX264
integral component of mitochondrial inner membrane (GO:0031305),GO_Cellular_Component_2021,1/51,0.0714175402605397,0.1492586194334741,0,0,14.229285714285714,37.55409844816487,SLC25A3
ER to Golgi transport vesicle membrane (GO:0012507),GO_Cellular_Component_2021,1/54,0.0754615109632623,0.1492586194334741,0,0,13.421832884097036,34.683795119411634,HLA-DPA1
coated vesicle membrane (GO:0030662),GO_Cellular_Component_2021,1/55,0.0768057185673521,0.1492586194334741,0,0,13.172619047619047,33.80721302826248,HLA-DPA1
microtubule cytoskeleton (GO:0015630),GO_Cellular_Component_2021,2/331,0.0827627188726521,0.1492586194334741,0,0,4.4223798266351455,11.019586876371417,RASSF1;PPP2R1A
transport vesicle membrane (GO:0030658),GO_Cellular_Component_2021,1/60,0.0834985018208404,0.1492586194334741,0,0,12.053268765133172,29.927381507961847,HLA-DPA1
nucleolus (GO:0005730),GO_Cellular_Component_2021,3/733,0.0886097236628016,0.1492586194334741,0,0,3.041253951527924,7.370520554379022,BOP1;DDX56;WDR46
integral component of mitochondrial membrane (GO:0032592),GO_Cellular_Component_2021,1/66,0.0914680169101072,0.1492586194334741,0,0,10.937362637362638,26.159611098844096,SLC25A3
nuclear lumen (GO:0031981),GO_Cellular_Component_2021,3/745,0.0919837855700675,0.1492586194334741,0,0,2.990203193033382,7.135052301822111,BOP1;DDX56;WDR46
platelet alpha granule lumen (GO:0031093),GO_Cellular_Component_2021,1/67,0.0927897477058275,0.1492586194334741,0,0,10.771103896103895,25.607428374118918,TEX264
autophagosome (GO:0005776),GO_Cellular_Component_2021,1/69,0.0954276419328769,0.1492586194334741,0,0,10.453256302521009,24.558744410167414,TEX264
clathrin-coated endocytic vesicle membrane (GO:0030669),GO_Cellular_Component_2021,1/69,0.0954276419328769,0.1492586194334741,0,0,10.453256302521009,24.558744410167414,HLA-DPA1
bounding membrane of organelle (GO:0098588),GO_Cellular_Component_2021,3/767,0.098310623824928,0.1499237013330152,0,0,2.90077527184857,6.728705566745085,SNX17;ARFGAP1;HLA-DPA1
cytoplasmic vesicle membrane (GO:0030659),GO_Cellular_Component_2021,2/380,0.1045456855934162,0.1555435810048388,0,0,3.8395061728395055,8.67010837586321,SNX17;HLA-DPA1
COPII-coated ER to Golgi transport vesicle (GO:0030134),GO_Cellular_Component_2021,1/79,0.1085064173227218,0.1575926537306197,0,0,9.108516483516484,20.22952290313978,HLA-DPA1
nuclear chromosome (GO:0000228),GO_Cellular_Component_2021,1/83,0.1136866415597872,0.15975419425113,0,0,8.662456445993032,18.834860248996137,DMAP1
clathrin-coated endocytic vesicle (GO:0045334),GO_Cellular_Component_2021,1/85,0.1162658431123955,0.15975419425113,0,0,8.455357142857142,18.19487976015863,HLA-DPA1
clathrin-coated vesicle membrane (GO:0030665),GO_Cellular_Component_2021,1/90,0.1226821823509282,0.15975419425113,0,0,7.978330658105939,16.73979950106851,HLA-DPA1
platelet alpha granule (GO:0031091),GO_Cellular_Component_2021,1/90,0.1226821823509282,0.15975419425113,0,0,7.978330658105939,16.73979950106851,TEX264
intracellular organelle lumen (GO:0070013),GO_Cellular_Component_2021,3/848,0.1230892972098871,0.15975419425113,0,0,2.611652253072372,5.4710071692834665,ATP5F1A;ECHS1;PUS1
integral component of endoplasmic reticulum membrane (GO:0030176),GO_Cellular_Component_2021,1/142,0.1868008255388087,0.2373927157889027,0,0,5.022796352583587,8.42680739101831,HLA-DPA1
endocytic vesicle membrane (GO:0030666),GO_Cellular_Component_2021,1/158,0.2056022491071387,0.2536657005535209,0,0,4.507279344858962,7.1296676816470494,HLA-DPA1
chromosome (GO:0005694),GO_Cellular_Component_2021,1/160,0.2079227053717385,0.2536657005535209,0,0,4.450134770889488,6.989332172907156,BOP1
cytoskeleton (GO:0005856),GO_Cellular_Component_2021,2/600,0.2157573011020944,0.2580626542593678,0,0,2.3997274866840086,3.680224734937024,RASSF1;PPP2R1A
intracellular non-membrane-bounded organelle (GO:0043232),GO_Cellular_Component_2021,3/1158,0.2345476295446745,0.2751424115812528,0,0,1.87972027972028,2.7257759878053056,BOP1;DDX56;WDR46
endocytic vesicle (GO:0030139),GO_Cellular_Component_2021,1/189,0.2408427513052744,0.2771963741438064,0,0,3.7581686930091194,5.350170451555993,HLA-DPA1
early endosome (GO:0005769),GO_Cellular_Component_2021,1/266,0.3219681320621544,0.3581970228204582,0,0,2.6557951482479782,3.009819830976711,SNX17
lytic vacuole membrane (GO:0098852),GO_Cellular_Component_2021,1/267,0.3229645287725442,0.3581970228204582,0,0,2.6456766917293235,2.990177608295022,HLA-DPA1
integral component of plasma membrane (GO:0005887),GO_Cellular_Component_2021,3/1454,0.353618089479767,0.3851911331833175,0,0,1.4727243810634576,1.5309526505732574,SLC25A3;SLC25A5;HLA-DPA1
secretory granule lumen (GO:0034774),GO_Cellular_Component_2021,1/316,0.3700933640824084,0.3959481550026259,0,0,2.2285714285714286,2.2151999327355147,TEX264
endosome membrane (GO:0010008),GO_Cellular_Component_2021,1/325,0.3783982228618704,0.3959481550026259,0,0,2.1656746031746037,2.1046202042081577,SNX17
lysosomal membrane (GO:0005765),GO_Cellular_Component_2021,1/330,0.3829662482812284,0.3959481550026259,0,0,2.1322188449848025,2.0465215970248147,HLA-DPA1
lysosome (GO:0005764),GO_Cellular_Component_2021,1/477,0.503676102372416,0.5120707040786229,0,0,1.4627100840336134,1.0031585673294936,HLA-DPA1
endoplasmic reticulum membrane (GO:0005789),GO_Cellular_Component_2021,1/712,0.6507518307937964,0.6507518307937964,0,0,0.9674502712477396,0.4156426819840749,TEX264
RNA binding (GO:0003723),GO_Molecular_Function_2021,12/1406,2.3431662255963461e-07,1.4527630598697346e-05,0,0,9.40686977804034,143.61084805649878,BOP1;ATP5F1A;UBE2I;CLUH;DDX39A;PRMT1;PUS1;DDX56;DRG2;SLC25A5;WDR46;TUFM
inorganic phosphate transmembrane transporter activity (GO:0005315),GO_Molecular_Function_2021,1/5,0.0072296416117061,0.0681718705297552,0,0,178.27678571428572,878.8271482248972,SLC25A3
small protein activating enzyme binding (GO:0044388),GO_Molecular_Function_2021,1/5,0.0072296416117061,0.0681718705297552,0,0,178.27678571428572,878.8271482248972,UBE2I
protein-arginine omega-N monomethyltransferase activity (GO:0035241),GO_Molecular_Function_2021,1/5,0.0072296416117061,0.0681718705297552,0,0,178.27678571428572,878.8271482248972,PRMT1
purine nucleotide transmembrane transporter activity (GO:0015216),GO_Molecular_Function_2021,1/5,0.0072296416117061,0.0681718705297552,0,0,178.27678571428572,878.8271482248972,SLC25A5
purine nucleobase transmembrane transporter activity (GO:0005345),GO_Molecular_Function_2021,1/6,0.0086695086687213,0.0681718705297552,0,0,142.61428571428573,677.1245223853919,SLC25A5
histone-arginine N-methyltransferase activity (GO:0008469),GO_Molecular_Function_2021,1/7,0.0101073601190722,0.0681718705297552,0,0,118.83928571428572,546.0060757050519,PRMT1
ADP transmembrane transporter activity (GO:0015217),GO_Molecular_Function_2021,1/7,0.0101073601190722,0.0681718705297552,0,0,118.83928571428572,546.0060757050519,SLC25A5
arginine N-methyltransferase activity (GO:0016273),GO_Molecular_Function_2021,1/8,0.0115431985365684,0.0681718705297552,0,0,101.85714285714286,454.4518266085444,PRMT1
"intramolecular oxidoreductase activity, interconverting aldoses and ketoses (GO:0016861)",GO_Molecular_Function_2021,1/8,0.0115431985365684,0.0681718705297552,0,0,101.85714285714286,454.4518266085444,MPI
ATP transmembrane transporter activity (GO:0005347),GO_Molecular_Function_2021,1/10,0.0144088467211374,0.0681718705297552,0,0,79.21428571428571,335.8616722924233,SLC25A5
MHC class II receptor activity (GO:0032395),GO_Molecular_Function_2021,1/10,0.0144088467211374,0.0681718705297552,0,0,79.21428571428571,335.8616722924233,HLA-DPA1
enoyl-CoA hydratase activity (GO:0004300),GO_Molecular_Function_2021,1/10,0.0144088467211374,0.0681718705297552,0,0,79.21428571428571,335.8616722924233,ECHS1
protein-arginine N-methyltransferase activity (GO:0016274),GO_Molecular_Function_2021,1/11,0.0158386617716755,0.0681718705297552,0,0,71.28928571428571,295.5155744703354,PRMT1
adenine nucleotide transmembrane transporter activity (GO:0000295),GO_Molecular_Function_2021,1/12,0.0172664743371053,0.0681718705297552,0,0,64.8051948051948,263.043544162992,SLC25A5
pseudouridine synthase activity (GO:0009982),GO_Molecular_Function_2021,1/13,0.0186922870807393,0.0681718705297552,0,0,59.40178571428572,236.3979776770167,PUS1
GTPase inhibitor activity (GO:0005095),GO_Molecular_Function_2021,1/13,0.0186922870807393,0.0681718705297552,0,0,59.40178571428572,236.3979776770167,GPS1
translation elongation factor activity (GO:0003746),GO_Molecular_Function_2021,1/14,0.020116102664845,0.0692887980677997,0,0,54.82967032967033,214.17755847607225,TUFM
solute:proton symporter activity (GO:0015295),GO_Molecular_Function_2021,1/16,0.0229577530466617,0.074914773099633,0,0,47.51428571428571,179.32364557493287,SLC25A3
MHC class I protein binding (GO:0042288),GO_Molecular_Function_2021,1/17,0.0243755931875056,0.0755643388812676,0,0,44.54241071428572,165.43821595589523,ATP5F1A
SUMO transferase activity (GO:0019789),GO_Molecular_Function_2021,1/19,0.0272053167113753,0.0766695289138758,0,0,39.58928571428572,142.69335919589085,UBE2I
anion:anion antiporter activity (GO:0015301),GO_Molecular_Function_2021,1/19,0.0272053167113753,0.0766695289138758,0,0,39.58928571428572,142.69335919589085,SLC25A5
low-density lipoprotein particle receptor binding (GO:0050750),GO_Molecular_Function_2021,1/23,0.0328410113902878,0.0848392794249102,0,0,32.38474025974026,110.62877274373584,SNX17
N-methyltransferase activity (GO:0008170),GO_Molecular_Function_2021,1/23,0.0328410113902878,0.0848392794249102,0,0,32.38474025974026,110.62877274373584,PRMT1
methyl-CpG binding (GO:0008327),GO_Molecular_Function_2021,1/24,0.0342450021823671,0.0849276054122706,0,0,30.975155279503102,104.51682262493934,PRMT1
DNA-binding transcription factor binding (GO:0140297),GO_Molecular_Function_2021,2/208,0.0363578165585232,0.0851779805783232,0,0,7.107155699388709,23.555573505154378,DMAP1;TLE5
ADP binding (GO:0043531),GO_Molecular_Function_2021,1/27,0.0384451781473962,0.0851779805783232,0,0,27.396978021978025,89.27365552728025,ATP5F1A
MHC protein binding (GO:0042287),GO_Molecular_Function_2021,1/28,0.0398413134963124,0.0851779805783232,0,0,26.38095238095238,85.02187553087816,ATP5F1A
lipoprotein particle receptor binding (GO:0070325),GO_Molecular_Function_2021,1/28,0.0398413134963124,0.0851779805783232,0,0,26.38095238095238,85.02187553087816,SNX17
mitogen-activated protein kinase binding (GO:0051019),GO_Molecular_Function_2021,1/29,0.0412354916064529,0.0852200159866693,0,0,25.4375,81.10634814419134,PRMT1
GTPase regulator activity (GO:0030695),GO_Molecular_Function_2021,2/233,0.044647810464744,0.087913528275378,0,0,6.32996632996633,19.67954888868263,GPS1;ARFGAP1
histone methyltransferase activity (GO:0042054),GO_Molecular_Function_2021,1/32,0.0454063088797545,0.087913528275378,0,0,22.972350230414747,71.03290112478346,PRMT1
telomeric DNA binding (GO:0042162),GO_Molecular_Function_2021,1/33,0.0467926844046366,0.087913528275378,0,0,22.253348214285715,68.14038432553451,TELO2
Hsp90 protein binding (GO:0051879),GO_Molecular_Function_2021,1/35,0.049559605875515,0.0903733989494685,0,0,20.942226890756302,62.92257878831688,TELO2
ubiquitin-like protein conjugating enzyme activity (GO:0061650),GO_Molecular_Function_2021,1/38,0.0536954534974879,0.0951176604812643,0,0,19.24131274131274,56.26981345523857,UBE2I
single-stranded RNA binding (GO:0003727),GO_Molecular_Function_2021,1/45,0.0632783021573496,0.10897929815988,0,0,16.17451298701299,44.64509756246689,PUS1
tRNA binding (GO:0000049),GO_Molecular_Function_2021,1/49,0.0687120775442854,0.114317817050183,0,0,14.823660714285714,39.695247728368734,PUS1
methyltransferase activity (GO:0008168),GO_Molecular_Function_2021,1/50,0.0700657588372089,0.114317817050183,0,0,14.520408163265309,38.5999069065122,PRMT1
transcription coregulator binding (GO:0001221),GO_Molecular_Function_2021,1/53,0.07411541375319,0.1173401300230073,0,0,13.680631868131869,35.598806618662685,UBE2I
hydro-lyase activity (GO:0016836),GO_Molecular_Function_2021,1/55,0.0768057185673521,0.1173401300230073,0,0,13.172619047619047,33.80721302826248,ECHS1
secondary active transmembrane transporter activity (GO:0015291),GO_Molecular_Function_2021,1/56,0.0781480391133726,0.1173401300230073,0,0,12.932467532467532,32.96680366793903,SLC25A3
protein phosphatase regulator activity (GO:0019888),GO_Molecular_Function_2021,1/57,0.0794884751768759,0.1173401300230073,0,0,12.700892857142858,32.1604799159938,PPP2R1A
phosphatidylinositol binding (GO:0035091),GO_Molecular_Function_2021,1/92,0.1252361036613152,0.1805729866744544,0,0,7.802197802197802,16.209491106910413,SNX17
purine ribonucleoside triphosphate binding (GO:0035639),GO_Molecular_Function_2021,2/460,0.1429722671581816,0.2014609219047105,0,0,3.155911369885169,6.13857773376064,ATP5F1A;DRG2
metallopeptidase activity (GO:0008237),GO_Molecular_Function_2021,1/121,0.1614709900485726,0.2224711418447,0,0,5.908035714285714,10.772888266493863,COPS6
protein heterodimerization activity (GO:0046982),GO_Molecular_Function_2021,1/188,0.2397299004535029,0.3125239545443912,0,0,3.778456837280367,5.396552277337301,PPP2R1A
GTP binding (GO:0005525),GO_Molecular_Function_2021,1/189,0.2408427513052744,0.3125239545443912,0,0,3.7581686930091194,5.350170451555993,DRG2
RNA polymerase II-specific DNA-binding transcription factor binding (GO:0061629),GO_Molecular_Function_2021,1/190,0.2419540293246899,0.3125239545443912,0,0,3.738095238095238,5.3043852994563405,DMAP1
guanyl ribonucleotide binding (GO:0032561),GO_Molecular_Function_2021,1/214,0.2681583769940699,0.3326337162149148,0,0,3.312877263581489,4.360334561251555,DRG2
GTPase activity (GO:0003924),GO_Molecular_Function_2021,1/216,0.2703021511677209,0.3326337162149148,0,0,3.2817275747508305,4.293204803672334,DRG2
sequence-specific DNA binding (GO:0043565),GO_Molecular_Function_2021,2/707,0.2736180568864622,0.3326337162149148,0,0,2.0242710795902283,2.6235000515305917,PRMT1;TELO2
mRNA binding (GO:0003729),GO_Molecular_Function_2021,1/263,0.3189704395167151,0.3739285308365079,0,0,2.6866139585605238,3.069877833874268,CLUH
ubiquitin protein ligase binding (GO:0031625),GO_Molecular_Function_2021,1/265,0.320970319577896,0.3739285308365079,0,0,2.66599025974026,3.029648986692488,SLC25A5
nucleoside-triphosphatase activity (GO:0017111),GO_Molecular_Function_2021,1/278,0.3338320043456628,0.3739285308365079,0,0,2.539195461578133,2.785795506504904,DRG2
ATP binding (GO:0005524),GO_Molecular_Function_2021,1/278,0.3338320043456628,0.3739285308365079,0,0,2.539195461578133,2.785795506504904,ATP5F1A
ubiquitin-like protein ligase binding (GO:0044389),GO_Molecular_Function_2021,1/282,0.3377418988200716,0.3739285308365079,0,0,2.5025419420437216,2.7164424305844275,SLC25A5
adenyl ribonucleotide binding (GO:0032559),GO_Molecular_Function_2021,1/306,0.360740096461161,0.3923839645717892,0,0,2.3028103044496486,2.347939708474446,ATP5F1A
GTPase activator activity (GO:0005096),GO_Molecular_Function_2021,1/336,0.3884051036852817,0.4081545157370758,0,0,2.0933901918976545,1.9797325071360408,ARFGAP1
zinc ion binding (GO:0008270),GO_Molecular_Function_2021,1/336,0.3884051036852817,0.4081545157370758,0,0,2.0933901918976545,1.9797325071360408,RASSF1
transition metal ion binding (GO:0046914),GO_Molecular_Function_2021,1/445,0.4795168811876857,0.4955007772272753,0,0,1.5707046332046333,1.154430490380118,RASSF1
kinase binding (GO:0019900),GO_Molecular_Function_2021,1/461,0.4917350685491309,0.4997962991810838,0,0,1.5148291925465838,1.0752487651870992,TELO2
protein kinase binding (GO:0019901),GO_Molecular_Function_2021,1/506,0.5246323774572892,0.5246323774572892,0,0,1.3766619519094767,0.8880261102749738,TELO2
