Term,Gene_set,Overlap,P-value,Adjusted P-value,Old P-value,Old Adjusted P-value,Odds Ratio,Combined Score,Genes
endosome transport via multivesicular body sorting pathway (GO:0032509),GO_Biological_Process_2021,2/25,0.0002810990498662536,0.0475135849903762,0,0,96.41062801932368,788.3307567801231,RILP;UBXN6
phosphatidylcholine biosynthetic process (GO:0006656),GO_Biological_Process_2021,2/33,0.0004923687563769557,0.0475135849903762,0,0,71.50179211469533,544.5778563946176,PHOSPHO1;CHPT1
proteasomal protein catabolic process (GO:0010498),GO_Biological_Process_2021,3/205,0.0010636916951774,0.0684308323897464,0,0,17.278392545136867,118.28804279548186,ANKRD9;UBXN6;RNF187
positive regulation of nucleic acid-templated transcription (GO:1903508),GO_Biological_Process_2021,4/511,0.0014735875086664,0.071100597293157,0,0,9.60207100591716,62.60603461800754,MAP2K3;PPM1A;TESC;RNF187
phosphatidylcholine metabolic process (GO:0046470),GO_Biological_Process_2021,2/77,0.0026575929845639,0.0957690682274577,0,0,29.488888888888887,174.87897393163863,PHOSPHO1;CHPT1
proteasome-mediated ubiquitin-dependent protein catabolic process (GO:0043161),GO_Biological_Process_2021,3/321,0.0038131788376379,0.0957690682274577,0,0,10.91120976692564,60.76771432500942,ANKRD9;FBXO9;RNF187
regulation of sodium:proton antiporter activity (GO:0032415),GO_Biological_Process_2021,1/5,0.0049904406959516,0.0957690682274577,0,0,262.8421052631579,1393.123889480945,TESC
p38MAPK cascade (GO:0038066),GO_Biological_Process_2021,1/5,0.0049904406959516,0.0957690682274577,0,0,262.8421052631579,1393.123889480945,MAP2K3
protein transport (GO:0015031),GO_Biological_Process_2021,3/369,0.0056248041233095,0.0957690682274577,0,0,9.45708775313404,48.99309710075332,MCOLN1;RILP;OPTN
positive regulation of granulocyte differentiation (GO:0030854),GO_Biological_Process_2021,1/6,0.0059856908667451,0.0957690682274577,0,0,210.26315789473685,1076.2074808846232,TESC
adenylate cyclase-activating dopamine receptor signaling pathway (GO:0007191),GO_Biological_Process_2021,1/7,0.0069799958941807,0.0957690682274577,0,0,175.21052631578948,869.8689177892479,GNAS
purine-containing compound metabolic process (GO:0072521),GO_Biological_Process_2021,1/7,0.0069799958941807,0.0957690682274577,0,0,175.21052631578948,869.8689177892479,GUK1
endosome to lysosome transport via multivesicular body sorting pathway (GO:0032510),GO_Biological_Process_2021,1/7,0.0069799958941807,0.0957690682274577,0,0,175.21052631578948,869.8689177892479,UBXN6
positive regulation of mitophagy in response to mitochondrial depolarization (GO:0098779),GO_Biological_Process_2021,1/7,0.0069799958941807,0.0957690682274577,0,0,175.21052631578948,869.8689177892479,OPTN
protein modification by small protein conjugation (GO:0032446),GO_Biological_Process_2021,3/409,0.0074728505205134,0.0957690682274577,0,0,8.507968704723268,41.659088026550855,ANKRD9;FBXO9;RNF187
platelet activating factor metabolic process (GO:0046469),GO_Biological_Process_2021,1/8,0.0079733565142536,0.0957690682274577,0,0,150.17293233082708,725.5830081396662,CHPT1
positive regulation of megakaryocyte differentiation (GO:0045654),GO_Biological_Process_2021,1/9,0.0089657734963174,0.0957690682274577,0,0,131.39473684210526,619.439581424405,TESC
regulation of granulocyte differentiation (GO:0030852),GO_Biological_Process_2021,1/10,0.0099572476243861,0.0957690682274577,0,0,116.78947368421052,538.3357753631753,TESC
ether lipid biosynthetic process (GO:0008611),GO_Biological_Process_2021,1/10,0.0099572476243861,0.0957690682274577,0,0,116.78947368421052,538.3357753631753,CHPT1
organonitrogen compound biosynthetic process (GO:1901566),GO_Biological_Process_2021,2/158,0.0107330383795101,0.0957690682274577,0,0,14.11965811965812,64.02458153854182,PHOSPHO1;CHPT1
negative regulation of hippo signaling (GO:0035331),GO_Biological_Process_2021,1/13,0.0129260209528938,0.0957690682274577,0,0,87.57894736842105,380.8381798737429,MAP2K3
Golgi ribbon formation (GO:0090161),GO_Biological_Process_2021,1/13,0.0129260209528938,0.0957690682274577,0,0,87.57894736842105,380.8381798737429,OPTN
regulation of oxidoreductase activity (GO:0051341),GO_Biological_Process_2021,1/13,0.0129260209528938,0.0957690682274577,0,0,87.57894736842105,380.8381798737429,ECSIT
glycerophospholipid biosynthetic process (GO:0046474),GO_Biological_Process_2021,2/177,0.013326967399019,0.0957690682274577,0,0,12.574603174603174,54.2967048547936,PHOSPHO1;CHPT1
protein stabilization (GO:0050821),GO_Biological_Process_2021,2/179,0.0136144688605291,0.0957690682274577,0,0,12.431261770244822,53.41243486049122,TESC;BAG1
positive regulation of sodium ion transmembrane transporter activity (GO:2000651),GO_Biological_Process_2021,1/14,0.01391373176082,0.0957690682274577,0,0,80.83805668016194,345.57291333057793,TESC
cellular copper ion homeostasis (GO:0006878),GO_Biological_Process_2021,1/14,0.01391373176082,0.0957690682274577,0,0,80.83805668016194,345.57291333057793,ANKRD9
protein ubiquitination (GO:0016567),GO_Biological_Process_2021,3/525,0.0147044623163987,0.0957690682274577,0,0,6.578093306288032,27.756950618955265,ANKRD9;FBXO9;RNF187
phosphatidylethanolamine biosynthetic process (GO:0006646),GO_Biological_Process_2021,1/15,0.0149005037888985,0.0957690682274577,0,0,75.06015037593986,315.7300332957057,PHOSPHO1
heme catabolic process (GO:0042167),GO_Biological_Process_2021,1/16,0.0158863378646896,0.0957690682274577,0,0,70.05263157894737,290.1787210723924,BLVRB
porphyrin-containing compound catabolic process (GO:0006787),GO_Biological_Process_2021,1/16,0.0158863378646896,0.0957690682274577,0,0,70.05263157894737,290.1787210723924,BLVRB
negative regulation of intracellular signal transduction (GO:1902532),GO_Biological_Process_2021,2/198,0.0164794513521832,0.0957690682274577,0,0,11.215419501133788,46.04648666084015,MAP2K3;PPM1A
regulation of receptor recycling (GO:0001919),GO_Biological_Process_2021,1/17,0.0168712348172723,0.0957690682274577,0,0,65.67105263157895,268.0787715603985,OPTN
copper ion homeostasis (GO:0055070),GO_Biological_Process_2021,1/17,0.0168712348172723,0.0957690682274577,0,0,65.67105263157895,268.0787715603985,ANKRD9
cellular response to pH (GO:0071467),GO_Biological_Process_2021,1/18,0.0178551954764704,0.0984586493416797,0,0,61.80495356037152,248.79341471282052,MCOLN1
regulation of hippo signaling (GO:0035330),GO_Biological_Process_2021,1/20,0.019820311238232,0.1029405981056947,0,0,55.29362880886426,216.80897525048425,MAP2K3
early endosome to late endosome transport (GO:0045022),GO_Biological_Process_2021,1/20,0.019820311238232,0.1029405981056947,0,0,55.29362880886426,216.80897525048425,RILP
regulation of I-kappaB kinase/NF-kappaB signaling (GO:0043122),GO_Biological_Process_2021,2/224,0.0207798710739979,0.1029405981056947,0,0,9.88888888888889,38.30728603243028,PPM1A;OPTN
hydrogen peroxide catabolic process (GO:0042744),GO_Biological_Process_2021,1/21,0.0208014680109953,0.1029405981056947,0,0,52.526315789473685,203.4203291515269,HBM
peptidyl-threonine dephosphorylation (GO:0035970),GO_Biological_Process_2021,1/22,0.0217816918149241,0.1050966630070088,0,0,50.02255639097744,191.42059056605152,PPM1A
nucleotide metabolic process (GO:0009117),GO_Biological_Process_2021,1/23,0.0227609834903901,0.106551008517069,0,0,47.74641148325359,180.6107068727385,GUK1
purine nucleotide metabolic process (GO:0006163),GO_Biological_Process_2021,1/24,0.0237393438664972,0.106551008517069,0,0,45.66819221967963,170.827422984315,GUK1
negative regulation of NIK/NF-kappaB signaling (GO:1901223),GO_Biological_Process_2021,1/24,0.0237393438664972,0.106551008517069,0,0,45.66819221967963,170.827422984315,PPM1A
negative regulation of signaling (GO:0023057),GO_Biological_Process_2021,1/25,0.0247167737784927,0.1084167577102067,0,0,43.76315789473684,161.93563879493826,OPTN
chaperone cofactor-dependent protein refolding (GO:0051085),GO_Biological_Process_2021,1/26,0.0256932740553108,0.108881497679825,0,0,42.01052631578948,153.82263569148483,BAG1
cellular response to unfolded protein (GO:0034620),GO_Biological_Process_2021,1/27,0.0266688455361458,0.108881497679825,0,0,40.392712550607285,146.39366123411943,OPTN
nucleobase-containing small molecule interconversion (GO:0015949),GO_Biological_Process_2021,1/27,0.0266688455361458,0.108881497679825,0,0,40.392712550607285,146.39366123411943,GUK1
"positive regulation of transcription, DNA-templated (GO:0045893)",GO_Biological_Process_2021,4/1183,0.0275909328519161,0.108881497679825,0,0,3.986641221374046,14.313110723876672,MAP2K3;PPM1A;TESC;RNF187
protein localization to Golgi apparatus (GO:0034067),GO_Biological_Process_2021,1/28,0.0276434890482457,0.108881497679825,0,0,38.89473684210526,139.56851455439977,OPTN
hydrogen peroxide metabolic process (GO:0042743),GO_Biological_Process_2021,1/29,0.0286172054274548,0.1104624129499756,0,0,37.50375939849624,133.2788782141628,HBM
Golgi to plasma membrane protein transport (GO:0043001),GO_Biological_Process_2021,1/30,0.0295899955032417,0.1112913019005993,0,0,36.2087114337568,127.46621354176987,OPTN
'de novo' posttranslational protein folding (GO:0051084),GO_Biological_Process_2021,1/31,0.0305618601074184,0.1112913019005993,0,0,35.0,122.08008572013848,BAG1
phosphatidylethanolamine metabolic process (GO:0046337),GO_Biological_Process_2021,1/31,0.0305618601074184,0.1112913019005993,0,0,35.0,122.08008572013848,PHOSPHO1
cellular response to topologically incorrect protein (GO:0035967),GO_Biological_Process_2021,1/32,0.0315328000758389,0.1127005632340168,0,0,33.869269949066215,117.07681999296598,OPTN
cellular response to vascular endothelial growth factor stimulus (GO:0035924),GO_Biological_Process_2021,1/34,0.0334719094011011,0.1131127839961715,0,0,31.8133971291866,108.07165990908112,MAP2K3
regulation of cell adhesion mediated by integrin (GO:0033628),GO_Biological_Process_2021,1/34,0.0334719094011011,0.1131127839961715,0,0,31.8133971291866,108.07165990908112,TESC
positive regulation of myeloid leukocyte differentiation (GO:0002763),GO_Biological_Process_2021,1/36,0.0354073301248565,0.1131127839961715,0,0,29.99248120300752,100.19997336732251,TESC
establishment of protein localization to plasma membrane (GO:0061951),GO_Biological_Process_2021,1/36,0.0354073301248565,0.1131127839961715,0,0,29.99248120300752,100.19997336732251,OPTN
transferrin transport (GO:0033572),GO_Biological_Process_2021,1/36,0.0354073301248565,0.1131127839961715,0,0,29.99248120300752,100.19997336732251,MCOLN1
platelet aggregation (GO:0070527),GO_Biological_Process_2021,1/36,0.0354073301248565,0.1131127839961715,0,0,29.99248120300752,100.19997336732251,GNAS
positive regulation of myeloid cell differentiation (GO:0045639),GO_Biological_Process_2021,1/37,0.0363736593292806,0.1131127839961715,0,0,29.157894736842103,96.62665093408292,TESC
phagosome maturation (GO:0090382),GO_Biological_Process_2021,1/37,0.0363736593292806,0.1131127839961715,0,0,29.157894736842103,96.62665093408292,MCOLN1
negative regulation of cellular metabolic process (GO:0031324),GO_Biological_Process_2021,1/39,0.0383035595748703,0.1131127839961715,0,0,27.62049861495845,90.10393439678076,OPTN
protein polyubiquitination (GO:0000209),GO_Biological_Process_2021,2/314,0.0387574278139377,0.1131127839961715,0,0,7.004273504273504,22.766920730918883,FBXO9;RNF187
negative regulation of I-kappaB kinase/NF-kappaB signaling (GO:0043124),GO_Biological_Process_2021,1/40,0.039267132268101,0.1131127839961715,0,0,26.910931174089068,87.12057233834933,PPM1A
bone development (GO:0060348),GO_Biological_Process_2021,1/40,0.039267132268101,0.1131127839961715,0,0,26.910931174089068,87.12057233834933,GNAS
response to organonitrogen compound (GO:0010243),GO_Biological_Process_2021,1/40,0.039267132268101,0.1131127839961715,0,0,26.910931174089068,87.12057233834933,UBXN6
endosome organization (GO:0007032),GO_Biological_Process_2021,1/41,0.0402297877766736,0.1141816035426178,0,0,26.23684210526316,84.30284540999916,RILP
negative regulation of protein catabolic process (GO:0042177),GO_Biological_Process_2021,1/42,0.0411915269172122,0.1152168796379995,0,0,25.59563543003851,81.63786025385905,RILP
cellular response to retinoic acid (GO:0071300),GO_Biological_Process_2021,1/43,0.0421523505298068,0.1162200521750388,0,0,24.98496240601504,79.11400474395023,TESC
homotypic cell-cell adhesion (GO:0034109),GO_Biological_Process_2021,1/44,0.0431122594296053,0.1171924798579413,0,0,24.402692778457773,76.72079424655034,GNAS
post-translational protein modification (GO:0043687),GO_Biological_Process_2021,2/345,0.0459499864929232,0.1194686469409069,0,0,6.361192095885974,19.59375486128347,ANKRD9;FBXO9
positive regulation of blood vessel endothelial cell migration (GO:0043536),GO_Biological_Process_2021,1/48,0.0469427643840033,0.1194686469409069,0,0,22.32138857782755,68.27724816722397,MAP2K3
Golgi to plasma membrane transport (GO:0006893),GO_Biological_Process_2021,1/48,0.0469427643840033,0.1194686469409069,0,0,22.32138857782755,68.27724816722397,OPTN
negative regulation of catabolic process (GO:0009895),GO_Biological_Process_2021,1/49,0.0478981120694178,0.1194686469409069,0,0,21.855263157894736,66.41113333547993,RILP
response to unfolded protein (GO:0006986),GO_Biological_Process_2021,1/49,0.0478981120694178,0.1194686469409069,0,0,21.855263157894736,66.41113333547993,OPTN
ubiquitin-dependent protein catabolic process (GO:0006511),GO_Biological_Process_2021,2/354,0.0481252626249366,0.1194686469409069,0,0,6.195707070707071,18.797453256966755,ANKRD9;RNF187
iron ion transport (GO:0006826),GO_Biological_Process_2021,1/50,0.0488525499820277,0.1194686469409069,0,0,21.40816326530612,64.63014669364038,MCOLN1
sensory perception (GO:0007600),GO_Biological_Process_2021,1/51,0.0498060789247286,0.1194686469409069,0,0,20.978947368421053,62.92883309083605,GNAS
protein homotetramerization (GO:0051289),GO_Biological_Process_2021,1/52,0.0507586997365511,0.1194686469409069,0,0,20.56656346749226,61.30218505418602,MCOLN1
negative regulation of protein metabolic process (GO:0051248),GO_Biological_Process_2021,1/52,0.0507586997365511,0.1194686469409069,0,0,20.56656346749226,61.30218505418602,RILP
negative regulation of protein-containing complex assembly (GO:0031333),GO_Biological_Process_2021,1/52,0.0507586997365511,0.1194686469409069,0,0,20.56656346749226,61.30218505418602,PPM1A
positive regulation of macroautophagy (GO:0016239),GO_Biological_Process_2021,1/53,0.051710413228189,0.1202422861812107,0,0,20.17004048582996,59.74559828701417,OPTN
regulation of megakaryocyte differentiation (GO:0045652),GO_Biological_Process_2021,1/54,0.0526612202157059,0.1209954226384672,0,0,19.788480635551142,58.25483230121243,TESC
regulation of blood vessel endothelial cell migration (GO:0043535),GO_Biological_Process_2021,1/55,0.0536111215176,0.1217287817987859,0,0,19.42105263157895,56.82597555721978,MAP2K3
protein K48-linked ubiquitination (GO:0070936),GO_Biological_Process_2021,1/57,0.0555082103235644,0.1238169556385469,0,0,18.72556390977444,54.1398060702703,RNF187
mitochondrial respiratory chain complex I assembly (GO:0032981),GO_Biological_Process_2021,1/58,0.0564553994621354,0.1238169556385469,0,0,18.39612188365651,52.87605301742885,ECSIT
NADH dehydrogenase complex assembly (GO:0010257),GO_Biological_Process_2021,1/58,0.0564553994621354,0.1238169556385469,0,0,18.39612188365651,52.87605301742885,ECSIT
stress-activated MAPK cascade (GO:0051403),GO_Biological_Process_2021,1/62,0.0602351399190365,0.1291709111597117,0,0,17.186367558239862,48.28508895429952,MAP2K3
response to retinoic acid (GO:0032526),GO_Biological_Process_2021,1/62,0.0602351399190365,0.1291709111597117,0,0,17.186367558239862,48.28508895429952,TESC
protein autoubiquitination (GO:0051865),GO_Biological_Process_2021,1/65,0.0630605011079274,0.1337437001519779,0,0,16.37828947368421,45.26403459739593,RNF187
positive regulation of catabolic process (GO:0009896),GO_Biological_Process_2021,1/67,0.0649395901837056,0.1352597211052873,0,0,15.880382775119616,43.421696050712754,RILP
organelle organization (GO:0006996),GO_Biological_Process_2021,2/420,0.0651819789671464,0.1352597211052873,0,0,5.1998936735778845,14.198685339232664,MCOLN1;OPTN
negative regulation of transforming growth factor beta receptor signaling pathway (GO:0030512),GO_Biological_Process_2021,1/68,0.0658777916264093,0.1352597211052873,0,0,15.642576590730558,42.54708713186295,PPM1A
cellular response to calcium ion (GO:0071277),GO_Biological_Process_2021,1/69,0.0668150987603724,0.1357401480079145,0,0,15.411764705882351,41.70155664670343,MCOLN1
protein tetramerization (GO:0051262),GO_Biological_Process_2021,1/71,0.0686870333104677,0.1366659528754667,0,0,14.969924812030076,40.09237540517205,MCOLN1
regulation of TOR signaling (GO:0032006),GO_Biological_Process_2021,1/71,0.0686870333104677,0.1366659528754667,0,0,14.969924812030076,40.09237540517205,FBXO9
regulation of intracellular signal transduction (GO:1902531),GO_Biological_Process_2021,2/437,0.0698681948059567,0.1375473965194171,0,0,4.992337164750958,13.285331802358304,OPTN;FBXO9
defense response to Gram-negative bacterium (GO:0050829),GO_Biological_Process_2021,1/73,0.0705554002871621,0.1375473965194171,0,0,14.552631578947368,38.5842224505161,OPTN
regulation of cellular response to heat (GO:1900034),GO_Biological_Process_2021,1/79,0.0761391600452789,0.1469485788873882,0,0,13.429149797570853,34.58264664318254,BAG1
regulation of NIK/NF-kappaB signaling (GO:1901222),GO_Biological_Process_2021,1/80,0.077066682850071,0.1472660375253833,0,0,13.258494337108594,33.982637627801715,PPM1A
cellular protein modification process (GO:0006464),GO_Biological_Process_2021,3/1025,0.0799189700518462,0.1512192276471208,0,0,3.273512144583861,8.27132072786479,ANKRD9;PPM1A;FBXO9
positive regulation of protein catabolic process (GO:0045732),GO_Biological_Process_2021,1/85,0.0816910427282763,0.1520960467066321,0,0,12.466165413533837,31.225387249064404,RILP
positive regulation of endothelial cell migration (GO:0010595),GO_Biological_Process_2021,1/86,0.0826132694677771,0.1520960467066321,0,0,12.318885448916408,30.718187529247054,MAP2K3
ERAD pathway (GO:0036503),GO_Biological_Process_2021,1/87,0.0835346163259223,0.1520960467066321,0,0,12.175030599755202,30.22444243789128,UBXN6
calcium ion transmembrane transport (GO:0070588),GO_Biological_Process_2021,1/87,0.0835346163259223,0.1520960467066321,0,0,12.175030599755202,30.22444243789128,MCOLN1
SCF-dependent proteasomal ubiquitin-dependent protein catabolic process (GO:0031146),GO_Biological_Process_2021,1/89,0.0853746735440269,0.1527947101144015,0,0,11.897129186602871,29.27533461302574,FBXO9
positive regulation of autophagy (GO:0010508),GO_Biological_Process_2021,1/90,0.0862933855050247,0.1527947101144015,0,0,11.762862211709049,28.81903981668561,OPTN
mitochondrial respiratory chain complex assembly (GO:0033108),GO_Biological_Process_2021,1/90,0.0862933855050247,0.1527947101144015,0,0,11.762862211709049,28.81903981668561,ECSIT
cellular transition metal ion homeostasis (GO:0046916),GO_Biological_Process_2021,1/96,0.0917872740073591,0.157422704079136,0,0,11.01662049861496,26.310792233027552,ANKRD9
protein maturation (GO:0051604),GO_Biological_Process_2021,1/97,0.0926998655948555,0.157422704079136,0,0,10.901315789473683,25.92756145195716,TESC
positive regulation of cold-induced thermogenesis (GO:0120162),GO_Biological_Process_2021,1/97,0.0926998655948555,0.157422704079136,0,0,10.901315789473683,25.92756145195716,GNAS
antigen processing and presentation of exogenous peptide antigen via MHC class II (GO:0019886),GO_Biological_Process_2021,1/98,0.0936115860195749,0.157422704079136,0,0,10.788388497015736,25.553389086720664,RILP
positive regulation of defense response (GO:0031349),GO_Biological_Process_2021,1/98,0.0936115860195749,0.157422704079136,0,0,10.788388497015736,25.553389086720664,OPTN
sensory perception of chemical stimulus (GO:0007606),GO_Biological_Process_2021,1/99,0.0945224360353158,0.157422704079136,0,0,10.677765843179378,25.18797462704863,GNAS
antigen processing and presentation of peptide antigen via MHC class II (GO:0002495),GO_Biological_Process_2021,1/100,0.0954324164624814,0.157422704079136,0,0,10.569377990430622,24.83103038927071,RILP
regulation of transforming growth factor beta receptor signaling pathway (GO:0017015),GO_Biological_Process_2021,1/100,0.0954324164624814,0.157422704079136,0,0,10.569377990430622,24.83103038927071,PPM1A
regulation of protein catabolic process (GO:0042176),GO_Biological_Process_2021,1/102,0.0972497716409988,0.1590610671755321,0,0,10.359041167274622,24.14146206514577,RILP
antigen processing and presentation of exogenous peptide antigen (GO:0002478),GO_Biological_Process_2021,1/103,0.0981571479706876,0.1591960467087623,0,0,10.256965944272446,23.808320971600697,RILP
response to calcium ion (GO:0051592),GO_Biological_Process_2021,1/107,0.1017779964901721,0.1636929443550268,0,0,9.867924528301886,22.547826080103853,MCOLN1
negative regulation of transmembrane receptor protein serine/threonine kinase signaling pathway (GO:0090101),GO_Biological_Process_2021,1/108,0.1026810483364275,0.1637805151151282,0,0,9.775209050664044,22.249624223401657,PPM1A
response to endoplasmic reticulum stress (GO:0034976),GO_Biological_Process_2021,1/110,0.1044845651566293,0.1639473258148737,0,0,9.594881699662,21.67211204877382,UBXN6
regulation of protein kinase activity (GO:0045859),GO_Biological_Process_2021,1/110,0.1044845651566293,0.1639473258148737,0,0,9.594881699662,21.67211204877382,MAP2K3
positive regulation of metabolic process (GO:0009893),GO_Biological_Process_2021,1/113,0.1071833849179316,0.1643858451299874,0,0,9.336466165413531,20.8503272666542,GNAS
positive regulation of kinase activity (GO:0033674),GO_Biological_Process_2021,1/114,0.1080812731653967,0.1643858451299874,0,0,9.253376804843969,20.587577159291502,MAP2K3
positive regulation of protein metabolic process (GO:0051247),GO_Biological_Process_2021,1/115,0.108978303522462,0.1643858451299874,0,0,9.171745152354571,20.330149616722807,RILP
calcium ion transport (GO:0006816),GO_Biological_Process_2021,1/115,0.108978303522462,0.1643858451299874,0,0,9.171745152354571,20.330149616722807,MCOLN1
ion transport (GO:0006811),GO_Biological_Process_2021,1/116,0.1098744767967273,0.1643858451299874,0,0,9.091533180778033,20.077893566776314,MCOLN1
cytosolic transport (GO:0016482),GO_Biological_Process_2021,1/116,0.1098744767967273,0.1643858451299874,0,0,9.091533180778033,20.077893566776314,RILP
adenylate cyclase-activating G protein-coupled receptor signaling pathway (GO:0007189),GO_Biological_Process_2021,1/118,0.1116642551220043,0.1645129865537926,0,0,8.935222672064777,19.58831903150389,GNAS
regulation of cellular response to stress (GO:0080135),GO_Biological_Process_2021,1/118,0.1116642551220043,0.1645129865537926,0,0,8.935222672064777,19.58831903150389,BAG1
macroautophagy (GO:0016236),GO_Biological_Process_2021,1/120,0.1134506143347115,0.1658785497469645,0,0,8.784166298098187,19.117751070838278,UBXN6
protein homooligomerization (GO:0051260),GO_Biological_Process_2021,1/121,0.1143425137021189,0.1659256025902929,0,0,8.710526315789474,18.889271325741056,MCOLN1
positive regulation of canonical Wnt signaling pathway (GO:0090263),GO_Biological_Process_2021,1/130,0.1223313401018362,0.172322077294274,0,0,8.099143206854345,17.016478165448806,PPM1A
G2/M transition of mitotic cell cycle (GO:0000086),GO_Biological_Process_2021,1/130,0.1223313401018362,0.172322077294274,0,0,8.099143206854345,17.016478165448806,OPTN
Golgi organization (GO:0007030),GO_Biological_Process_2021,1/130,0.1223313401018362,0.172322077294274,0,0,8.099143206854345,17.016478165448806,OPTN
cellular response to metal ion (GO:0071248),GO_Biological_Process_2021,1/131,0.1232147495679265,0.172322077294274,0,0,8.036437246963562,16.82690539004688,MCOLN1
cell cycle G2/M phase transition (GO:0044839),GO_Biological_Process_2021,1/131,0.1232147495679265,0.172322077294274,0,0,8.036437246963562,16.82690539004688,OPTN
regulation of cell adhesion (GO:0030155),GO_Biological_Process_2021,1/133,0.1249790349715015,0.1735320413633079,0,0,7.913875598086125,16.457769102687624,TESC
protein localization to plasma membrane (GO:0072659),GO_Biological_Process_2021,1/136,0.1276191407145621,0.1744172163773965,0,0,7.736842105263157,15.927874858789918,TESC
organic substance transport (GO:0071702),GO_Biological_Process_2021,1/136,0.1276191407145621,0.1744172163773965,0,0,7.736842105263157,15.927874858789918,RILP
positive regulation of response to external stimulus (GO:0032103),GO_Biological_Process_2021,1/139,0.130251677909176,0.1744172163773965,0,0,7.567505720823799,15.424746385609486,OPTN
regulation of cellular component organization (GO:0051128),GO_Biological_Process_2021,1/139,0.130251677909176,0.1744172163773965,0,0,7.567505720823799,15.424746385609486,CHPT1
protein dephosphorylation (GO:0006470),GO_Biological_Process_2021,1/139,0.130251677909176,0.1744172163773965,0,0,7.567505720823799,15.424746385609486,PPM1A
protein localization to cell periphery (GO:1990778),GO_Biological_Process_2021,1/140,0.1311275119680028,0.1744172163773965,0,0,7.512684589170768,15.262657737297207,TESC
positive regulation of cellular catabolic process (GO:0031331),GO_Biological_Process_2021,1/141,0.1320025081276732,0.1744172163773965,0,0,7.458646616541353,15.10326978018187,OPTN
protein localization to organelle (GO:0033365),GO_Biological_Process_2021,1/142,0.1328766671456546,0.1744172163773965,0,0,7.405375139977604,14.946519655220376,OPTN
nitrogen compound transport (GO:0071705),GO_Biological_Process_2021,1/143,0.1337499897609051,0.1744172163773965,0,0,7.3528539659006675,14.792346387731271,RILP
dephosphorylation (GO:0016311),GO_Biological_Process_2021,1/153,0.1424373812642738,0.1831602638244314,0,0,6.865650969529086,13.380143154067955,PPM1A
positive regulation of Wnt signaling pathway (GO:0030177),GO_Biological_Process_2021,1/153,0.1424373812642738,0.1831602638244314,0,0,6.865650969529086,13.380143154067955,PPM1A
positive regulation of protein kinase activity (GO:0045860),GO_Biological_Process_2021,1/154,0.1433015535621199,0.1831602638244314,0,0,6.820433436532507,13.250766063915645,MAP2K3
cellular response to growth factor stimulus (GO:0071363),GO_Biological_Process_2021,1/158,0.1467499768501904,0.185115983869848,0,0,6.645323499832384,12.752541783227706,MAP2K3
skeletal system development (GO:0001501),GO_Biological_Process_2021,1/158,0.1467499768501904,0.185115983869848,0,0,6.645323499832384,12.752541783227706,GNAS
adenylate cyclase-modulating G protein-coupled receptor signaling pathway (GO:0007188),GO_Biological_Process_2021,1/165,0.1527530095103514,0.1914372132175183,0,0,6.359435173299102,11.948952474473325,GNAS
positive regulation of I-kappaB kinase/NF-kappaB signaling (GO:0043123),GO_Biological_Process_2021,1/171,0.1578665109620534,0.1965692684882342,0,0,6.13312693498452,11.321785872550064,PPM1A
cation transport (GO:0006812),GO_Biological_Process_2021,1/174,0.1604122537407113,0.198458749820239,0,0,6.02585944630362,11.027372148017925,MCOLN1
defense response to bacterium (GO:0042742),GO_Biological_Process_2021,1/176,0.1621053521282268,0.1992760061194126,0,0,5.9563909774436095,10.837705998274306,OPTN
regulation of cell population proliferation (GO:0042127),GO_Biological_Process_2021,2/764,0.1765684550849208,0.2147472734383148,0,0,2.8022747156605425,4.859275027853597,TESC;RNF187
negative regulation of macromolecule metabolic process (GO:0010605),GO_Biological_Process_2021,1/194,0.1771979675200528,0.2147472734383148,0,0,5.39596400327243,9.337649395873846,OPTN
protein localization to membrane (GO:0072657),GO_Biological_Process_2021,1/195,0.1780288277208828,0.2147472734383148,0,0,5.367878459034183,9.263937187086414,TESC
"regulation of transcription, DNA-templated (GO:0006355)",GO_Biological_Process_2021,4/2244,0.1797455750141385,0.2154714035883772,0,0,1.9799107142857144,3.397948308962108,MAP2K3;PPM1A;TESC;RNF187
endomembrane system organization (GO:0010256),GO_Biological_Process_2021,1/199,0.1813443049449992,0.215699626276071,0,0,5.258373205741627,8.977924599699485,OPTN
regulation of macromolecule metabolic process (GO:0060255),GO_Biological_Process_2021,1/200,0.182171186958547,0.215699626276071,0,0,5.231684739486909,8.908556962758436,RNF187
mitotic cell cycle phase transition (GO:0044772),GO_Biological_Process_2021,1/209,0.1895775053726868,0.2231003569324911,0,0,5.003036437246964,8.319836159348089,OPTN
phosphate-containing compound metabolic process (GO:0006796),GO_Biological_Process_2021,1/212,0.1920320863229375,0.2246193494565269,0,0,4.931154901471689,8.13686322154003,PPM1A
regulation of cell growth (GO:0001558),GO_Biological_Process_2021,1/217,0.1961073669325375,0.2280043483010828,0,0,4.815789473684211,7.8453688211824035,CHPT1
cellular response to lipid (GO:0071396),GO_Biological_Process_2021,1/219,0.1977320051501138,0.2285166287064189,0,0,4.771125060357315,7.733243102972645,TESC
cilium organization (GO:0044782),GO_Biological_Process_2021,1/228,0.2050043553834591,0.23551095588695,0,0,4.579874797124971,7.257837756669995,RILP
regulation of autophagy (GO:0010506),GO_Biological_Process_2021,1/231,0.2074145235836311,0.2368698405422533,0,0,4.519450800915332,7.109258623489633,OPTN
regulation of canonical Wnt signaling pathway (GO:0060828),GO_Biological_Process_2021,1/253,0.2248781749824476,0.2553028692447788,0,0,4.120300751879699,6.148298228781472,PPM1A
inorganic cation transmembrane transport (GO:0098662),GO_Biological_Process_2021,1/274,0.2412065393422388,0.2722389596084917,0,0,3.799305957200694,5.402999471177327,MCOLN1
plasma membrane bounded cell projection assembly (GO:0120031),GO_Biological_Process_2021,1/278,0.2442794246608158,0.2741042381368457,0,0,3.743682310469314,5.276505051740351,RILP
innate immune response (GO:0045087),GO_Biological_Process_2021,1/302,0.262469926784462,0.292813270921394,0,0,3.440986186396223,4.602727703848208,RNF187
cilium assembly (GO:0060271),GO_Biological_Process_2021,1/314,0.2714084346558195,0.301044987865363,0,0,3.307045569194552,4.312818838709516,RILP
cellular response to oxygen-containing compound (GO:1901701),GO_Biological_Process_2021,1/323,0.2780446755591175,0.3066435564737696,0,0,3.213141549525989,4.112735954019547,TESC
regulation of gene expression (GO:0010468),GO_Biological_Process_2021,2/1079,0.2940060436648778,0.3206042935949494,0,0,1.9501702259362423,2.3873105455077424,TESC;RNF187
positive regulation of multicellular organismal process (GO:0051240),GO_Biological_Process_2021,1/345,0.2940256993072851,0.3206042935949494,0,0,3.0042839657282743,3.677508260042719,GNAS
gene expression (GO:0010467),GO_Biological_Process_2021,1/356,0.3018896241681408,0.3273297610362426,0,0,2.909562638991846,3.4847651663083865,TESC
positive regulation of protein phosphorylation (GO:0001934),GO_Biological_Process_2021,1/371,0.3124791360451185,0.3369188450095412,0,0,2.789473684210526,3.244764819188342,MAP2K3
negative regulation of cell population proliferation (GO:0008285),GO_Biological_Process_2021,1/379,0.3180642988083315,0.3406330995624729,0,0,2.7293233082706765,3.1264445416874,TESC
negative regulation of programmed cell death (GO:0043069),GO_Biological_Process_2021,1/381,0.3194538394860498,0.3406330995624729,0,0,2.714681440443213,3.097838346524308,BAG1
positive regulation of macromolecule metabolic process (GO:0010604),GO_Biological_Process_2021,1/384,0.3215331081410762,0.3409664278638885,0,0,2.693005359351381,3.055631350731668,TESC
organelle assembly (GO:0070925),GO_Biological_Process_2021,1/425,0.3493518041504035,0.3684420666722835,0,0,2.427507447864945,2.5529509093137666,RILP
positive regulation of cell population proliferation (GO:0008284),GO_Biological_Process_2021,1/474,0.3811776854229255,0.39982224612296,0,0,2.170579726271281,2.093501673175354,RNF187
positive regulation of gene expression (GO:0010628),GO_Biological_Process_2021,1/482,0.3862311934886067,0.4027226527914727,0,0,2.133603238866397,2.02973760246591,TESC
negative regulation of apoptotic process (GO:0043066),GO_Biological_Process_2021,1/485,0.3881161317057716,0.4027226527914727,0,0,2.120052196607221,2.006524833834278,BAG1
positive regulation of intracellular signal transduction (GO:1902533),GO_Biological_Process_2021,1/546,0.425271274482645,0.4389163421131042,0,0,1.8768710767745047,1.604777362033075,PPM1A
negative regulation of cellular process (GO:0048523),GO_Biological_Process_2021,1/566,0.4369793935640405,0.4486011859460628,0,0,1.808570097810899,1.497259551120834,TESC
positive regulation of cellular process (GO:0048522),GO_Biological_Process_2021,1/625,0.470212556710014,0.4801641452118132,0,0,1.6325910931174088,1.231904976522454,RNF187
negative regulation of transcription by RNA polymerase II (GO:0000122),GO_Biological_Process_2021,1/684,0.5015766133411808,0.5094962440781468,0,0,1.4870154889419742,1.02603907376606,PPM1A
regulation of apoptotic process (GO:0042981),GO_Biological_Process_2021,1/742,0.5306840531704903,0.5362409542508095,0,0,1.3665033027913915,0.8658006935069414,BAG1
"negative regulation of transcription, DNA-templated (GO:0045892)",GO_Biological_Process_2021,1/948,0.6215512956861973,0.6247885420178961,0,0,1.057800255654977,0.5030229868439968,PPM1A
regulation of transcription by RNA polymerase II (GO:0006357),GO_Biological_Process_2021,1/2206,0.9035358307884904,0.9035358307884904,0,0,0.4242749731471536,0.0430382462186691,PPM1A
late endosome (GO:0005770),GO_Cellular_Component_2021,3/189,0.0008410563013618914,0.022708520136771,0,0,18.77988614800759,132.9775935363802,MCOLN1;RILP;UBXN6
lytic vacuole membrane (GO:0098852),GO_Cellular_Component_2021,3/267,0.002266826858943,0.0278124788337707,0,0,13.179144385026738,80.2527429151964,MCOLN1;RILP;UBXN6
endosome membrane (GO:0010008),GO_Cellular_Component_2021,3/325,0.0039478989665112,0.0278124788337707,0,0,10.773474607234196,59.62656819755095,MCOLN1;OPTN;UBXN6
lysosomal membrane (GO:0005765),GO_Cellular_Component_2021,3/330,0.0041203672346327,0.0278124788337707,0,0,10.60604425256341,58.2464115454299,MCOLN1;RILP;UBXN6
Cul5-RING ubiquitin ligase complex (GO:0031466),GO_Cellular_Component_2021,1/6,0.0059856908667451,0.0323227306804239,0,0,210.26315789473685,1076.2074808846232,ANKRD9
cullin-RING ubiquitin ligase complex (GO:0031461),GO_Cellular_Component_2021,2/157,0.010603500811,0.0438329430882673,0,0,14.21146953405018,64.61345620592064,ANKRD9;FBXO9
lysosome (GO:0005764),GO_Cellular_Component_2021,3/477,0.0113640963562174,0.0438329430882673,0,0,7.262099776619508,32.514572721164285,MCOLN1;RILP;UBXN6
lytic vacuole (GO:0000323),GO_Cellular_Component_2021,2/219,0.0199196902163646,0.0672289544802308,0,0,10.119303635432669,39.62766437665813,MCOLN1;RILP
exocytic vesicle (GO:0070382),GO_Cellular_Component_2021,1/30,0.0295899955032417,0.0877576038127996,0,0,36.2087114337568,127.46621354176987,RAB3IL1
heterotrimeric G-protein complex (GO:0005834),GO_Cellular_Component_2021,1/33,0.0325028162269628,0.0877576038127996,0,0,32.80921052631579,112.41841533087528,GNAS
bounding membrane of organelle (GO:0098588),GO_Cellular_Component_2021,3/767,0.0393901653299533,0.0966849512644309,0,0,4.4385586695411146,14.355360017762012,CHPT1;MCOLN1;OPTN
intracellular membrane-bounded organelle (GO:0043231),GO_Cellular_Component_2021,9/5192,0.0509888187562933,0.1088782703912611,0,0,2.3358356865977936,6.951794833464633,PPM1A;TESC;BAG1;BLVRB;CHPT1;MCOLN1;ECSIT;OPTN;RNF187
recycling endosome membrane (GO:0055038),GO_Cellular_Component_2021,1/58,0.0564553994621354,0.1088782703912611,0,0,18.39612188365651,52.87605301742885,OPTN
SCF ubiquitin ligase complex (GO:0019005),GO_Cellular_Component_2021,1/58,0.0564553994621354,0.1088782703912611,0,0,18.39612188365651,52.87605301742885,FBXO9
late endosome membrane (GO:0031902),GO_Cellular_Component_2021,1/68,0.0658777916264093,0.1185800249275368,0,0,15.642576590730558,42.54708713186295,UBXN6
Golgi membrane (GO:0000139),GO_Cellular_Component_2021,2/472,0.0798590571053749,0.1347621588653202,0,0,4.612293144208038,11.657533951050336,CHPT1;OPTN
early endosome membrane (GO:0031901),GO_Cellular_Component_2021,1/97,0.0926998655948555,0.1472291982977118,0,0,10.901315789473683,25.92756145195716,UBXN6
recycling endosome (GO:0055037),GO_Cellular_Component_2021,1/145,0.1354941288857612,0.2032411933286418,0,0,7.25,14.491495524216845,OPTN
trans-Golgi network (GO:0005802),GO_Cellular_Component_2021,1/239,0.2138077489172732,0.3038320642508619,0,0,4.365767359575409,6.734973421497441,OPTN
early endosome (GO:0005769),GO_Cellular_Component_2021,1/266,0.2350251221917981,0.3172839149589275,0,0,3.9155908639523336,5.6700217348339885,UBXN6
nucleus (GO:0005634),GO_Cellular_Component_2021,6/4484,0.281344576380418,0.3457308545002637,0,0,1.4836342755056466,1.8815080611553,PPM1A;TESC;BAG1;ECSIT;OPTN;RNF187
mitochondrial inner membrane (GO:0005743),GO_Cellular_Component_2021,1/328,0.2817066221854001,0.3457308545002637,0,0,3.1632061805890874,4.0074314199822245,ECSIT
organelle inner membrane (GO:0019866),GO_Cellular_Component_2021,1/346,0.2947440643205162,0.3460039015936494,0,0,2.995423340961098,3.659352567540634,ECSIT
cytoplasmic vesicle membrane (GO:0030659),GO_Cellular_Component_2021,1/380,0.3187594057079606,0.3586043314214557,0,0,2.721983057908624,3.112094062708968,MCOLN1
mitochondrial membrane (GO:0031966),GO_Cellular_Component_2021,1/469,0.3779991967830748,0.4082391325257208,0,0,2.194331983805668,2.1347848537906917,ECSIT
endoplasmic reticulum membrane (GO:0005789),GO_Cellular_Component_2021,1/712,0.5158362747669231,0.5356761314887278,0,0,1.4263824117255164,0.9442164610267382,CHPT1
integral component of plasma membrane (GO:0005887),GO_Cellular_Component_2021,1/1454,0.7791570618512914,0.7791570618512914,0,0,0.6710979099503749,0.1674675398519077,MCOLN1
opioid receptor binding (GO:0031628),GO_Molecular_Function_2021,1/5,0.0049904406959516,0.0463106258187017,0,0,262.8421052631579,1393.123889480945,GNAS
beta-2 adrenergic receptor binding (GO:0031698),GO_Molecular_Function_2021,1/5,0.0049904406959516,0.0463106258187017,0,0,262.8421052631579,1393.123889480945,GNAS
calmodulin-dependent protein phosphatase activity (GO:0033192),GO_Molecular_Function_2021,1/5,0.0049904406959516,0.0463106258187017,0,0,262.8421052631579,1393.123889480945,PPM1A
NAADP-sensitive calcium-release channel activity (GO:0072345),GO_Molecular_Function_2021,1/5,0.0049904406959516,0.0463106258187017,0,0,262.8421052631579,1393.123889480945,MCOLN1
dopamine receptor binding (GO:0050780),GO_Molecular_Function_2021,1/6,0.0059856908667451,0.0463106258187017,0,0,210.26315789473685,1076.2074808846232,GNAS
"hydrolase activity, acting on acid anhydrides, in phosphorus-containing anhydrides (GO:0016818)",GO_Molecular_Function_2021,1/7,0.0069799958941807,0.0463106258187017,0,0,175.21052631578948,869.8689177892479,PHOSPHO1
calcium-dependent protein serine/threonine phosphatase activity (GO:0004723),GO_Molecular_Function_2021,1/7,0.0069799958941807,0.0463106258187017,0,0,175.21052631578948,869.8689177892479,PPM1A
CDP-alcohol phosphatidyltransferase activity (GO:0017169),GO_Molecular_Function_2021,1/7,0.0069799958941807,0.0463106258187017,0,0,175.21052631578948,869.8689177892479,CHPT1
guanylate kinase activity (GO:0004385),GO_Molecular_Function_2021,1/9,0.0089657734963174,0.0463106258187017,0,0,131.39473684210526,619.439581424405,GUK1
ionotropic glutamate receptor binding (GO:0035255),GO_Molecular_Function_2021,1/10,0.0099572476243861,0.0463106258187017,0,0,116.78947368421052,538.3357753631753,GNAS
intracellular ligand-gated ion channel activity (GO:0005217),GO_Molecular_Function_2021,1/11,0.0109477797028559,0.0463106258187017,0,0,105.10526315789474,474.5101770765117,MCOLN1
adenyl nucleotide binding (GO:0030554),GO_Molecular_Function_2021,1/11,0.0109477797028559,0.0463106258187017,0,0,105.10526315789474,474.5101770765117,BAG1
adenyl-nucleotide exchange factor activity (GO:0000774),GO_Molecular_Function_2021,1/11,0.0109477797028559,0.0463106258187017,0,0,105.10526315789474,474.5101770765117,BAG1
small GTPase binding (GO:0031267),GO_Molecular_Function_2021,2/175,0.0130421884678955,0.0463106258187017,0,0,12.721258831085422,55.20474114640941,RILP;OPTN
insulin-like growth factor receptor binding (GO:0005159),GO_Molecular_Function_2021,1/14,0.01391373176082,0.0463106258187017,0,0,80.83805668016194,345.57291333057793,GNAS
MAP kinase kinase activity (GO:0004708),GO_Molecular_Function_2021,1/15,0.0149005037888985,0.0463106258187017,0,0,75.06015037593986,315.7300332957057,MAP2K3
"oxidoreductase activity, acting on the CH-NH group of donors, NAD or NADP as acceptor (GO:0016646)",GO_Molecular_Function_2021,1/15,0.0149005037888985,0.0463106258187017,0,0,75.06015037593986,315.7300332957057,BLVRB
adrenergic receptor binding (GO:0031690),GO_Molecular_Function_2021,1/17,0.0168712348172723,0.0463106258187017,0,0,65.67105263157895,268.0787715603985,GNAS
calcium-release channel activity (GO:0015278),GO_Molecular_Function_2021,1/17,0.0168712348172723,0.0463106258187017,0,0,65.67105263157895,268.0787715603985,MCOLN1
glutamate receptor binding (GO:0035254),GO_Molecular_Function_2021,1/17,0.0168712348172723,0.0463106258187017,0,0,65.67105263157895,268.0787715603985,GNAS
GTPase binding (GO:0051020),GO_Molecular_Function_2021,2/201,0.0169535820602313,0.0463106258187017,0,0,11.04466778336125,45.032160388623055,RILP;OPTN
"oxidoreductase activity, acting on the CH-CH group of donors, NAD or NADP as acceptor (GO:0016628)",GO_Molecular_Function_2021,1/18,0.0178551954764704,0.0463106258187017,0,0,61.80495356037152,248.79341471282052,BLVRB
R-SMAD binding (GO:0070412),GO_Molecular_Function_2021,1/19,0.0188382206720142,0.0463106258187017,0,0,58.36842105263158,231.8316321803268,PPM1A
ligand-gated calcium channel activity (GO:0099604),GO_Molecular_Function_2021,1/19,0.0188382206720142,0.0463106258187017,0,0,58.36842105263158,231.8316321803268,MCOLN1
nucleoside monophosphate kinase activity (GO:0050145),GO_Molecular_Function_2021,1/20,0.019820311238232,0.0467759345222277,0,0,55.29362880886426,216.80897525048425,GUK1
K63-linked polyubiquitin modification-dependent protein binding (GO:0070530),GO_Molecular_Function_2021,1/22,0.0217816918149241,0.0494276852723277,0,0,50.02255639097744,191.42059056605152,OPTN
phosphatase inhibitor activity (GO:0019212),GO_Molecular_Function_2021,1/23,0.0227609834903901,0.049736963923445,0,0,47.74641148325359,180.6107068727385,TESC
protein serine/threonine/tyrosine kinase activity (GO:0004712),GO_Molecular_Function_2021,1/28,0.0276434890482457,0.0582487804945178,0,0,38.89473684210526,139.56851455439977,MAP2K3
ATPase regulator activity (GO:0060590),GO_Molecular_Function_2021,1/38,0.0373390688738262,0.07596569184675,0,0,28.36842105263158,93.26728562261796,BAG1
polyubiquitin modification-dependent protein binding (GO:0031593),GO_Molecular_Function_2021,1/51,0.0498060789247286,0.0941518785674742,0,0,20.978947368421053,62.92883309083605,OPTN
inorganic cation transmembrane transporter activity (GO:0022890),GO_Molecular_Function_2021,1/51,0.0498060789247286,0.0941518785674742,0,0,20.978947368421053,62.92883309083605,MCOLN1
phosphoric ester hydrolase activity (GO:0042578),GO_Molecular_Function_2021,1/53,0.051710413228189,0.0941518785674742,0,0,20.17004048582996,59.74559828701417,PHOSPHO1
pyrophosphatase activity (GO:0016462),GO_Molecular_Function_2021,1/54,0.0526612202157059,0.0941518785674742,0,0,19.788480635551142,58.25483230121243,PHOSPHO1
ubiquitin-protein transferase activity (GO:0004842),GO_Molecular_Function_2021,2/392,0.0577169806747564,0.1001559370532538,0,0,5.581196581196581,15.918710411695384,FBXO9;RNF187
protein serine/threonine phosphatase activity (GO:0004722),GO_Molecular_Function_2021,1/62,0.0602351399190365,0.1015392358635187,0,0,17.186367558239862,48.28508895429952,PPM1A
phosphatase activity (GO:0016791),GO_Molecular_Function_2021,1/79,0.0761391600452789,0.1221873893187085,0,0,13.429149797570853,34.58264664318254,PHOSPHO1
ligand-gated cation channel activity (GO:0099094),GO_Molecular_Function_2021,1/80,0.077066682850071,0.1221873893187085,0,0,13.258494337108594,33.982637627801715,MCOLN1
calcium channel activity (GO:0005262),GO_Molecular_Function_2021,1/84,0.0807679353123666,0.1221873893187085,0,0,12.61699429296132,31.74656854741361,MCOLN1
ion channel activity (GO:0005216),GO_Molecular_Function_2021,1/84,0.0807679353123666,0.1221873893187085,0,0,12.61699429296132,31.74656854741361,MCOLN1
heme binding (GO:0020037),GO_Molecular_Function_2021,1/91,0.0872112207421384,0.1286365505946541,0,0,11.63157894736842,28.37433281380585,HBM
cation channel activity (GO:0005261),GO_Molecular_Function_2021,1/98,0.0936115860195749,0.1347093554915835,0,0,10.788388497015736,25.553389086720664,MCOLN1
G protein-coupled receptor binding (GO:0001664),GO_Molecular_Function_2021,1/143,0.1337499897609051,0.1863493596663947,0,0,7.3528539659006675,14.792346387731271,GNAS
magnesium ion binding (GO:0000287),GO_Molecular_Function_2021,1/146,0.1363649469064392,0.1863493596663947,0,0,7.199637023593467,14.34470478778898,TESC
guanyl-nucleotide exchange factor activity (GO:0005085),GO_Molecular_Function_2021,1/149,0.1389724038190062,0.1863493596663947,0,0,7.052631578947368,13.91822665778434,RAB3IL1
GTPase activity (GO:0003924),GO_Molecular_Function_2021,1/216,0.1952938762391887,0.2560519710691586,0,0,4.83843329253366,7.902370194053823,GNAS
ubiquitin protein ligase activity (GO:0061630),GO_Molecular_Function_2021,1/263,0.2326947812101814,0.2861389930322471,0,0,3.961028525512254,5.775289057343844,RNF187
ubiquitin protein ligase binding (GO:0031625),GO_Molecular_Function_2021,1/265,0.2342490899395189,0.2861389930322471,0,0,3.930622009569378,5.704787820650501,BAG1
ubiquitin-like protein ligase activity (GO:0061659),GO_Molecular_Function_2021,1/270,0.2381217863295401,0.2861389930322471,0,0,3.856583838779104,5.53409379242142,RNF187
nucleoside-triphosphatase activity (GO:0017111),GO_Molecular_Function_2021,1/278,0.2442794246608158,0.2861389930322471,0,0,3.743682310469314,5.276505051740351,GNAS
ATP binding (GO:0005524),GO_Molecular_Function_2021,1/278,0.2442794246608158,0.2861389930322471,0,0,3.743682310469314,5.276505051740351,GUK1
ubiquitin-like protein ligase binding (GO:0044389),GO_Molecular_Function_2021,1/282,0.2473404855024508,0.2861389930322471,0,0,3.689642255103952,5.154391148859824,BAG1
adenyl ribonucleotide binding (GO:0032559),GO_Molecular_Function_2021,1/306,0.2654609411363627,0.3011960678277962,0,0,3.395168248490078,4.50296942391665,GUK1
GTPase activator activity (GO:0005096),GO_Molecular_Function_2021,1/336,0.2875290580342482,0.3200795174343517,0,0,3.086410054988217,3.846998258988292,RAB3IL1
calcium ion binding (GO:0005509),GO_Molecular_Function_2021,1/348,0.296178711677668,0.3236026664626373,0,0,2.9778553010769,3.62343125547793,TESC
purine ribonucleoside triphosphate binding (GO:0035639),GO_Molecular_Function_2021,1/460,0.3722387950843977,0.3928571193036286,0,0,2.238390092879257,2.212021204832705,GUK1
kinase binding (GO:0019900),GO_Molecular_Function_2021,1/461,0.3728813335763254,0.3928571193036286,0,0,2.2334096109839816,2.2032475269788603,MAP2K3
protein kinase binding (GO:0019901),GO_Molecular_Function_2021,1/506,0.4011575418812877,0.4149153994827367,0,0,2.0297029702970297,1.8539328370604984,MAP2K3
metal ion binding (GO:0046872),GO_Molecular_Function_2021,1/517,0.4078829350847243,0.4149153994827367,0,0,1.98531211750306,1.7803784122729869,TESC
protein homodimerization activity (GO:0042803),GO_Molecular_Function_2021,1/636,0.4761987796230126,0.4761987796230126,0,0,1.6033982594280978,1.1895930885980668,TESC
