Term,Gene_set,Overlap,P-value,Adjusted P-value,Old P-value,Old Adjusted P-value,Odds Ratio,Combined Score,Genes
proteasome-mediated ubiquitin-dependent protein catabolic process (GO:0043161),GO_Biological_Process_2021,3/321,0.0032798277663074,0.0871410753665277,0,0,11.59375,66.31583689424691,UBE2W;COP1;TMUB2
medium-chain fatty acid catabolic process (GO:0051793),GO_Biological_Process_2021,1/5,0.0047413916093995,0.0871410753665277,0,0,277.4583333333333,1484.7973498875915,ABHD3
mitochondrial protein catabolic process (GO:0035694),GO_Biological_Process_2021,1/6,0.0056871157389833,0.0871410753665277,0,0,221.95555555555555,1147.4107993095174,PISD
medium-chain fatty acid biosynthetic process (GO:0051792),GO_Biological_Process_2021,1/6,0.0056871157389833,0.0871410753665277,0,0,221.95555555555555,1147.4107993095174,ABHD3
macropinocytosis (GO:0044351),GO_Biological_Process_2021,1/7,0.006631989066781,0.0871410753665277,0,0,184.9537037037037,927.7001289942034,MAPKAPK2
regulation of tumor necrosis factor superfamily cytokine production (GO:1903555),GO_Biological_Process_2021,1/9,0.0085191858003351,0.0871410753665277,0,0,138.70138888888889,660.9723846479391,MAPKAPK2
response to misfolded protein (GO:0051788),GO_Biological_Process_2021,1/9,0.0085191858003351,0.0871410753665277,0,0,138.70138888888889,660.9723846479391,UBE2W
pinocytosis (GO:0006907),GO_Biological_Process_2021,1/10,0.0094615105123957,0.0871410753665277,0,0,123.28395061728396,574.5677163606151,MAPKAPK2
nucleus localization (GO:0051647),GO_Biological_Process_2021,1/11,0.0104029870187894,0.0871410753665277,0,0,110.95,506.5602322657193,CLMN
glycerophospholipid biosynthetic process (GO:0046474),GO_Biological_Process_2021,2/177,0.0120638030057966,0.0871410753665277,0,0,13.314957983193278,58.81943667515422,ABHD3;PISD
nuclear migration (GO:0007097),GO_Biological_Process_2021,1/14,0.013222334171232,0.0871410753665277,0,0,85.33333333333333,369.13902050225767,CLMN
phosphatidylethanolamine biosynthetic process (GO:0006646),GO_Biological_Process_2021,1/15,0.0141604247470607,0.0871410753665277,0,0,79.23412698412699,337.3237811891663,PISD
medium-chain fatty acid metabolic process (GO:0051791),GO_Biological_Process_2021,1/15,0.0141604247470607,0.0871410753665277,0,0,79.23412698412699,337.3237811891663,ABHD3
proteasomal protein catabolic process (GO:0010498),GO_Biological_Process_2021,2/205,0.015941711020387,0.0905046980100267,0,0,11.46218487394958,47.43987724692904,UBE2W;COP1
3'-UTR-mediated mRNA stabilization (GO:0070935),GO_Biological_Process_2021,1/18,0.01696963087688,0.0905046980100267,0,0,65.24183006535948,265.9472259849427,MAPKAPK2
cellular response to misfolded protein (GO:0071218),GO_Biological_Process_2021,1/20,0.0188382206720142,0.0941911033600713,0,0,58.36842105263158,231.8316321803268,UBE2W
leukotriene metabolic process (GO:0006691),GO_Biological_Process_2021,1/24,0.0225653114296027,0.1044221618096216,0,0,48.20772946859904,182.7719626724847,MAPKAPK2
protein quality control for misfolded or incompletely synthesized proteins (GO:0006515),GO_Biological_Process_2021,1/25,0.0234949864071648,0.1044221618096216,0,0,46.19675925925926,173.2825760780302,UBE2W
protein K11-linked ubiquitination (GO:0070979),GO_Biological_Process_2021,1/29,0.0272053167113753,0.1106937427916316,0,0,39.58928571428572,142.69335919589085,UBE2W
phosphatidylethanolamine metabolic process (GO:0046337),GO_Biological_Process_2021,1/31,0.0290554700086194,0.1106937427916316,0,0,36.946296296296296,130.736261970552,PISD
cellular response to topologically incorrect protein (GO:0035967),GO_Biological_Process_2021,1/32,0.0299792961708411,0.1106937427916316,0,0,35.75268817204301,125.39355349635466,UBE2W
phosphatidylcholine biosynthetic process (GO:0006656),GO_Biological_Process_2021,1/33,0.030902289613243,0.1106937427916316,0,0,34.63368055555556,120.41870977627713,ABHD3
cellular response to vascular endothelial growth factor stimulus (GO:0035924),GO_Biological_Process_2021,1/34,0.0318244510525941,0.1106937427916316,0,0,33.582491582491585,115.77632426352072,MAPKAPK2
protein monoubiquitination (GO:0006513),GO_Biological_Process_2021,1/39,0.0364228027645029,0.121409342548343,0,0,29.156432748538013,96.58244018092805,UBE2W
mRNA stabilization (GO:0048255),GO_Biological_Process_2021,1/44,0.0410004599209637,0.131201471747084,0,0,25.75968992248062,82.28088014399276,MAPKAPK2
ubiquitin-dependent protein catabolic process (GO:0006511),GO_Biological_Process_2021,2/354,0.0438139582164133,0.1322896135561398,0,0,6.560494652406417,20.519933750674703,UBE2W;COP1
regulation of mitochondrion organization (GO:0010821),GO_Biological_Process_2021,1/48,0.0446477445751972,0.1322896135561398,0,0,23.56264775413712,73.25512875801161,PISD
icosanoid metabolic process (GO:0006690),GO_Biological_Process_2021,1/57,0.0528061471485762,0.1364773800863905,0,0,19.76686507936508,58.13687386922473,MAPKAPK2
cellular protein catabolic process (GO:0044257),GO_Biological_Process_2021,1/60,0.0555109160756712,0.1364773800863905,0,0,18.75894538606403,54.2354050228785,PISD
pattern recognition receptor signaling pathway (GO:0002221),GO_Biological_Process_2021,1/61,0.0564108785625051,0.1364773800863905,0,0,18.44537037037037,53.032159970359054,MAPKAPK2
vascular endothelial growth factor receptor signaling pathway (GO:0048010),GO_Biological_Process_2021,1/67,0.0617936167940729,0.1364773800863905,0,0,16.763468013468014,46.668744079814495,MAPKAPK2
fatty acid catabolic process (GO:0009062),GO_Biological_Process_2021,1/70,0.0644740648279743,0.1364773800863905,0,0,16.03220611916264,43.95216853322471,ABHD3
fatty acid biosynthetic process (GO:0006633),GO_Biological_Process_2021,1/71,0.0653659341620674,0.1364773800863905,0,0,15.802380952380952,43.10500849393286,ABHD3
response to ionizing radiation (GO:0010212),GO_Biological_Process_2021,1/72,0.066256997970156,0.1364773800863905,0,0,15.579029733959311,42.28482356965927,COP1
ubiquitin-dependent ERAD pathway (GO:0030433),GO_Biological_Process_2021,1/73,0.0671472569391821,0.1364773800863905,0,0,15.361882716049385,41.49040525939519,TMUB2
response to molecule of bacterial origin (GO:0002237),GO_Biological_Process_2021,1/73,0.0671472569391821,0.1364773800863905,0,0,15.361882716049385,41.49040525939519,MAPKAPK2
proteolysis involved in cellular protein catabolic process (GO:0051603),GO_Biological_Process_2021,1/74,0.068036711755515,0.1364773800863905,0,0,15.150684931506849,40.72061468284932,UBE2W
phosphatidylcholine metabolic process (GO:0046470),GO_Biological_Process_2021,1/77,0.0707002581349002,0.1364773800863905,0,0,14.550438596491228,38.54856507595181,ABHD3
positive regulation of ubiquitin-dependent protein catabolic process (GO:2000060),GO_Biological_Process_2021,1/79,0.0724719475151733,0.1364773800863905,0,0,14.175925925925926,37.20550751521447,COP1
regulation of cellular response to heat (GO:1900034),GO_Biological_Process_2021,1/79,0.0724719475151733,0.1364773800863905,0,0,14.175925925925926,37.20550751521447,MAPKAPK2
positive regulation of proteasomal ubiquitin-dependent protein catabolic process (GO:0032436),GO_Biological_Process_2021,1/79,0.0724719475151733,0.1364773800863905,0,0,14.175925925925926,37.20550751521447,COP1
glycerophospholipid metabolic process (GO:0006650),GO_Biological_Process_2021,1/80,0.0733565917964349,0.1364773800863905,0,0,13.9957805907173,36.56289786863212,ABHD3
regulation of organelle organization (GO:0033043),GO_Biological_Process_2021,1/80,0.0733565917964349,0.1364773800863905,0,0,13.9957805907173,36.56289786863212,PISD
positive regulation of proteasomal protein catabolic process (GO:1901800),GO_Biological_Process_2021,1/86,0.0786476946512038,0.1413809025567576,0,0,13.003921568627453,33.06607217254294,COP1
ERAD pathway (GO:0036503),GO_Biological_Process_2021,1/87,0.0795267576881761,0.1413809025567576,0,0,12.852067183462532,32.537086758724435,TMUB2
toll-like receptor signaling pathway (GO:0002224),GO_Biological_Process_2021,1/91,0.0830350705457495,0.1444088183404339,0,0,12.278395061728396,30.55469063103589,MAPKAPK2
regulation of proteasomal ubiquitin-dependent protein catabolic process (GO:0032434),GO_Biological_Process_2021,1/102,0.0926177296022899,0.1576471993230467,0,0,10.935093509350937,26.017591233462856,COP1
regulation of interleukin-6 production (GO:0032675),GO_Biological_Process_2021,1/110,0.0995272639526803,0.1658787732544671,0,0,10.128440366972477,23.369590125738124,MAPKAPK2
response to lipid (GO:0033993),GO_Biological_Process_2021,1/114,0.1029633103992646,0.1681033639171666,0,0,9.76794493608653,22.20627570308965,MAPKAPK2
regulation of cellular response to stress (GO:0080135),GO_Biological_Process_2021,1/118,0.1063869331473914,0.1702190930358263,0,0,9.432098765432098,21.134244494362125,MAPKAPK2
regulation of mRNA catabolic process (GO:0061013),GO_Biological_Process_2021,1/122,0.1097981746201039,0.171537177843141,0,0,9.118457300275482,20.14368774115404,MAPKAPK2
regulation of tumor necrosis factor production (GO:0032680),GO_Biological_Process_2021,1/124,0.1114991655980416,0.171537177843141,0,0,8.969286359530262,19.67626585833512,MAPKAPK2
regulation of mRNA stability (GO:0043488),GO_Biological_Process_2021,1/146,0.1300079756659704,0.187696903270863,0,0,7.6,15.505212041401464,MAPKAPK2
regulation of cytokine production (GO:0001817),GO_Biological_Process_2021,1/150,0.1333337248350714,0.187696903270863,0,0,7.3944817300522,14.899141861115272,MAPKAPK2
response to cytokine (GO:0034097),GO_Biological_Process_2021,1/150,0.1333337248350714,0.187696903270863,0,0,7.3944817300522,14.899141861115272,MAPKAPK2
peptidyl-serine phosphorylation (GO:0018105),GO_Biological_Process_2021,1/156,0.1382997738882014,0.187696903270863,0,0,7.106093189964158,14.0582092449833,MAPKAPK2
cellular response to growth factor stimulus (GO:0071363),GO_Biological_Process_2021,1/158,0.1399491242511414,0.187696903270863,0,0,7.014861995753716,13.79456000709556,MAPKAPK2
organonitrogen compound biosynthetic process (GO:1901566),GO_Biological_Process_2021,1/158,0.1399491242511414,0.187696903270863,0,0,7.014861995753716,13.79456000709556,ABHD3
protein autophosphorylation (GO:0046777),GO_Biological_Process_2021,1/159,0.1407726774531473,0.187696903270863,0,0,6.970112517580872,13.665664679659873,MAPKAPK2
response to lipopolysaccharide (GO:0032496),GO_Biological_Process_2021,1/159,0.1407726774531473,0.187696903270863,0,0,6.970112517580872,13.665664679659873,MAPKAPK2
peptidyl-serine modification (GO:0018209),GO_Biological_Process_2021,1/169,0.1489672224883867,0.1953668491650973,0,0,6.55191798941799,12.475041729946822,MAPKAPK2
mitochondrion organization (GO:0007005),GO_Biological_Process_2021,1/175,0.1538483523889894,0.198514003082567,0,0,6.324074074074074,11.837325245024152,PISD
regulation of cell population proliferation (GO:0042127),GO_Biological_Process_2021,2/764,0.1628119364863869,0.2067453161731897,0,0,2.9672687972826925,5.386066170655712,CLMN;TRAPPC14
cilium organization (GO:0044782),GO_Biological_Process_2021,1/228,0.1958280912690108,0.2429205309843004,0,0,4.8345570239843365,7.8828326846377825,TRAPPC14
inflammatory response (GO:0006954),GO_Biological_Process_2021,1/230,0.1973729314247441,0.2429205309843004,0,0,4.791848617176128,7.775542451895799,MAPKAPK2
plasma membrane bounded cell projection assembly (GO:0120031),GO_Biological_Process_2021,1/278,0.2336165808907726,0.2831716132009366,0,0,3.951865222623345,5.746304672105591,TRAPPC14
MAPK cascade (GO:0000165),GO_Biological_Process_2021,1/303,0.2518738917401664,0.2968867226676876,0,0,3.620125091979397,4.991525301881223,MAPKAPK2
cellular protein modification process (GO:0006464),GO_Biological_Process_2021,2/1025,0.2542263692063387,0.2968867226676876,0,0,2.1802081536426887,2.985860890199077,COP1;MAPKAPK2
protein polyubiquitination (GO:0000209),GO_Biological_Process_2021,1/314,0.2597758823342266,0.2968867226676876,0,0,3.490947816826411,4.705574273833196,UBE2W
cilium assembly (GO:0060271),GO_Biological_Process_2021,1/314,0.2597758823342266,0.2968867226676876,0,0,3.490947816826411,4.705574273833196,TRAPPC14
post-translational protein modification (GO:0043687),GO_Biological_Process_2021,1/345,0.2816219125300947,0.3167641602043425,0,0,3.1713501291989665,4.018702673406054,COP1
cellular response to DNA damage stimulus (GO:0006974),GO_Biological_Process_2021,1/350,0.2850877441839082,0.3167641602043425,0,0,3.125119388729704,3.9218944271475222,MAPKAPK2
negative regulation of cell population proliferation (GO:0008285),GO_Biological_Process_2021,1/379,0.3048792555429707,0.3341142526498308,0,0,2.8810993533215754,3.422283512222565,CLMN
phosphorylation (GO:0016310),GO_Biological_Process_2021,1/400,0.318885786715355,0.3419014373030673,0,0,2.726538568643832,3.116221665610031,MAPKAPK2
transmembrane receptor protein tyrosine kinase signaling pathway (GO:0007169),GO_Biological_Process_2021,1/404,0.3215232014928257,0.3419014373030673,0,0,2.6989247311827955,3.062430951100199,MAPKAPK2
protein modification by small protein conjugation (GO:0032446),GO_Biological_Process_2021,1/409,0.3248063654379139,0.3419014373030673,0,0,2.665168845315904,2.9970518551412924,UBE2W
organelle assembly (GO:0070925),GO_Biological_Process_2021,1/425,0.3352116416126272,0.3482718354416906,0,0,2.5625,2.8007950253627363,TRAPPC14
protein phosphorylation (GO:0006468),GO_Biological_Process_2021,1/496,0.379579600455412,0.3893124107234995,0,0,2.186980920314254,2.1185086324834783,MAPKAPK2
protein ubiquitination (GO:0016567),GO_Biological_Process_2021,1/525,0.3968821247700495,0.4019059491342274,0,0,2.062871077184054,1.9063320803193036,UBE2W
negative regulation of cellular process (GO:0048523),GO_Biological_Process_2021,1/566,0.4205658457739546,0.4205658457739546,0,0,1.9091445427728613,1.6536136072601062,CLMN
Cul4A-RING E3 ubiquitin ligase complex (GO:0031464),GO_Cellular_Component_2021,1/11,0.0104029870187894,0.0754883529469221,0,0,110.95,506.5602322657193,COP1
nuclear outer membrane (GO:0005640),GO_Cellular_Component_2021,1/16,0.0150976705893844,0.0754883529469221,0,0,73.94814814814815,310.08047018396815,CLMN
Cul4-RING E3 ubiquitin ligase complex (GO:0080008),GO_Cellular_Component_2021,1/34,0.0318244510525941,0.106081503508647,0,0,33.582491582491585,115.77632426352072,COP1
Golgi-associated vesicle (GO:0005798),GO_Cellular_Component_2021,1/47,0.043737157364484,0.1093428934112101,0,0,24.07608695652174,75.34749261223973,CHIC2
mitotic spindle (GO:0072686),GO_Cellular_Component_2021,1/120,0.1080940988994387,0.2111168973584576,0,0,9.27264239028945,20.62934032119712,TRAPPC14
organelle outer membrane (GO:0031968),GO_Cellular_Component_2021,1/142,0.1266701384150746,0.2111168973584576,0,0,7.817178881008668,16.15161194256294,CLMN
spindle (GO:0005819),GO_Cellular_Component_2021,1/192,0.1675345972812508,0.2213361510390743,0,0,5.756253635834788,10.283923568543903,TRAPPC14
nuclear membrane (GO:0031965),GO_Cellular_Component_2021,1/204,0.1770689208312594,0.2213361510390743,0,0,5.412698412698413,9.37055138871512,CLMN
intracellular membrane-bounded organelle (GO:0043231),GO_Cellular_Component_2021,7/5192,0.2019465441729379,0.2243850490810421,0,0,1.664609450337512,2.6629627125659296,UBE2W;CHIC2;YIPF4;RSBN1L;MAPKAPK2;TRAPPC14;PISD
nucleus (GO:0005634),GO_Cellular_Component_2021,4/4484,0.6450650671984328,0.6450650671984328,0,0,0.9226785714285716,0.4045060575291867,UBE2W;RSBN1L;MAPKAPK2;PISD
calcium-dependent protein kinase activity (GO:0010857),GO_Molecular_Function_2021,1/8,0.0075760122063041,0.0769270467357297,0,0,158.52380952380952,774.0350338275504,MAPKAPK2
calcium-dependent protein serine/threonine kinase activity (GO:0009931),GO_Molecular_Function_2021,1/8,0.0075760122063041,0.0769270467357297,0,0,158.52380952380952,774.0350338275504,MAPKAPK2
phospholipase A1 activity (GO:0008970),GO_Molecular_Function_2021,1/10,0.0094615105123957,0.0769270467357297,0,0,123.28395061728396,574.5677163606151,ABHD3
acylglycerol lipase activity (GO:0047372),GO_Molecular_Function_2021,1/13,0.0122833981550328,0.0769270467357297,0,0,92.44907407407408,406.7303181925871,ABHD3
carboxy-lyase activity (GO:0016831),GO_Molecular_Function_2021,1/23,0.0216347980764043,0.0769270467357297,0,0,50.40151515151515,193.21180108339516,PISD
calmodulin-dependent protein kinase activity (GO:0004683),GO_Molecular_Function_2021,1/24,0.0225653114296027,0.0769270467357297,0,0,48.20772946859904,182.7719626724847,MAPKAPK2
phospholipase A2 activity (GO:0004623),GO_Molecular_Function_2021,1/29,0.0272053167113753,0.0769270467357297,0,0,39.58928571428572,142.69335919589085,ABHD3
mitogen-activated protein kinase binding (GO:0051019),GO_Molecular_Function_2021,1/29,0.0272053167113753,0.0769270467357297,0,0,39.58928571428572,142.69335919589085,MAPKAPK2
alpha-tubulin binding (GO:0043014),GO_Molecular_Function_2021,1/31,0.0290554700086194,0.0769270467357297,0,0,36.946296296296296,130.736261970552,TRAPPC14
ubiquitin conjugating enzyme activity (GO:0061631),GO_Molecular_Function_2021,1/35,0.0327457811830531,0.0769270467357297,0,0,32.59313725490196,111.43532169951338,UBE2W
calcium channel regulator activity (GO:0005246),GO_Molecular_Function_2021,1/37,0.0345859503542857,0.0769270467357297,0,0,30.77932098765432,103.55110778477112,REM2
ubiquitin-like protein conjugating enzyme activity (GO:0061650),GO_Molecular_Function_2021,1/38,0.035504790801106,0.0769270467357297,0,0,29.945945945945947,99.96219201416405,UBE2W
lipase activity (GO:0016298),GO_Molecular_Function_2021,1/49,0.0455575103218218,0.0911150206436436,0,0,23.07060185185185,71.26000869785321,ABHD3
ubiquitin-protein transferase activity (GO:0004842),GO_Molecular_Function_2021,2/392,0.052610143875771,0.0977045529121461,0,0,5.909803921568628,17.40346438048143,UBE2W;COP1
phospholipase activity (GO:0004620),GO_Molecular_Function_2021,1/73,0.0671472569391821,0.1163885786945824,0,0,15.361882716049385,41.49040525939519,ABHD3
carboxylic ester hydrolase activity (GO:0052689),GO_Molecular_Function_2021,1/96,0.0874026490788467,0.1420293047531259,0,0,11.629239766081872,28.343128394593275,ABHD3
GTP binding (GO:0005525),GO_Molecular_Function_2021,1/189,0.1651347170981347,0.2525589790912649,0,0,5.848995271867612,10.534003466039604,REM2
guanyl ribonucleotide binding (GO:0032561),GO_Molecular_Function_2021,1/214,0.1849350729015806,0.2671284386356164,0,0,5.1559728742827335,8.701995656275924,REM2
ubiquitin protein ligase activity (GO:0061630),GO_Molecular_Function_2021,1/263,0.2224604279309813,0.2795778152116877,0,0,4.181297709923665,6.2845157347500775,COP1
ubiquitin protein ligase binding (GO:0031625),GO_Molecular_Function_2021,1/265,0.2239567540432559,0.2795778152116877,0,0,4.1492003367003365,6.208458040461637,UBE2W
ubiquitin-like protein ligase activity (GO:0061659),GO_Molecular_Function_2021,1/270,0.2276856432561928,0.2795778152116877,0,0,4.071045022717885,6.024289104777915,COP1
ubiquitin-like protein ligase binding (GO:0044389),GO_Molecular_Function_2021,1/282,0.2365658436406588,0.2795778152116877,0,0,3.894820086990905,5.614494941291066,UBE2W
tubulin binding (GO:0015631),GO_Molecular_Function_2021,1/307,0.2547565441988146,0.2879856586595295,0,0,3.572076978939724,4.884625657494055,TRAPPC14
protein serine/threonine kinase activity (GO:0004674),GO_Molecular_Function_2021,1/344,0.2809268387882653,0.3043374086872873,0,0,3.1807580174927117,4.038484417118712,MAPKAPK2
purine ribonucleoside triphosphate binding (GO:0035639),GO_Molecular_Function_2021,1/460,0.3574460257360461,0.371743866765488,0,0,2.362866134107964,2.4308479316724103,REM2
protein kinase binding (GO:0019901),GO_Molecular_Function_2021,1/506,0.3855984289449239,0.3855984289449239,0,0,2.1425742574257427,2.041784973056431,MAPKAPK2
