Term,Gene_set,Overlap,P-value,Adjusted P-value,Old P-value,Old Adjusted P-value,Odds Ratio,Combined Score,Genes
tRNA aminoacylation (GO:0043039),GO_Biological_Process_2021,2/38,0.0009449004432908564,0.0773109721633769,0,0,50.35353535353536,350.6837219229394,SARS1;FARSA
tRNA aminoacylation for protein translation (GO:0006418),GO_Biological_Process_2021,2/43,0.0012092868136118,0.0773109721633769,0,0,44.20177383592018,296.9353391905164,SARS1;FARSA
mitotic nuclear membrane organization (GO:0101024),GO_Biological_Process_2021,2/51,0.0016975001307372,0.0773109721633769,0,0,36.970315398886825,235.81880284027437,BANF1;CHMP6
mitotic nuclear membrane reassembly (GO:0007084),GO_Biological_Process_2021,2/51,0.0016975001307372,0.0773109721633769,0,0,36.970315398886825,235.81880284027437,BANF1;CHMP6
nuclear membrane reassembly (GO:0031468),GO_Biological_Process_2021,2/54,0.0019010182402282,0.0773109721633769,0,0,34.83216783216783,218.23626682147088,BANF1;CHMP6
neutrophil degranulation (GO:0043312),GO_Biological_Process_2021,4/481,0.002395677068454,0.0773109721633769,0,0,8.175681341719077,49.33279201765159,PYGB;PSMD13;TMEM179B;ALDOC
neutrophil activation involved in immune response (GO:0002283),GO_Biological_Process_2021,4/485,0.0024686832372467,0.0773109721633769,0,0,8.106029106029107,48.66916919673461,PYGB;PSMD13;TMEM179B;ALDOC
neutrophil mediated immunity (GO:0002446),GO_Biological_Process_2021,4/488,0.0025244399073755,0.0773109721633769,0,0,8.054545454545455,48.18016499011976,PYGB;PSMD13;TMEM179B;ALDOC
epithelial cell differentiation (GO:0030855),GO_Biological_Process_2021,2/101,0.006482271730931,0.1043867123011847,0,0,18.252525252525253,91.9687115910082,EDF1;ALDOC
snRNA modification (GO:0040031),GO_Biological_Process_2021,1/6,0.0071792448741713,0.1043867123011847,0,0,173.66086956521738,857.2874884567655,NHP2
N-acetylneuraminate catabolic process (GO:0019262),GO_Biological_Process_2021,1/6,0.0071792448741713,0.1043867123011847,0,0,173.66086956521738,857.2874884567655,AMDHD2
amino sugar catabolic process (GO:0046348),GO_Biological_Process_2021,1/7,0.0083709789916443,0.1043867123011847,0,0,144.71014492753622,692.1463710595567,AMDHD2
response to lead ion (GO:0010288),GO_Biological_Process_2021,1/7,0.0083709789916443,0.1043867123011847,0,0,144.71014492753622,692.1463710595567,PPP1CA
fructose metabolic process (GO:0006000),GO_Biological_Process_2021,1/8,0.0095613427178271,0.1043867123011847,0,0,124.03105590062113,576.7477724354015,ALDOC
regulation of primary metabolic process (GO:0080090),GO_Biological_Process_2021,2/130,0.0105379901592161,0.1043867123011847,0,0,14.096590909090908,64.17851421706726,PSMD13;EDF1
"fructose 1,6-bisphosphate metabolic process (GO:0030388)",GO_Biological_Process_2021,1/9,0.0107503374648081,0.1043867123011847,0,0,108.52173913043478,491.9093069362492,ALDOC
glucosamine-containing compound catabolic process (GO:1901072),GO_Biological_Process_2021,1/9,0.0107503374648081,0.1043867123011847,0,0,108.52173913043478,491.9093069362492,AMDHD2
N-acetylneuraminate metabolic process (GO:0006054),GO_Biological_Process_2021,1/10,0.0119379646683197,0.1043867123011847,0,0,96.45893719806764,427.1232267263204,AMDHD2
rRNA pseudouridine synthesis (GO:0031118),GO_Biological_Process_2021,1/10,0.0119379646683197,0.1043867123011847,0,0,96.45893719806764,427.1232267263204,NHP2
endothelium development (GO:0003158),GO_Biological_Process_2021,1/10,0.0119379646683197,0.1043867123011847,0,0,96.45893719806764,427.1232267263204,EDF1
UDP-N-acetylglucosamine biosynthetic process (GO:0006048),GO_Biological_Process_2021,1/11,0.0131242257813257,0.1043867123011847,0,0,86.80869565217391,376.1677267870623,AMDHD2
proteasome assembly (GO:0043248),GO_Biological_Process_2021,1/11,0.0131242257813257,0.1043867123011847,0,0,86.80869565217391,376.1677267870623,PSMD13
amino sugar biosynthetic process (GO:0046349),GO_Biological_Process_2021,1/12,0.014309122256811,0.1043867123011847,0,0,78.91304347826087,335.1324919763037,AMDHD2
carboxylic acid catabolic process (GO:0046395),GO_Biological_Process_2021,1/12,0.014309122256811,0.1043867123011847,0,0,78.91304347826087,335.1324919763037,AMDHD2
pseudouridine synthesis (GO:0001522),GO_Biological_Process_2021,1/13,0.0154926555661662,0.1043867123011847,0,0,72.33333333333333,301.441152263015,NHP2
fatty acid elongation (GO:0030497),GO_Biological_Process_2021,1/13,0.0154926555661662,0.1043867123011847,0,0,72.33333333333333,301.441152263015,TECR
negative regulation of epidermal growth factor-activated receptor activity (GO:0007175),GO_Biological_Process_2021,1/13,0.0154926555661662,0.1043867123011847,0,0,72.33333333333333,301.441152263015,CHMP6
UDP-N-acetylglucosamine metabolic process (GO:0006047),GO_Biological_Process_2021,1/13,0.0154926555661662,0.1043867123011847,0,0,72.33333333333333,301.441152263015,AMDHD2
very long-chain fatty acid biosynthetic process (GO:0042761),GO_Biological_Process_2021,1/13,0.0154926555661662,0.1043867123011847,0,0,72.33333333333333,301.441152263015,TECR
protein heterotetramerization (GO:0051290),GO_Biological_Process_2021,1/13,0.0154926555661662,0.1043867123011847,0,0,72.33333333333333,301.441152263015,FARSA
renal absorption (GO:0070293),GO_Biological_Process_2021,1/14,0.0166748271779813,0.1043867123011847,0,0,66.76588628762542,273.3298608380045,MAGED2
peptidyl-serine dephosphorylation (GO:0070262),GO_Biological_Process_2021,1/14,0.0166748271779813,0.1043867123011847,0,0,66.76588628762542,273.3298608380045,PPP1CA
endothelial cell differentiation (GO:0045446),GO_Biological_Process_2021,1/14,0.0166748271779813,0.1043867123011847,0,0,66.76588628762542,273.3298608380045,EDF1
glucan catabolic process (GO:0009251),GO_Biological_Process_2021,1/15,0.0178556385652366,0.1043867123011847,0,0,61.993788819875775,249.55202523941097,PYGB
positive regulation of sprouting angiogenesis (GO:1903672),GO_Biological_Process_2021,1/15,0.0178556385652366,0.1043867123011847,0,0,61.993788819875775,249.55202523941097,JMJD8
glycogen catabolic process (GO:0005980),GO_Biological_Process_2021,1/15,0.0178556385652366,0.1043867123011847,0,0,61.993788819875775,249.55202523941097,PYGB
positive regulation of telomerase RNA localization to Cajal body (GO:1904874),GO_Biological_Process_2021,1/15,0.0178556385652366,0.1043867123011847,0,0,61.993788819875775,249.55202523941097,NHP2
serine family amino acid metabolic process (GO:0009069),GO_Biological_Process_2021,1/16,0.0190350912060612,0.1043867123011847,0,0,57.85797101449276,229.20267994354347,SARS1
late endosome to vacuole transport via multivesicular body sorting pathway (GO:0032511),GO_Biological_Process_2021,1/16,0.0190350912060612,0.1043867123011847,0,0,57.85797101449276,229.20267994354347,CHMP6
nuclear transport (GO:0051169),GO_Biological_Process_2021,1/16,0.0190350912060612,0.1043867123011847,0,0,57.85797101449276,229.20267994354347,BANF1
N-acetylglucosamine metabolic process (GO:0006044),GO_Biological_Process_2021,1/16,0.0190350912060612,0.1043867123011847,0,0,57.85797101449276,229.20267994354347,AMDHD2
cellular polysaccharide catabolic process (GO:0044247),GO_Biological_Process_2021,1/16,0.0190350912060612,0.1043867123011847,0,0,57.85797101449276,229.20267994354347,PYGB
regulation of transferase activity (GO:0051338),GO_Biological_Process_2021,1/17,0.0202131865779684,0.1043867123011847,0,0,54.23913043478261,211.60963296162683,JMJD8
midbody abscission (GO:0061952),GO_Biological_Process_2021,1/17,0.0202131865779684,0.1043867123011847,0,0,54.23913043478261,211.60963296162683,CHMP6
protein heterooligomerization (GO:0051291),GO_Biological_Process_2021,1/17,0.0202131865779684,0.1043867123011847,0,0,54.23913043478261,211.60963296162683,FARSA
long-chain fatty-acyl-CoA biosynthetic process (GO:0035338),GO_Biological_Process_2021,1/18,0.0213899261577365,0.1043867123011847,0,0,51.0460358056266,196.26359569838613,TECR
regulation of telomerase RNA localization to Cajal body (GO:1904872),GO_Biological_Process_2021,1/18,0.0213899261577365,0.1043867123011847,0,0,51.0460358056266,196.26359569838613,NHP2
regulation of catabolic process (GO:0009894),GO_Biological_Process_2021,1/18,0.0213899261577365,0.1043867123011847,0,0,51.0460358056266,196.26359569838613,CHMP6
tRNA metabolic process (GO:0006399),GO_Biological_Process_2021,1/18,0.0213899261577365,0.1043867123011847,0,0,51.0460358056266,196.26359569838613,SARS1
nucleotide-sugar biosynthetic process (GO:0009226),GO_Biological_Process_2021,1/19,0.0225653114296027,0.1043867123011847,0,0,48.20772946859904,182.7719626724847,AMDHD2
regulation of exosomal secretion (GO:1903541),GO_Biological_Process_2021,1/19,0.0225653114296027,0.1043867123011847,0,0,48.20772946859904,182.7719626724847,CHMP6
mitotic cytokinetic process (GO:1902410),GO_Biological_Process_2021,1/20,0.0237393438664972,0.1043867123011847,0,0,45.66819221967963,170.827422984315,CHMP6
beta-catenin destruction complex disassembly (GO:1904886),GO_Biological_Process_2021,1/21,0.0249120249496479,0.1043867123011847,0,0,43.38260869565217,160.18614661402282,PPP1CA
rRNA modification (GO:0000154),GO_Biological_Process_2021,1/21,0.0249120249496479,0.1043867123011847,0,0,43.38260869565217,160.18614661402282,NHP2
membrane lipid metabolic process (GO:0006643),GO_Biological_Process_2021,1/22,0.0260833561592032,0.1043867123011847,0,0,41.31469979296066,150.65231192236567,TECR
metallo-sulfur cluster assembly (GO:0031163),GO_Biological_Process_2021,1/22,0.0260833561592032,0.1043867123011847,0,0,41.31469979296066,150.65231192236567,NUBP1
peptidyl-threonine dephosphorylation (GO:0035970),GO_Biological_Process_2021,1/22,0.0260833561592032,0.1043867123011847,0,0,41.31469979296066,150.65231192236567,PPP1CA
phosphate-containing compound metabolic process (GO:0006796),GO_Biological_Process_2021,2/212,0.0264829197162943,0.1043867123011847,0,0,8.556709956709957,31.071598319277047,ALDOC;PPP1CA
translation (GO:0006412),GO_Biological_Process_2021,2/214,0.0269470573977443,0.1043867123011847,0,0,8.475128644939966,30.62810786612861,SARS1;FARSA
iron-sulfur cluster assembly (GO:0016226),GO_Biological_Process_2021,1/24,0.0284219748654964,0.1043867123011847,0,0,37.71833648393195,134.2996324147713,NUBP1
long-chain fatty-acyl-CoA metabolic process (GO:0035336),GO_Biological_Process_2021,1/24,0.0284219748654964,0.1043867123011847,0,0,37.71833648393195,134.2996324147713,TECR
glucose catabolic process to pyruvate (GO:0061718),GO_Biological_Process_2021,1/24,0.0284219748654964,0.1043867123011847,0,0,37.71833648393195,134.2996324147713,ALDOC
canonical glycolysis (GO:0061621),GO_Biological_Process_2021,1/24,0.0284219748654964,0.1043867123011847,0,0,37.71833648393195,134.2996324147713,ALDOC
DNA packaging (GO:0006323),GO_Biological_Process_2021,1/24,0.0284219748654964,0.1043867123011847,0,0,37.71833648393195,134.2996324147713,BANF1
negative regulation of protein tyrosine kinase activity (GO:0061099),GO_Biological_Process_2021,1/24,0.0284219748654964,0.1043867123011847,0,0,37.71833648393195,134.2996324147713,CHMP6
glycolytic process through glucose-6-phosphate (GO:0061620),GO_Biological_Process_2021,1/25,0.0295892653137072,0.1043867123011847,0,0,36.14492753623188,127.2425658336615,ALDOC
endosome transport via multivesicular body sorting pathway (GO:0032509),GO_Biological_Process_2021,1/25,0.0295892653137072,0.1043867123011847,0,0,36.14492753623188,127.2425658336615,CHMP6
negative regulation of signaling receptor activity (GO:2000272),GO_Biological_Process_2021,1/26,0.0307552117947077,0.1043867123011847,0,0,34.697391304347825,120.8057619164666,CHMP6
maturation of LSU-rRNA (GO:0000470),GO_Biological_Process_2021,1/26,0.0307552117947077,0.1043867123011847,0,0,34.697391304347825,120.8057619164666,NHP2
protein peptidyl-prolyl isomerization (GO:0000413),GO_Biological_Process_2021,1/27,0.0319198157870248,0.1043867123011847,0,0,33.36120401337793,114.91361059553886,FKBP4
regulation of vascular endothelial growth factor production (GO:0010574),GO_Biological_Process_2021,1/27,0.0319198157870248,0.1043867123011847,0,0,33.36120401337793,114.91361059553886,SARS1
regulation of epidermal growth factor-activated receptor activity (GO:0007176),GO_Biological_Process_2021,1/27,0.0319198157870248,0.1043867123011847,0,0,33.36120401337793,114.91361059553886,CHMP6
entrainment of circadian clock by photoperiod (GO:0043153),GO_Biological_Process_2021,1/27,0.0319198157870248,0.1043867123011847,0,0,33.36120401337793,114.91361059553886,PPP1CA
glycogen metabolic process (GO:0005977),GO_Biological_Process_2021,1/28,0.0330830787572745,0.1043867123011847,0,0,32.12399355877617,109.5021279575476,PYGB
regulation of microtubule polymerization or depolymerization (GO:0031110),GO_Biological_Process_2021,1/28,0.0330830787572745,0.1043867123011847,0,0,32.12399355877617,109.5021279575476,FKBP4
RNA phosphodiester bond hydrolysis (GO:0090501),GO_Biological_Process_2021,1/28,0.0330830787572745,0.1043867123011847,0,0,32.12399355877617,109.5021279575476,NHP2
photoperiodism (GO:0009648),GO_Biological_Process_2021,1/28,0.0330830787572745,0.1043867123011847,0,0,32.12399355877617,109.5021279575476,PPP1CA
telomere maintenance via telomerase (GO:0007004),GO_Biological_Process_2021,1/29,0.0342450021823671,0.1043867123011847,0,0,30.975155279503102,104.51682262493934,NHP2
glycolytic process (GO:0006096),GO_Biological_Process_2021,1/29,0.0342450021823671,0.1043867123011847,0,0,30.975155279503102,104.51682262493934,ALDOC
fatty-acyl-CoA biosynthetic process (GO:0046949),GO_Biological_Process_2021,1/30,0.035405587532064,0.1043867123011847,0,0,29.90554722638681,99.91101302805887,TECR
negative regulation of cytoskeleton organization (GO:0051494),GO_Biological_Process_2021,1/30,0.035405587532064,0.1043867123011847,0,0,29.90554722638681,99.91101302805887,FKBP4
multivesicular body assembly (GO:0036258),GO_Biological_Process_2021,1/30,0.035405587532064,0.1043867123011847,0,0,29.90554722638681,99.91101302805887,CHMP6
RNA-dependent DNA biosynthetic process (GO:0006278),GO_Biological_Process_2021,1/30,0.035405587532064,0.1043867123011847,0,0,29.90554722638681,99.91101302805887,NHP2
regulation of cellular component size (GO:0032535),GO_Biological_Process_2021,1/31,0.036564836271725,0.1043867123011847,0,0,28.9072463768116,95.64448851318151,PPP1CA
multivesicular body organization (GO:0036257),GO_Biological_Process_2021,1/31,0.036564836271725,0.1043867123011847,0,0,28.9072463768116,95.64448851318151,CHMP6
regulation of canonical Wnt signaling pathway (GO:0060828),GO_Biological_Process_2021,2/253,0.0366418663587832,0.1043867123011847,0,0,7.144150670047084,23.622590006853923,PSMD13;PPP1CA
negative regulation of microtubule polymerization or depolymerization (GO:0031111),GO_Biological_Process_2021,1/32,0.0377227498799882,0.1050235650067853,0,0,27.97335203366059,91.6824353057917,FKBP4
peptidyl-proline modification (GO:0018208),GO_Biological_Process_2021,1/32,0.0377227498799882,0.1050235650067853,0,0,27.97335203366059,91.6824353057917,FKBP4
regulation of sprouting angiogenesis (GO:1903670),GO_Biological_Process_2021,1/33,0.0388793298193351,0.1058381756193011,0,0,27.097826086956523,87.994568412846,JMJD8
very long-chain fatty acid metabolic process (GO:0000038),GO_Biological_Process_2021,1/33,0.0388793298193351,0.1058381756193011,0,0,27.097826086956523,87.994568412846,TECR
positive regulation of DNA binding (GO:0043388),GO_Biological_Process_2021,1/34,0.0400345775570758,0.1077854011152041,0,0,26.27536231884058,84.55442492330164,EDF1
telomere maintenance via telomere lengthening (GO:0010833),GO_Biological_Process_2021,1/36,0.0423410822826446,0.1127561430353036,0,0,24.77142857142857,78.32719402267635,NHP2
gluconeogenesis (GO:0006094),GO_Biological_Process_2021,1/41,0.0480841329275167,0.1240064480762273,0,0,21.669565217391305,65.76286224679887,ALDOC
carbohydrate catabolic process (GO:0016052),GO_Biological_Process_2021,1/41,0.0480841329275167,0.1240064480762273,0,0,21.669565217391305,65.76286224679887,ALDOC
hexose metabolic process (GO:0019318),GO_Biological_Process_2021,1/41,0.0480841329275167,0.1240064480762273,0,0,21.669565217391305,65.76286224679887,ALDOC
regulation of purine nucleotide metabolic process (GO:1900542),GO_Biological_Process_2021,1/43,0.0503720993417929,0.1272284983375182,0,0,20.63561076604555,61.66576382608654,JMJD8
regulation of carbohydrate catabolic process (GO:0043470),GO_Biological_Process_2021,1/43,0.0503720993417929,0.1272284983375182,0,0,20.63561076604555,61.66576382608654,JMJD8
negative regulation of epidermal growth factor receptor signaling pathway (GO:0042059),GO_Biological_Process_2021,1/44,0.0515141054042076,0.127484402262938,0,0,20.154701718907987,59.77682211833107,CHMP6
hexose biosynthetic process (GO:0019319),GO_Biological_Process_2021,1/44,0.0515141054042076,0.127484402262938,0,0,20.154701718907987,59.77682211833107,ALDOC
chromosome condensation (GO:0030261),GO_Biological_Process_2021,1/45,0.0526547952997809,0.1290042484844633,0,0,19.695652173913043,57.98395993375175,BANF1
regulation of DNA binding (GO:0051101),GO_Biological_Process_2021,1/47,0.0549322324024034,0.1332514548375133,0,0,18.83742911153119,54.65972021027424,EDF1
nucleus organization (GO:0006997),GO_Biological_Process_2021,1/48,0.0560689824984696,0.1333679680788841,0,0,18.43570767807585,53.1164542750393,CHMP6
regulation of protein metabolic process (GO:0051246),GO_Biological_Process_2021,1/48,0.0560689824984696,0.1333679680788841,0,0,18.43570767807585,53.1164542750393,CHMP6
negative regulation of cell projection organization (GO:0031345),GO_Biological_Process_2021,1/49,0.0572044222192574,0.1347604177280583,0,0,18.05072463768116,51.645362778983234,FKBP4
regulation of generation of precursor metabolites and energy (GO:0043467),GO_Biological_Process_2021,1/50,0.0583385530130099,0.1361232903636899,0,0,17.68145519077196,50.24171555062859,JMJD8
regulation of cellular amine metabolic process (GO:0033238),GO_Biological_Process_2021,1/51,0.0594713763211451,0.1361727775577623,0,0,17.32695652173913,48.901178953928365,PSMD13
mitotic metaphase plate congression (GO:0007080),GO_Biological_Process_2021,1/51,0.0594713763211451,0.1361727775577623,0,0,17.32695652173913,48.901178953928365,CHMP6
regulation of exocytosis (GO:0017157),GO_Biological_Process_2021,1/52,0.0606028935764472,0.1374787863539774,0,0,16.986359761295823,47.619775632857134,CHMP6
negative regulation of viral genome replication (GO:0045071),GO_Biological_Process_2021,1/54,0.0628620157036355,0.1400108531580973,0,0,16.343724364232976,45.22003200693963,BANF1
regulation of cellular amino acid metabolic process (GO:0006521),GO_Biological_Process_2021,1/54,0.0628620157036355,0.1400108531580973,0,0,16.343724364232976,45.22003200693963,PSMD13
pyruvate metabolic process (GO:0006090),GO_Biological_Process_2021,1/55,0.0639896234601604,0.1410627299755444,0,0,16.0402576489533,44.09521913474902,ALDOC
protein-containing complex disassembly (GO:0032984),GO_Biological_Process_2021,1/56,0.0651159309062086,0.1410627299755444,0,0,15.747826086956522,43.01654198332297,PPP1CA
regulation of ATP metabolic process (GO:1903578),GO_Biological_Process_2021,1/56,0.0651159309062086,0.1410627299755444,0,0,15.747826086956522,43.01654198332297,JMJD8
negative regulation of cell cycle G2/M phase transition (GO:1902750),GO_Biological_Process_2021,1/57,0.0662409394878685,0.1410627299755444,0,0,15.46583850931677,41.9813471983268,PSMD13
ribosomal large subunit biogenesis (GO:0042273),GO_Biological_Process_2021,1/57,0.0662409394878685,0.1410627299755444,0,0,15.46583850931677,41.9813471983268,NHP2
negative regulation of neuron projection development (GO:0010977),GO_Biological_Process_2021,1/58,0.0673646506413824,0.1410627299755444,0,0,15.193745232646837,40.98717694310057,FKBP4
cellular iron ion homeostasis (GO:0006879),GO_Biological_Process_2021,1/58,0.0673646506413824,0.1410627299755444,0,0,15.193745232646837,40.98717694310057,NUBP1
iron ion homeostasis (GO:0055072),GO_Biological_Process_2021,1/61,0.0707280137906396,0.1468505371076841,0,0,14.431884057971017,38.22881323170655,NUBP1
glucose metabolic process (GO:0006006),GO_Biological_Process_2021,1/62,0.0718465495096426,0.1475572285323567,0,0,14.194583036350677,37.3774981425394,ALDOC
organonitrogen compound catabolic process (GO:1901565),GO_Biological_Process_2021,1/63,0.07296379491735,0.1475572285323567,0,0,13.964936886395511,36.55729895706928,AMDHD2
tRNA processing (GO:0008033),GO_Biological_Process_2021,1/64,0.0740797514672648,0.1475572285323567,0,0,13.742581090407178,35.766620798258494,SARS1
regulation of cellular ketone metabolic process (GO:0010565),GO_Biological_Process_2021,1/64,0.0740797514672648,0.1475572285323567,0,0,13.742581090407178,35.766620798258494,PSMD13
pre-replicative complex assembly (GO:0036388),GO_Biological_Process_2021,1/64,0.0740797514672648,0.1475572285323567,0,0,13.742581090407178,35.766620798258494,PSMD13
negative regulation of G2/M transition of mitotic cell cycle (GO:0010972),GO_Biological_Process_2021,1/66,0.0763078036201209,0.1507694507010454,0,0,13.31839464882943,34.26796400153892,PSMD13
regulation of viral genome replication (GO:0045069),GO_Biological_Process_2021,1/67,0.0774199020723618,0.1517430080618293,0,0,13.115942028985508,33.55728718613052,BANF1
canonical Wnt signaling pathway (GO:0060070),GO_Biological_Process_2021,1/68,0.0785307173419281,0.1519287283105441,0,0,12.919532770927969,32.870720562250014,PPP1CA
negative regulation of viral process (GO:0048525),GO_Biological_Process_2021,1/70,0.0807485039378433,0.1519287283105441,0,0,12.54379332073094,31.56540025786133,BANF1
protein tetramerization (GO:0051262),GO_Biological_Process_2021,1/71,0.0818554781101707,0.1519287283105441,0,0,12.363975155279505,30.944557621408983,FARSA
regulation of glycolytic process (GO:0006110),GO_Biological_Process_2021,1/71,0.0818554781101707,0.1519287283105441,0,0,12.363975155279505,30.944557621408983,JMJD8
regulation of hematopoietic stem cell differentiation (GO:1902036),GO_Biological_Process_2021,1/71,0.0818554781101707,0.1519287283105441,0,0,12.363975155279505,30.944557621408983,PSMD13
fatty acid biosynthetic process (GO:0006633),GO_Biological_Process_2021,1/71,0.0818554781101707,0.1519287283105441,0,0,12.363975155279505,30.944557621408983,TECR
response to metal ion (GO:0010038),GO_Biological_Process_2021,1/71,0.0818554781101707,0.1519287283105441,0,0,12.363975155279505,30.944557621408983,PPP1CA
"antigen processing and presentation of exogenous peptide antigen via MHC class I, TAP-dependent (GO:0002479)",GO_Biological_Process_2021,1/73,0.0840655952372061,0.1542795642330999,0,0,12.019323671497585,29.76174313200534,PSMD13
NIK/NF-kappaB signaling (GO:0038061),GO_Biological_Process_2021,1/74,0.0851687410035164,0.1542795642330999,0,0,11.854079809410363,29.198030568281716,PSMD13
negative regulation of protein binding (GO:0032091),GO_Biological_Process_2021,1/74,0.0851687410035164,0.1542795642330999,0,0,11.854079809410363,29.198030568281716,PPP1CA
regulation of hematopoietic progenitor cell differentiation (GO:1901532),GO_Biological_Process_2021,1/75,0.0862706134691211,0.1542795642330999,0,0,11.693301997649824,28.65170329299039,PSMD13
regulation of transcription from RNA polymerase II promoter in response to hypoxia (GO:0061418),GO_Biological_Process_2021,1/75,0.0862706134691211,0.1542795642330999,0,0,11.693301997649824,28.65170329299039,PSMD13
positive regulation of phosphatidylinositol 3-kinase signaling (GO:0014068),GO_Biological_Process_2021,1/77,0.08847054408079,0.1558486317229406,0,0,11.384439359267734,27.608240154776084,HCST
negative regulation of blood vessel morphogenesis (GO:2000181),GO_Biological_Process_2021,1/78,0.0895686050392431,0.1558486317229406,0,0,11.236024844720497,27.109723557490454,SARS1
antigen processing and presentation of exogenous peptide antigen via MHC class I (GO:0042590),GO_Biological_Process_2021,1/78,0.0895686050392431,0.1558486317229406,0,0,11.236024844720497,27.109723557490454,PSMD13
organelle organization (GO:0006996),GO_Biological_Process_2021,2/420,0.0896924778487128,0.1558486317229406,0,0,4.253588516746412,10.25696881858165,CFAP410;CHMP6
regulation of cellular response to heat (GO:1900034),GO_Biological_Process_2021,1/79,0.0906653982949543,0.1564297364948156,0,0,11.091415830546266,26.62582536725388,FKBP4
organelle assembly (GO:0070925),GO_Biological_Process_2021,2/425,0.0915154635897318,0.1567922278285615,0,0,4.202235117128734,10.048583461839948,CFAP410;CHMP6
anaphase-promoting complex-dependent catabolic process (GO:0031145),GO_Biological_Process_2021,1/84,0.0961303979665749,0.1635551909847975,0,0,10.420639078051336,24.40565459564988,PSMD13
"Wnt signaling pathway, planar cell polarity pathway (GO:0060071)",GO_Biological_Process_2021,1/85,0.0972196143523994,0.164267624250606,0,0,10.296066252587991,23.99789406869696,PSMD13
negative regulation of angiogenesis (GO:0016525),GO_Biological_Process_2021,1/87,0.0993942747281716,0.1652183339874031,0,0,10.055611729019212,23.21499626974228,SARS1
regulation of transcription from RNA polymerase II promoter in response to stress (GO:0043618),GO_Biological_Process_2021,1/87,0.0993942747281716,0.1652183339874031,0,0,10.055611729019212,23.21499626974228,PSMD13
negative regulation of binding (GO:0051100),GO_Biological_Process_2021,1/88,0.1004797214862166,0.1652183339874031,0,0,9.93953023488256,22.83904609412469,PPP1CA
regulation of establishment of planar polarity (GO:0090175),GO_Biological_Process_2021,1/88,0.1004797214862166,0.1652183339874031,0,0,9.93953023488256,22.83904609412469,PSMD13
SCF-dependent proteasomal ubiquitin-dependent protein catabolic process (GO:0031146),GO_Biological_Process_2021,1/89,0.1015639144603895,0.1658877269519696,0,0,9.826086956521738,22.47291901655056,PSMD13
positive regulation of binding (GO:0051099),GO_Biological_Process_2021,1/90,0.1026468550534564,0.1665462217754756,0,0,9.715192965315095,22.1162556930706,EDF1
regulation of stem cell differentiation (GO:2000736),GO_Biological_Process_2021,1/91,0.1037285446608088,0.1667415664845474,0,0,9.606763285024154,21.76871367585296,PSMD13
regulation of lipid metabolic process (GO:0019216),GO_Biological_Process_2021,1/92,0.1048089846474298,0.1667415664845474,0,0,9.500716674629718,21.42996644691597,EDF1
negative regulation of mitotic cell cycle phase transition (GO:1901991),GO_Biological_Process_2021,1/92,0.1048089846474298,0.1667415664845474,0,0,9.500716674629718,21.42996644691597,PSMD13
interleukin-1-mediated signaling pathway (GO:0070498),GO_Biological_Process_2021,1/94,0.1069661212646203,0.169075481998916,0,0,9.295465170640488,20.77762455454772,PSMD13
regulation of cell cycle phase transition (GO:1901987),GO_Biological_Process_2021,1/95,0.1080428206619952,0.169682635014031,0,0,9.196114708603146,20.463448656194377,PSMD13
cellular transition metal ion homeostasis (GO:0046916),GO_Biological_Process_2021,1/96,0.1091182759636125,0.1702801121725163,0,0,9.098855835240274,20.15690355426019,NUBP1
mitotic sister chromatid segregation (GO:0000070),GO_Biological_Process_2021,1/102,0.1155449584465577,0.1780409737069601,0,0,8.55574687903573,18.464119473101512,CHMP6
regulation of protein catabolic process (GO:0042176),GO_Biological_Process_2021,1/102,0.1155449584465577,0.1780409737069601,0,0,8.55574687903573,18.464119473101512,CHMP6
regulation of phosphatidylinositol 3-kinase signaling (GO:0014066),GO_Biological_Process_2021,1/106,0.1198047049497415,0.1834509544542917,0,0,8.228157349896481,17.45926389427172,HCST
cellular protein modification process (GO:0006464),GO_Biological_Process_2021,3/1025,0.122369062662698,0.1862137910084535,0,0,2.6494268940452894,5.565687365192068,PSMD13;HCST;PPP1CA
Fc-epsilon receptor signaling pathway (GO:0038095),GO_Biological_Process_2021,1/111,0.1251017443604182,0.1880363642227145,0,0,7.852173913043479,16.32174791168647,PSMD13
regulation of Wnt signaling pathway (GO:0030111),GO_Biological_Process_2021,1/111,0.1251017443604182,0.1880363642227145,0,0,7.852173913043479,16.32174791168647,PPP1CA
Fc receptor signaling pathway (GO:0038093),GO_Biological_Process_2021,1/112,0.1261574800052537,0.1884669670810192,0,0,7.781041911476694,16.108502130987272,PSMD13
cellular response to lectin (GO:1990858),GO_Biological_Process_2021,1/115,0.1293173667465542,0.1889953583274783,0,0,7.575133485888634,15.494827134911327,PSMD13
stimulatory C-type lectin receptor signaling pathway (GO:0002223),GO_Biological_Process_2021,1/115,0.1293173667465542,0.1889953583274783,0,0,7.575133485888634,15.494827134911327,PSMD13
positive regulation of angiogenesis (GO:0045766),GO_Biological_Process_2021,1/116,0.1303682267646687,0.1889953583274783,0,0,7.508884688090737,15.298543987469415,JMJD8
sphingolipid metabolic process (GO:0006665),GO_Biological_Process_2021,1/116,0.1303682267646687,0.1889953583274783,0,0,7.508884688090737,15.298543987469415,TECR
tumor necrosis factor-mediated signaling pathway (GO:0033209),GO_Biological_Process_2021,1/116,0.1303682267646687,0.1889953583274783,0,0,7.508884688090737,15.298543987469415,PSMD13
regulation of cellular response to stress (GO:0080135),GO_Biological_Process_2021,1/118,0.1324663015463994,0.1894659977817442,0,0,7.379784466740989,14.917695529897635,FKBP4
regulation of protein binding (GO:0043393),GO_Biological_Process_2021,1/118,0.1324663015463994,0.1894659977817442,0,0,7.379784466740989,14.917695529897635,PPP1CA
innate immune response activating cell surface receptor signaling pathway (GO:0002220),GO_Biological_Process_2021,1/119,0.133513518994454,0.1894659977817442,0,0,7.316875460574797,14.732913171378236,PSMD13
macroautophagy (GO:0016236),GO_Biological_Process_2021,1/120,0.1345595249551979,0.1894659977817442,0,0,7.2550237486298865,14.551753821970427,CHMP6
cytoskeleton organization (GO:0007010),GO_Biological_Process_2021,1/120,0.1345595249551979,0.1894659977817442,0,0,7.2550237486298865,14.551753821970427,CFAP410
epithelium development (GO:0060429),GO_Biological_Process_2021,1/122,0.1366479077050243,0.1902200987939259,0,0,7.134387351778656,14.199911300049983,ALDOC
regulation of mRNA catabolic process (GO:0061013),GO_Biological_Process_2021,1/122,0.1366479077050243,0.1902200987939259,0,0,7.134387351778656,14.199911300049983,PSMD13
positive regulation of intracellular signal transduction (GO:1902533),GO_Biological_Process_2021,2/546,0.138646269650004,0.190244445069042,0,0,3.2473262032085564,6.416162622912705,JMJD8;HCST
non-canonical Wnt signaling pathway (GO:0035567),GO_Biological_Process_2021,1/124,0.1387314605097311,0.190244445069042,0,0,7.017674089784376,13.86141620257972,PSMD13
regulation of phosphorylation (GO:0042325),GO_Biological_Process_2021,1/125,0.1397714290303165,0.190244445069042,0,0,6.9607293127629735,13.696953111939228,JMJD8
platelet degranulation (GO:0002576),GO_Biological_Process_2021,1/125,0.1397714290303165,0.190244445069042,0,0,6.9607293127629735,13.696953111939228,MAGED2
DNA-dependent DNA replication (GO:0006261),GO_Biological_Process_2021,1/129,0.1439192816023307,0.1948078673622708,0,0,6.741847826086956,13.069090085751164,PSMD13
positive regulation of canonical Wnt signaling pathway (GO:0090263),GO_Biological_Process_2021,1/130,0.1449532460203582,0.1951293696427899,0,0,6.689248399056286,12.919239959338638,PSMD13
cellular response to hypoxia (GO:0071456),GO_Biological_Process_2021,1/131,0.1459860136050108,0.1954457559192767,0,0,6.637458193979933,12.77209215219812,PSMD13
regulation of cellular component organization (GO:0051128),GO_Biological_Process_2021,1/139,0.1542052269965518,0.2042177330494875,0,0,6.250157529930687,11.684487753337775,NUBP1
protein dephosphorylation (GO:0006470),GO_Biological_Process_2021,1/139,0.1542052269965518,0.2042177330494875,0,0,6.250157529930687,11.684487753337775,PPP1CA
protein-DNA complex assembly (GO:0065004),GO_Biological_Process_2021,1/143,0.1582863525332583,0.2084954643583241,0,0,6.072872014696877,11.19442576486264,PSMD13
regulation of mRNA stability (GO:0043488),GO_Biological_Process_2021,1/146,0.1613348050704303,0.2113744772313124,0,0,5.946326836581709,10.847726700068096,PSMD13
regulation of G2/M transition of mitotic cell cycle (GO:0010389),GO_Biological_Process_2021,1/149,0.1643726754156526,0.214209071685292,0,0,5.824911868390129,10.51757164836888,PSMD13
dephosphorylation (GO:0016311),GO_Biological_Process_2021,1/153,0.1684067687021209,0.2171560964843139,0,0,5.670480549199085,10.101240855441755,PPP1CA
positive regulation of Wnt signaling pathway (GO:0030177),GO_Biological_Process_2021,1/153,0.1684067687021209,0.2171560964843139,0,0,5.670480549199085,10.101240855441755,PSMD13
cellular response to interleukin-1 (GO:0071347),GO_Biological_Process_2021,1/155,0.1704168099322024,0.218597478708846,0,0,5.596273291925466,9.902650470022865,PSMD13
T cell receptor signaling pathway (GO:0050852),GO_Biological_Process_2021,1/158,0.1734231440596118,0.2212951577844004,0,0,5.488507338687344,9.615978751903612,PSMD13
peptide biosynthetic process (GO:0043043),GO_Biological_Process_2021,1/162,0.1774153519780358,0.2252163794539833,0,0,5.351066702673508,9.253394564376691,SARS1
negative regulation of canonical Wnt signaling pathway (GO:0090090),GO_Biological_Process_2021,1/165,0.1803973746800748,0.2266531117775299,0,0,5.252386002120891,8.995200678276463,PSMD13
regulation of neuron projection development (GO:0010975),GO_Biological_Process_2021,1/165,0.1803973746800748,0.2266531117775299,0,0,5.252386002120891,8.995200678276463,FKBP4
cellular protein-containing complex assembly (GO:0034622),GO_Biological_Process_2021,1/168,0.1833690358937122,0.2292112948671403,0,0,5.1572507159593854,8.748010080857481,PSMD13
positive regulation of I-kappaB kinase/NF-kappaB signaling (GO:0043123),GO_Biological_Process_2021,1/171,0.186330370023192,0.2317306632268124,0,0,5.065473145780051,8.511180194969183,JMJD8
rRNA processing (GO:0006364),GO_Biological_Process_2021,1/173,0.1882988724525596,0.2329960795498844,0,0,5.006066734074823,8.358753933401816,NHP2
regulation of mitotic cell cycle (GO:0007346),GO_Biological_Process_2021,1/178,0.1932001814397508,0.2378595198630097,0,0,4.863424220093343,7.995607626987774,PSMD13
regulation of immune response (GO:0050776),GO_Biological_Process_2021,1/179,0.1941770338525692,0.2378668664693973,0,0,4.835857352222765,7.925897616026212,HCST
regulated exocytosis (GO:0045055),GO_Biological_Process_2021,1/180,0.1951527527278988,0.2378727583001752,0,0,4.808598494049065,7.857118567173795,MAGED2
negative regulation of cytokine production (GO:0001818),GO_Biological_Process_2021,1/182,0.1971007949269227,0.2390578948371093,0,0,4.754984386259909,7.7222849934745135,SARS1
antigen receptor-mediated signaling pathway (GO:0050851),GO_Biological_Process_2021,1/185,0.2000143882381582,0.2413966754598461,0,0,4.676748582230624,7.526600036404114,PSMD13
regulation of mitotic cell cycle phase transition (GO:1901990),GO_Biological_Process_2021,1/188,0.2029178475987033,0.2437003561847172,0,0,4.601023017902813,7.338420404589049,PSMD13
negative regulation of Wnt signaling pathway (GO:0030178),GO_Biological_Process_2021,1/191,0.2058112067011053,0.2459694909354673,0,0,4.527688787185355,7.157352336409843,PSMD13
cellular response to tumor necrosis factor (GO:0071356),GO_Biological_Process_2021,1/194,0.2086944992118575,0.2482046228490538,0,0,4.456634377111962,6.983028308919875,PSMD13
modification-dependent protein catabolic process (GO:0019941),GO_Biological_Process_2021,1/201,0.2153832216795367,0.2536965832283004,0,0,4.299130434782609,6.6006114924819785,PSMD13
ncRNA processing (GO:0034470),GO_Biological_Process_2021,1/201,0.2153832216795367,0.2536965832283004,0,0,4.299130434782609,6.6006114924819785,SARS1
regulation of angiogenesis (GO:0045765),GO_Biological_Process_2021,1/203,0.2172843114526798,0.2547112741909405,0,0,4.256134309083082,6.497195836752411,SARS1
proteasomal protein catabolic process (GO:0010498),GO_Biological_Process_2021,1/205,0.2191809863943818,0.2557111507934455,0,0,4.213981244671782,6.396222904647518,PSMD13
regulation of cell growth (GO:0001558),GO_Biological_Process_2021,1/217,0.2304688737440914,0.2676060382336607,0,0,3.9774557165861513,5.837470974584002,NUBP1
regulation of I-kappaB kinase/NF-kappaB signaling (GO:0043122),GO_Biological_Process_2021,1/224,0.2369810784414967,0.2738696425385222,0,0,3.851238058100994,5.5449161935863005,JMJD8
cilium organization (GO:0044782),GO_Biological_Process_2021,1/228,0.2406785912268323,0.2768368772327413,0,0,3.782608695652174,5.387542640423176,CFAP410
membrane organization (GO:0061024),GO_Biological_Process_2021,1/242,0.253485135459449,0.2902049448017056,0,0,3.560346382825185,4.886397731024324,CHMP6
"RNA splicing, via transesterification reactions with bulged adenosine as nucleophile (GO:0000377)",GO_Biological_Process_2021,1/251,0.2616083294283968,0.298111817255615,0,0,3.430608695652174,4.600126595322002,CTNNBL1
protein deubiquitination (GO:0016579),GO_Biological_Process_2021,1/267,0.2758408507989458,0.3128750391006561,0,0,3.221641059169664,4.149252058239344,PSMD13
"mRNA splicing, via spliceosome (GO:0000398)",GO_Biological_Process_2021,1/274,0.2819845655928912,0.3183696708306836,0,0,3.137920050963529,3.972302222649994,CTNNBL1
protein modification by small protein removal (GO:0070646),GO_Biological_Process_2021,1/276,0.2837307176627227,0.3188716781071883,0,0,3.114782608695652,3.9237840611371215,PSMD13
plasma membrane bounded cell projection assembly (GO:0120031),GO_Biological_Process_2021,1/278,0.285472799808412,0.319364547730872,0,0,3.091979281117564,3.876131590723064,CFAP410
positive regulation of programmed cell death (GO:0043068),GO_Biological_Process_2021,1/286,0.2924006097171435,0.3256279517304552,0,0,3.0039664378337148,3.693768650479621,CTNNBL1
mRNA processing (GO:0006397),GO_Biological_Process_2021,1/300,0.3043696664494129,0.3374233858828333,0,0,2.8612767194997817,3.403523875175974,CTNNBL1
MAPK cascade (GO:0000165),GO_Biological_Process_2021,1/303,0.3069091004554833,0.3387059892414117,0,0,2.8324215375755832,3.3456667008950927,PSMD13
positive regulation of apoptotic process (GO:0043065),GO_Biological_Process_2021,1/310,0.3127999435192308,0.3427230900832665,0,0,2.767271703953848,3.216099516586545,CTNNBL1
protein polyubiquitination (GO:0000209),GO_Biological_Process_2021,1/314,0.3161445647298703,0.3427230900832665,0,0,2.731351576607862,3.145303440382759,PSMD13
cilium assembly (GO:0060271),GO_Biological_Process_2021,1/314,0.3161445647298703,0.3427230900832665,0,0,2.731351576607862,3.145303440382759,CFAP410
cellular macromolecule biosynthetic process (GO:0034645),GO_Biological_Process_2021,1/314,0.3161445647298703,0.3427230900832665,0,0,2.731351576607862,3.145303440382759,SARS1
proteasome-mediated ubiquitin-dependent protein catabolic process (GO:0043161),GO_Biological_Process_2021,1/321,0.3219601482840192,0.3474900278836331,0,0,2.6706521739130435,3.0267235628207887,PSMD13
post-translational protein modification (GO:0043687),GO_Biological_Process_2021,1/345,0.3415416105082819,0.3670074323444258,0,0,2.4812942366026287,2.665619067489702,PSMD13
ubiquitin-dependent protein catabolic process (GO:0006511),GO_Biological_Process_2021,1/354,0.3487439893496619,0.3731103816186339,0,0,2.41692326641212,2.5460284935978,PSMD13
gene expression (GO:0010467),GO_Biological_Process_2021,1/356,0.350334233604918,0.3731821184052387,0,0,2.4030618493570115,2.520493779516078,SARS1
phosphorylation (GO:0016310),GO_Biological_Process_2021,1/400,0.3843926240101845,0.4076891466774684,0,0,2.1332679524899203,2.0395978428077752,HCST
cellular protein metabolic process (GO:0044267),GO_Biological_Process_2021,1/417,0.3970876513344265,0.4193382524867867,0,0,2.044314381270903,1.8881251613726444,SARS1
regulation of nucleic acid-templated transcription (GO:1903506),GO_Biological_Process_2021,1/430,0.4066259298447031,0.4275680378195376,0,0,1.9810479375696768,1.7826689815440304,EDF1
regulation of cellular macromolecule biosynthetic process (GO:2000112),GO_Biological_Process_2021,1/468,0.4336850384837421,0.4540719420022087,0,0,1.8163113304161624,1.5174131915007172,EDF1
protein phosphorylation (GO:0006468),GO_Biological_Process_2021,1/496,0.4528623613232532,0.4721331001029661,0,0,1.711111111111111,1.3554858202454392,HCST
positive regulation of nucleic acid-templated transcription (GO:1903508),GO_Biological_Process_2021,1/511,0.4628783101365391,0.480530449082424,0,0,1.6595055413469737,1.2783023298495766,EDF1
protein ubiquitination (GO:0016567),GO_Biological_Process_2021,1/525,0.4720678155809356,0.4880025941659461,0,0,1.6140059741121806,1.2115255437586885,PSMD13
cytokine-mediated signaling pathway (GO:0019221),GO_Biological_Process_2021,1/621,0.5311420815762189,0.5467639075049312,0,0,1.3573632538569425,0.8588386420191249,PSMD13
negative regulation of transcription by RNA polymerase II (GO:0000122),GO_Biological_Process_2021,1/684,0.5664080911213254,0.5806275411076348,0,0,1.228149468457572,0.6981298383998245,SARS1
regulation of apoptotic process (GO:0042981),GO_Biological_Process_2021,1/742,0.5966164254287997,0.6090459342918996,0,0,1.1286158540163116,0.5829085044449913,CTNNBL1
"negative regulation of transcription, DNA-templated (GO:0045892)",GO_Biological_Process_2021,1/948,0.6884292872095009,0.6998554994453432,0,0,0.873651347504706,0.3261713281820721,SARS1
regulation of gene expression (GO:0010468),GO_Biological_Process_2021,1/1079,0.7360037974567523,0.7451278114748112,0,0,0.7622005323868678,0.2336297077044465,EDF1
"positive regulation of transcription, DNA-templated (GO:0045893)",GO_Biological_Process_2021,1/1183,0.7687327451273118,0.7750597636057259,0,0,0.6913117045538144,0.1818232086926686,EDF1
regulation of transcription by RNA polymerase II (GO:0006357),GO_Biological_Process_2021,1/2206,0.9395893289620756,0.9426125193319712,0,0,0.3504091491669131,0.0218348292016248,SARS1
"regulation of transcription, DNA-templated (GO:0006355)",GO_Biological_Process_2021,1/2244,0.9426125193319712,0.9426125193319712,0,0,0.3437360677663843,0.0203147957199093,EDF1
secretory granule lumen (GO:0034774),GO_Cellular_Component_2021,4/316,0.0005061166189771291,0.0187263149021537,0,0,12.605128205128205,95.65708401414332,PYGB;PSMD13;MAGED2;ALDOC
ficolin-1-rich granule (GO:0101002),GO_Cellular_Component_2021,3/184,0.0013447911871463,0.0248786369622067,0,0,15.623520126282555,103.29516155879016,PSMD13;TMEM179B;ALDOC
cytoplasmic vesicle lumen (GO:0060205),GO_Cellular_Component_2021,2/115,0.0083286460240279,0.0589616134266008,0,0,15.9798873692679,76.51256968073963,PSMD13;ALDOC
PTW/PP1 phosphatase complex (GO:0072357),GO_Cellular_Component_2021,1/7,0.0083709789916443,0.0589616134266008,0,0,144.71014492753622,692.1463710595567,PPP1CA
ficolin-1-rich granule lumen (GO:1904813),GO_Cellular_Component_2021,2/123,0.0094777320271018,0.0589616134266008,0,0,14.917355371900827,69.49712779600968,PSMD13;ALDOC
protein serine/threonine phosphatase complex (GO:0008287),GO_Cellular_Component_2021,1/8,0.0095613427178271,0.0589616134266008,0,0,124.03105590062113,576.7477724354015,PPP1CA
azurophil granule (GO:0042582),GO_Cellular_Component_2021,2/155,0.0147290441792645,0.0685520672872565,0,0,11.778371954842545,49.6803948263265,PYGB;TMEM179B
tertiary granule (GO:0070820),GO_Cellular_Component_2021,2/164,0.0163874536188361,0.0685520672872565,0,0,11.118967452300785,45.712735522488046,TMEM179B;ALDOC
axonal growth cone (GO:0044295),GO_Cellular_Component_2021,1/14,0.0166748271779813,0.0685520672872565,0,0,66.76588628762542,273.3298608380045,FKBP4
intracellular non-membrane-bounded organelle (GO:0043232),GO_Cellular_Component_2021,4/1158,0.0470743784622743,0.1546167567951095,0,0,3.2620450606585787,9.968895848363104,TMEM179B;MAGED2;EDF1;ALDOC
multivesicular body (GO:0005771),GO_Cellular_Component_2021,1/47,0.0549322324024034,0.1546167567951095,0,0,18.83742911153119,54.65972021027424,CHMP6
nucleolus (GO:0005730),GO_Cellular_Component_2021,3/733,0.0560323971878025,0.1546167567951095,0,0,3.766340508806262,10.853935119301095,TMEM179B;MAGED2;EDF1
nuclear lumen (GO:0031981),GO_Cellular_Component_2021,3/745,0.0582875646600224,0.1546167567951095,0,0,3.7031189834424336,10.525621371895207,TMEM179B;MAGED2;EDF1
tertiary granule lumen (GO:1904724),GO_Cellular_Component_2021,1/55,0.0639896234601604,0.1546167567951095,0,0,16.0402576489533,44.09521913474902,ALDOC
azurophil granule membrane (GO:0035577),GO_Cellular_Component_2021,1/58,0.0673646506413824,0.1546167567951095,0,0,15.193745232646837,40.98717694310057,TMEM179B
ficolin-1-rich granule membrane (GO:0101003),GO_Cellular_Component_2021,1/61,0.0707280137906396,0.1546167567951095,0,0,14.431884057971017,38.22881323170655,TMEM179B
cytoplasmic vesicle membrane (GO:0030659),GO_Cellular_Component_2021,2/380,0.0755367542717509,0.1546167567951095,0,0,4.713323713323713,12.175155831887553,TMEM179B;CHMP6
platelet alpha granule lumen (GO:0031093),GO_Cellular_Component_2021,1/67,0.0774199020723618,0.1546167567951095,0,0,13.115942028985508,33.55728718613052,MAGED2
intracellular organelle lumen (GO:0070013),GO_Cellular_Component_2021,3/848,0.079397794029921,0.1546167567951095,0,0,3.234319526627219,8.193452152677079,PSMD13;ALDOC;JMJD8
azurophil granule lumen (GO:0035578),GO_Cellular_Component_2021,1/90,0.1026468550534564,0.1808539827132327,0,0,9.715192965315095,22.1162556930706,PYGB
platelet alpha granule (GO:0031091),GO_Cellular_Component_2021,1/90,0.1026468550534564,0.1808539827132327,0,0,9.715192965315095,22.1162556930706,MAGED2
intrinsic component of endoplasmic reticulum membrane (GO:0031227),GO_Cellular_Component_2021,1/121,0.1356043207280494,0.2214855083799558,0,0,7.194202898550724,14.37411839940444,TECR
intracellular membrane-bounded organelle (GO:0043231),GO_Cellular_Component_2021,9/5192,0.1455378329793924,0.2214855083799558,0,0,1.7124831178853943,3.300501602525776,PSMD13;AMDHD2;TECR;EDF1;BANF1;CFAP410;JMJD8;CTNNBL1;PPP1CA
adherens junction (GO:0005912),GO_Cellular_Component_2021,1/132,0.1470175856871279,0.2214855083799558,0,0,6.586458679057418,12.627578792236436,PPP1CA
nucleus (GO:0005634),GO_Cellular_Component_2021,8/4484,0.1496523705269972,0.2214855083799558,0,0,1.7314566577301165,3.2887983877551643,PSMD13;AMDHD2;TECR;EDF1;BANF1;JMJD8;CTNNBL1;PPP1CA
integral component of endoplasmic reticulum membrane (GO:0030176),GO_Cellular_Component_2021,1/142,0.1572678439946919,0.2238042395309077,0,0,6.116250385445575,11.31387002140436,TECR
vacuolar lumen (GO:0005775),GO_Cellular_Component_2021,1/161,0.1764190358806393,0.2417594195401354,0,0,5.3847826086956525,9.342022882488044,PYGB
late endosome (GO:0005770),GO_Cellular_Component_2021,1/189,0.203883421235608,0.2694173780613392,0,0,4.57631822386679,7.277292875760221,CHMP6
integral component of organelle membrane (GO:0031301),GO_Cellular_Component_2021,1/214,0.2276616534130022,0.2890141370480768,0,0,4.034088589508063,5.970026437793035,TECR
bounding membrane of organelle (GO:0098588),GO_Cellular_Component_2021,2/767,0.2343357867957379,0.2890141370480768,0,0,2.282947118241236,3.312556738688038,TMEM179B;CHMP6
cell-cell junction (GO:0005911),GO_Cellular_Component_2021,1/271,0.279357686375596,0.3260446539667804,0,0,3.173268921095008,4.046750185514887,PPP1CA
secretory granule membrane (GO:0030667),GO_Cellular_Component_2021,1/274,0.2819845655928912,0.3260446539667804,0,0,3.137920050963529,3.972302222649994,TMEM179B
endoplasmic reticulum lumen (GO:0005788),GO_Cellular_Component_2021,1/285,0.2915381669838309,0.3268761266182346,0,0,3.014696876913656,3.715868186598972,JMJD8
endosome membrane (GO:0010008),GO_Cellular_Component_2021,1/325,0.3252620278540052,0.3481887236539393,0,0,2.63714439076758,2.96184063653358,CHMP6
lysosomal membrane (GO:0005765),GO_Cellular_Component_2021,1/330,0.3293677115645372,0.3481887236539393,0,0,2.5964054446940663,2.8835172258366426,TMEM179B
cytoskeleton (GO:0005856),GO_Cellular_Component_2021,1/600,0.5187876756141638,0.5331984443812239,0,0,1.406474559047688,0.9230138132296716,ALDOC
endoplasmic reticulum membrane (GO:0005789),GO_Cellular_Component_2021,1/712,0.5812525153789663,0.5812525153789663,0,0,1.1780713019017917,0.6391861398597051,TECR
aminoacyl-tRNA ligase activity (GO:0004812),GO_Molecular_Function_2021,2/38,0.0009449004432908564,0.0198429093091079,0,0,50.35353535353536,350.6837219229394,SARS1;FARSA
"1,4-alpha-oligoglucan phosphorylase activity (GO:0004645)",GO_Molecular_Function_2021,1/5,0.005986138987596,0.0628544593697581,0,0,217.08695652173915,1111.118047594182,PYGB
aldehyde-lyase activity (GO:0016832),GO_Molecular_Function_2021,1/8,0.0095613427178271,0.06692939902479,0,0,124.03105590062113,576.7477724354015,ALDOC
"oxidoreductase activity, acting on the CH-CH group of donors, NAD or NADP as acceptor (GO:0016628)",GO_Molecular_Function_2021,1/18,0.0213899261577365,0.0684688099179084,0,0,51.0460358056266,196.26359569838613,TECR
cadherin binding involved in cell-cell adhesion (GO:0098641),GO_Molecular_Function_2021,1/18,0.0213899261577365,0.0684688099179084,0,0,51.0460358056266,196.26359569838613,PPP1CA
RNA binding (GO:0003723),GO_Molecular_Function_2021,5/1406,0.0235740927141029,0.0684688099179084,0,0,3.4890491754010293,13.07558489078617,SARS1;NHP2;EDF1;FKBP4;FARSA
pyridoxal phosphate binding (GO:0030170),GO_Molecular_Function_2021,1/21,0.0249120249496479,0.0684688099179084,0,0,43.38260869565217,160.18614661402282,PYGB
telomerase RNA binding (GO:0070034),GO_Molecular_Function_2021,1/22,0.0260833561592032,0.0684688099179084,0,0,41.31469979296066,150.65231192236567,NHP2
snoRNA binding (GO:0030515),GO_Molecular_Function_2021,1/30,0.035405587532064,0.0826130375748162,0,0,29.90554722638681,99.91101302805887,NHP2
cell-cell adhesion mediator activity (GO:0098632),GO_Molecular_Function_2021,1/42,0.0492287756703269,0.1033804289076866,0,0,21.139978791092258,63.65833096505315,PPP1CA
tRNA binding (GO:0000049),GO_Molecular_Function_2021,1/49,0.0572044222192574,0.107004594557326,0,0,18.05072463768116,51.645362778983234,SARS1
phosphoric ester hydrolase activity (GO:0042578),GO_Molecular_Function_2021,1/53,0.06173310622682,0.107004594557326,0,0,16.65886287625418,46.3938490228076,PPP1CA
"hydrolase activity, acting on carbon-nitrogen (but not peptide) bonds, in linear amides (GO:0016811)",GO_Molecular_Function_2021,1/57,0.0662409394878685,0.107004594557326,0,0,15.46583850931677,41.9813471983268,AMDHD2
protein serine/threonine phosphatase activity (GO:0004722),GO_Molecular_Function_2021,1/62,0.0718465495096426,0.1077698242644639,0,0,14.194583036350677,37.3774981425394,PPP1CA
phosphatase activity (GO:0016791),GO_Molecular_Function_2021,1/79,0.0906653982949543,0.1269315576129361,0,0,11.091415830546266,26.62582536725388,PPP1CA
protein homodimerization activity (GO:0042803),GO_Molecular_Function_2021,2/636,0.1765730289156885,0.2317521004518412,0,0,2.773444221393748,4.809209764028221,SARS1;BANF1
cadherin binding (GO:0045296),GO_Molecular_Function_2021,1/322,0.3227870668842402,0.3987369649746496,0,0,2.662196938913721,3.010312223355003,PPP1CA
DNA binding (GO:0003677),GO_Molecular_Function_2021,1/811,0.6299300841090811,0.7349184314605947,0,0,1.0287707997852926,0.4754427661530477,BANF1
RNA polymerase II cis-regulatory region sequence-specific DNA binding (GO:0000978),GO_Molecular_Function_2021,1/1149,0.7584863201144328,0.7964106361201545,0,0,0.7130737767004999,0.1971153518981249,SARS1
cis-regulatory region sequence-specific DNA binding (GO:0000987),GO_Molecular_Function_2021,1/1149,0.7584863201144328,0.7964106361201545,0,0,0.7130737767004999,0.1971153518981249,SARS1
RNA polymerase II transcription regulatory region sequence-specific DNA binding (GO:0000977),GO_Molecular_Function_2021,1/1359,0.8154532623401193,0.8154532623401193,0,0,0.5960811935711084,0.1216072218494705,SARS1
