Term,Gene_set,Overlap,P-value,Adjusted P-value,Old P-value,Old Adjusted P-value,Odds Ratio,Combined Score,Genes
"RNA splicing, via transesterification reactions with bulged adenosine as nucleophile (GO:0000377)",GO_Biological_Process_2021,4/251,0.0002489562931666048,0.0354408259264314,0,0,15.21341816078658,126.24449176404984,RBM17;TRA2B;DHX15;MTREX
positive regulation of translational initiation (GO:0045948),GO_Biological_Process_2021,2/22,0.000341234455643778,0.0354408259264314,0,0,86.76086956521739,692.6068823488023,KHDRBS1;MTOR
"mRNA splicing, via spliceosome (GO:0000398)",GO_Biological_Process_2021,4/274,0.0003474590777101126,0.0354408259264314,0,0,13.901234567901234,110.72143806513556,RBM17;TRA2B;DHX15;MTREX
mRNA processing (GO:0006397),GO_Biological_Process_2021,4/300,0.0004894562192632021,0.0374434007736349,0,0,12.663449163449163,96.5235389998575,RBM17;TRA2B;DHX15;MTREX
response to glucose (GO:0009749),GO_Biological_Process_2021,2/49,0.0017016730877234,0.104142392968673,0,0,36.869565217391305,235.0856328071935,TRA2B;EIF2B1
"regulation of alternative mRNA splicing, via spliceosome (GO:0000381)",GO_Biological_Process_2021,2/54,0.0020627573968526,0.1052006272394827,0,0,33.31605351170568,206.01686820131164,KHDRBS1;TRA2B
regulation of translational initiation (GO:0006446),GO_Biological_Process_2021,2/68,0.0032487464098998,0.1081769736983373,0,0,26.23056653491436,150.2876657557229,KHDRBS1;EIF4H
regulation of RNA splicing (GO:0043484),GO_Biological_Process_2021,2/76,0.0040397406896228,0.1081769736983373,0,0,23.38542890716804,128.890540062766,KHDRBS1;TRA2B
"regulation of mRNA splicing, via spliceosome (GO:0048024)",GO_Biological_Process_2021,2/90,0.0056165618169928,0.1081769736983373,0,0,19.65118577075099,101.83314382617785,KHDRBS1;TRA2B
positive regulation of nucleobase-containing compound transport (GO:0032241),GO_Biological_Process_2021,1/5,0.0062349390704731,0.1081769736983373,0,0,208.03125,1056.2966607689368,KHDRBS1
positive regulation of RNA export from nucleus (GO:0046833),GO_Biological_Process_2021,1/5,0.0062349390704731,0.1081769736983373,0,0,208.03125,1056.2966607689368,KHDRBS1
glucose-6-phosphate transport (GO:0015760),GO_Biological_Process_2021,1/5,0.0062349390704731,0.1081769736983373,0,0,208.03125,1056.2966607689368,SLC37A2
hexose phosphate transport (GO:0015712),GO_Biological_Process_2021,1/5,0.0062349390704731,0.1081769736983373,0,0,208.03125,1056.2966607689368,SLC37A2
response to mitochondrial depolarisation (GO:0098780),GO_Biological_Process_2021,1/5,0.0062349390704731,0.1081769736983373,0,0,208.03125,1056.2966607689368,AMBRA1
vesicle tethering to Golgi (GO:0099041),GO_Biological_Process_2021,1/5,0.0062349390704731,0.1081769736983373,0,0,208.03125,1056.2966607689368,WDR11
RNA splicing (GO:0008380),GO_Biological_Process_2021,2/98,0.0066249984591573,0.1081769736983373,0,0,18.006340579710145,90.33610260135455,TRA2B;DHX15
positive regulation of translation (GO:0045727),GO_Biological_Process_2021,2/100,0.0068890740028299,0.1081769736983373,0,0,17.637089618456077,87.79423275712823,KHDRBS1;MTOR
"anterior/posterior axis specification, embryo (GO:0008595)",GO_Biological_Process_2021,1/6,0.007477446810139,0.1081769736983373,0,0,166.41666666666666,814.7533474976135,TASOR
tripartite regional subdivision (GO:0007351),GO_Biological_Process_2021,1/6,0.007477446810139,0.1081769736983373,0,0,166.41666666666666,814.7533474976135,TASOR
monoubiquitinated protein deubiquitination (GO:0035520),GO_Biological_Process_2021,1/6,0.007477446810139,0.1081769736983373,0,0,166.41666666666666,814.7533474976135,USP47
TORC1 signaling (GO:0038202),GO_Biological_Process_2021,1/8,0.0099579917015561,0.1081769736983373,0,0,118.85714285714286,547.8577209909951,MTOR
"regulation of wound healing, spreading of epidermal cells (GO:1903689)",GO_Biological_Process_2021,1/8,0.0099579917015561,0.1081769736983373,0,0,118.85714285714286,547.8577209909951,MTOR
regulation of myeloid leukocyte differentiation (GO:0002761),GO_Biological_Process_2021,1/8,0.0099579917015561,0.1081769736983373,0,0,118.85714285714286,547.8577209909951,MTOR
mitophagy (GO:0000423),GO_Biological_Process_2021,1/8,0.0099579917015561,0.1081769736983373,0,0,118.85714285714286,547.8577209909951,AMBRA1
anoikis (GO:0043276),GO_Biological_Process_2021,1/9,0.0111960320481715,0.1081769736983373,0,0,103.99479166666669,467.1649710127919,MTOR
cellular response to leucine (GO:0071233),GO_Biological_Process_2021,1/10,0.0124325865055395,0.1081769736983373,0,0,92.4351851851852,405.55330287566494,MTOR
cellular response to leucine starvation (GO:1990253),GO_Biological_Process_2021,1/10,0.0124325865055395,0.1081769736983373,0,0,92.4351851851852,405.55330287566494,MTOR
receptor recycling (GO:0001881),GO_Biological_Process_2021,1/10,0.0124325865055395,0.1081769736983373,0,0,92.4351851851852,405.55330287566494,ARFGEF2
formation of translation preinitiation complex (GO:0001731),GO_Biological_Process_2021,1/10,0.0124325865055395,0.1081769736983373,0,0,92.4351851851852,405.55330287566494,EIF4H
regulation of axon guidance (GO:1902667),GO_Biological_Process_2021,1/10,0.0124325865055395,0.1081769736983373,0,0,92.4351851851852,405.55330287566494,MYCBP2
positive regulation of transcription by RNA polymerase III (GO:0045945),GO_Biological_Process_2021,1/10,0.0124325865055395,0.1081769736983373,0,0,92.4351851851852,405.55330287566494,MTOR
positive regulation of transcription of nucleolar large rRNA by RNA polymerase I (GO:1901838),GO_Biological_Process_2021,1/10,0.0124325865055395,0.1081769736983373,0,0,92.4351851851852,405.55330287566494,MTOR
response to leucine (GO:0043201),GO_Biological_Process_2021,1/10,0.0124325865055395,0.1081769736983373,0,0,92.4351851851852,405.55330287566494,MTOR
positive regulation of keratinocyte migration (GO:0051549),GO_Biological_Process_2021,1/10,0.0124325865055395,0.1081769736983373,0,0,92.4351851851852,405.55330287566494,MTOR
positive regulation of DNA methylation-dependent heterochromatin assembly (GO:0090309),GO_Biological_Process_2021,1/11,0.0136676567242548,0.1081769736983373,0,0,83.1875,357.1008995813401,TASOR
nucleus localization (GO:0051647),GO_Biological_Process_2021,1/11,0.0136676567242548,0.1081769736983373,0,0,83.1875,357.1008995813401,MTOR
interleukin-35-mediated signaling pathway (GO:0070757),GO_Biological_Process_2021,1/11,0.0136676567242548,0.1081769736983373,0,0,83.1875,357.1008995813401,CANX
regulation of RNA export from nucleus (GO:0046831),GO_Biological_Process_2021,1/12,0.0149012443701484,0.1081769736983373,0,0,75.62121212121212,318.08630270790064,KHDRBS1
regulation of keratinocyte migration (GO:0051547),GO_Biological_Process_2021,1/12,0.0149012443701484,0.1081769736983373,0,0,75.62121212121212,318.08630270790064,MTOR
phosphate ion transmembrane transport (GO:0035435),GO_Biological_Process_2021,1/12,0.0149012443701484,0.1081769736983373,0,0,75.62121212121212,318.08630270790064,SLC37A2
central nervous system neuron axonogenesis (GO:0021955),GO_Biological_Process_2021,1/13,0.016133351108423,0.1081769736983373,0,0,69.31597222222223,286.05777422638903,MYCBP2
central nervous system projection neuron axonogenesis (GO:0021952),GO_Biological_Process_2021,1/13,0.016133351108423,0.1081769736983373,0,0,69.31597222222223,286.05777422638903,MYCBP2
positive regulation of heterochromatin assembly (GO:0031453),GO_Biological_Process_2021,1/13,0.016133351108423,0.1081769736983373,0,0,69.31597222222223,286.05777422638903,TASOR
regulation of nucleocytoplasmic transport (GO:0046822),GO_Biological_Process_2021,1/13,0.016133351108423,0.1081769736983373,0,0,69.31597222222223,286.05777422638903,KHDRBS1
intracellular sterol transport (GO:0032366),GO_Biological_Process_2021,1/13,0.016133351108423,0.1081769736983373,0,0,69.31597222222223,286.05777422638903,OSBP
T cell receptor signaling pathway (GO:0050852),GO_Biological_Process_2021,2/158,0.0165162091658715,0.1081769736983373,0,0,11.047380156075809,45.33196342129251,KHDRBS1;EIF2B1
regulation of transcription of nucleolar large rRNA by RNA polymerase I (GO:1901836),GO_Biological_Process_2021,1/14,0.0173639786153884,0.1081769736983373,0,0,63.98076923076923,259.3369252570107,MTOR
regulation of DNA methylation-dependent heterochromatin assembly (GO:0090308),GO_Biological_Process_2021,1/14,0.0173639786153884,0.1081769736983373,0,0,63.98076923076923,259.3369252570107,TASOR
negative regulation of single stranded viral RNA replication via double stranded DNA intermediate (GO:0045869),GO_Biological_Process_2021,1/15,0.0185931285667873,0.1081769736983373,0,0,59.407738095238095,236.7376500104764,TASOR
interleukin-27-mediated signaling pathway (GO:0070106),GO_Biological_Process_2021,1/15,0.0185931285667873,0.1081769736983373,0,0,59.407738095238095,236.7376500104764,CANX
intracellular cholesterol transport (GO:0032367),GO_Biological_Process_2021,1/15,0.0185931285667873,0.1081769736983373,0,0,59.407738095238095,236.7376500104764,OSBP
negative regulation of nucleic acid-templated transcription (GO:1903507),GO_Biological_Process_2021,3/464,0.0195367958034236,0.1081769736983373,0,0,5.772234273318872,22.71637185253582,USP47;KHDRBS1;ZMYND11
oligodendrocyte development (GO:0014003),GO_Biological_Process_2021,1/16,0.0198208026407264,0.1081769736983373,0,0,55.44444444444444,217.3989559937,EIF2B1
regulation of translation (GO:0006417),GO_Biological_Process_2021,2/178,0.0206610284766727,0.1081769736983373,0,0,9.78211462450593,37.94977272543968,EIF4H;MTOR
snRNA metabolic process (GO:0016073),GO_Biological_Process_2021,1/17,0.0210470025189844,0.1081769736983373,0,0,51.9765625,200.68135849118187,MTREX
maturation of 5.8S rRNA (GO:0000460),GO_Biological_Process_2021,1/17,0.0210470025189844,0.1081769736983373,0,0,51.9765625,200.68135849118187,MTREX
phosphate ion transport (GO:0006817),GO_Biological_Process_2021,1/17,0.0210470025189844,0.1081769736983373,0,0,51.9765625,200.68135849118187,SLC37A2
antigen receptor-mediated signaling pathway (GO:0050851),GO_Biological_Process_2021,2/185,0.0222045493147407,0.1081769736983373,0,0,9.404609170824424,35.80765524262908,KHDRBS1;EIF2B1
regulation of single stranded viral RNA replication via double stranded DNA intermediate (GO:0045091),GO_Biological_Process_2021,1/18,0.0222717298790694,0.1081769736983373,0,0,48.91666666666666,186.10038260880103,TASOR
positive regulation of phosphoprotein phosphatase activity (GO:0032516),GO_Biological_Process_2021,1/18,0.0222717298790694,0.1081769736983373,0,0,48.91666666666666,186.10038260880103,MTOR
"alternative mRNA splicing, via spliceosome (GO:0000380)",GO_Biological_Process_2021,1/18,0.0222717298790694,0.1081769736983373,0,0,48.91666666666666,186.10038260880103,RBM17
embryonic axis specification (GO:0000578),GO_Biological_Process_2021,1/18,0.0222717298790694,0.1081769736983373,0,0,48.91666666666666,186.10038260880103,TASOR
"positive regulation of mRNA splicing, via spliceosome (GO:0048026)",GO_Biological_Process_2021,1/18,0.0222717298790694,0.1081769736983373,0,0,48.91666666666666,186.10038260880103,TRA2B
neuromuscular process (GO:0050905),GO_Biological_Process_2021,1/19,0.0234949864071648,0.1087226118348029,0,0,46.19675925925926,173.2825760780302,MYCBP2
cytoplasmic translational initiation (GO:0002183),GO_Biological_Process_2021,1/19,0.0234949864071648,0.1087226118348029,0,0,46.19675925925926,173.2825760780302,EIF4H
negative regulation of cyclin-dependent protein serine/threonine kinase activity (GO:0045736),GO_Biological_Process_2021,1/20,0.0247167737784927,0.1087226118348029,0,0,43.76315789473684,161.93563879493826,IPO7
gastrulation (GO:0007369),GO_Biological_Process_2021,1/20,0.0247167737784927,0.1087226118348029,0,0,43.76315789473684,161.93563879493826,TASOR
oligodendrocyte differentiation (GO:0048709),GO_Biological_Process_2021,1/20,0.0247167737784927,0.1087226118348029,0,0,43.76315789473684,161.93563879493826,EIF2B1
positive regulation of phosphatase activity (GO:0010922),GO_Biological_Process_2021,1/21,0.0259370936730085,0.1087226118348029,0,0,41.57291666666666,151.8276651730302,MTOR
sterol transport (GO:0015918),GO_Biological_Process_2021,1/21,0.0259370936730085,0.1087226118348029,0,0,41.57291666666666,151.8276651730302,OSBP
anterior/posterior axis specification (GO:0009948),GO_Biological_Process_2021,1/21,0.0259370936730085,0.1087226118348029,0,0,41.57291666666666,151.8276651730302,TASOR
regulation of transcription by RNA polymerase III (GO:0006359),GO_Biological_Process_2021,1/21,0.0259370936730085,0.1087226118348029,0,0,41.57291666666666,151.8276651730302,MTOR
protein localization to chromatin (GO:0071168),GO_Biological_Process_2021,1/21,0.0259370936730085,0.1087226118348029,0,0,41.57291666666666,151.8276651730302,TASOR
negative regulation of cyclin-dependent protein kinase activity (GO:1904030),GO_Biological_Process_2021,1/22,0.0271559477765973,0.1097723510630184,0,0,39.59126984126984,142.77242140898989,IPO7
positive regulation of transcription by RNA polymerase I (GO:0045943),GO_Biological_Process_2021,1/23,0.0283733377644313,0.1097723510630184,0,0,37.78977272727273,134.6187109177605,MTOR
response to nutrient levels (GO:0031667),GO_Biological_Process_2021,1/23,0.0283733377644313,0.1097723510630184,0,0,37.78977272727273,134.6187109177605,MTOR
positive regulation of mRNA processing (GO:0050685),GO_Biological_Process_2021,1/23,0.0283733377644313,0.1097723510630184,0,0,37.78977272727273,134.6187109177605,TRA2B
regulation of cell size (GO:0008361),GO_Biological_Process_2021,1/24,0.0295892653137072,0.1097723510630184,0,0,36.14492753623188,127.2425658336615,MTOR
regulation of cell growth (GO:0001558),GO_Biological_Process_2021,2/217,0.0298425713060045,0.1097723510630184,0,0,7.99191102123357,28.066147668640397,USP47;MTOR
negative regulation of cellular macromolecule biosynthetic process (GO:2000113),GO_Biological_Process_2021,3/547,0.0299384561013142,0.1097723510630184,0,0,4.870738636363637,17.089529435922504,USP47;KHDRBS1;ZMYND11
cellular response to hexose stimulus (GO:0071331),GO_Biological_Process_2021,1/25,0.0308037321003649,0.1097723510630184,0,0,34.63715277777778,120.54142818278338,TRA2B
response to hexose (GO:0009746),GO_Biological_Process_2021,1/25,0.0308037321003649,0.1097723510630184,0,0,34.63715277777778,120.54142818278338,EIF2B1
positive regulation of lipid metabolic process (GO:0045834),GO_Biological_Process_2021,1/25,0.0308037321003649,0.1097723510630184,0,0,34.63715277777778,120.54142818278338,MTOR
"RNA splicing, via transesterification reactions (GO:0000375)",GO_Biological_Process_2021,1/25,0.0308037321003649,0.1097723510630184,0,0,34.63715277777778,120.54142818278338,TRA2B
glial cell development (GO:0021782),GO_Biological_Process_2021,1/26,0.0320167398038226,0.1097723510630184,0,0,33.25,114.42975510355669,EIF2B1
clathrin-dependent endocytosis (GO:0072583),GO_Biological_Process_2021,1/26,0.0320167398038226,0.1097723510630184,0,0,33.25,114.42975510355669,CANX
TOR signaling (GO:0031929),GO_Biological_Process_2021,1/26,0.0320167398038226,0.1097723510630184,0,0,33.25,114.42975510355669,MTOR
negative regulation of macroautophagy (GO:0016242),GO_Biological_Process_2021,1/26,0.0320167398038226,0.1097723510630184,0,0,33.25,114.42975510355669,MTOR
cilium organization (GO:0044782),GO_Biological_Process_2021,2/228,0.0326790142556474,0.1097723510630184,0,0,7.598691804540207,25.99529314898213,TTC17;WDR11
regulation of transcription elongation from RNA polymerase II promoter (GO:0034243),GO_Biological_Process_2021,1/27,0.0332282900970065,0.1097723510630184,0,0,31.96955128205128,108.83565874121032,ZMYND11
bile acid biosynthetic process (GO:0006699),GO_Biological_Process_2021,1/27,0.0332282900970065,0.1097723510630184,0,0,31.96955128205128,108.83565874121032,OSBP
presynaptic endocytosis (GO:0140238),GO_Biological_Process_2021,1/27,0.0332282900970065,0.1097723510630184,0,0,31.96955128205128,108.83565874121032,CANX
positive regulation of phosphatidylinositol 3-kinase activity (GO:0043552),GO_Biological_Process_2021,1/28,0.0344383846472214,0.1097723510630184,0,0,30.78395061728395,103.69830823466704,AMBRA1
macromolecule catabolic process (GO:0009057),GO_Biological_Process_2021,1/28,0.0344383846472214,0.1097723510630184,0,0,30.78395061728395,103.69830823466704,MTOR
"regulation of DNA-templated transcription, elongation (GO:0032784)",GO_Biological_Process_2021,1/28,0.0344383846472214,0.1097723510630184,0,0,30.78395061728395,103.69830823466704,ZMYND11
cellular response to acid chemical (GO:0071229),GO_Biological_Process_2021,1/28,0.0344383846472214,0.1097723510630184,0,0,30.78395061728395,103.69830823466704,MTOR
actin filament polymerization (GO:0030041),GO_Biological_Process_2021,1/29,0.0356470251349897,0.1105618430192381,0,0,29.683035714285715,98.96590013795104,TTC17
protein N-linked glycosylation via asparagine (GO:0018279),GO_Biological_Process_2021,1/30,0.0368542132262458,0.1105618430192381,0,0,28.658045977011493,94.59405781572389,DDOST
"negative regulation of gene expression, epigenetic (GO:0045814)",GO_Biological_Process_2021,1/30,0.0368542132262458,0.1105618430192381,0,0,28.658045977011493,94.59405781572389,TASOR
positive regulation of lipid kinase activity (GO:0090218),GO_Biological_Process_2021,1/30,0.0368542132262458,0.1105618430192381,0,0,28.658045977011493,94.59405781572389,AMBRA1
ncRNA catabolic process (GO:0034661),GO_Biological_Process_2021,1/30,0.0368542132262458,0.1105618430192381,0,0,28.658045977011493,94.59405781572389,MTREX
activation of protein kinase B activity (GO:0032148),GO_Biological_Process_2021,1/31,0.0380599505912853,0.1105618430192381,0,0,27.70138888888889,90.5445579257637,MTOR
positive regulation of RNA splicing (GO:0033120),GO_Biological_Process_2021,1/31,0.0380599505912853,0.1105618430192381,0,0,27.70138888888889,90.5445579257637,TRA2B
regulation of cellular component size (GO:0032535),GO_Biological_Process_2021,1/31,0.0380599505912853,0.1105618430192381,0,0,27.70138888888889,90.5445579257637,MTOR
peptidyl-asparagine modification (GO:0018196),GO_Biological_Process_2021,1/31,0.0380599505912853,0.1105618430192381,0,0,27.70138888888889,90.5445579257637,DDOST
cellular response to glucose stimulus (GO:0071333),GO_Biological_Process_2021,1/32,0.0392642388923452,0.1105618430192381,0,0,26.806451612903224,86.78430889945572,TRA2B
response to amino acid (GO:0043200),GO_Biological_Process_2021,1/32,0.0392642388923452,0.1105618430192381,0,0,26.806451612903224,86.78430889945572,MTOR
regulation of chemotaxis (GO:0050920),GO_Biological_Process_2021,1/32,0.0392642388923452,0.1105618430192381,0,0,26.806451612903224,86.78430889945572,MYCBP2
lytic vacuole organization (GO:0080171),GO_Biological_Process_2021,1/33,0.040467079797891,0.1105618430192381,0,0,25.967447916666668,83.2845252717618,MTOR
antigen processing and presentation of peptide antigen via MHC class I (GO:0002474),GO_Biological_Process_2021,1/33,0.040467079797891,0.1105618430192381,0,0,25.967447916666668,83.2845252717618,CANX
bile acid metabolic process (GO:0008206),GO_Biological_Process_2021,1/33,0.040467079797891,0.1105618430192381,0,0,25.967447916666668,83.2845252717618,OSBP
negative regulation of JNK cascade (GO:0046329),GO_Biological_Process_2021,1/33,0.040467079797891,0.1105618430192381,0,0,25.967447916666668,83.2845252717618,ZMYND11
positive regulation of protein dephosphorylation (GO:0035307),GO_Biological_Process_2021,1/34,0.041668474974439,0.1108743768885072,0,0,25.17929292929293,80.0200555972378,MTOR
synaptic vesicle recycling (GO:0036465),GO_Biological_Process_2021,1/34,0.041668474974439,0.1108743768885072,0,0,25.17929292929293,80.0200555972378,CANX
cellular response to amino acid stimulus (GO:0071230),GO_Biological_Process_2021,1/34,0.041668474974439,0.1108743768885072,0,0,25.17929292929293,80.0200555972378,MTOR
regulation of lipid biosynthetic process (GO:0046890),GO_Biological_Process_2021,1/35,0.0428684260822968,0.1111672744168037,0,0,24.4375,76.96883173102468,MTOR
positive regulation of lipid biosynthetic process (GO:0046889),GO_Biological_Process_2021,1/35,0.0428684260822968,0.1111672744168037,0,0,24.4375,76.96883173102468,MTOR
regulation of phosphatidylinositol 3-kinase activity (GO:0043551),GO_Biological_Process_2021,1/35,0.0428684260822968,0.1111672744168037,0,0,24.4375,76.96883173102468,AMBRA1
regulation of mRNA processing (GO:0050684),GO_Biological_Process_2021,1/36,0.044066934781374,0.1114420003562022,0,0,23.73809523809524,74.11141474490151,KHDRBS1
mitochondrion disassembly (GO:0061726),GO_Biological_Process_2021,1/36,0.044066934781374,0.1114420003562022,0,0,23.73809523809524,74.11141474490151,AMBRA1
regulation of osteoclast differentiation (GO:0045670),GO_Biological_Process_2021,1/36,0.044066934781374,0.1114420003562022,0,0,23.73809523809524,74.11141474490151,MTOR
negative regulation of stress-activated MAPK cascade (GO:0032873),GO_Biological_Process_2021,1/37,0.0452640027356933,0.1135310232550996,0,0,23.077546296296298,71.43061833824453,ZMYND11
lysosome organization (GO:0007040),GO_Biological_Process_2021,1/38,0.0464596315903414,0.1137331781331557,0,0,22.4527027027027,68.91119481281235,MTOR
synaptic vesicle endocytosis (GO:0048488),GO_Biological_Process_2021,1/38,0.0464596315903414,0.1137331781331557,0,0,22.4527027027027,68.91119481281235,CANX
regulation of phosphoprotein phosphatase activity (GO:0043666),GO_Biological_Process_2021,1/38,0.0464596315903414,0.1137331781331557,0,0,22.4527027027027,68.91119481281235,MTOR
response to peptide (GO:1901652),GO_Biological_Process_2021,1/39,0.0476538230195537,0.114099641758655,0,0,21.86074561403509,66.53957181391064,EIF2B1
autophagy of mitochondrion (GO:0000422),GO_Biological_Process_2021,1/40,0.048846578661385,0.114099641758655,0,0,21.299145299145295,64.30363063192733,AMBRA1
negative regulation of I-kappaB kinase/NF-kappaB signaling (GO:0043124),GO_Biological_Process_2021,1/40,0.048846578661385,0.114099641758655,0,0,21.299145299145295,64.30363063192733,ZMYND11
organic hydroxy compound transport (GO:0015850),GO_Biological_Process_2021,1/40,0.048846578661385,0.114099641758655,0,0,21.299145299145295,64.30363063192733,OSBP
positive regulation of wound healing (GO:0090303),GO_Biological_Process_2021,1/40,0.048846578661385,0.114099641758655,0,0,21.299145299145295,64.30363063192733,MTOR
response to organonitrogen compound (GO:0010243),GO_Biological_Process_2021,1/40,0.048846578661385,0.114099641758655,0,0,21.299145299145295,64.30363063192733,MTOR
nucleobase-containing compound catabolic process (GO:0034655),GO_Biological_Process_2021,1/41,0.0500379001782909,0.1151247928914062,0,0,20.765625,62.19251853785659,MTREX
endosome organization (GO:0007032),GO_Biological_Process_2021,1/41,0.0500379001782909,0.1151247928914062,0,0,20.765625,62.19251853785659,ARFGEF2
positive regulation of epithelial to mesenchymal transition (GO:0010718),GO_Biological_Process_2021,1/42,0.0512277892154369,0.116982861939729,0,0,20.258130081300813,60.19648932344668,MTOR
cellular glucose homeostasis (GO:0001678),GO_Biological_Process_2021,1/43,0.0524162474254504,0.118810160831021,0,0,19.77480158730159,58.30676717854421,TRA2B
positive regulation of biosynthetic process (GO:0009891),GO_Biological_Process_2021,1/44,0.053603276456753,0.1206073720276944,0,0,19.313953488372093,56.51543006900448,MTOR
establishment of protein localization to extracellular region (GO:0035592),GO_Biological_Process_2021,1/46,0.0559730535406075,0.1232212545570209,0,0,18.453703703703702,53.19990358724921,CANX
positive regulation of nucleocytoplasmic transport (GO:0046824),GO_Biological_Process_2021,1/46,0.0559730535406075,0.1232212545570209,0,0,18.453703703703702,53.19990358724921,KHDRBS1
vesicle organization (GO:0016050),GO_Biological_Process_2021,1/46,0.0559730535406075,0.1232212545570209,0,0,18.453703703703702,53.19990358724921,ARFGEF2
epithelial to mesenchymal transition (GO:0001837),GO_Biological_Process_2021,1/47,0.057155804891704,0.124833306923224,0,0,18.05163043478261,51.66330275637264,TASOR
substrate adhesion-dependent cell spreading (GO:0034446),GO_Biological_Process_2021,1/48,0.0583371336275197,0.124833306923224,0,0,17.666666666666668,50.20012391375553,ATRN
base-excision repair (GO:0006284),GO_Biological_Process_2021,1/48,0.0583371336275197,0.124833306923224,0,0,17.666666666666668,50.20012391375553,USP47
Golgi to plasma membrane transport (GO:0006893),GO_Biological_Process_2021,1/48,0.0583371336275197,0.124833306923224,0,0,17.666666666666668,50.20012391375553,ARFGEF2
RNA catabolic process (GO:0006401),GO_Biological_Process_2021,1/49,0.0595170414020208,0.1262201051486079,0,0,17.297743055555557,48.80545398159523,MTREX
actin polymerization or depolymerization (GO:0008154),GO_Biological_Process_2021,1/50,0.0606955298241754,0.1262201051486079,0,0,16.943877551020407,47.47480020477031,TTC17
organic hydroxy compound biosynthetic process (GO:1901617),GO_Biological_Process_2021,1/50,0.0606955298241754,0.1262201051486079,0,0,16.943877551020407,47.47480020477031,OSBP
regulation of cellular component movement (GO:0051270),GO_Biological_Process_2021,1/50,0.0606955298241754,0.1262201051486079,0,0,16.943877551020407,47.47480020477031,MYCBP2
regulation of smoothened signaling pathway (GO:0008589),GO_Biological_Process_2021,1/51,0.0618726005630431,0.1262201051486079,0,0,16.604166666666668,46.204046595553486,WDR11
cholesterol transport (GO:0030301),GO_Biological_Process_2021,1/51,0.0618726005630431,0.1262201051486079,0,0,16.604166666666668,46.204046595553486,OSBP
mitotic metaphase plate congression (GO:0007080),GO_Biological_Process_2021,1/51,0.0618726005630431,0.1262201051486079,0,0,16.604166666666668,46.204046595553486,EML4
response to peptide hormone (GO:0043434),GO_Biological_Process_2021,1/52,0.0630482552333339,0.12776666292318,0,0,16.27777777777778,44.98941570457079,EIF2B1
negative regulation of cysteine-type endopeptidase activity (GO:2000117),GO_Biological_Process_2021,1/53,0.0642224954747202,0.1284449909494404,0,0,15.963942307692308,43.827434874789176,USP47
cellular macromolecule catabolic process (GO:0044265),GO_Biological_Process_2021,1/53,0.0642224954747202,0.1284449909494404,0,0,15.963942307692308,43.827434874789176,MTREX
negative regulation of viral genome replication (GO:0045071),GO_Biological_Process_2021,1/54,0.0653953228992461,0.1293406199182945,0,0,15.66194968553459,42.71490645721221,TASOR
intracellular protein transport (GO:0006886),GO_Biological_Process_2021,2/336,0.065515673488025,0.1293406199182945,0,0,5.113512106222338,13.936702747280004,IPO7;WDR11
negative regulation of cysteine-type endopeptidase activity involved in apoptotic process (GO:0043154),GO_Biological_Process_2021,1/55,0.0665667391581141,0.1305732191178392,0,0,15.371141975308642,41.64888140097016,USP47
autophagosome organization (GO:1905037),GO_Biological_Process_2021,1/56,0.067736745861726,0.1320219377941922,0,0,15.090909090909092,40.6266358411004,AMBRA1
negative regulation of cell cycle G2/M phase transition (GO:1902750),GO_Biological_Process_2021,1/57,0.0689053446517472,0.1329202892007819,0,0,14.820684523809524,39.64565023244249,USP47
receptor metabolic process (GO:0043112),GO_Biological_Process_2021,1/58,0.0700725371329717,0.1329202892007819,0,0,14.559941520467836,38.70359077425905,ARFGEF2
autophagosome assembly (GO:0000045),GO_Biological_Process_2021,1/58,0.0700725371329717,0.1329202892007819,0,0,14.559941520467836,38.70359077425905,AMBRA1
cellular response to DNA damage stimulus (GO:0006974),GO_Biological_Process_2021,2/350,0.0703544645540915,0.1329202892007819,0,0,4.904297851074463,13.017031668621382,USP47;MTREX
negative regulation of autophagy (GO:0010507),GO_Biological_Process_2021,1/59,0.071238324931138,0.1329202892007819,0,0,14.308189655172416,37.79829278577611,MTOR
protein polymerization (GO:0051258),GO_Biological_Process_2021,1/59,0.071238324931138,0.1329202892007819,0,0,14.308189655172416,37.79829278577611,TTC17
selective autophagy (GO:0061912),GO_Biological_Process_2021,1/59,0.071238324931138,0.1329202892007819,0,0,14.308189655172416,37.79829278577611,AMBRA1
organonitrogen compound catabolic process (GO:1901565),GO_Biological_Process_2021,1/63,0.0758874616960385,0.1375305463682475,0,0,13.38239247311828,34.506549888818924,MTOR
monocarboxylic acid biosynthetic process (GO:0072330),GO_Biological_Process_2021,1/63,0.0758874616960385,0.1375305463682475,0,0,13.38239247311828,34.506549888818924,OSBP
cell cycle G1/S phase transition (GO:0044843),GO_Biological_Process_2021,1/63,0.0758874616960385,0.1375305463682475,0,0,13.38239247311828,34.506549888818924,KHDRBS1
regulation of extrinsic apoptotic signaling pathway (GO:2001236),GO_Biological_Process_2021,1/64,0.0770462503405892,0.1375305463682475,0,0,13.16931216931217,33.75754823262795,ZMYND11
protein secretion (GO:0009306),GO_Biological_Process_2021,1/64,0.0770462503405892,0.1375305463682475,0,0,13.16931216931217,33.75754823262795,CANX
protein catabolic process (GO:0030163),GO_Biological_Process_2021,1/64,0.0770462503405892,0.1375305463682475,0,0,13.16931216931217,33.75754823262795,MTOR
protein transport (GO:0015031),GO_Biological_Process_2021,2/369,0.0771057881016966,0.1375305463682475,0,0,4.64589503613316,11.905463432179268,CANX;WDR11
regulation of RNA metabolic process (GO:0051252),GO_Biological_Process_2021,1/65,0.0782036440133172,0.1375305463682475,0,0,12.962890625,33.03513646067728,TRA2B
steroid biosynthetic process (GO:0006694),GO_Biological_Process_2021,1/65,0.0782036440133172,0.1375305463682475,0,0,12.962890625,33.03513646067728,OSBP
inorganic anion transmembrane transport (GO:0098661),GO_Biological_Process_2021,1/65,0.0782036440133172,0.1375305463682475,0,0,12.962890625,33.03513646067728,SLC37A2
cellular response to nutrient levels (GO:0031669),GO_Biological_Process_2021,1/66,0.079359644289574,0.1379775633671002,0,0,12.762820512820513,32.33799172322633,MTOR
negative regulation of G2/M transition of mitotic cell cycle (GO:0010972),GO_Biological_Process_2021,1/66,0.079359644289574,0.1379775633671002,0,0,12.762820512820513,32.33799172322633,USP47
protein N-linked glycosylation (GO:0006487),GO_Biological_Process_2021,1/67,0.0805142527998034,0.1391941319589822,0,0,12.568813131313131,31.66487558090284,DDOST
negative regulation of programmed cell death (GO:0043069),GO_Biological_Process_2021,2/381,0.0814740072936765,0.1400149507218747,0,0,4.496042216358839,11.2736965446731,USP47;TNFAIP8
positive regulation of macromolecule metabolic process (GO:0010604),GO_Biological_Process_2021,2/384,0.0825782073495796,0.1400149507218747,0,0,4.460050079672206,11.123407121129524,TASOR;MTOR
negative regulation of cellular catabolic process (GO:0031330),GO_Biological_Process_2021,1/69,0.0828193009171873,0.1400149507218747,0,0,12.197916666666666,30.386158751602967,MTOR
cellular response to decreased oxygen levels (GO:0036294),GO_Biological_Process_2021,1/69,0.0828193009171873,0.1400149507218747,0,0,12.197916666666666,30.386158751602967,MTOR
cellular response to light stimulus (GO:0071482),GO_Biological_Process_2021,1/70,0.0839697437215684,0.141179898784615,0,0,12.020531400966185,29.77844727950012,USP47
cell morphogenesis involved in differentiation (GO:0000904),GO_Biological_Process_2021,1/72,0.0862664748551896,0.1442488595939235,0,0,11.68075117370892,28.621510800477843,ATRN
regulation of actin filament-based process (GO:0032970),GO_Biological_Process_2021,1/73,0.0874127663656434,0.1450883898891819,0,0,11.517939814814817,28.07053166814748,MTOR
cellular response to amino acid starvation (GO:0034198),GO_Biological_Process_2021,1/74,0.0885576772971073,0.1450883898891819,0,0,11.35958904109589,27.536793634757636,MTOR
response to amino acid starvation (GO:1990928),GO_Biological_Process_2021,1/75,0.0897012092618635,0.1450883898891819,0,0,11.20551801801802,27.01954095985768,MTOR
establishment of protein localization to organelle (GO:0072594),GO_Biological_Process_2021,1/76,0.0908433638322228,0.1450883898891819,0,0,11.055555555555555,26.518060438580463,IPO7
positive regulation of growth (GO:0045927),GO_Biological_Process_2021,1/76,0.0908433638322228,0.1450883898891819,0,0,11.055555555555555,26.518060438580463,USP47
protein import into nucleus (GO:0006606),GO_Biological_Process_2021,1/76,0.0908433638322228,0.1450883898891819,0,0,11.055555555555555,26.518060438580463,IPO7
regulation of epithelial to mesenchymal transition (GO:0010717),GO_Biological_Process_2021,1/76,0.0908433638322228,0.1450883898891819,0,0,11.055555555555555,26.518060438580463,MTOR
cellular response to UV (GO:0034644),GO_Biological_Process_2021,1/77,0.0919841426094813,0.1450883898891819,0,0,10.90953947368421,26.031678480011845,USP47
positive regulation of protein modification by small protein conjugation or removal (GO:1903322),GO_Biological_Process_2021,1/77,0.0919841426094813,0.1450883898891819,0,0,10.90953947368421,26.031678480011845,MYCBP2
positive regulation of tumor necrosis factor production (GO:0032760),GO_Biological_Process_2021,1/77,0.0919841426094813,0.1450883898891819,0,0,10.90953947368421,26.031678480011845,ARFGEF2
import into nucleus (GO:0051170),GO_Biological_Process_2021,1/77,0.0919841426094813,0.1450883898891819,0,0,10.90953947368421,26.031678480011845,IPO7
negative regulation of apoptotic signaling pathway (GO:2001234),GO_Biological_Process_2021,1/78,0.0931235471667537,0.1453867624134013,0,0,10.767316017316018,25.55975843572736,ZMYND11
negative regulation of protein serine/threonine kinase activity (GO:0071901),GO_Biological_Process_2021,1/78,0.0931235471667537,0.1453867624134013,0,0,10.767316017316018,25.55975843572736,IPO7
regulation of cellular response to heat (GO:1900034),GO_Biological_Process_2021,1/79,0.0942615791008967,0.1464164629689056,0,0,10.628739316239315,25.101698127695773,MTOR
negative regulation of cell cycle (GO:0045786),GO_Biological_Process_2021,1/80,0.0953982400052786,0.1464714835085744,0,0,10.49367088607595,24.656927579154026,IPO7
negative regulation of extrinsic apoptotic signaling pathway (GO:2001237),GO_Biological_Process_2021,1/80,0.0953982400052786,0.1464714835085744,0,0,10.49367088607595,24.656927579154026,ZMYND11
positive regulation of cellular amide metabolic process (GO:0034250),GO_Biological_Process_2021,1/81,0.0965335314418881,0.1464714835085744,0,0,10.361979166666666,24.224906921072943,MTOR
positive regulation of tumor necrosis factor superfamily cytokine production (GO:1903557),GO_Biological_Process_2021,1/81,0.0965335314418881,0.1464714835085744,0,0,10.361979166666666,24.224906921072943,ARFGEF2
"regulation of gene expression, epigenetic (GO:0040029)",GO_Biological_Process_2021,1/82,0.0976674550008274,0.1464714835085744,0,0,10.233539094650206,23.805124449422923,TASOR
positive regulation of protein ubiquitination (GO:0031398),GO_Biological_Process_2021,1/82,0.0976674550008274,0.1464714835085744,0,0,10.233539094650206,23.805124449422923,MYCBP2
regulation of cyclin-dependent protein serine/threonine kinase activity (GO:0000079),GO_Biological_Process_2021,1/82,0.0976674550008274,0.1464714835085744,0,0,10.233539094650206,23.805124449422923,IPO7
organelle assembly (GO:0070925),GO_Biological_Process_2021,2/425,0.0981263206511691,0.1464714835085744,0,0,4.019323671497585,9.330858472923303,AMBRA1;WDR11
glycoprotein biosynthetic process (GO:0009101),GO_Biological_Process_2021,1/83,0.0988000122711018,0.1467611832764911,0,0,10.108231707317072,23.397094838762637,DDOST
G1/S transition of mitotic cell cycle (GO:0000082),GO_Biological_Process_2021,1/85,0.1010610342090092,0.1493945723089702,0,0,9.86656746031746,22.614474985502635,KHDRBS1
post-Golgi vesicle-mediated transport (GO:0006892),GO_Biological_Process_2021,1/89,0.1055667517960405,0.1538258383313734,0,0,9.416193181818182,21.171479933603603,ARFGEF2
regulation of cysteine-type endopeptidase activity involved in apoptotic process (GO:0043281),GO_Biological_Process_2021,1/89,0.1055667517960405,0.1538258383313734,0,0,9.416193181818182,21.171479933603603,USP47
protein import (GO:0017038),GO_Biological_Process_2021,1/89,0.1055667517960405,0.1538258383313734,0,0,9.416193181818182,21.171479933603603,IPO7
regulation of actin cytoskeleton organization (GO:0032956),GO_Biological_Process_2021,1/91,0.1078114725710848,0.1563521829703884,0,0,9.20601851851852,20.505220529335578,MTOR
T cell activation (GO:0042110),GO_Biological_Process_2021,1/92,0.108931803930084,0.1564935774770221,0,0,9.104395604395604,20.184747726684503,DDOST
negative regulation of mitotic cell cycle phase transition (GO:1901991),GO_Biological_Process_2021,1/92,0.108931803930084,0.1564935774770221,0,0,9.104395604395604,20.184747726684503,USP47
positive regulation of epithelial cell migration (GO:0010634),GO_Biological_Process_2021,1/94,0.1111684164109228,0.1589604458959924,0,0,8.907706093189963,19.56763781102837,MTOR
mRNA metabolic process (GO:0016071),GO_Biological_Process_2021,1/95,0.1122847006433204,0.1598098530086328,0,0,8.8125,19.27044940517476,DHX15
"negative regulation of transcription, DNA-templated (GO:0045892)",GO_Biological_Process_2021,3/948,0.1128070393852902,0.1598099724624945,0,0,2.746031746031746,5.992051440037415,USP47;KHDRBS1;ZMYND11
antigen processing and presentation of exogenous peptide antigen via MHC class II (GO:0019886),GO_Biological_Process_2021,1/98,0.1156254840416987,0.1630479175887549,0,0,8.538659793814434,18.42129521976745,CANX
response to UV (GO:0009411),GO_Biological_Process_2021,1/99,0.1167363938849271,0.163859341875173,0,0,8.451105442176871,18.151596366550063,USP47
antigen processing and presentation of peptide antigen via MHC class II (GO:0002495),GO_Biological_Process_2021,1/100,0.1178459640404217,0.1646614840016851,0,0,8.365319865319865,17.88820673407011,CANX
positive regulation of cell growth (GO:0030307),GO_Biological_Process_2021,1/102,0.1200610913811501,0.165489612444288,0,0,8.198844884488448,17.379538920010766,USP47
positive regulation of cellular protein metabolic process (GO:0032270),GO_Biological_Process_2021,1/102,0.1200610913811501,0.165489612444288,0,0,8.198844884488448,17.379538920010766,MTOR
mitotic sister chromatid segregation (GO:0000070),GO_Biological_Process_2021,1/102,0.1200610913811501,0.165489612444288,0,0,8.198844884488448,17.379538920010766,EML4
cellular response to organonitrogen compound (GO:0071417),GO_Biological_Process_2021,1/103,0.1211666516515276,0.1655223009168189,0,0,8.118055555555555,17.133873842257763,MTOR
antigen processing and presentation of exogenous peptide antigen (GO:0002478),GO_Biological_Process_2021,1/103,0.1211666516515276,0.1655223009168189,0,0,8.118055555555555,17.133873842257763,CANX
negative regulation of apoptotic process (GO:0043066),GO_Biological_Process_2021,2/485,0.1222416130229823,0.166248593711256,0,0,3.5092267530830856,7.37553753480454,USP47;TNFAIP8
regulation of JNK cascade (GO:0046328),GO_Biological_Process_2021,1/105,0.1233737731565347,0.1670459052473435,0,0,7.96113782051282,16.65897326458128,ZMYND11
protein localization to nucleus (GO:0034504),GO_Biological_Process_2021,1/106,0.1244753374689266,0.1677949483061301,0,0,7.884920634920635,16.42939655103013,IPO7
regulation of protein ubiquitination (GO:0031396),GO_Biological_Process_2021,1/109,0.1277720630553995,0.1707347218120186,0,0,7.664737654320987,15.770254135280071,MYCBP2
lipid transport (GO:0006869),GO_Biological_Process_2021,1/109,0.1277720630553995,0.1707347218120186,0,0,7.664737654320987,15.770254135280071,OSBP
regulation of macroautophagy (GO:0016241),GO_Biological_Process_2021,1/112,0.1310568698603139,0.173607801633143,0,0,7.456456456456457,15.152443590064316,MTOR
regulation of cytoskeleton organization (GO:0051493),GO_Biological_Process_2021,1/112,0.1310568698603139,0.173607801633143,0,0,7.456456456456457,15.152443590064316,MTOR
activation of protein kinase activity (GO:0032147),GO_Biological_Process_2021,1/114,0.1332401398918733,0.1757391500297984,0,0,7.323746312684365,14.761759295314553,MTOR
regulation of cellular response to stress (GO:0080135),GO_Biological_Process_2021,1/118,0.1375908921143905,0.1806987681845643,0,0,7.071937321937322,14.02697938619064,MTOR
macroautophagy (GO:0016236),GO_Biological_Process_2021,1/120,0.1397583985946458,0.1827609827776138,0,0,6.9523809523809526,13.681173830250405,AMBRA1
regulation of tumor necrosis factor production (GO:0032680),GO_Biological_Process_2021,1/124,0.1440777329710281,0.1868126537675195,0,0,6.724932249322493,13.02889929294851,ARFGEF2
defense response to symbiont (GO:0140546),GO_Biological_Process_2021,1/124,0.1440777329710281,0.1868126537675195,0,0,6.724932249322493,13.02889929294851,ZMYND11
circulatory system development (GO:0072359),GO_Biological_Process_2021,1/126,0.146229585037245,0.1888027553645442,0,0,6.616666666666666,12.721053744412291,WDR11
microtubule cytoskeleton organization involved in mitosis (GO:1902850),GO_Biological_Process_2021,1/128,0.1483762430447092,0.1893284668203455,0,0,6.511811023622047,12.424561795252188,EML4
plasma membrane bounded cell projection organization (GO:0120036),GO_Biological_Process_2021,1/128,0.1483762430447092,0.1893284668203455,0,0,6.511811023622047,12.424561795252188,TTC17
positive regulation of macromolecule biosynthetic process (GO:0010557),GO_Biological_Process_2021,1/129,0.1494476280522189,0.1893284668203455,0,0,6.460611979166667,12.280391085330436,MTOR
positive regulation of canonical Wnt signaling pathway (GO:0090263),GO_Biological_Process_2021,1/130,0.1505177190475093,0.1893284668203455,0,0,6.410206718346253,12.138844791932016,USP47
G2/M transition of mitotic cell cycle (GO:0000086),GO_Biological_Process_2021,1/130,0.1505177190475093,0.1893284668203455,0,0,6.410206718346253,12.138844791932016,KHDRBS1
protein glycosylation (GO:0006486),GO_Biological_Process_2021,1/130,0.1505177190475093,0.1893284668203455,0,0,6.410206718346253,12.138844791932016,DDOST
cellular response to hypoxia (GO:0071456),GO_Biological_Process_2021,1/131,0.1515865175522374,0.1893284668203455,0,0,6.360576923076923,11.99985643470596,MTOR
cell cycle G2/M phase transition (GO:0044839),GO_Biological_Process_2021,1/131,0.1515865175522374,0.1893284668203455,0,0,6.360576923076923,11.99985643470596,KHDRBS1
defense response to virus (GO:0051607),GO_Biological_Process_2021,1/133,0.1537202429870007,0.1904388435385515,0,0,6.263573232323233,11.729298347565283,ZMYND11
RNA metabolic process (GO:0016070),GO_Biological_Process_2021,1/133,0.1537202429870007,0.1904388435385515,0,0,6.263573232323233,11.729298347565283,MTREX
ribonucleoprotein complex assembly (GO:0022618),GO_Biological_Process_2021,1/136,0.1569111747282574,0.1936081430114789,0,0,6.1234567901234565,11.341103682737518,EIF4H
regulation of cellular component organization (GO:0051128),GO_Biological_Process_2021,1/139,0.1600905544475611,0.1967377898030269,0,0,5.989432367149759,10.97273388243861,MTOR
receptor-mediated endocytosis (GO:0006898),GO_Biological_Process_2021,1/143,0.1643118269041299,0.201117676130655,0,0,5.819542253521127,10.510030883267577,CANX
regulation of G2/M transition of mitotic cell cycle (GO:0010389),GO_Biological_Process_2021,1/149,0.1706055694327323,0.2079892599458808,0,0,5.581925675675675,9.871082937357729,USP47
response to cytokine (GO:0034097),GO_Biological_Process_2021,1/150,0.1716500926887488,0.2084322554077664,0,0,5.544183445190156,9.770499067592834,DDOST
positive regulation of Wnt signaling pathway (GO:0030177),GO_Biological_Process_2021,1/153,0.1747760909255384,0.2113892641233784,0,0,5.433936403508772,9.478141423883296,USP47
regulation of signal transduction by p53 class mediator (GO:1901796),GO_Biological_Process_2021,1/156,0.1778907625398479,0.2134689150478175,0,0,5.327956989247312,9.199173871921207,MTOR
peptidyl-serine phosphorylation (GO:0018105),GO_Biological_Process_2021,1/156,0.1778907625398479,0.2134689150478175,0,0,5.327956989247312,9.199173871921207,MTOR
mitotic spindle organization (GO:0007052),GO_Biological_Process_2021,1/157,0.1789264761901417,0.2138730535710288,0,0,5.2935363247863245,9.109013051824537,EML4
cellular response to starvation (GO:0009267),GO_Biological_Process_2021,1/158,0.1799609371529336,0.2142725555206136,0,0,5.259554140127388,9.02021670226334,MTOR
protein autophosphorylation (GO:0046777),GO_Biological_Process_2021,1/159,0.1809941468902013,0.2146674765441923,0,0,5.226002109704641,8.932756207815084,MTOR
rRNA metabolic process (GO:0016072),GO_Biological_Process_2021,1/162,0.1840862831598885,0.217491902111683,0,0,5.127846790890269,8.678115111541567,MTREX
heart development (GO:0007507),GO_Biological_Process_2021,1/164,0.186141477717026,0.2190742006977306,0,0,5.064417177914111,8.514542575961315,WDR11
cellular protein-containing complex assembly (GO:0034622),GO_Biological_Process_2021,1/168,0.1902369676638971,0.2230364448473276,0,0,4.942115768463074,8.20136592691404,EIF4H
peptidyl-serine modification (GO:0018209),GO_Biological_Process_2021,1/169,0.1912577445410111,0.2233773657616389,0,0,4.912450396825397,8.125847848686089,MTOR
rRNA processing (GO:0006364),GO_Biological_Process_2021,1/173,0.1953285127098871,0.2272643531909713,0,0,4.797238372093023,7.834237856747159,MTREX
RNA processing (GO:0006396),GO_Biological_Process_2021,1/179,0.2013978039759471,0.2334383636993932,0,0,4.634129213483146,7.426067881764699,DHX15
positive regulation of cellular biosynthetic process (GO:0031328),GO_Biological_Process_2021,1/180,0.2024050703435067,0.2337205717928795,0,0,4.608007448789572,7.361219511230814,MTOR
ribosome biogenesis (GO:0042254),GO_Biological_Process_2021,1/192,0.2143975342015282,0.2466377649085249,0,0,4.315881326352531,6.646126433634115,MTREX
regulation of signal transduction (GO:0009966),GO_Biological_Process_2021,1/198,0.2203286625590105,0.2515692938173777,0,0,4.1831641285956005,6.327600165017342,WDR11
negative regulation of intracellular signal transduction (GO:1902532),GO_Biological_Process_2021,1/198,0.2203286625590105,0.2515692938173777,0,0,4.1831641285956005,6.327600165017342,ZMYND11
endomembrane system organization (GO:0010256),GO_Biological_Process_2021,1/199,0.2213129952523347,0.2517538161606485,0,0,4.1618265993266,6.276772450735938,ARFGEF2
ncRNA processing (GO:0034470),GO_Biological_Process_2021,1/201,0.2232780827804394,0.2530484938178313,0,0,4.119791666666667,6.176957216862885,MTREX
mitotic cell cycle phase transition (GO:0044772),GO_Biological_Process_2021,1/209,0.2310909314312872,0.2609366236825605,0,0,3.959735576923077,5.800790888295069,KHDRBS1
phosphate-containing compound metabolic process (GO:0006796),GO_Biological_Process_2021,1/212,0.2340012537353759,0.2632514104522979,0,0,3.9028436018957344,5.668602471907256,MTOR
regulation of apoptotic process (GO:0042981),GO_Biological_Process_2021,2/742,0.2370130078677376,0.2656629318957059,0,0,2.2602820211515864,3.253992982669991,USP47;TNFAIP8
regulation of I-kappaB kinase/NF-kappaB signaling (GO:0043122),GO_Biological_Process_2021,1/224,0.2455371451908639,0.2742130161620597,0,0,3.690582959641256,5.182711628064661,ZMYND11
apoptotic process (GO:0006915),GO_Biological_Process_2021,1/231,0.2521891992459688,0.2796010687292262,0,0,3.5769927536231885,4.92757823392161,MTOR
regulation of autophagy (GO:0010506),GO_Biological_Process_2021,1/231,0.2521891992459688,0.2796010687292262,0,0,3.5769927536231885,4.92757823392161,MTOR
regulation of canonical Wnt signaling pathway (GO:0060828),GO_Biological_Process_2021,1/253,0.2727310911998157,0.3012841657297603,0,0,3.2610780423280423,4.237017552068407,USP47
positive regulation of cell differentiation (GO:0045597),GO_Biological_Process_2021,1/258,0.2773235736047722,0.305255444327555,0,0,3.196822308690013,4.100149407530658,MTOR
protein deubiquitination (GO:0016579),GO_Biological_Process_2021,1/267,0.2855199757491873,0.31315094114427,0,0,3.087249373433584,3.869691995435244,USP47
positive regulation of cell migration (GO:0030335),GO_Biological_Process_2021,1/269,0.287329240548391,0.3140098128850273,0,0,3.063899253731343,3.821070078643431,MTOR
protein modification by small protein removal (GO:0070646),GO_Biological_Process_2021,1/276,0.2936270943315572,0.319750501300557,0,0,2.984848484848485,3.657766766071708,USP47
plasma membrane bounded cell projection assembly (GO:0120031),GO_Biological_Process_2021,1/278,0.2954166453090328,0.320558487462993,0,0,2.9629963898916967,3.61298464745138,WDR11
positive regulation of programmed cell death (GO:0043068),GO_Biological_Process_2021,1/286,0.3025314223159862,0.327118781726826,0,0,2.878654970760234,3.441633901880741,TNFAIP8
DNA repair (GO:0006281),GO_Biological_Process_2021,1/298,0.313074417008322,0.3373266605793892,0,0,2.760662177328844,3.2059966370416184,USP47
positive regulation of apoptotic process (GO:0043065),GO_Biological_Process_2021,1/310,0.3234643246985458,0.347298538097386,0,0,2.651833872707659,2.9930359237917226,TNFAIP8
cilium assembly (GO:0060271),GO_Biological_Process_2021,1/314,0.3268939771659862,0.3497536958489223,0,0,2.61741214057508,2.9265792647122497,WDR11
negative regulation of gene expression (GO:0010629),GO_Biological_Process_2021,1/322,0.3337032769256238,0.3554591360698793,0,0,2.551142263759086,2.7998864748963337,TASOR
cellular response to oxygen-containing compound (GO:1901701),GO_Biological_Process_2021,1/323,0.3345497751245923,0.3554591360698793,0,0,2.5430900621118013,2.784606323145724,MTOR
cellular protein localization (GO:0034613),GO_Biological_Process_2021,1/329,0.3396071245423561,0.3595840142213182,0,0,2.495807926829268,2.6953873180216528,WDR11
positive regulation of multicellular organismal process (GO:0051240),GO_Biological_Process_2021,1/345,0.3529136452779844,0.372384742948494,0,0,2.377785852713178,2.47653977634839,MTOR
cellular protein modification process (GO:0006464),GO_Biological_Process_2021,2/1025,0.3691704588199363,0.3881998639137475,0,0,1.6109481915933528,1.6053047075547195,MTOR;DDOST
regulation of gene expression (GO:0010468),GO_Biological_Process_2021,2/1079,0.3937722268517975,0.4126517171803083,0,0,1.525816478947156,1.4220344721700258,TRA2B;MTOR
phosphorylation (GO:0016310),GO_Biological_Process_2021,1/400,0.396719541631115,0.4143214325567276,0,0,2.044277360066834,1.8899869413612855,MTOR
protein modification by small protein conjugation (GO:0032446),GO_Biological_Process_2021,1/409,0.4036111132626537,0.4200850362529661,0,0,1.9982638888888888,1.8130317314760551,MYCBP2
organelle organization (GO:0006996),GO_Biological_Process_2021,1/420,0.4119315430579297,0.4272917022905983,0,0,1.9447096260938743,1.724759274504905,TTC17
regulation of intracellular signal transduction (GO:1902531),GO_Biological_Process_2021,1/437,0.4245715872585513,0.4389152219632321,0,0,1.867259174311927,1.5996335967028463,MTOR
neutrophil degranulation (GO:0043312),GO_Biological_Process_2021,1/481,0.4560874828527986,0.4690467874598367,0,0,1.6922743055555556,1.3285548712835848,DDOST
positive regulation of gene expression (GO:0010628),GO_Biological_Process_2021,1/482,0.4567841263497756,0.4690467874598367,0,0,1.6886694386694387,1.323147433007726,MTOR
neutrophil activation involved in immune response (GO:0002283),GO_Biological_Process_2021,1/485,0.4588689212696588,0.4696116719348348,0,0,1.677944214876033,1.3071029121327715,DDOST
neutrophil mediated immunity (GO:0002446),GO_Biological_Process_2021,1/488,0.4609460339122279,0.4701649545904725,0,0,1.6673511293634498,1.2913206086637412,DDOST
protein phosphorylation (GO:0006468),GO_Biological_Process_2021,1/496,0.466447648734769,0.4741959485476389,0,0,1.6397306397306397,1.2504741409234437,MTOR
protein ubiquitination (GO:0016567),GO_Biological_Process_2021,1/525,0.4859426550175178,0.4923789815740412,0,0,1.5466762086513994,1.1161815538039357,MYCBP2
"regulation of transcription, DNA-templated (GO:0006355)",GO_Biological_Process_2021,3/2244,0.5432807633338783,0.5486597807926296,0,0,1.0791042959717658,0.6583928607484285,USP47;KHDRBS1;ZMYND11
cytokine-mediated signaling pathway (GO:0019221),GO_Biological_Process_2021,1/621,0.5457175734201437,0.5493078206136973,0,0,1.300739247311828,0.7877975402930191,CANX
positive regulation of cellular process (GO:0048522),GO_Biological_Process_2021,1/625,0.548057415341047,0.5498543248995422,0,0,1.2921340811965811,0.7770574238126305,USP47
"positive regulation of transcription, DNA-templated (GO:0045893)",GO_Biological_Process_2021,1/1183,0.7824285502661837,0.7824285502661837,0,0,0.6624717992103779,0.1625392249352305,MTOR
trans-Golgi network (GO:0005802),GO_Cellular_Component_2021,3/239,0.0031913737998027,0.0735371246455643,0,0,11.405431432973806,65.55047937712337,ARFGEF2;OSBP;WDR11
intracellular membrane-bounded organelle (GO:0043231),GO_Cellular_Component_2021,13/5192,0.0047750374386383,0.0735371246455643,0,0,3.094999034562657,16.540768813074674,ARFGEF2;USP47;KHDRBS1;MYCBP2;AMBRA1;MTOR;DDOST;WDR11;TRA2B;OSBP;DHX15;MTREX;ZMYND11
symmetric synapse (GO:0032280),GO_Cellular_Component_2021,1/6,0.007477446810139,0.0735371246455643,0,0,166.41666666666666,814.7533474976135,ARFGEF2
TORC1 complex (GO:0031931),GO_Cellular_Component_2021,1/6,0.007477446810139,0.0735371246455643,0,0,166.41666666666666,814.7533474976135,MTOR
lysosomal membrane (GO:0005765),GO_Cellular_Component_2021,3/330,0.0078230983665494,0.0735371246455643,0,0,8.19349457881568,39.74397597593186,MTOR;DDOST;WDR11
neuron to neuron synapse (GO:0098984),GO_Cellular_Component_2021,1/8,0.0099579917015561,0.075173358037723,0,0,118.85714285714286,547.8577209909951,ARFGEF2
TORC2 complex (GO:0031932),GO_Cellular_Component_2021,1/9,0.0111960320481715,0.075173358037723,0,0,103.99479166666669,467.1649710127919,MTOR
integral component of endoplasmic reticulum membrane (GO:0030176),GO_Cellular_Component_2021,2/142,0.0134940730405561,0.0792776791132673,0,0,12.319875776397517,53.04328335405592,SLC37A2;CANX
lumenal side of endoplasmic reticulum membrane (GO:0098553),GO_Cellular_Component_2021,1/28,0.0344383846472214,0.1471458253108553,0,0,30.78395061728395,103.69830823466704,CANX
integral component of lumenal side of endoplasmic reticulum membrane (GO:0071556),GO_Cellular_Component_2021,1/28,0.0344383846472214,0.1471458253108553,0,0,30.78395061728395,103.69830823466704,CANX
U12-type spliceosomal complex (GO:0005689),GO_Cellular_Component_2021,1/28,0.0344383846472214,0.1471458253108553,0,0,30.78395061728395,103.69830823466704,DHX15
lytic vacuole membrane (GO:0098852),GO_Cellular_Component_2021,2/267,0.0435418812930281,0.1705390350643603,0,0,6.467596390484004,20.269654152567213,MTOR;WDR11
endoplasmic reticulum membrane (GO:0005789),GO_Cellular_Component_2021,3/712,0.0577946294993183,0.1937299556029217,0,0,3.705475060905244,10.563788493544816,SLC37A2;CANX;DDOST
basement membrane (GO:0005604),GO_Cellular_Component_2021,1/52,0.0630482552333339,0.1937299556029217,0,0,16.27777777777778,44.98941570457079,ATRN
microtubule cytoskeleton (GO:0015630),GO_Cellular_Component_2021,2/331,0.0638166139501869,0.1937299556029217,0,0,5.192546583850931,14.288547045958206,EML4;WDR11
SCF ubiquitin ligase complex (GO:0019005),GO_Cellular_Component_2021,1/58,0.0700725371329717,0.1937299556029217,0,0,14.559941520467836,38.70359077425905,USP47
azurophil granule membrane (GO:0035577),GO_Cellular_Component_2021,1/58,0.0700725371329717,0.1937299556029217,0,0,14.559941520467836,38.70359077425905,DDOST
nucleus (GO:0005634),GO_Cellular_Component_2021,9/4484,0.086934537900267,0.2269957378506972,0,0,1.9483240223463687,4.758976026065962,USP47;KHDRBS1;TRA2B;MYCBP2;DHX15;MTREX;ZMYND11;MTOR;WDR11
Golgi membrane (GO:0000139),GO_Cellular_Component_2021,2/472,0.1168935740165886,0.2662057250539887,0,0,3.608695652173913,7.746034117410359,ARFGEF2;OSBP
phagocytic vesicle (GO:0045335),GO_Cellular_Component_2021,1/100,0.1178459640404217,0.2662057250539887,0,0,8.365319865319865,17.88820673407011,MTOR
lysosome (GO:0005764),GO_Cellular_Component_2021,2/477,0.1189429835347609,0.2662057250539887,0,0,3.569794050343249,7.6004878897346835,MTOR;WDR11
mitotic spindle (GO:0072686),GO_Cellular_Component_2021,1/120,0.1397583985946458,0.280318146031222,0,0,6.9523809523809526,13.681173830250405,EML4
intrinsic component of endoplasmic reticulum membrane (GO:0031227),GO_Cellular_Component_2021,1/121,0.1408401897643215,0.280318146031222,0,0,6.894097222222222,13.513322909030746,SLC37A2
mitochondrial outer membrane (GO:0005741),GO_Cellular_Component_2021,1/126,0.146229585037245,0.280318146031222,0,0,6.616666666666666,12.721053744412291,AMBRA1
asymmetric synapse (GO:0032279),GO_Cellular_Component_2021,1/133,0.1537202429870007,0.280318146031222,0,0,6.263573232323233,11.729298347565283,ARFGEF2
organelle outer membrane (GO:0031968),GO_Cellular_Component_2021,1/142,0.1632584222447486,0.280318146031222,0,0,5.861111111111111,10.622800398497253,AMBRA1
recycling endosome (GO:0055037),GO_Cellular_Component_2021,1/145,0.166414818095695,0.280318146031222,0,0,5.738136574074074,10.290037949128305,ARFGEF2
cytoskeleton (GO:0005856),GO_Cellular_Component_2021,2/600,0.1718991983922646,0.280318146031222,0,0,2.8176530463865057,4.961455997808368,TTC17;WDR11
azurophil granule (GO:0042582),GO_Cellular_Component_2021,1/155,0.1768537947593154,0.280318146031222,0,0,5.362824675324675,9.290728574129565,DDOST
cullin-RING ubiquitin ligase complex (GO:0031461),GO_Cellular_Component_2021,1/157,0.1789264761901417,0.280318146031222,0,0,5.2935363247863245,9.109013051824537,USP47
microtubule (GO:0005874),GO_Cellular_Component_2021,1/182,0.2044159453927395,0.3053540638627826,0,0,4.556629834254144,7.234098293342596,EML4
endocytic vesicle (GO:0030139),GO_Cellular_Component_2021,1/189,0.2114157508984971,0.3053540638627826,0,0,4.385416666666667,6.814624823124887,MTOR
spindle (GO:0005819),GO_Cellular_Component_2021,1/192,0.2143975342015282,0.3053540638627826,0,0,4.315881326352531,6.646126433634115,EML4
integral component of organelle membrane (GO:0031301),GO_Cellular_Component_2021,1/214,0.2359355904663216,0.3232941172545058,0,0,3.865805946791862,5.582983158869736,SLC37A2
lytic vacuole (GO:0000323),GO_Cellular_Component_2021,1/219,0.240750938381015,0.3232941172545058,0,0,3.77618501529052,5.377258500590991,MTOR
bounding membrane of organelle (GO:0098588),GO_Cellular_Component_2021,2/767,0.2487028690302971,0.3246954123451101,0,0,2.183574879227053,3.0384365663909385,ARFGEF2;OSBP
polymeric cytoskeletal fiber (GO:0099513),GO_Cellular_Component_2021,1/256,0.2754899314117173,0.3499466696311004,0,0,3.2222222222222223,4.154102414672389,EML4
secretory granule membrane (GO:0030667),GO_Cellular_Component_2021,1/274,0.2918331804044608,0.3609515652370963,0,0,3.007020757020757,3.7033653942225335,DDOST
endoplasmic reticulum lumen (GO:0005788),GO_Cellular_Component_2021,1/285,0.3016458617480426,0.3635219359527692,0,0,2.88893779342723,3.462396547239566,CANX
actin cytoskeleton (GO:0015629),GO_Cellular_Component_2021,1/316,0.3286025381562784,0.3861079823336272,0,0,2.6005291005291005,2.8941453474064565,TTC17
collagen-containing extracellular matrix (GO:0062023),GO_Cellular_Component_2021,1/380,0.3811301688380555,0.4369053154972832,0,0,2.154353562005277,2.07812027839606,ATRN
mitochondrial membrane (GO:0031966),GO_Cellular_Component_2021,1/469,0.4476605753151879,0.5009535009479484,0,0,1.7367343304843306,1.395848078080537,AMBRA1
nucleolus (GO:0005730),GO_Cellular_Component_2021,1/733,0.6070336465387923,0.654913615892399,0,0,1.095343806921676,0.5467639276185914,OSBP
nuclear lumen (GO:0031981),GO_Cellular_Component_2021,1/745,0.6131106191333098,0.654913615892399,0,0,1.0770049283154122,0.5268814775562934,OSBP
intracellular organelle lumen (GO:0070013),GO_Cellular_Component_2021,1/848,0.6616892145432984,0.6910976240785561,0,0,0.9409681227863046,0.3885815351572475,CANX
intracellular non-membrane-bounded organelle (GO:0043232),GO_Cellular_Component_2021,1/1158,0.7750808832007787,0.7919304676181871,0,0,0.6776865456640737,0.1726663248167411,OSBP
integral component of plasma membrane (GO:0005887),GO_Cellular_Component_2021,1/1454,0.8486443112062971,0.8486443112062971,0,0,0.5311424638678596,0.0871685149003162,ATRN
guanyl-nucleotide exchange factor activity (GO:0005085),GO_Molecular_Function_2021,3/149,0.0008263756085221022,0.0410659145229288,0,0,18.52023661270237,131.46518019400307,ARFGEF2;MYCBP2;EIF2B1
RNA binding (GO:0003723),GO_Molecular_Function_2021,7/1406,0.0013036798261247,0.0410659145229288,0,0,5.163688348820586,34.30013228361927,KHDRBS1;TRA2B;CANX;TASOR;DHX15;EIF4H;MTREX
double-stranded RNA binding (GO:0003725),GO_Molecular_Function_2021,2/73,0.0037336095301643,0.0610292467937236,0,0,24.377219840783837,136.27791764114787,DHX15;EIF4H
RNA strand annealing activity (GO:0033592),GO_Molecular_Function_2021,1/5,0.0062349390704731,0.0610292467937236,0,0,208.03125,1056.2966607689368,EIF4H
annealing activity (GO:0097617),GO_Molecular_Function_2021,1/5,0.0062349390704731,0.0610292467937236,0,0,208.03125,1056.2966607689368,EIF4H
RNA polymerase III cis-regulatory region sequence-specific DNA binding (GO:0000992),GO_Molecular_Function_2021,1/6,0.007477446810139,0.0610292467937236,0,0,166.41666666666666,814.7533474976135,MTOR
RNA polymerase III type 3 promoter sequence-specific DNA binding (GO:0001006),GO_Molecular_Function_2021,1/6,0.007477446810139,0.0610292467937236,0,0,166.41666666666666,814.7533474976135,MTOR
GTPase activator activity (GO:0005096),GO_Molecular_Function_2021,3/336,0.0082184061630562,0.0610292467937236,0,0,8.043407043407043,38.61944555528956,ARFGEF2;MYCBP2;EIF2B1
oxysterol binding (GO:0008142),GO_Molecular_Function_2021,1/7,0.0087184638276748,0.0610292467937236,0,0,138.67361111111111,657.6335609979999,OSBP
GABA receptor binding (GO:0050811),GO_Molecular_Function_2021,1/11,0.0136676567242548,0.0861062373628057,0,0,83.1875,357.1008995813401,ARFGEF2
ribosomal small subunit binding (GO:0043024),GO_Molecular_Function_2021,1/17,0.0210470025189844,0.0950458172180908,0,0,51.9765625,200.68135849118187,EIF4H
sterol transfer activity (GO:0120015),GO_Molecular_Function_2021,1/19,0.0234949864071648,0.0950458172180908,0,0,46.19675925925926,173.2825760780302,OSBP
ubiquitin-like protein-specific protease activity (GO:0019783),GO_Molecular_Function_2021,1/20,0.0247167737784927,0.0950458172180908,0,0,43.76315789473684,161.93563879493826,USP47
GTPase binding (GO:0051020),GO_Molecular_Function_2021,2/201,0.0259066293461877,0.0950458172180908,0,0,8.641468210618308,31.56949890512344,MYCBP2;AMBRA1
cysteine-type endopeptidase inhibitor activity involved in apoptotic process (GO:0043027),GO_Molecular_Function_2021,1/21,0.0259370936730085,0.0950458172180908,0,0,41.57291666666666,151.8276651730302,TNFAIP8
poly(A) binding (GO:0008143),GO_Molecular_Function_2021,1/22,0.0271559477765973,0.0950458172180908,0,0,39.59126984126984,142.77242140898989,KHDRBS1
poly(U) RNA binding (GO:0008266),GO_Molecular_Function_2021,1/22,0.0271559477765973,0.0950458172180908,0,0,39.59126984126984,142.77242140898989,KHDRBS1
protein kinase A regulatory subunit binding (GO:0034237),GO_Molecular_Function_2021,1/22,0.0271559477765973,0.0950458172180908,0,0,39.59126984126984,142.77242140898989,ARFGEF2
poly-pyrimidine tract binding (GO:0008187),GO_Molecular_Function_2021,1/25,0.0308037321003649,0.0989458820087099,0,0,34.63715277777778,120.54142818278338,KHDRBS1
phosphatidylinositol-4-phosphate binding (GO:0070273),GO_Molecular_Function_2021,1/26,0.0320167398038226,0.0989458820087099,0,0,33.25,114.42975510355669,OSBP
poly-purine tract binding (GO:0070717),GO_Molecular_Function_2021,1/28,0.0344383846472214,0.0989458820087099,0,0,30.78395061728395,103.69830823466704,KHDRBS1
pre-mRNA binding (GO:0036002),GO_Molecular_Function_2021,1/29,0.0356470251349897,0.0989458820087099,0,0,29.683035714285715,98.96590013795104,TRA2B
alpha-tubulin binding (GO:0043014),GO_Molecular_Function_2021,1/31,0.0380599505912853,0.0989458820087099,0,0,27.70138888888889,90.5445579257637,EML4
beta-tubulin binding (GO:0048487),GO_Molecular_Function_2021,1/32,0.0392642388923452,0.0989458820087099,0,0,26.806451612903224,86.78430889945572,EML4
SH2 domain binding (GO:0042169),GO_Molecular_Function_2021,1/32,0.0392642388923452,0.0989458820087099,0,0,26.806451612903224,86.78430889945572,KHDRBS1
mRNA binding (GO:0003729),GO_Molecular_Function_2021,2/263,0.0423722965339236,0.1026713339091228,0,0,6.568049308678994,20.76331493304725,KHDRBS1;TRA2B
cysteine-type endopeptidase inhibitor activity (GO:0004869),GO_Molecular_Function_2021,1/40,0.048846578661385,0.1125852754011546,0,0,21.299145299145295,64.30363063192733,TNFAIP8
translation initiation factor activity (GO:0003743),GO_Molecular_Function_2021,1/41,0.0500379001782909,0.1125852754011546,0,0,20.765625,62.19251853785659,EIF2B1
single-stranded RNA binding (GO:0003727),GO_Molecular_Function_2021,1/45,0.054788877942146,0.1190241141501794,0,0,18.87405303030303,54.81530943314256,EIF4H
zinc ion binding (GO:0008270),GO_Molecular_Function_2021,2/336,0.065515673488025,0.1375829143248525,0,0,5.113512106222338,13.936702747280004,MYCBP2;ZMYND11
sterol binding (GO:0032934),GO_Molecular_Function_2021,1/60,0.0724027096697759,0.1448760632378918,0,0,14.064971751412427,36.927745838789015,OSBP
SH3 domain binding (GO:0017124),GO_Molecular_Function_2021,1/62,0.074727276437816,0.1448760632378918,0,0,13.602459016393444,35.28355592362645,KHDRBS1
methylation-dependent protein binding (GO:0140034),GO_Molecular_Function_2021,1/63,0.0758874616960385,0.1448760632378918,0,0,13.38239247311828,34.506549888818924,ZMYND11
methylated histone binding (GO:0035064),GO_Molecular_Function_2021,1/68,0.0816674711385058,0.1513250200507608,0,0,12.380597014925373,31.014627471998192,ZMYND11
protein tyrosine kinase binding (GO:1990782),GO_Molecular_Function_2021,1/72,0.0862664748551896,0.1552796547393412,0,0,11.68075117370892,28.621510800477843,KHDRBS1
transition metal ion binding (GO:0046914),GO_Molecular_Function_2021,2/445,0.105998062989128,0.185496610230974,0,0,3.833938561193444,8.604640425519106,MYCBP2;ZMYND11
cysteine-type peptidase activity (GO:0008234),GO_Molecular_Function_2021,1/98,0.1156254840416987,0.1936138914030707,0,0,8.538659793814434,18.42129521976745,USP47
phosphatidylinositol phosphate binding (GO:1901981),GO_Molecular_Function_2021,1/102,0.1200610913811501,0.1936138914030707,0,0,8.198844884488448,17.379538920010766,OSBP
cysteine-type endopeptidase activity (GO:0004197),GO_Molecular_Function_2021,1/105,0.1233737731565347,0.1936138914030707,0,0,7.96113782051282,16.65897326458128,USP47
thiol-dependent deubiquitinase (GO:0004843),GO_Molecular_Function_2021,1/106,0.1244753374689266,0.1936138914030707,0,0,7.884920634920635,16.42939655103013,USP47
deubiquitinase activity (GO:0101005),GO_Molecular_Function_2021,1/112,0.1310568698603139,0.1936138914030707,0,0,7.456456456456457,15.152443590064316,USP47
kinase activity (GO:0016301),GO_Molecular_Function_2021,1/112,0.1310568698603139,0.1936138914030707,0,0,7.456456456456457,15.152443590064316,MTOR
omega peptidase activity (GO:0008242),GO_Molecular_Function_2021,1/113,0.1321491639735245,0.1936138914030707,0,0,7.389508928571429,14.955065254027492,USP47
small GTPase binding (GO:0031267),GO_Molecular_Function_2021,1/175,0.1973565131831041,0.2825786438758082,0,0,4.74161877394636,7.694430922612355,MYCBP2
microtubule binding (GO:0008017),GO_Molecular_Function_2021,1/232,0.2531348840444117,0.3479783370712986,0,0,3.561327561327561,4.892668593240519,EML4
GTPase regulator activity (GO:0030695),GO_Molecular_Function_2021,1/233,0.2540794207187259,0.3479783370712986,0,0,3.545797413793104,4.858126753408722,IPO7
DNA binding (GO:0003677),GO_Molecular_Function_2021,2/811,0.2693462810954718,0.3610386321066963,0,0,2.0600849142795723,2.7023317069730752,KHDRBS1;ZMYND11
ubiquitin protein ligase activity (GO:0061630),GO_Molecular_Function_2021,1/263,0.2818882087927792,0.3622290390620303,0,0,3.135019083969466,3.969701328821864,MYCBP2
ubiquitin protein ligase binding (GO:0031625),GO_Molecular_Function_2021,1/265,0.2837063019300465,0.3622290390620303,0,0,3.110953282828283,3.919227862506653,AMBRA1
ubiquitin-like protein ligase activity (GO:0061659),GO_Molecular_Function_2021,1/270,0.2882322227918819,0.3622290390620303,0,0,3.052354399008674,3.797094669564892,MYCBP2
ATP binding (GO:0005524),GO_Molecular_Function_2021,1/278,0.2954166453090328,0.3622290390620303,0,0,2.9629963898916967,3.61298464745138,MTREX
ubiquitin-like protein ligase binding (GO:0044389),GO_Molecular_Function_2021,1/282,0.2989826989083425,0.3622290390620303,0,0,2.9202253855278766,3.5257912693372764,AMBRA1
adenyl ribonucleotide binding (GO:0032559),GO_Molecular_Function_2021,1/306,0.3200178996557216,0.3743612630886236,0,0,2.6871584699453552,3.061690179183596,MTREX
tubulin binding (GO:0015631),GO_Molecular_Function_2021,1/307,0.3208810826473916,0.3743612630886236,0,0,2.678240740740741,3.04431522880984,EML4
endopeptidase activity (GO:0004175),GO_Molecular_Function_2021,1/315,0.3277487787671766,0.3754161865413268,0,0,2.6089437367303607,2.91029730320718,USP47
cadherin binding (GO:0045296),GO_Molecular_Function_2021,1/322,0.3337032769256238,0.3754161865413268,0,0,2.551142263759086,2.7998864748963337,EIF4H
protein serine/threonine kinase activity (GO:0004674),GO_Molecular_Function_2021,1/344,0.3520895847317558,0.3860159832813972,0,0,2.3848396501457727,2.4894616919959627,MTOR
calcium ion binding (GO:0005509),GO_Molecular_Function_2021,1/348,0.35537979413208,0.3860159832813972,0,0,2.356868395773295,2.438341138054956,CANX
ubiquitin-protein transferase activity (GO:0004842),GO_Molecular_Function_2021,1/392,0.3905295744499545,0.4170061557685955,0,0,2.0869565217391304,1.9622641622464805,MYCBP2
purine ribonucleoside triphosphate binding (GO:0035639),GO_Molecular_Function_2021,1/460,0.4412582900952471,0.4633212046000095,0,0,1.771604938271605,1.44939408312887,MTREX
protein kinase binding (GO:0019901),GO_Molecular_Function_2021,1/506,0.4732488934784346,0.4883862856706144,0,0,1.6064356435643563,1.2018288458951123,KHDRBS1
metal ion binding (GO:0046872),GO_Molecular_Function_2021,1/517,0.4806341224060014,0.4883862856706144,0,0,1.5713016795865633,1.1512125392014654,CANX
double-stranded DNA binding (GO:0003690),GO_Molecular_Function_2021,1/651,0.5629867588990279,0.5629867588990279,0,0,1.238782051282051,0.7116792602085816,ZMYND11
