Term,Gene_set,Overlap,P-value,Adjusted P-value,Old P-value,Old Adjusted P-value,Odds Ratio,Combined Score,Genes
cytoplasmic translation (GO:0002181),GO_Biological_Process_2021,7/93,2.755315258959379e-12,2.5943097465632016e-10,0,0,124.55992844364935,3315.472556118634,RPL7A;EIF3I;RPL22;RPL37A;RPL13;RPS2;RPL8
rRNA processing (GO:0006364),GO_Biological_Process_2021,8/173,3.0701890491872217e-12,2.5943097465632016e-10,0,0,80.06060606060606,2122.349181284948,RSL1D1;RPL7A;RPL22;RPL37A;RPL13;SNU13;RPS2;RPL8
rRNA metabolic process (GO:0016072),GO_Biological_Process_2021,7/162,1.4245487162891908e-10,8.024957768429109e-09,0,0,68.87096774193549,1561.4422952920938,RPL7A;RPL22;RPL37A;RPL13;SNU13;RPS2;RPL8
SRP-dependent cotranslational protein targeting to membrane (GO:0006614),GO_Biological_Process_2021,6/90,2.5825572427481947e-10,1.0911304350611122e-08,0,0,101.51020408163264,2241.0479667510067,RPL7A;RPL22;RPL37A;RPL13;RPS2;RPL8
cotranslational protein targeting to membrane (GO:0006613),GO_Biological_Process_2021,6/94,3.369204418921072e-10,1.138791093595322e-08,0,0,96.87662337662336,2112.9929171831877,RPL7A;RPL22;RPL37A;RPL13;RPS2;RPL8
ribosome biogenesis (GO:0042254),GO_Biological_Process_2021,7/192,4.696255604527273e-10,1.3227786619418484e-08,0,0,57.61538461538461,1237.5257675810858,RPL7A;RPL22;RPL37A;RPL13;SNU13;RPS2;RPL8
protein targeting to ER (GO:0045047),GO_Biological_Process_2021,6/103,5.884728986514082e-10,1.3669439072155642e-08,0,0,87.84830633284241,1867.0831214088207,RPL7A;RPL22;RPL37A;RPL13;RPS2;RPL8
ncRNA processing (GO:0034470),GO_Biological_Process_2021,7/201,6.470740389186103e-10,1.3669439072155642e-08,0,0,54.91752577319588,1161.9757857495918,RPL7A;RPL22;RPL37A;RPL13;SNU13;RPS2;RPL8
translation (GO:0006412),GO_Biological_Process_2021,7/214,1.0024464786296463e-09,1.7468064188088197e-08,0,0,51.43478260869565,1065.770992843699,RPL7A;RPL22;RPL37A;RPL13;RPS2;EEF2;RPL8
"nuclear-transcribed mRNA catabolic process, nonsense-mediated decay (GO:0000184)",GO_Biological_Process_2021,6/113,1.033613265567349e-09,1.7468064188088197e-08,0,0,79.59813084112149,1646.9016565517954,RPL7A;RPL22;RPL37A;RPL13;RPS2;RPL8
peptide biosynthetic process (GO:0043043),GO_Biological_Process_2021,6/162,9.080290783900252e-09,1.3950628567992206e-07,0,0,54.46153846153846,1008.4730008532814,RPL7A;RPL22;RPL37A;RPL13;RPS2;RPL8
nuclear-transcribed mRNA catabolic process (GO:0000956),GO_Biological_Process_2021,6/171,1.2554364075989056e-08,1.768072940701792e-07,0,0,51.46753246753247,936.3589828483972,RPL7A;RPL22;RPL37A;RPL13;RPS2;RPL8
cellular macromolecule biosynthetic process (GO:0034645),GO_Biological_Process_2021,7/314,1.4307378609175261e-08,1.8599592191927842e-07,0,0,34.5053871210223,623.2532252124569,RPL7A;RPL22;RPL37A;RPL13;RPS2;EEF2;RPL8
gene expression (GO:0010467),GO_Biological_Process_2021,6/356,9.57285366538006e-07,1.155580192463736e-05,0,0,24.036734693877552,333.12905538903635,RPL7A;RPL22;RPL37A;RPL13;RPS2;RPL8
maturation of LSU-rRNA (GO:0000470),GO_Biological_Process_2021,3/26,2.1907791586236774e-06,2.4682778520493435e-05,0,0,153.1227621483376,1995.3814991245245,RSL1D1;RPL7A;SNU13
cellular protein metabolic process (GO:0044267),GO_Biological_Process_2021,6/417,2.3975761977852784e-06,2.5324398589107e-05,0,0,20.40563086548488,264.07033519405263,RPL7A;RPL22;RPL37A;RPL13;RPS2;RPL8
ribosomal large subunit biogenesis (GO:0042273),GO_Biological_Process_2021,3/57,2.417270973182761e-05,0.0002403051732164039,0,0,65.11764705882354,692.2192286932735,RSL1D1;RPL7A;SNU13
positive regulation of cellular amide metabolic process (GO:0034250),GO_Biological_Process_2021,3/81,6.941600980968772e-05,0.0006517392032131792,0,0,45.02714932126697,431.15265168858576,RACK1;EEF2;EIF3D
cytoplasmic translational initiation (GO:0002183),GO_Biological_Process_2021,2/19,0.0001608034054265043,0.0014303039745831,0,0,130.47712418300654,1139.760479290825,EIF3I;EIF3D
regulation of translation (GO:0006417),GO_Biological_Process_2021,3/178,0.0007068287601900433,0.0059727030236058,0,0,19.97142857142857,144.88716477776316,RACK1;EEF2;EIF3D
regulation of protein localization (GO:0032880),GO_Biological_Process_2021,2/66,0.001961104016553,0.0157822180379744,0,0,34.576388888888886,215.55777257871145,RSL1D1;RACK1
positive regulation of translation (GO:0045727),GO_Biological_Process_2021,2/100,0.004434499847536,0.0290822233660631,0,0,22.54195011337869,122.13995997533476,EEF2;EIF3D
positive regulation of cellular protein metabolic process (GO:0032270),GO_Biological_Process_2021,2/102,0.0046090529183839,0.0290822233660631,0,0,22.08888888888889,118.83232192165296,EEF2;EIF3D
translational elongation (GO:0006414),GO_Biological_Process_2021,2/104,0.0047867577714046,0.0290822233660631,0,0,21.65359477124183,115.67138059180392,RACK1;EEF2
negative regulation of hydrogen peroxide-induced neuron death (GO:1903208),GO_Biological_Process_2021,1/5,0.0049904406959516,0.0290822233660631,0,0,262.8421052631579,1393.123889480945,RACK1
rescue of stalled ribosome (GO:0072344),GO_Biological_Process_2021,1/5,0.0049904406959516,0.0290822233660631,0,0,262.8421052631579,1393.123889480945,RACK1
regulation of mRNA binding (GO:1902415),GO_Biological_Process_2021,1/5,0.0049904406959516,0.0290822233660631,0,0,262.8421052631579,1393.123889480945,EIF3D
positive regulation of Golgi to plasma membrane protein transport (GO:0042998),GO_Biological_Process_2021,1/5,0.0049904406959516,0.0290822233660631,0,0,262.8421052631579,1393.123889480945,RACK1
positive regulation of mitochondrial depolarization (GO:0051901),GO_Biological_Process_2021,1/5,0.0049904406959516,0.0290822233660631,0,0,262.8421052631579,1393.123889480945,RACK1
positive regulation of RNA binding (GO:1905216),GO_Biological_Process_2021,1/6,0.0059856908667451,0.0337193918826644,0,0,210.26315789473685,1076.2074808846232,EIF3D
positive regulation of gastrulation (GO:2000543),GO_Biological_Process_2021,1/7,0.0069799958941807,0.0346946854740162,0,0,175.21052631578948,869.8689177892479,RACK1
marginal zone B cell differentiation (GO:0002315),GO_Biological_Process_2021,1/7,0.0069799958941807,0.0346946854740162,0,0,175.21052631578948,869.8689177892479,MFNG
positive regulation of membrane depolarization (GO:1904181),GO_Biological_Process_2021,1/7,0.0069799958941807,0.0346946854740162,0,0,175.21052631578948,869.8689177892479,RACK1
positive regulation of mRNA binding (GO:1902416),GO_Biological_Process_2021,1/7,0.0069799958941807,0.0346946854740162,0,0,175.21052631578948,869.8689177892479,EIF3D
positive regulation of macromolecule biosynthetic process (GO:0010557),GO_Biological_Process_2021,2/129,0.007269141613339,0.0350995695044086,0,0,17.36920384951881,85.52799311302711,EEF2;EIF3D
regulation of Golgi to plasma membrane protein transport (GO:0042996),GO_Biological_Process_2021,1/8,0.0079733565142536,0.0364188446191583,0,0,150.17293233082708,725.5830081396662,RACK1
regulation of cyclic-nucleotide phosphodiesterase activity (GO:0051342),GO_Biological_Process_2021,1/8,0.0079733565142536,0.0364188446191583,0,0,150.17293233082708,725.5830081396662,RACK1
regulation of endoplasmic reticulum unfolded protein response (GO:1900101),GO_Biological_Process_2021,1/10,0.0099572476243861,0.0440517802329204,0,0,116.78947368421052,538.3357753631753,RACK1
regulation of mitochondrial depolarization (GO:0051900),GO_Biological_Process_2021,1/11,0.0109477797028559,0.0440517802329204,0,0,105.10526315789474,474.5101770765117,RACK1
positive regulation of ceramide biosynthetic process (GO:2000304),GO_Biological_Process_2021,1/11,0.0109477797028559,0.0440517802329204,0,0,105.10526315789474,474.5101770765117,RACK1
negative regulation of oxidative stress-induced neuron death (GO:1903204),GO_Biological_Process_2021,1/11,0.0109477797028559,0.0440517802329204,0,0,105.10526315789474,474.5101770765117,RACK1
positive regulation of sphingolipid biosynthetic process (GO:0090154),GO_Biological_Process_2021,1/11,0.0109477797028559,0.0440517802329204,0,0,105.10526315789474,474.5101770765117,RACK1
"mitochondrial electron transport, ubiquinol to cytochrome c (GO:0006122)",GO_Biological_Process_2021,1/12,0.0119373705403343,0.0455103654383138,0,0,95.54545454545456,423.0830518492731,CYC1
"energy coupled proton transport, down electrochemical gradient (GO:0015985)",GO_Biological_Process_2021,1/12,0.0119373705403343,0.0455103654383138,0,0,95.54545454545456,423.0830518492731,ATP5MC2
regulation of cell aging (GO:0090342),GO_Biological_Process_2021,1/13,0.0129260209528938,0.0455103654383138,0,0,87.57894736842105,380.8381798737429,RSL1D1
negative regulation of endoplasmic reticulum unfolded protein response (GO:1900102),GO_Biological_Process_2021,1/13,0.0129260209528938,0.0455103654383138,0,0,87.57894736842105,380.8381798737429,RACK1
mature B cell differentiation involved in immune response (GO:0002313),GO_Biological_Process_2021,1/13,0.0129260209528938,0.0455103654383138,0,0,87.57894736842105,380.8381798737429,MFNG
negative regulation of hydrogen peroxide-induced cell death (GO:1903206),GO_Biological_Process_2021,1/13,0.0129260209528938,0.0455103654383138,0,0,87.57894736842105,380.8381798737429,RACK1
positive regulation of cellular biosynthetic process (GO:0031328),GO_Biological_Process_2021,2/180,0.0137592371404689,0.0470284133515716,0,0,12.36079900124844,52.9789393756764,EEF2;EIF3D
regulation of gastrulation (GO:0010470),GO_Biological_Process_2021,1/14,0.01391373176082,0.0470284133515716,0,0,80.83805668016194,345.57291333057793,RACK1
regulation of ceramide biosynthetic process (GO:2000303),GO_Biological_Process_2021,1/16,0.0158863378646896,0.0516305980602412,0,0,70.05263157894737,290.1787210723924,RACK1
regulation of establishment of cell polarity (GO:2000114),GO_Biological_Process_2021,1/16,0.0158863378646896,0.0516305980602412,0,0,70.05263157894737,290.1787210723924,RACK1
mitochondrial ATP synthesis coupled proton transport (GO:0042776),GO_Biological_Process_2021,1/17,0.0168712348172723,0.0528007163725746,0,0,65.67105263157895,268.0787715603985,ATP5MC2
negative regulation of phagocytosis (GO:0050765),GO_Biological_Process_2021,1/17,0.0168712348172723,0.0528007163725746,0,0,65.67105263157895,268.0787715603985,RACK1
regulation of establishment or maintenance of cell polarity (GO:0032878),GO_Biological_Process_2021,1/18,0.0178551954764704,0.0548641461004273,0,0,61.80495356037152,248.79341471282052,RACK1
ATP synthesis coupled proton transport (GO:0015986),GO_Biological_Process_2021,1/19,0.0188382206720142,0.0568510588137573,0,0,58.36842105263158,231.8316321803268,ATP5MC2
positive regulation of embryonic development (GO:0040019),GO_Biological_Process_2021,1/20,0.019820311238232,0.0587654841975653,0,0,55.29362880886426,216.80897525048425,RACK1
negative regulation of peptidyl-serine phosphorylation (GO:0033137),GO_Biological_Process_2021,1/21,0.0208014680109953,0.060611174032038,0,0,52.526315789473685,203.4203291515269,RACK1
glutathione derivative biosynthetic process (GO:1901687),GO_Biological_Process_2021,1/22,0.0217816918149241,0.0613517652787029,0,0,50.02255639097744,191.42059056605152,GSTK1
glutathione derivative metabolic process (GO:1901685),GO_Biological_Process_2021,1/22,0.0217816918149241,0.0613517652787029,0,0,50.02255639097744,191.42059056605152,GSTK1
negative regulation of smoothened signaling pathway (GO:0045879),GO_Biological_Process_2021,1/23,0.0227609834903901,0.0630591181946873,0,0,47.74641148325359,180.6107068727385,RACK1
negative regulation of response to endoplasmic reticulum stress (GO:1903573),GO_Biological_Process_2021,1/25,0.0247167737784927,0.066303726485163,0,0,43.76315789473684,161.93563879493826,RACK1
cellular response to hexose stimulus (GO:0071331),GO_Biological_Process_2021,1/25,0.0247167737784927,0.066303726485163,0,0,43.76315789473684,161.93563879493826,RACK1
cristae formation (GO:0042407),GO_Biological_Process_2021,1/28,0.0276434890482457,0.0729960882680239,0,0,38.89473684210526,139.56851455439977,ATP5MC2
regulation of ubiquitin-protein transferase activity (GO:0051438),GO_Biological_Process_2021,1/29,0.0286172054274548,0.0744047341113825,0,0,37.50375939849624,133.2788782141628,RPS2
positive regulation of ubiquitin-protein transferase activity (GO:0051443),GO_Biological_Process_2021,1/31,0.0305618601074184,0.0770888710172197,0,0,35.0,122.08008572013848,RPS2
regulation of cellular senescence (GO:2000772),GO_Biological_Process_2021,1/31,0.0305618601074184,0.0770888710172197,0,0,35.0,122.08008572013848,RSL1D1
cellular response to glucose stimulus (GO:0071333),GO_Biological_Process_2021,1/32,0.0315328000758389,0.0783682825414232,0,0,33.869269949066215,117.07681999296598,RACK1
maturation of SSU-rRNA (GO:0030490),GO_Biological_Process_2021,1/35,0.0344400804224879,0.0843532404550791,0,0,30.876160990712076,104.00740624656504,SNU13
bone development (GO:0060348),GO_Biological_Process_2021,1/40,0.039267132268101,0.0909061007302612,0,0,26.910931174089068,87.12057233834933,RPL13
positive regulation of intrinsic apoptotic signaling pathway (GO:2001244),GO_Biological_Process_2021,1/40,0.039267132268101,0.0909061007302612,0,0,26.910931174089068,87.12057233834933,RACK1
ribosomal small subunit biogenesis (GO:0042274),GO_Biological_Process_2021,1/40,0.039267132268101,0.0909061007302612,0,0,26.910931174089068,87.12057233834933,SNU13
negative regulation of protein kinase B signaling (GO:0051898),GO_Biological_Process_2021,1/40,0.039267132268101,0.0909061007302612,0,0,26.910931174089068,87.12057233834933,RACK1
response to growth factor (GO:0070848),GO_Biological_Process_2021,1/41,0.0402297877766736,0.0918761369494303,0,0,26.23684210526316,84.30284540999916,RACK1
cellular glucose homeostasis (GO:0001678),GO_Biological_Process_2021,1/43,0.0421523505298068,0.093733516309702,0,0,24.98496240601504,79.11400474395023,RACK1
glutathione metabolic process (GO:0006749),GO_Biological_Process_2021,1/43,0.0421523505298068,0.093733516309702,0,0,24.98496240601504,79.11400474395023,GSTK1
establishment of protein localization to mitochondrion (GO:0072655),GO_Biological_Process_2021,1/48,0.0469427643840033,0.1024655815155901,0,0,22.32138857782755,68.27724816722397,SLC25A6
response to glucose (GO:0009749),GO_Biological_Process_2021,1/49,0.0478981120694178,0.1024655815155901,0,0,21.855263157894736,66.41113333547993,RACK1
inner mitochondrial membrane organization (GO:0007007),GO_Biological_Process_2021,1/49,0.0478981120694178,0.1024655815155901,0,0,21.855263157894736,66.41113333547993,ATP5MC2
regulation of smoothened signaling pathway (GO:0008589),GO_Biological_Process_2021,1/51,0.0498060789247286,0.1033520512708089,0,0,20.978947368421053,62.92883309083605,RACK1
negative regulation of transport (GO:0051051),GO_Biological_Process_2021,1/51,0.0498060789247286,0.1033520512708089,0,0,20.978947368421053,62.92883309083605,RACK1
positive regulation of protein localization to plasma membrane (GO:1903078),GO_Biological_Process_2021,1/52,0.0507586997365511,0.1033520512708089,0,0,20.56656346749226,61.30218505418602,RACK1
regulation of intrinsic apoptotic signaling pathway (GO:2001242),GO_Biological_Process_2021,1/52,0.0507586997365511,0.1033520512708089,0,0,20.56656346749226,61.30218505418602,RACK1
protein targeting to mitochondrion (GO:0006626),GO_Biological_Process_2021,1/55,0.0536111215176,0.1078604706723143,0,0,19.42105263157895,56.82597555721978,SLC25A6
mitochondrial transport (GO:0006839),GO_Biological_Process_2021,1/56,0.0545601179499192,0.1084783521592512,0,0,19.066985645933013,55.45541451142644,SLC25A6
regulation of phagocytosis (GO:0050764),GO_Biological_Process_2021,1/58,0.0564553994621354,0.1096662357367917,0,0,18.39612188365651,52.87605301742885,RACK1
regulation of tumor necrosis factor-mediated signaling pathway (GO:0010803),GO_Biological_Process_2021,1/58,0.0564553994621354,0.1096662357367917,0,0,18.39612188365651,52.87605301742885,RACK1
positive regulation of apoptotic signaling pathway (GO:2001235),GO_Biological_Process_2021,1/59,0.0574016861834188,0.110237329147702,0,0,18.07803992740472,51.661282065881295,RACK1
double-strand break repair via nonhomologous end joining (GO:0006303),GO_Biological_Process_2021,1/62,0.0602351399190365,0.1143790859136761,0,0,17.186367558239862,48.28508895429952,PAXX
positive regulation of protein transport (GO:0051222),GO_Biological_Process_2021,1/69,0.0668150987603724,0.1254639076722549,0,0,15.411764705882351,41.70155664670343,RACK1
aerobic electron transport chain (GO:0019646),GO_Biological_Process_2021,1/70,0.0677515123929905,0.1258242373012681,0,0,15.187643020594964,40.88374528633187,CYC1
mitochondrial ATP synthesis coupled electron transport (GO:0042775),GO_Biological_Process_2021,1/71,0.0686870333104677,0.1261750937985765,0,0,14.969924812030076,40.09237540517205,CYC1
regulation of cytokine-mediated signaling pathway (GO:0001959),GO_Biological_Process_2021,1/74,0.0714882479432861,0.1285267436427165,0,0,14.352559480894016,37.865241152955655,RACK1
negative regulation of protein binding (GO:0032091),GO_Biological_Process_2021,1/74,0.0714882479432861,0.1285267436427165,0,0,14.352559480894016,37.865241152955655,RACK1
regulation of cell division (GO:0051302),GO_Biological_Process_2021,1/76,0.0733512756104792,0.1304880587175893,0,0,13.968421052631578,36.49243551909278,RACK1
positive regulation of ubiquitin-dependent protein catabolic process (GO:2000060),GO_Biological_Process_2021,1/79,0.0761391600452789,0.1326548252335271,0,0,13.429149797570853,34.58264664318254,RACK1
positive regulation of proteasomal ubiquitin-dependent protein catabolic process (GO:0032436),GO_Biological_Process_2021,1/79,0.0761391600452789,0.1326548252335271,0,0,13.429149797570853,34.58264664318254,RACK1
activation of cysteine-type endopeptidase activity involved in apoptotic process (GO:0006919),GO_Biological_Process_2021,1/81,0.0779933209779836,0.1336002667658699,0,0,13.092105263157896,33.39968978978988,RACK1
positive regulation of protein ubiquitination (GO:0031398),GO_Biological_Process_2021,1/82,0.0789190752282122,0.1336002667658699,0,0,12.929824561403509,32.8331213455501,RPS2
peptide metabolic process (GO:0006518),GO_Biological_Process_2021,1/83,0.0798439464103719,0.1336002667658699,0,0,12.771501925545572,32.28228555834262,GSTK1
regulation of Notch signaling pathway (GO:0008593),GO_Biological_Process_2021,1/83,0.0798439464103719,0.1336002667658699,0,0,12.771501925545572,32.28228555834262,MFNG
negative regulation of cellular amide metabolic process (GO:0034249),GO_Biological_Process_2021,1/86,0.0826132694677771,0.1345402580272266,0,0,12.318885448916408,30.718187529247054,RACK1
positive regulation of proteasomal protein catabolic process (GO:1901800),GO_Biological_Process_2021,1/86,0.0826132694677771,0.1345402580272266,0,0,12.318885448916408,30.718187529247054,RACK1
positive regulation of gene expression (GO:0010628),GO_Biological_Process_2021,2/482,0.0827940049398317,0.1345402580272266,0,0,4.513888888888889,11.245901082002437,EEF2;EIF3D
negative regulation of binding (GO:0051100),GO_Biological_Process_2021,1/88,0.0844550840845328,0.1359324686693909,0,0,12.03448275862069,29.7436505826784,RACK1
negative regulation of translation (GO:0017148),GO_Biological_Process_2021,1/90,0.0862933855050247,0.1375809636825394,0,0,11.762862211709049,28.81903981668561,RACK1
positive regulation of cellular component biogenesis (GO:0044089),GO_Biological_Process_2021,1/92,0.0881281800641533,0.1391931068302983,0,0,11.50318102949682,27.94080032839929,RACK1
negative regulation of cellular protein metabolic process (GO:0032269),GO_Biological_Process_2021,1/94,0.0899594741237405,0.1407699178417792,0,0,11.254668930390492,27.10569960599241,RACK1
regulation of peptidyl-serine phosphorylation (GO:0033135),GO_Biological_Process_2021,1/98,0.0936115860195749,0.1451408994248456,0,0,10.788388497015736,25.553389086720664,RACK1
epithelial cell differentiation (GO:0030855),GO_Biological_Process_2021,1/101,0.0963415280618174,0.1480156203858831,0,0,10.463157894736842,24.48228086178406,GSTK1
regulation of proteasomal ubiquitin-dependent protein catabolic process (GO:0032434),GO_Biological_Process_2021,1/102,0.0972497716409988,0.1480649676335929,0,0,10.359041167274622,24.14146206514577,RACK1
regulation of Wnt signaling pathway (GO:0030111),GO_Biological_Process_2021,1/111,0.1053850316942243,0.1590184853243207,0,0,9.507177033492823,21.392428630708658,RACK1
sulfur compound biosynthetic process (GO:0044272),GO_Biological_Process_2021,1/113,0.1071833849179316,0.1598510809324669,0,0,9.336466165413531,20.8503272666542,GSTK1
positive regulation of cellular component organization (GO:0051130),GO_Biological_Process_2021,1/114,0.1080812731653967,0.1598510809324669,0,0,9.253376804843969,20.587577159291502,RACK1
regulation of protein-containing complex assembly (GO:0043254),GO_Biological_Process_2021,1/116,0.1098744767967273,0.1598510809324669,0,0,9.091533180778033,20.077893566776314,RACK1
regulation of cellular response to stress (GO:0080135),GO_Biological_Process_2021,1/118,0.1116642551220043,0.1598510809324669,0,0,8.935222672064777,19.58831903150389,RSL1D1
positive regulation of protein-containing complex assembly (GO:0031334),GO_Biological_Process_2021,1/118,0.1116642551220043,0.1598510809324669,0,0,8.935222672064777,19.58831903150389,RACK1
regulation of protein binding (GO:0043393),GO_Biological_Process_2021,1/118,0.1116642551220043,0.1598510809324669,0,0,8.935222672064777,19.58831903150389,RACK1
positive regulation of cysteine-type endopeptidase activity involved in apoptotic process (GO:0043280),GO_Biological_Process_2021,1/119,0.1125578617216778,0.1598510809324669,0,0,8.859054415700268,19.350725039139657,RACK1
epithelium development (GO:0060429),GO_Biological_Process_2021,1/122,0.1152335606361476,0.161898237307523,0,0,8.638103523270987,18.66516440827309,GSTK1
cellular response to organic substance (GO:0071310),GO_Biological_Process_2021,1/123,0.1161237558827442,0.161898237307523,0,0,8.566867989646246,18.4453131497958,RACK1
protein targeting (GO:0006605),GO_Biological_Process_2021,1/125,0.1179015944002206,0.161898237307523,0,0,8.427843803056026,18.01792896923992,SLC25A6
negative regulation of cell growth (GO:0030308),GO_Biological_Process_2021,1/126,0.1187892392078867,0.161898237307523,0,0,8.36,17.810181245591682,RACK1
negative regulation of growth (GO:0045926),GO_Biological_Process_2021,1/126,0.1187892392078867,0.161898237307523,0,0,8.36,17.810181245591682,RACK1
positive regulation of transferase activity (GO:0051347),GO_Biological_Process_2021,1/148,0.1381040836089422,0.1863994940112067,0,0,7.100966702470462,14.058122135286425,RPS2
positive regulation of hydrolase activity (GO:0051345),GO_Biological_Process_2021,1/149,0.1389724038190062,0.1863994940112067,0,0,7.052631578947368,13.91822665778434,RACK1
negative regulation of protein phosphorylation (GO:0001933),GO_Biological_Process_2021,1/152,0.1415723809153899,0.1883915935015818,0,0,6.911467410247473,13.511532897552032,RACK1
cellular response to growth factor stimulus (GO:0071363),GO_Biological_Process_2021,1/158,0.1467499768501904,0.1907749699052475,0,0,6.645323499832384,12.752541783227706,RACK1
skeletal system development (GO:0001501),GO_Biological_Process_2021,1/158,0.1467499768501904,0.1907749699052475,0,0,6.645323499832384,12.752541783227706,RPL13
organonitrogen compound biosynthetic process (GO:1901566),GO_Biological_Process_2021,1/158,0.1467499768501904,0.1907749699052475,0,0,6.645323499832384,12.752541783227706,GSTK1
double-strand break repair (GO:0006302),GO_Biological_Process_2021,1/164,0.1518978967110384,0.1959598820165305,0,0,6.398773006134969,12.058786655225672,PAXX
mitochondrion organization (GO:0007005),GO_Biological_Process_2021,1/175,0.1612592088043841,0.206460653696522,0,0,5.99092558983666,10.931894837124036,SLC25A6
regulation of apoptotic process (GO:0042981),GO_Biological_Process_2021,2/742,0.16867797997761,0.2143351775655345,0,0,2.888888888888889,5.141539940755512,RSL1D1;RACK1
regulation of GTPase activity (GO:0043087),GO_Biological_Process_2021,1/189,0.1730316847300859,0.2182265277566009,0,0,5.5408734602463605,9.720246555313304,RACK1
negative regulation of Wnt signaling pathway (GO:0030178),GO_Biological_Process_2021,1/191,0.1747005970873998,0.218587273802109,0,0,5.481994459833795,9.564335106915594,RACK1
negative regulation of macromolecule metabolic process (GO:0010605),GO_Biological_Process_2021,1/194,0.1771979675200528,0.218587273802109,0,0,5.39596400327243,9.337649395873846,RACK1
regulation of programmed cell death (GO:0043067),GO_Biological_Process_2021,1/194,0.1771979675200528,0.218587273802109,0,0,5.39596400327243,9.337649395873846,RSL1D1
negative regulation of intracellular signal transduction (GO:1902532),GO_Biological_Process_2021,1/198,0.1805166287404085,0.2194770522095615,0,0,5.285332620892333,9.048132049958218,RACK1
regulation of signal transduction (GO:0009966),GO_Biological_Process_2021,1/198,0.1805166287404085,0.2194770522095615,0,0,5.285332620892333,9.048132049958218,MFNG
regulation of protein kinase B signaling (GO:0051896),GO_Biological_Process_2021,1/207,0.1879371842611328,0.2268670295723674,0,0,5.052120592743996,8.445364749744975,RACK1
positive regulation of GTPase activity (GO:0043547),GO_Biological_Process_2021,1/214,0.1936645481356278,0.2304880889783176,0,0,4.884358784284656,8.018298920832006,RACK1
positive regulation of protein modification process (GO:0031401),GO_Biological_Process_2021,1/214,0.1936645481356278,0.2304880889783176,0,0,4.884358784284656,8.018298920832006,RACK1
regulation of cell growth (GO:0001558),GO_Biological_Process_2021,1/217,0.1961073669325375,0.2317632518293626,0,0,4.815789473684211,7.8453688211824035,RACK1
positive regulation of cell motility (GO:2000147),GO_Biological_Process_2021,1/221,0.1993535238624252,0.2339635106440962,0,0,4.727272727272728,7.623557044051727,RACK1
"RNA splicing, via transesterification reactions with bulged adenosine as nucleophile (GO:0000377)",GO_Biological_Process_2021,1/251,0.2233058027939075,0.2602667632563474,0,0,4.153684210526316,6.2272579226427816,SNU13
positive regulation of phosphorylation (GO:0042327),GO_Biological_Process_2021,1/253,0.2248781749824476,0.2603041888495455,0,0,4.120300751879699,6.148298228781472,RACK1
regulation of protein phosphorylation (GO:0001932),GO_Biological_Process_2021,1/266,0.2350251221917981,0.2674129122488364,0,0,3.9155908639523336,5.6700217348339885,RACK1
negative regulation of signal transduction (GO:0009968),GO_Biological_Process_2021,1/267,0.2358004072718371,0.2674129122488364,0,0,3.900672734467749,5.635573244668647,RACK1
protein deubiquitination (GO:0016579),GO_Biological_Process_2021,1/267,0.2358004072718371,0.2674129122488364,0,0,3.900672734467749,5.635573244668647,EIF3F
positive regulation of cell migration (GO:0030335),GO_Biological_Process_2021,1/269,0.2373487386823991,0.2674129122488364,0,0,3.871170463472113,5.567613164935601,RACK1
"mRNA splicing, via spliceosome (GO:0000398)",GO_Biological_Process_2021,1/274,0.2412065393422388,0.2698935145280663,0,0,3.799305957200694,5.402999471177327,SNU13
protein modification by small protein removal (GO:0070646),GO_Biological_Process_2021,1/276,0.2427444627708052,0.2698935145280663,0,0,3.771291866028708,5.339191308126576,EIF3F
positive regulation of programmed cell death (GO:0043068),GO_Biological_Process_2021,1/286,0.2503897650204493,0.2765743156108231,0,0,3.6371191135734073,5.03645164637162,RACK1
regulation of cell cycle (GO:0051726),GO_Biological_Process_2021,1/296,0.2579617020578485,0.2830878418686779,0,0,3.512042818911686,4.758621860497947,RACK1
mRNA processing (GO:0006397),GO_Biological_Process_2021,1/300,0.260970084253525,0.2845415757344885,0,0,3.4643548671008624,4.653839371430468,SNU13
positive regulation of apoptotic process (GO:0043065),GO_Biological_Process_2021,1/310,0.2684404297418134,0.2908104655536312,0,0,3.350536535513541,4.406378558844449,RACK1
negative regulation of gene expression (GO:0010629),GO_Biological_Process_2021,1/322,0.2773101610873619,0.2985058421895807,0,0,3.2233152975897688,4.134284425406205,RACK1
cellular response to DNA damage stimulus (GO:0006974),GO_Biological_Process_2021,1/350,0.2976105862658492,0.3183303106261298,0,0,2.960488614085357,3.588021622719044,PAXX
positive regulation of protein phosphorylation (GO:0001934),GO_Biological_Process_2021,1/371,0.3124791360451185,0.3321319118970127,0,0,2.789473684210526,3.244764819188342,RACK1
regulation of cell migration (GO:0030334),GO_Biological_Process_2021,1/408,0.3379513481070556,0.3554533781682661,0,0,2.5311004784688995,2.74587279369557,RACK1
protein modification by small protein conjugation (GO:0032446),GO_Biological_Process_2021,1/409,0.3386271827520168,0.3554533781682661,0,0,2.524767801857585,2.7339587829503094,RACK1
neutrophil degranulation (GO:0043312),GO_Biological_Process_2021,1/481,0.3856016558621654,0.4018856785918425,0,0,2.138157894736842,2.037558468106244,EEF2
neutrophil activation involved in immune response (GO:0002283),GO_Biological_Process_2021,1/485,0.3881161317057716,0.4018856785918425,0,0,2.120052196607221,2.006524833834278,EEF2
neutrophil mediated immunity (GO:0002446),GO_Biological_Process_2021,1/488,0.3899955697577643,0.4018856785918425,0,0,2.106668107640765,1.9836806118354031,EEF2
protein ubiquitination (GO:0016567),GO_Biological_Process_2021,1/525,0.4127289944018187,0.4227345457812567,0,0,1.954198473282443,1.729395472211373,RACK1
positive regulation of intracellular signal transduction (GO:1902533),GO_Biological_Process_2021,1/546,0.425271274482645,0.4309622778224457,0,0,1.8768710767745047,1.604777362033075,RACK1
negative regulation of cellular macromolecule biosynthetic process (GO:2000113),GO_Biological_Process_2021,1/547,0.4258621325227718,0.4309622778224457,0,0,1.8733371891266628,1.5991548418907229,RACK1
negative regulation of cellular process (GO:0048523),GO_Biological_Process_2021,1/566,0.4369793935640405,0.439580461382874,0,0,1.808570097810899,1.497259551120834,RACK1
regulation of gene expression (GO:0010468),GO_Biological_Process_2021,1/1079,0.6703542470927395,0.6703542470927395,0,0,0.9228590957914268,0.3690965534178757,RACK1
cytosolic large ribosomal subunit (GO:0022625),GO_Cellular_Component_2021,5/55,1.9608552657087843e-09,6.614977264995943e-08,0,0,132.86666666666667,2663.961400130661,RPL7A;RPL22;RPL37A;RPL13;RPL8
large ribosomal subunit (GO:0015934),GO_Cellular_Component_2021,5/59,2.814883942551465e-09,6.614977264995943e-08,0,0,123.0,2421.6664109446374,RPL7A;RPL22;RPL37A;RPL13;RPL8
focal adhesion (GO:0005925),GO_Cellular_Component_2021,5/387,3.225100299856987e-05,0.000412847475140314,0,0,17.101221640488657,176.860174346323,RPL7A;RPL22;RPL37A;RPS2;RPL8
cell-substrate junction (GO:0030055),GO_Cellular_Component_2021,5/394,3.513595533109055e-05,0.000412847475140314,0,0,16.787489288774637,172.17728437381712,RPL7A;RPL22;RPL37A;RPS2;RPL8
polysomal ribosome (GO:0042788),GO_Cellular_Component_2021,2/30,0.00040637445946356223,0.0038199199189574,0,0,79.17460317460318,618.2139479571657,RPL7A;RPL8
nucleolus (GO:0005730),GO_Cellular_Component_2021,5/733,0.0006391726771509998,0.0046201842585166,0,0,8.815018315018316,64.83742075807922,RSL1D1;RPL7A;RPL13;SNU13;RPS2
nuclear lumen (GO:0031981),GO_Cellular_Component_2021,5/745,0.0006881125491407844,0.0046201842585166,0,0,8.666666666666666,63.106837252703485,RSL1D1;RPL7A;RPL13;SNU13;RPS2
small ribosomal subunit (GO:0015935),GO_Cellular_Component_2021,2/45,0.0009165786855226654,0.0053848997774456,0,0,51.51679586563308,360.3529107334306,RACK1;RPS2
nucleus (GO:0005634),GO_Cellular_Component_2021,11/4484,0.0015431851148242,0.0080588555996379,0,0,4.237200983679857,27.43124401577127,RPL7A;PAXX;RPL22;RPL37A;RACK1;RPL13;SNU13;RPS2;CYC1;EEF2;SLC25A6
ribosome (GO:0005840),GO_Cellular_Component_2021,2/62,0.0017330249930707,0.0081452174674324,0,0,36.888888888888886,234.53538144866536,RPL7A;RPL8
intracellular non-membrane-bounded organelle (GO:0043232),GO_Cellular_Component_2021,5/1158,0.0048178062320424,0.0205851720823629,0,0,5.442902572997976,29.04026156068989,RSL1D1;RPL7A;RPL13;SNU13;RPS2
intracellular membrane-bounded organelle (GO:0043231),GO_Cellular_Component_2021,11/5192,0.0053733120014431,0.0210454720056521,0,0,3.491153573956122,18.24585362989115,RPL7A;PAXX;RPL22;RPL37A;RACK1;RPL13;SNU13;RPS2;CYC1;EEF2;SLC25A6
box C/D RNP complex (GO:0031428),GO_Cellular_Component_2021,1/6,0.0059856908667451,0.0216405746720786,0,0,210.26315789473685,1076.2074808846232,SNU13
"mitochondrial proton-transporting ATP synthase complex, coupling factor F(o) (GO:0000276)",GO_Cellular_Component_2021,1/8,0.0079733565142536,0.0267676968692799,0,0,150.17293233082708,725.5830081396662,ATP5MC2
mitochondrial respiratory chain complex III (GO:0005750),GO_Cellular_Component_2021,1/9,0.0089657734963174,0.0280927569551279,0,0,131.39473684210526,619.439581424405,CYC1
mitochondrial membrane (GO:0031966),GO_Cellular_Component_2021,3/469,0.0108558017698018,0.0318889176987929,0,0,7.389800555415299,33.42447890759898,ATP5MC2;CYC1;SLC25A6
90S preribosome (GO:0030686),GO_Cellular_Component_2021,1/13,0.0129260209528938,0.035736646163883,0,0,87.57894736842105,380.8381798737429,RSL1D1
TIM23 mitochondrial import inner membrane translocase complex (GO:0005744),GO_Cellular_Component_2021,1/14,0.01391373176082,0.0363302995976967,0,0,80.83805668016194,345.57291333057793,SLC25A6
mitochondrial proton-transporting ATP synthase complex (GO:0005753),GO_Cellular_Component_2021,1/18,0.0178551954764704,0.0441681151260058,0,0,61.80495356037152,248.79341471282052,ATP5MC2
spliceosomal tri-snRNP complex (GO:0097526),GO_Cellular_Component_2021,1/32,0.0315328000758389,0.0705734096935442,0,0,33.869269949066215,117.07681999296598,SNU13
U4/U6 x U5 tri-snRNP complex (GO:0046540),GO_Cellular_Component_2021,1/32,0.0315328000758389,0.0705734096935442,0,0,33.869269949066215,117.07681999296598,SNU13
aggresome (GO:0016235),GO_Cellular_Component_2021,1/35,0.0344400804224879,0.0735765354480423,0,0,30.876160990712076,104.00740624656504,EEF2
small-subunit processome (GO:0032040),GO_Cellular_Component_2021,1/37,0.0363736593292806,0.0743287821076604,0,0,29.157894736842103,96.62665093408292,SNU13
cytosolic small ribosomal subunit (GO:0022627),GO_Cellular_Component_2021,1/40,0.039267132268101,0.0768981340250311,0,0,26.910931174089068,87.12057233834933,RPS2
mitochondrial inner membrane (GO:0005743),GO_Cellular_Component_2021,2/328,0.0419469545895752,0.0769567383102549,0,0,6.6987048398091344,21.243933875279083,CYC1;SLC25A6
organelle inner membrane (GO:0019866),GO_Cellular_Component_2021,2/346,0.0461897945796735,0.0769567383102549,0,0,6.3423772609819125,19.50278725662831,CYC1;SLC25A6
microbody lumen (GO:0031907),GO_Cellular_Component_2021,1/49,0.0478981120694178,0.0769567383102549,0,0,21.855263157894736,66.41113333547993,GSTK1
peroxisomal matrix (GO:0005782),GO_Cellular_Component_2021,1/49,0.0478981120694178,0.0769567383102549,0,0,21.855263157894736,66.41113333547993,GSTK1
U2-type precatalytic spliceosome (GO:0071005),GO_Cellular_Component_2021,1/50,0.0488525499820277,0.0769567383102549,0,0,21.40816326530612,64.63014669364038,SNU13
spliceosomal snRNP complex (GO:0097525),GO_Cellular_Component_2021,1/51,0.0498060789247286,0.0769567383102549,0,0,20.978947368421053,62.92883309083605,SNU13
precatalytic spliceosome (GO:0071011),GO_Cellular_Component_2021,1/52,0.0507586997365511,0.0769567383102549,0,0,20.56656346749226,61.30218505418602,SNU13
U2-type spliceosomal complex (GO:0005684),GO_Cellular_Component_2021,1/89,0.0853746735440269,0.1253940517677895,0,0,11.897129186602871,29.27533461302574,SNU13
cytoplasmic vesicle lumen (GO:0060205),GO_Cellular_Component_2021,1/115,0.108978303522462,0.1552115231986581,0,0,9.171745152354571,20.330149616722807,EEF2
ficolin-1-rich granule lumen (GO:1904813),GO_Cellular_Component_2021,1/123,0.1161237558827442,0.1574003677156884,0,0,8.566867989646246,18.4453131497958,EEF2
mitochondrial outer membrane (GO:0005741),GO_Cellular_Component_2021,1/126,0.1187892392078867,0.1574003677156884,0,0,8.36,17.810181245591682,ATP5MC2
peroxisome (GO:0005777),GO_Cellular_Component_2021,1/128,0.1205619837822294,0.1574003677156884,0,0,8.227517612929963,17.406064436257147,GSTK1
asymmetric synapse (GO:0032279),GO_Cellular_Component_2021,1/133,0.1249790349715015,0.1587571525313668,0,0,7.913875598086125,16.457769102687624,RPL8
postsynaptic density (GO:0014069),GO_Cellular_Component_2021,1/138,0.1293750051979893,0.1600164537975131,0,0,7.623127160968114,15.589600539360342,RPL8
organelle outer membrane (GO:0031968),GO_Cellular_Component_2021,1/142,0.1328766671456546,0.1601334193806606,0,0,7.405375139977604,14.946519655220376,ATP5MC2
chromosome (GO:0005694),GO_Cellular_Component_2021,1/160,0.1484692395026214,0.1744513564155802,0,0,6.561072492552135,12.514441940512809,RSL1D1
ficolin-1-rich granule (GO:0101002),GO_Cellular_Component_2021,1/184,0.1688453657431134,0.1935544436567397,0,0,5.693701466781708,10.127796623203372,EEF2
intracellular organelle lumen (GO:0070013),GO_Cellular_Component_2021,2/848,0.2072428424133712,0.231914609367344,0,0,2.513002364066194,3.955124006914457,GSTK1;EEF2
dendrite (GO:0030425),GO_Cellular_Component_2021,1/270,0.2381217863295401,0.2602726501741485,0,0,3.856583838779104,5.53409379242142,RACK1
secretory granule lumen (GO:0034774),GO_Cellular_Component_2021,1/316,0.2728881438519747,0.2914941536600638,0,0,3.2857142857142856,4.26713511950017,EEF2
mitochondrial matrix (GO:0005759),GO_Cellular_Component_2021,1/348,0.296178711677668,0.3093422099744533,0,0,2.9778553010769,3.62343125547793,GSTK1
neuron projection (GO:0043005),GO_Cellular_Component_2021,1/556,0.4311539496311213,0.440526861579624,0,0,1.8421052631578947,1.5497448490937842,RACK1
endoplasmic reticulum membrane (GO:0005789),GO_Cellular_Component_2021,1/712,0.5158362747669231,0.5158362747669231,0,0,1.4263824117255164,0.9442164610267382,TMEM147
RNA binding (GO:0003723),GO_Molecular_Function_2021,12/1406,1.0321635466809264e-09,4.4383032507279844e-08,0,0,19.999282639885223,413.81733080474174,RSL1D1;RPL7A;EIF3I;RPL22;RPL37A;RACK1;RPL13;SNU13;RPS2;EEF2;RPL8;EIF3D
translation initiation factor activity (GO:0003743),GO_Molecular_Function_2021,3/41,8.896823842210735e-06,0.0001544882427888076,0,0,92.60990712074305,1077.0361996489462,EIF3I;EIF3F;EIF3D
cadherin binding (GO:0045296),GO_Molecular_Function_2021,5/322,1.3328562170333824e-05,0.0001544882427888076,0,0,20.67613038906414,232.10199604589255,RSL1D1;RPL7A;RACK1;RPS2;EEF2
ribosome binding (GO:0043022),GO_Molecular_Function_2021,3/48,1.4370999329191404e-05,0.0001544882427888076,0,0,78.17647058823529,871.6909684720048,TMEM147;RACK1;EEF2
mRNA binding (GO:0003729),GO_Molecular_Function_2021,3/263,0.0021716199463853,0.0186759315389139,0,0,13.384615384615383,82.078234271577,RSL1D1;RPS2;EIF3D
protein tyrosine kinase inhibitor activity (GO:0030292),GO_Molecular_Function_2021,1/5,0.0049904406959516,0.0285983008077824,0,0,262.8421052631579,1393.123889480945,RACK1
BH domain binding (GO:0051400),GO_Molecular_Function_2021,1/6,0.0059856908667451,0.0285983008077824,0,0,210.26315789473685,1076.2074808846232,RACK1
BH3 domain binding (GO:0051434),GO_Molecular_Function_2021,1/6,0.0059856908667451,0.0285983008077824,0,0,210.26315789473685,1076.2074808846232,RACK1
U4 snRNA binding (GO:0030621),GO_Molecular_Function_2021,1/6,0.0059856908667451,0.0285983008077824,0,0,210.26315789473685,1076.2074808846232,SNU13
ADP transmembrane transporter activity (GO:0015217),GO_Molecular_Function_2021,1/7,0.0069799958941807,0.0300139823449773,0,0,175.21052631578948,869.8689177892479,SLC25A6
U3 snoRNA binding (GO:0034511),GO_Molecular_Function_2021,1/9,0.0089657734963174,0.0350480236674226,0,0,131.39473684210526,619.439581424405,SNU13
ATP transmembrane transporter activity (GO:0005347),GO_Molecular_Function_2021,1/10,0.0099572476243861,0.0356801373207172,0,0,116.78947368421052,538.3357753631753,SLC25A6
death domain binding (GO:0070513),GO_Molecular_Function_2021,1/11,0.0109477797028559,0.0362118867094467,0,0,105.10526315789474,474.5101770765117,RACK1
translation elongation factor activity (GO:0003746),GO_Molecular_Function_2021,1/14,0.01391373176082,0.0427147775281759,0,0,80.83805668016194,345.57291333057793,EEF2
cysteine-type endopeptidase activator activity involved in apoptotic process (GO:0008656),GO_Molecular_Function_2021,1/15,0.0149005037888985,0.0427147775281759,0,0,75.06015037593986,315.7300332957057,RACK1
peptidase activator activity involved in apoptotic process (GO:0016505),GO_Molecular_Function_2021,1/17,0.0168712348172723,0.0447231562236399,0,0,65.67105263157895,268.0787715603985,RACK1
RNA cap binding (GO:0000339),GO_Molecular_Function_2021,1/19,0.0188382206720142,0.0447231562236399,0,0,58.36842105263158,231.8316321803268,EIF3D
anion:anion antiporter activity (GO:0015301),GO_Molecular_Function_2021,1/19,0.0188382206720142,0.0447231562236399,0,0,58.36842105263158,231.8316321803268,SLC25A6
ubiquitin-like protein-specific protease activity (GO:0019783),GO_Molecular_Function_2021,1/20,0.019820311238232,0.0447231562236399,0,0,55.29362880886426,216.80897525048425,EIF3F
fibroblast growth factor binding (GO:0017134),GO_Molecular_Function_2021,1/21,0.0208014680109953,0.0447231562236399,0,0,52.526315789473685,203.4203291515269,RPS2
mRNA 5'-UTR binding (GO:0048027),GO_Molecular_Function_2021,1/25,0.0247167737784927,0.0506105367845327,0,0,43.76315789473684,161.93563879493826,RSL1D1
glutathione transferase activity (GO:0004364),GO_Molecular_Function_2021,1/27,0.0266688455361458,0.0521254708206486,0,0,40.392712550607285,146.39366123411943,GSTK1
snoRNA binding (GO:0030515),GO_Molecular_Function_2021,1/30,0.0295899955032417,0.0553204263756258,0,0,36.2087114337568,127.46621354176987,SNU13
SH2 domain binding (GO:0042169),GO_Molecular_Function_2021,1/32,0.0315328000758389,0.0564962668025447,0,0,33.869269949066215,117.07681999296598,RACK1
ion channel inhibitor activity (GO:0008200),GO_Molecular_Function_2021,1/37,0.0363736593292806,0.0625626940463626,0,0,29.157894736842103,96.62665093408292,RACK1
snRNA binding (GO:0017069),GO_Molecular_Function_2021,1/43,0.0421523505298068,0.0671315212141368,0,0,24.98496240601504,79.11400474395023,SNU13
protein kinase inhibitor activity (GO:0004860),GO_Molecular_Function_2021,1/43,0.0421523505298068,0.0671315212141368,0,0,24.98496240601504,79.11400474395023,RACK1
protein kinase C binding (GO:0005080),GO_Molecular_Function_2021,1/45,0.044071254437806,0.0676808550294877,0,0,23.84688995215311,74.44873932423765,RACK1
acetylglucosaminyltransferase activity (GO:0008375),GO_Molecular_Function_2021,1/48,0.0469427643840033,0.0696047885693842,0,0,22.32138857782755,68.27724816722397,MFNG
receptor tyrosine kinase binding (GO:0030971),GO_Molecular_Function_2021,1/56,0.0545601179499192,0.0782028357282175,0,0,19.066985645933013,55.45541451142644,RACK1
protein tyrosine kinase binding (GO:1990782),GO_Molecular_Function_2021,1/72,0.0696216623496152,0.0948088191358741,0,0,14.758339510748703,39.32624503481652,RACK1
ATPase binding (GO:0051117),GO_Molecular_Function_2021,1/73,0.0705554002871621,0.0948088191358741,0,0,14.552631578947368,38.5842224505161,SNU13
UDP-glycosyltransferase activity (GO:0008194),GO_Molecular_Function_2021,1/84,0.0807679353123666,0.1033151422739965,0,0,12.61699429296132,31.74656854741361,MFNG
mRNA 3'-UTR binding (GO:0003730),GO_Molecular_Function_2021,1/85,0.0816910427282763,0.1033151422739965,0,0,12.466165413533837,31.225387249064404,RSL1D1
protein kinase binding (GO:0019901),GO_Molecular_Function_2021,2/506,0.0899752160174997,0.1105409796786425,0,0,4.2936507936507935,10.340060111665002,RACK1;EEF2
deubiquitinase activity (GO:0101005),GO_Molecular_Function_2021,1/112,0.1062846380154363,0.1256079661111367,0,0,9.421052631578949,21.11855678854484,EIF3F
phosphatase binding (GO:0019902),GO_Molecular_Function_2021,1/114,0.1080812731653967,0.1256079661111367,0,0,9.253376804843969,20.587577159291502,RACK1
hexosyltransferase activity (GO:0016758),GO_Molecular_Function_2021,1/119,0.1125578617216778,0.1273681066850565,0,0,8.859054415700268,19.350725039139657,MFNG
protein phosphatase binding (GO:0019903),GO_Molecular_Function_2021,1/123,0.1161237558827442,0.1280338846912308,0,0,8.566867989646246,18.4453131497958,RACK1
protein homodimerization activity (GO:0042803),GO_Molecular_Function_2021,2/636,0.1317821528903751,0.1416658143571532,0,0,3.390466175955135,6.871135964319424,PAXX;RACK1
GTPase activity (GO:0003924),GO_Molecular_Function_2021,1/216,0.1952938762391887,0.2048204067874418,0,0,4.83843329253366,7.902370194053823,EEF2
nucleoside-triphosphatase activity (GO:0017111),GO_Molecular_Function_2021,1/278,0.2442794246608158,0.2500956014384543,0,0,3.743682310469314,5.276505051740351,EEF2
kinase binding (GO:0019900),GO_Molecular_Function_2021,1/461,0.3728813335763254,0.3728813335763254,0,0,2.2334096109839816,2.2032475269788603,EEF2
