Term,Gene_set,Overlap,P-value,Adjusted P-value,Old P-value,Old Adjusted P-value,Odds Ratio,Combined Score,Genes
regulation of sodium:proton antiporter activity (GO:0032415),GO_Biological_Process_2021,1/5,0.0054883894433205,0.1070662455053576,0,0,237.78571428571428,1237.7032790036255,ACTN4
positive regulation of DNA demethylation (GO:1901537),GO_Biological_Process_2021,1/5,0.0054883894433205,0.1070662455053576,0,0,237.78571428571428,1237.7032790036255,USP9X
dephosphorylation of RNA polymerase II C-terminal domain (GO:0070940),GO_Biological_Process_2021,1/5,0.0054883894433205,0.1070662455053576,0,0,237.78571428571428,1237.7032790036255,CTDP1
metaphase/anaphase transition of cell cycle (GO:0044784),GO_Biological_Process_2021,1/6,0.0065826171479286,0.1070662455053576,0,0,190.2190476190476,955.5316921910462,TACC3
metaphase/anaphase transition of mitotic cell cycle (GO:0007091),GO_Biological_Process_2021,1/6,0.0065826171479286,0.1070662455053576,0,0,190.2190476190476,955.5316921910462,TACC3
peroxisome proliferator activated receptor signaling pathway (GO:0035357),GO_Biological_Process_2021,1/6,0.0065826171479286,0.1070662455053576,0,0,190.2190476190476,955.5316921910462,ACTN4
protein deubiquitination involved in ubiquitin-dependent protein catabolic process (GO:0071947),GO_Biological_Process_2021,1/6,0.0065826171479286,0.1070662455053576,0,0,190.2190476190476,955.5316921910462,USP9X
regulation of DNA demethylation (GO:1901535),GO_Biological_Process_2021,1/6,0.0065826171479286,0.1070662455053576,0,0,190.2190476190476,955.5316921910462,USP9X
negative regulation of DNA repair (GO:0045738),GO_Biological_Process_2021,1/7,0.0076756962402828,0.1070662455053576,0,0,158.5079365079365,771.8855078560287,RNF169
response to increased oxygen levels (GO:0036296),GO_Biological_Process_2021,1/7,0.0076756962402828,0.1070662455053576,0,0,158.5079365079365,771.8855078560287,ATP6AP1
phosphatidylinositol biosynthetic process (GO:0006661),GO_Biological_Process_2021,2/126,0.0083759745939771,0.1070662455053576,0,0,16.011290322580646,76.57220011918446,MPPE1;IP6K1
microtubule cytoskeleton organization involved in mitosis (GO:1902850),GO_Biological_Process_2021,2/128,0.0086336143557527,0.1070662455053576,0,0,15.755555555555556,74.87185027706946,TACC3;NUP98
regulation of RNA biosynthetic process (GO:2001141),GO_Biological_Process_2021,1/8,0.0087676277457428,0.1070662455053576,0,0,135.85714285714286,643.5130349149837,ACTN4
"heparan sulfate proteoglycan biosynthetic process, polysaccharide chain biosynthetic process (GO:0015014)",GO_Biological_Process_2021,1/8,0.0087676277457428,0.1070662455053576,0,0,135.85714285714286,643.5130349149837,NDST1
regulation of osteoclast development (GO:2001204),GO_Biological_Process_2021,1/8,0.0087676277457428,0.1070662455053576,0,0,135.85714285714286,643.5130349149837,ATP6AP1
protein modification by small protein conjugation (GO:0032446),GO_Biological_Process_2021,3/409,0.0097952339126102,0.1070662455053576,0,0,7.611615245009075,35.210261527296225,USP9X;UBA1;NUP98
response to misfolded protein (GO:0051788),GO_Biological_Process_2021,1/9,0.0098584127261176,0.1070662455053576,0,0,118.86904761904762,549.107257058779,DNAJB12
protein dephosphorylation (GO:0006470),GO_Biological_Process_2021,2/139,0.010113622118177,0.1070662455053576,0,0,14.482481751824816,66.53066797901772,CTDP1;PTPN6
cellular response to oxygen levels (GO:0071453),GO_Biological_Process_2021,1/10,0.0109480522580432,0.1070662455053576,0,0,105.65608465608466,476.9942956890701,ATP6AP1
nuclear pore complex assembly (GO:0051292),GO_Biological_Process_2021,1/10,0.0109480522580432,0.1070662455053576,0,0,105.65608465608466,476.9942956890701,NUP98
retinoic acid receptor signaling pathway (GO:0048384),GO_Biological_Process_2021,1/10,0.0109480522580432,0.1070662455053576,0,0,105.65608465608466,476.9942956890701,ACTN4
cellular response to increased oxygen levels (GO:0036295),GO_Biological_Process_2021,1/11,0.0120365474388125,0.1070662455053576,0,0,95.08571428571427,420.260566245477,ATP6AP1
positive regulation of bone resorption (GO:0045780),GO_Biological_Process_2021,1/11,0.0120365474388125,0.1070662455053576,0,0,95.08571428571427,420.260566245477,ATP6AP1
regulation of lymphocyte migration (GO:2000401),GO_Biological_Process_2021,1/11,0.0120365474388125,0.1070662455053576,0,0,95.08571428571427,420.260566245477,STK10
regulation of pH (GO:0006885),GO_Biological_Process_2021,1/11,0.0120365474388125,0.1070662455053576,0,0,95.08571428571427,420.260566245477,ATP6AP1
inositol phosphate biosynthetic process (GO:0032958),GO_Biological_Process_2021,1/11,0.0120365474388125,0.1070662455053576,0,0,95.08571428571427,420.260566245477,IP6K1
dephosphorylation (GO:0016311),GO_Biological_Process_2021,2/153,0.0121484450046179,0.1070662455053576,0,0,13.13046357615894,57.91261996788644,CTDP1;PTPN6
ethanol oxidation (GO:0006069),GO_Biological_Process_2021,1/12,0.0131238993688258,0.1070662455053576,0,0,86.43722943722943,374.560203730456,ACSS2
exit from mitosis (GO:0010458),GO_Biological_Process_2021,1/12,0.0131238993688258,0.1070662455053576,0,0,86.43722943722943,374.560203730456,CTDP1
negative regulation of substrate adhesion-dependent cell spreading (GO:1900025),GO_Biological_Process_2021,1/13,0.0142101091631312,0.1070662455053576,0,0,79.23015873015873,337.0293803138913,ACTN4
negative regulation of cell morphogenesis involved in differentiation (GO:0010771),GO_Biological_Process_2021,1/13,0.0142101091631312,0.1070662455053576,0,0,79.23015873015873,337.0293803138913,ACTN4
spliceosomal tri-snRNP complex assembly (GO:0000244),GO_Biological_Process_2021,1/13,0.0142101091631312,0.1070662455053576,0,0,79.23015873015873,337.0293803138913,USP4
cellular protein-containing complex assembly (GO:0034622),GO_Biological_Process_2021,2/168,0.0145110779831343,0.1070662455053576,0,0,11.934939759036144,50.51872528851306,DNAJB12;NUP98
protein modification by small protein conjugation or removal (GO:0070647),GO_Biological_Process_2021,1/14,0.0152951779293368,0.1070662455053576,0,0,73.13186813186813,305.7071272789262,UBA1
positive regulation of sodium ion transmembrane transporter activity (GO:2000651),GO_Biological_Process_2021,1/14,0.0152951779293368,0.1070662455053576,0,0,73.13186813186813,305.7071272789262,ACTN4
nuclear pore organization (GO:0006999),GO_Biological_Process_2021,1/14,0.0152951779293368,0.1070662455053576,0,0,73.13186813186813,305.7071272789262,NUP98
positive regulation of osteoclast differentiation (GO:0045672),GO_Biological_Process_2021,1/15,0.0163791067947741,0.107326780782917,0,0,67.9047619047619,279.20731867751766,ATP6AP1
nuclear transport (GO:0051169),GO_Biological_Process_2021,1/16,0.0174618968734111,0.107326780782917,0,0,63.37460317460317,256.52354192445085,NUP98
regulation of mitotic sister chromatid separation (GO:0010965),GO_Biological_Process_2021,1/16,0.0174618968734111,0.107326780782917,0,0,63.37460317460317,256.52354192445085,TACC3
polyol biosynthetic process (GO:0046173),GO_Biological_Process_2021,1/16,0.0174618968734111,0.107326780782917,0,0,63.37460317460317,256.52354192445085,IP6K1
positive regulation by host of viral transcription (GO:0043923),GO_Biological_Process_2021,1/16,0.0174618968734111,0.107326780782917,0,0,63.37460317460317,256.52354192445085,CTDP1
regulation of programmed cell death (GO:0043067),GO_Biological_Process_2021,2/194,0.0190356131979816,0.1081296751855765,0,0,10.305208333333333,40.82350237607782,PTPN6;ACTN4
regulation of spindle organization (GO:0090224),GO_Biological_Process_2021,1/18,0.0196240651712844,0.1081296751855765,0,0,55.91316526610644,219.7945772360195,TACC3
"positive regulation of mRNA splicing, via spliceosome (GO:0048026)",GO_Biological_Process_2021,1/18,0.0196240651712844,0.1081296751855765,0,0,55.91316526610644,219.7945772360195,NUP98
ethanol metabolic process (GO:0006067),GO_Biological_Process_2021,1/19,0.020703445636816,0.1081296751855765,0,0,52.8042328042328,204.7460437251252,ACSS2
heparan sulfate proteoglycan biosynthetic process (GO:0015012),GO_Biological_Process_2021,1/19,0.020703445636816,0.1081296751855765,0,0,52.8042328042328,204.7460437251252,NDST1
vesicle transport along actin filament (GO:0030050),GO_Biological_Process_2021,1/19,0.020703445636816,0.1081296751855765,0,0,52.8042328042328,204.7460437251252,ACTN4
pore complex assembly (GO:0046931),GO_Biological_Process_2021,1/19,0.020703445636816,0.1081296751855765,0,0,52.8042328042328,204.7460437251252,NUP98
cellular response to misfolded protein (GO:0071218),GO_Biological_Process_2021,1/20,0.0217816918149241,0.1081296751855765,0,0,50.02255639097744,191.42059056605152,DNAJB12
cellular monovalent inorganic cation homeostasis (GO:0030004),GO_Biological_Process_2021,1/20,0.0217816918149241,0.1081296751855765,0,0,50.02255639097744,191.42059056605152,ATP6AP1
mitotic cell cycle phase transition (GO:0044772),GO_Biological_Process_2021,2/209,0.0218833866447,0.1081296751855765,0,0,9.5512077294686,36.50497889385927,CTDP1;TACC3
actin filament-based transport (GO:0099515),GO_Biological_Process_2021,1/21,0.0228588048336812,0.1107772849632242,0,0,47.51904761904762,179.54686782262274,ACTN4
cell projection assembly (GO:0030031),GO_Biological_Process_2021,1/22,0.023934785813165,0.1108546598034464,0,0,45.25396825396825,168.9069250201691,PARVG
regulation of mononuclear cell migration (GO:0071675),GO_Biological_Process_2021,1/23,0.0250096358786987,0.1108546598034464,0,0,43.1948051948052,159.3237838191313,STK10
positive regulation of mRNA processing (GO:0050685),GO_Biological_Process_2021,1/23,0.0250096358786987,0.1108546598034464,0,0,43.1948051948052,159.3237838191313,NUP98
axon extension (GO:0048675),GO_Biological_Process_2021,1/24,0.0260833561592032,0.1108546598034464,0,0,41.31469979296066,150.65231192236567,USP9X
heterochromatin assembly (GO:0031507),GO_Biological_Process_2021,1/24,0.0260833561592032,0.1108546598034464,0,0,41.31469979296066,150.65231192236567,ZNFX1
organophosphate ester transport (GO:0015748),GO_Biological_Process_2021,1/25,0.0271559477765973,0.1108546598034464,0,0,39.59126984126984,142.77242140898989,PITPNA
cellular polysaccharide biosynthetic process (GO:0033692),GO_Biological_Process_2021,1/25,0.0271559477765973,0.1108546598034464,0,0,39.59126984126984,142.77242140898989,NDST1
regulation of ERK1 and ERK2 cascade (GO:0070372),GO_Biological_Process_2021,2/238,0.0278561165583726,0.1108546598034464,0,0,8.365254237288136,29.95348853107155,ATP6AP1;PTPN6
chaperone cofactor-dependent protein refolding (GO:0051085),GO_Biological_Process_2021,1/26,0.0282274118595077,0.1108546598034464,0,0,38.00571428571429,135.5839309094672,DNAJB12
positive regulation of viral transcription (GO:0050434),GO_Biological_Process_2021,1/26,0.0282274118595077,0.1108546598034464,0,0,38.00571428571429,135.5839309094672,CTDP1
positive regulation of cellular component movement (GO:0051272),GO_Biological_Process_2021,1/27,0.0292977495261991,0.1108546598034464,0,0,36.54212454212454,129.00263688319484,ACTN4
cytokine-mediated signaling pathway (GO:0019221),GO_Biological_Process_2021,3/621,0.0295772586792049,0.1108546598034464,0,0,4.946346448645887,17.414846789859755,PITPNA;PTPN6;ACTN4
GPI anchor metabolic process (GO:0006505),GO_Biological_Process_2021,1/28,0.0303669619032499,0.1108546598034464,0,0,35.18694885361552,122.95727551819456,MPPE1
protein localization to cell surface (GO:0034394),GO_Biological_Process_2021,1/28,0.0303669619032499,0.1108546598034464,0,0,35.18694885361552,122.95727551819456,USP4
regulation of type I interferon-mediated signaling pathway (GO:0060338),GO_Biological_Process_2021,1/30,0.0325020152689227,0.1108546598034464,0,0,32.756978653530375,112.24025378249362,PTPN6
cell projection organization (GO:0030030),GO_Biological_Process_2021,1/30,0.0325020152689227,0.1108546598034464,0,0,32.756978653530375,112.24025378249362,PARVG
'de novo' posttranslational protein folding (GO:0051084),GO_Biological_Process_2021,1/31,0.0335678584979562,0.1108546598034464,0,0,31.663492063492065,107.4717897739846,DNAJB12
positive regulation of RNA splicing (GO:0033120),GO_Biological_Process_2021,1/31,0.0335678584979562,0.1108546598034464,0,0,31.663492063492065,107.4717897739846,NUP98
negative regulation of interleukin-6 production (GO:0032715),GO_Biological_Process_2021,1/31,0.0335678584979562,0.1108546598034464,0,0,31.663492063492065,107.4717897739846,PTPN6
regulation of cellular pH (GO:0030641),GO_Biological_Process_2021,1/31,0.0335678584979562,0.1108546598034464,0,0,31.663492063492065,107.4717897739846,ATP6AP1
negative regulation of peptidyl-tyrosine phosphorylation (GO:0050732),GO_Biological_Process_2021,1/31,0.0335678584979562,0.1108546598034464,0,0,31.663492063492065,107.4717897739846,PTPN6
protein deubiquitination (GO:0016579),GO_Biological_Process_2021,2/267,0.0344104999753919,0.1108546598034464,0,0,7.438867924528302,25.064473450474093,USP9X;USP4
cellular response to topologically incorrect protein (GO:0035967),GO_Biological_Process_2021,1/32,0.0346325809282469,0.1108546598034464,0,0,30.640552995391705,103.04296619408238,DNAJB12
negative regulation of double-strand break repair (GO:2000780),GO_Biological_Process_2021,1/32,0.0346325809282469,0.1108546598034464,0,0,30.640552995391705,103.04296619408238,RNF169
GPI anchor biosynthetic process (GO:0006506),GO_Biological_Process_2021,1/32,0.0346325809282469,0.1108546598034464,0,0,30.640552995391705,103.04296619408238,MPPE1
modulation by host of symbiont process (GO:0051851),GO_Biological_Process_2021,1/32,0.0346325809282469,0.1108546598034464,0,0,30.640552995391705,103.04296619408238,CTDP1
neuron projection extension (GO:1990138),GO_Biological_Process_2021,1/33,0.0356961836698558,0.1108546598034464,0,0,29.68154761904762,98.92003496654242,USP9X
protein modification by small protein removal (GO:0070646),GO_Biological_Process_2021,2/276,0.0365567379282977,0.1108546598034464,0,0,7.191240875912409,23.795023307023865,USP9X;USP4
female gamete generation (GO:0007292),GO_Biological_Process_2021,1/34,0.0367586678440145,0.1108546598034464,0,0,28.78066378066378,95.0735042734142,USP9X
tRNA export from nucleus (GO:0006409),GO_Biological_Process_2021,1/34,0.0367586678440145,0.1108546598034464,0,0,28.78066378066378,95.0735042734142,NUP98
tRNA-containing ribonucleoprotein complex export from nucleus (GO:0071431),GO_Biological_Process_2021,1/34,0.0367586678440145,0.1108546598034464,0,0,28.78066378066378,95.0735042734142,NUP98
regulation of mitotic spindle organization (GO:0060236),GO_Biological_Process_2021,1/35,0.037820034565529,0.1108546598034464,0,0,27.932773109243698,91.47749401004982,TACC3
peptidyl-tyrosine dephosphorylation (GO:0035335),GO_Biological_Process_2021,1/35,0.037820034565529,0.1108546598034464,0,0,27.932773109243698,91.47749401004982,PTPN6
transferrin transport (GO:0033572),GO_Biological_Process_2021,1/36,0.0388802849574893,0.1108546598034464,0,0,27.133333333333333,88.10920425980879,ATP6AP1
regulation of cell cycle G1/S phase transition (GO:1902806),GO_Biological_Process_2021,1/36,0.0388802849574893,0.1108546598034464,0,0,27.133333333333333,88.10920425980879,PTPN6
positive regulation of exocytosis (GO:0045921),GO_Biological_Process_2021,1/37,0.0399394201291641,0.1108546598034464,0,0,26.37830687830688,84.948474454672,ATP6AP1
tRNA transport (GO:0051031),GO_Biological_Process_2021,1/37,0.0399394201291641,0.1108546598034464,0,0,26.37830687830688,84.948474454672,NUP98
spliceosomal snRNP assembly (GO:0000387),GO_Biological_Process_2021,1/38,0.0409974411975465,0.1108546598034464,0,0,25.664092664092664,81.97741568726948,USP4
positive regulation of cell development (GO:0010720),GO_Biological_Process_2021,1/38,0.0409974411975465,0.1108546598034464,0,0,25.664092664092664,81.97741568726948,ATP6AP1
ncRNA export from nucleus (GO:0097064),GO_Biological_Process_2021,1/38,0.0409974411975465,0.1108546598034464,0,0,25.664092664092664,81.97741568726948,NUP98
organophosphate biosynthetic process (GO:0090407),GO_Biological_Process_2021,1/39,0.0420543492750046,0.1108546598034464,0,0,24.9874686716792,79.18010249314726,IP6K1
vesicle cytoskeletal trafficking (GO:0099518),GO_Biological_Process_2021,1/39,0.0420543492750046,0.1108546598034464,0,0,24.9874686716792,79.18010249314726,ACTN4
negative regulation of cell-substrate adhesion (GO:0010812),GO_Biological_Process_2021,1/40,0.043110145479118,0.1108546598034464,0,0,24.345543345543344,76.54231318763195,ACTN4
nucleocytoplasmic transport (GO:0006913),GO_Biological_Process_2021,1/40,0.043110145479118,0.1108546598034464,0,0,24.345543345543344,76.54231318763195,NUP98
glycolipid biosynthetic process (GO:0009247),GO_Biological_Process_2021,1/40,0.043110145479118,0.1108546598034464,0,0,24.345543345543344,76.54231318763195,MPPE1
response to organonitrogen compound (GO:0010243),GO_Biological_Process_2021,1/40,0.043110145479118,0.1108546598034464,0,0,24.345543345543344,76.54231318763195,DNAJB12
regulation of viral transcription (GO:0046782),GO_Biological_Process_2021,1/41,0.0441648309205672,0.1109032994941886,0,0,23.735714285714284,74.05131012000572,CTDP1
phosphatidylinositol phosphate biosynthetic process (GO:0046854),GO_Biological_Process_2021,1/42,0.0452184067076381,0.1109032994941886,0,0,23.15563298490128,71.69565287330235,IP6K1
regulation of double-strand break repair (GO:2000779),GO_Biological_Process_2021,1/42,0.0452184067076381,0.1109032994941886,0,0,23.15563298490128,71.69565287330235,RNF169
regulation of purine nucleotide metabolic process (GO:1900542),GO_Biological_Process_2021,1/43,0.0462708739577018,0.1109032994941886,0,0,22.603174603174605,69.46503881508069,NUP98
regulation of carbohydrate catabolic process (GO:0043470),GO_Biological_Process_2021,1/43,0.0462708739577018,0.1109032994941886,0,0,22.603174603174605,69.46503881508069,NUP98
positive regulation of osteoblast differentiation (GO:0045669),GO_Biological_Process_2021,1/44,0.0473222337759817,0.1109032994941886,0,0,22.07641196013289,67.35016647561174,ATP6AP1
negative regulation of tumor necrosis factor production (GO:0032720),GO_Biological_Process_2021,1/46,0.0494216355431908,0.1109032994941886,0,0,21.09312169312169,63.43475777373824,PTPN6
interleukin-12-mediated signaling pathway (GO:0035722),GO_Biological_Process_2021,1/46,0.0494216355431908,0.1109032994941886,0,0,21.09312169312169,63.43475777373824,PITPNA
negative regulation of cold-induced thermogenesis (GO:0120163),GO_Biological_Process_2021,1/47,0.050469679710716,0.1109032994941886,0,0,20.633540372670808,61.61964439333086,IP6K1
polyol metabolic process (GO:0019751),GO_Biological_Process_2021,1/47,0.050469679710716,0.1109032994941886,0,0,20.633540372670808,61.61964439333086,IP6K1
cellular response to interleukin-12 (GO:0071349),GO_Biological_Process_2021,1/48,0.0515166208717867,0.1109032994941886,0,0,20.193515704154,59.890954463772765,PITPNA
negative regulation of tumor necrosis factor superfamily cytokine production (GO:1903556),GO_Biological_Process_2021,1/48,0.0515166208717867,0.1109032994941886,0,0,20.193515704154,59.890954463772765,PTPN6
substrate adhesion-dependent cell spreading (GO:0034446),GO_Biological_Process_2021,1/48,0.0515166208717867,0.1109032994941886,0,0,20.193515704154,59.890954463772765,PARVG
cognition (GO:0050890),GO_Biological_Process_2021,1/48,0.0515166208717867,0.1109032994941886,0,0,20.193515704154,59.890954463772765,DGCR2
nucleus organization (GO:0006997),GO_Biological_Process_2021,1/48,0.0515166208717867,0.1109032994941886,0,0,20.193515704154,59.890954463772765,NUP98
inositol phosphate metabolic process (GO:0043647),GO_Biological_Process_2021,1/48,0.0515166208717867,0.1109032994941886,0,0,20.193515704154,59.890954463772765,IP6K1
aminoglycan biosynthetic process (GO:0006023),GO_Biological_Process_2021,1/49,0.0525624601312181,0.1109032994941886,0,0,19.771825396825395,58.24291595044674,NDST1
iron ion transport (GO:0006826),GO_Biological_Process_2021,1/50,0.0536071985992547,0.1109032994941886,0,0,19.367346938775512,56.67024999786951,ATP6AP1
regulation of generation of precursor metabolites and energy (GO:0043467),GO_Biological_Process_2021,1/50,0.0536071985992547,0.1109032994941886,0,0,19.367346938775512,56.67024999786951,NUP98
neuron migration (GO:0001764),GO_Biological_Process_2021,1/50,0.0536071985992547,0.1109032994941886,0,0,19.367346938775512,56.67024999786951,USP9X
regulation of cellular component movement (GO:0051270),GO_Biological_Process_2021,1/50,0.0536071985992547,0.1109032994941886,0,0,19.367346938775512,56.67024999786951,ACTN4
regulation of substrate adhesion-dependent cell spreading (GO:1900024),GO_Biological_Process_2021,1/51,0.0546508373685044,0.1109032994941886,0,0,18.97904761904762,55.16811991271338,ACTN4
mitotic nuclear membrane organization (GO:0101024),GO_Biological_Process_2021,1/51,0.0546508373685044,0.1109032994941886,0,0,18.97904761904762,55.16811991271338,NUP98
mitotic nuclear membrane reassembly (GO:0007084),GO_Biological_Process_2021,1/51,0.0546508373685044,0.1109032994941886,0,0,18.97904761904762,55.16811991271338,NUP98
negative regulation of protein ubiquitination (GO:0031397),GO_Biological_Process_2021,1/51,0.0546508373685044,0.1109032994941886,0,0,18.97904761904762,55.16811991271338,USP4
regulation of exocytosis (GO:0017157),GO_Biological_Process_2021,1/52,0.0556933775463978,0.1109032994941886,0,0,18.605975723622784,53.732086291886986,ATP6AP1
cellular response to DNA damage stimulus (GO:0006974),GO_Biological_Process_2021,2/350,0.0560421683945509,0.1109032994941886,0,0,5.640804597701149,16.25482944583029,RNF169;UBA1
positive regulation of NIK/NF-kappaB signaling (GO:1901224),GO_Biological_Process_2021,1/53,0.0567348202331589,0.1109032994941886,0,0,18.247252747252748,52.358067488080735,ACTN4
ubiquitin-dependent protein catabolic process (GO:0006511),GO_Biological_Process_2021,2/354,0.0571822278535509,0.1109032994941886,0,0,5.5755681818181815,15.954555988013963,USP9X;UBA1
nuclear membrane reassembly (GO:0031468),GO_Biological_Process_2021,1/54,0.057775166528884,0.1109032994941886,0,0,17.902066486972146,51.04230466405881,NUP98
glycosaminoglycan metabolic process (GO:0030203),GO_Biological_Process_2021,1/54,0.057775166528884,0.1109032994941886,0,0,17.902066486972146,51.04230466405881,NDST1
regulation of gene silencing by RNA (GO:0060966),GO_Biological_Process_2021,1/55,0.0588144175257853,0.1109032994941886,0,0,17.569664902998237,49.78133084189748,NUP98
protein sumoylation (GO:0016925),GO_Biological_Process_2021,1/55,0.0588144175257853,0.1109032994941886,0,0,17.569664902998237,49.78133084189748,NUP98
regulation of posttranscriptional gene silencing (GO:0060147),GO_Biological_Process_2021,1/55,0.0588144175257853,0.1109032994941886,0,0,17.569664902998237,49.78133084189748,NUP98
negative regulation of protein modification by small protein conjugation or removal (GO:1903321),GO_Biological_Process_2021,1/55,0.0588144175257853,0.1109032994941886,0,0,17.569664902998237,49.78133084189748,USP4
regulation of ATP metabolic process (GO:1903578),GO_Biological_Process_2021,1/56,0.059852574330197,0.1109032994941886,0,0,17.24935064935065,48.57194341390608,NUP98
negative regulation of metabolic process (GO:0009892),GO_Biological_Process_2021,1/56,0.059852574330197,0.1109032994941886,0,0,17.24935064935065,48.57194341390608,IP6K1
peptidyl-tyrosine modification (GO:0018212),GO_Biological_Process_2021,1/56,0.059852574330197,0.1109032994941886,0,0,17.24935064935065,48.57194341390608,PTPN6
cellular iron ion homeostasis (GO:0006879),GO_Biological_Process_2021,1/58,0.061925609729227,0.1139069609617898,0,0,16.642439431913115,46.29629511520948,ATP6AP1
phospholipid transport (GO:0015914),GO_Biological_Process_2021,1/59,0.062960490519082,0.1149713305131064,0,0,16.354679802955665,45.22474371763155,PITPNA
iron ion homeostasis (GO:0055072),GO_Biological_Process_2021,1/61,0.0650269837291301,0.1170485707124342,0,0,15.807936507936509,43.20234688566271,ATP6AP1
protein lipidation (GO:0006497),GO_Biological_Process_2021,1/61,0.0650269837291301,0.1170485707124342,0,0,15.807936507936509,43.20234688566271,MPPE1
actin cytoskeleton reorganization (GO:0031532),GO_Biological_Process_2021,1/63,0.0670891264160781,0.1174059712281368,0,0,15.296466973886329,41.32697417378087,PARVG
amyloid fibril formation (GO:1990000),GO_Biological_Process_2021,1/63,0.0670891264160781,0.1174059712281368,0,0,15.296466973886329,41.32697417378087,USP9X
positive regulation of DNA metabolic process (GO:0051054),GO_Biological_Process_2021,1/63,0.0670891264160781,0.1174059712281368,0,0,15.296466973886329,41.32697417378087,USP9X
positive regulation of viral process (GO:0048524),GO_Biological_Process_2021,1/63,0.0670891264160781,0.1174059712281368,0,0,15.296466973886329,41.32697417378087,CTDP1
regulation of innate immune response (GO:0045088),GO_Biological_Process_2021,1/64,0.0681185690281569,0.1183853751385899,0,0,15.052910052910052,40.43972459506669,PTPN6
BMP signaling pathway (GO:0030509),GO_Biological_Process_2021,1/65,0.0691469272864522,0.1193494909327806,0,0,14.816964285714286,39.58384098532174,USP9X
regulation of gene silencing by miRNA (GO:0060964),GO_Biological_Process_2021,1/67,0.0712003950414228,0.1212331050705307,0,0,14.366522366522366,37.96004302786625,NUP98
transcription elongation from RNA polymerase II promoter (GO:0006368),GO_Biological_Process_2021,1/67,0.0712003950414228,0.1212331050705307,0,0,14.366522366522366,37.96004302786625,CTDP1
peptidyl-tyrosine phosphorylation (GO:0018108),GO_Biological_Process_2021,1/69,0.0732495383636409,0.1230592244509168,0,0,13.942577030812323,36.444269724198726,PTPN6
"DNA-templated transcription, elongation (GO:0006354)",GO_Biological_Process_2021,1/69,0.0732495383636409,0.1230592244509168,0,0,13.942577030812323,36.444269724198726,CTDP1
regulation of G1/S transition of mitotic cell cycle (GO:2000045),GO_Biological_Process_2021,1/71,0.075294365950959,0.1234068163609223,0,0,13.542857142857144,35.026568142715256,PTPN6
regulation of glycolytic process (GO:0006110),GO_Biological_Process_2021,1/71,0.075294365950959,0.1234068163609223,0,0,13.542857142857144,35.026568142715256,NUP98
cellular response to BMP stimulus (GO:0071773),GO_Biological_Process_2021,1/71,0.075294365950959,0.1234068163609223,0,0,13.542857142857144,35.026568142715256,USP9X
positive regulation of secretion by cell (GO:1903532),GO_Biological_Process_2021,1/72,0.0763151640250253,0.1234068163609223,0,0,13.351441985244804,34.35170636454176,ATP6AP1
cell morphogenesis involved in differentiation (GO:0000904),GO_Biological_Process_2021,1/72,0.0763151640250253,0.1234068163609223,0,0,13.351441985244804,34.35170636454176,PARVG
ubiquitin-dependent ERAD pathway (GO:0030433),GO_Biological_Process_2021,1/73,0.0773348864227629,0.1234068163609223,0,0,13.165343915343914,33.69814742858341,DNAJB12
insulin receptor signaling pathway (GO:0008286),GO_Biological_Process_2021,1/73,0.0773348864227629,0.1234068163609223,0,0,13.165343915343914,33.69814742858341,ATP6AP1
proteolysis involved in cellular protein catabolic process (GO:0051603),GO_Biological_Process_2021,1/74,0.078353534197411,0.1234068163609223,0,0,12.984344422700588,33.06494733744324,USP9X
mitotic nuclear division (GO:0140014),GO_Biological_Process_2021,1/74,0.078353534197411,0.1234068163609223,0,0,12.984344422700588,33.06494733744324,CTDP1
regulation of cytokine-mediated signaling pathway (GO:0001959),GO_Biological_Process_2021,1/74,0.078353534197411,0.1234068163609223,0,0,12.984344422700588,33.06494733744324,PTPN6
establishment of protein localization to organelle (GO:0072594),GO_Biological_Process_2021,1/76,0.0803876102053849,0.125047393652821,0,0,12.636825396825396,31.85611269580601,TNPO3
protein import into nucleus (GO:0006606),GO_Biological_Process_2021,1/76,0.0803876102053849,0.125047393652821,0,0,12.636825396825396,31.85611269580601,TNPO3
positive regulation of phosphatidylinositol 3-kinase signaling (GO:0014068),GO_Biological_Process_2021,1/77,0.0814030405988153,0.1250827209201308,0,0,12.469924812030076,31.278844284190207,PTPN6
import into nucleus (GO:0051170),GO_Biological_Process_2021,1/77,0.0814030405988153,0.1250827209201308,0,0,12.469924812030076,31.278844284190207,TNPO3
regulation of cellular response to heat (GO:1900034),GO_Biological_Process_2021,1/79,0.0834306915403189,0.1274214198070326,0,0,12.148962148962148,30.174851502656868,NUP98
lipid biosynthetic process (GO:0008610),GO_Biological_Process_2021,1/80,0.0844429142331597,0.127422840639259,0,0,11.994575045207956,29.646745779715985,ACSS2
regulation of NIK/NF-kappaB signaling (GO:1901222),GO_Biological_Process_2021,1/80,0.0844429142331597,0.127422840639259,0,0,11.994575045207956,29.646745779715985,ACTN4
regulation of osteoblast differentiation (GO:0045667),GO_Biological_Process_2021,1/83,0.0874731840460648,0.1312097760690973,0,0,11.554006968641117,28.15044832788816,ATP6AP1
ERAD pathway (GO:0036503),GO_Biological_Process_2021,1/87,0.0914986544722913,0.1364358634734759,0,0,11.014396456256922,26.340169264282206,DNAJB12
transforming growth factor beta receptor signaling pathway (GO:0007179),GO_Biological_Process_2021,1/89,0.0935050277472241,0.1377968829959092,0,0,10.762987012987011,25.5054816130164,USP9X
protein import (GO:0017038),GO_Biological_Process_2021,1/89,0.0935050277472241,0.1377968829959092,0,0,10.762987012987011,25.5054816130164,TNPO3
"regulation of mRNA splicing, via spliceosome (GO:0048024)",GO_Biological_Process_2021,1/90,0.0945066276095651,0.1384631985907582,0,0,10.64151952915998,25.10425243464053,NUP98
regulation of peptidyl-tyrosine phosphorylation (GO:0050730),GO_Biological_Process_2021,1/92,0.0965066591594856,0.1404073338376403,0,0,10.406593406593409,24.332106297541305,PTPN6
neutrophil degranulation (GO:0043312),GO_Biological_Process_2021,2/481,0.0972432098326107,0.1404073338376403,0,0,4.070772442588726,9.48709849966803,STK10;PTPN6
visual perception (GO:0007601),GO_Biological_Process_2021,1/93,0.0975050929428058,0.1404073338376403,0,0,10.29296066252588,23.960475343992155,PITPNA
neutrophil activation involved in immune response (GO:0002283),GO_Biological_Process_2021,2/485,0.0986120880606461,0.1406917107021108,0,0,4.036231884057971,9.350179096765643,STK10;PTPN6
sensory perception of light stimulus (GO:0050953),GO_Biological_Process_2021,1/95,0.0994988018426892,0.1406917107021108,0,0,10.072948328267476,23.2444330349282,PITPNA
neutrophil mediated immunity (GO:0002446),GO_Biological_Process_2021,2/488,0.0996424904746979,0.1406917107021108,0,0,4.010699588477366,9.249341410207975,STK10;PTPN6
cellular protein modification process (GO:0006464),GO_Biological_Process_2021,3/1025,0.1002348916323334,0.1406917107021108,0,0,2.928622927180966,6.736532471503224,STK10;CTDP1;PTPN6
cellular transition metal ion homeostasis (GO:0046916),GO_Biological_Process_2021,1/96,0.1004940790729363,0.1406917107021108,0,0,9.96641604010025,22.899400276475088,ATP6AP1
glycosaminoglycan biosynthetic process (GO:0006024),GO_Biological_Process_2021,1/97,0.1014883062274201,0.1412986362945296,0,0,9.862103174603174,22.56263499711162,NDST1
protein phosphorylation (GO:0006468),GO_Biological_Process_2021,2/496,0.1024056753186682,0.141792473518156,0,0,3.9441295546558703,8.98793427425421,STK10;PTPN6
mRNA-containing ribonucleoprotein complex export from nucleus (GO:0071427),GO_Biological_Process_2021,1/99,0.103473614552829,0.1424882561055351,0,0,9.65986394557823,21.912808540819068,NUP98
cell-matrix adhesion (GO:0007160),GO_Biological_Process_2021,1/100,0.104464697819105,0.1430712165783395,0,0,9.561808561808562,21.59922753970687,PARVG
mRNA transport (GO:0051028),GO_Biological_Process_2021,1/104,0.108418582791051,0.1471856948458237,0,0,9.188626907073507,20.41488491079557,NUP98
peptidyl-lysine modification (GO:0018205),GO_Biological_Process_2021,1/106,0.1103892711343678,0.1471856948458237,0,0,9.012698412698413,19.8616650141474,NUP98
regulation of phosphatidylinositol 3-kinase signaling (GO:0014066),GO_Biological_Process_2021,1/106,0.1103892711343678,0.1471856948458237,0,0,9.012698412698413,19.8616650141474,PTPN6
RNA export from nucleus (GO:0006405),GO_Biological_Process_2021,1/106,0.1103892711343678,0.1471856948458237,0,0,9.012698412698413,19.8616650141474,NUP98
protein localization to nucleus (GO:0034504),GO_Biological_Process_2021,1/106,0.1103892711343678,0.1471856948458237,0,0,9.012698412698413,19.8616650141474,TNPO3
mRNA export from nucleus (GO:0006406),GO_Biological_Process_2021,1/107,0.111373055412618,0.1477158419156828,0,0,8.92722371967655,19.594094214759316,NUP98
protein ubiquitination (GO:0016567),GO_Biological_Process_2021,2/525,0.1126027841322354,0.1477342651194577,0,0,3.7198852772466537,8.123815934573019,USP9X;UBA1
regulation of protein ubiquitination (GO:0031396),GO_Biological_Process_2021,1/109,0.113337509489395,0.1477342651194577,0,0,8.761022927689595,19.07612080351189,USP4
lipid transport (GO:0006869),GO_Biological_Process_2021,1/109,0.113337509489395,0.1477342651194577,0,0,8.761022927689595,19.07612080351189,PITPNA
regulation of interleukin-6 production (GO:0032675),GO_Biological_Process_2021,1/110,0.1143181813424375,0.1477342651194577,0,0,8.680209698558322,18.825375384313688,PTPN6
response to endoplasmic reticulum stress (GO:0034976),GO_Biological_Process_2021,1/110,0.1143181813424375,0.1477342651194577,0,0,8.680209698558322,18.825375384313688,DNAJB12
protein-containing complex subunit organization (GO:0043933),GO_Biological_Process_2021,1/112,0.1162764199182915,0.1494982541806606,0,0,8.522951522951523,18.3395591765212,NUP98
cellular response to transforming growth factor beta stimulus (GO:0071560),GO_Biological_Process_2021,1/114,0.1182305252425444,0.1512390475183817,0,0,8.37126000842815,17.873635934356088,USP9X
positive regulation of intracellular signal transduction (GO:1902533),GO_Biological_Process_2021,2/546,0.1201528499345568,0.1521883789760737,0,0,3.572426470588235,7.5699381006366595,PTPN6;ACTN4
tumor necrosis factor-mediated signaling pathway (GO:0033209),GO_Biological_Process_2021,1/116,0.1201805056199947,0.1521883789760737,0,0,8.224844720496895,17.42647572499955,ACTN4
regulation of cellular response to stress (GO:0080135),GO_Biological_Process_2021,1/118,0.1221263693496126,0.1538792253805119,0,0,8.083435083435084,16.997030510778643,NUP98
cellular response to organic substance (GO:0071310),GO_Biological_Process_2021,1/123,0.1269730726287825,0.1591901209077274,0,0,7.750195160031225,15.994699639424006,PTPN6
regulation of tumor necrosis factor production (GO:0032680),GO_Biological_Process_2021,1/124,0.1279393433544284,0.1592350856820403,0,0,7.686798296554394,15.805587027633496,PTPN6
regulation of phosphorylation (GO:0042325),GO_Biological_Process_2021,1/125,0.1289045931711755,0.1592350856820403,0,0,7.624423963133641,15.620025745756442,NUP98
platelet degranulation (GO:0002576),GO_Biological_Process_2021,1/125,0.1289045931711755,0.1592350856820403,0,0,7.624423963133641,15.620025745756442,ACTN4
cellular response to insulin stimulus (GO:0032869),GO_Biological_Process_2021,1/129,0.1327554038555205,0.1631920086419082,0,0,7.384672619047619,14.911477387157236,ATP6AP1
transmembrane receptor protein serine/threonine kinase signaling pathway (GO:0007178),GO_Biological_Process_2021,1/133,0.1365899620298394,0.1670906331627162,0,0,7.159451659451659,14.252834602798108,USP9X
positive regulation of cellular process (GO:0048522),GO_Biological_Process_2021,2/625,0.1496341666823576,0.1821633333524353,0,0,3.106741573033708,5.901447778033546,PTPN6;ACTN4
response to cytokine (GO:0034097),GO_Biological_Process_2021,1/150,0.1527070307118959,0.1850104410547969,0,0,6.337168424416746,11.909022526412445,PTPN6
negative regulation of protein phosphorylation (GO:0001933),GO_Biological_Process_2021,1/152,0.1545841649920832,0.1863885625741865,0,0,6.252601702932829,11.673711008372909,PTPN6
mitotic spindle organization (GO:0007052),GO_Biological_Process_2021,1/157,0.1592596491574684,0.191111578988962,0,0,6.050671550671551,11.11641112633257,NUP98
protein autophosphorylation (GO:0046777),GO_Biological_Process_2021,1/159,0.1611229231905072,0.192431168928947,0,0,5.973477998794454,10.905108004046104,STK10
regulation of MAPK cascade (GO:0043408),GO_Biological_Process_2021,1/166,0.1676133900791551,0.1992385580186184,0,0,5.718037518037519,10.212959370400489,PTPN6
positive regulation of ERK1 and ERK2 cascade (GO:0070374),GO_Biological_Process_2021,1/172,0.1731384691060908,0.2048398789424173,0,0,5.515733778891674,9.672741583882276,ATP6AP1
protein stabilization (GO:0050821),GO_Biological_Process_2021,1/179,0.1795401518668945,0.2114211134133524,0,0,5.296950240770466,9.096751443014716,USP9X
regulated exocytosis (GO:0045055),GO_Biological_Process_2021,1/180,0.1804508067861632,0.2115051316749448,0,0,5.267092311785049,9.018826769418473,ACTN4
negative regulation of cytokine production (GO:0001818),GO_Biological_Process_2021,1/182,0.1822692229713458,0.2126474267999034,0,0,5.208366219415943,8.866047844643044,PTPN6
endoplasmic reticulum to Golgi vesicle-mediated transport (GO:0006888),GO_Biological_Process_2021,1/185,0.18498962777366,0.2148266645113472,0,0,5.122670807453416,8.64427913919146,MPPE1
regulation of mitotic cell cycle phase transition (GO:1901990),GO_Biological_Process_2021,1/188,0.1877013924825559,0.2169759215853398,0,0,5.039724980901451,8.430970620202137,PTPN6
cellular response to tumor necrosis factor (GO:0071356),GO_Biological_Process_2021,1/194,0.1930991060543861,0.2221962316242252,0,0,4.881569207994079,8.027993032435198,ACTN4
regulation of apoptotic process (GO:0042981),GO_Biological_Process_2021,2/742,0.1956786039603397,0.224140946354571,0,0,2.59972972972973,4.240891640599381,PTPN6;ACTN4
modification-dependent protein catabolic process (GO:0019941),GO_Biological_Process_2021,1/201,0.1993531678153524,0.2273026594870909,0,0,4.709047619047619,7.594174268418155,UBA1
generation of neurons (GO:0048699),GO_Biological_Process_2021,1/202,0.2002428190719611,0.2273026594870909,0,0,4.685382610755745,7.535147357122178,USP9X
proteasomal protein catabolic process (GO:0010498),GO_Biological_Process_2021,1/205,0.2029061147063144,0.2292930085470459,0,0,4.6157796451914095,7.362223443639087,DNAJB12
phosphate-containing compound metabolic process (GO:0006796),GO_Biological_Process_2021,1/212,0.2090875872916393,0.2352235357030942,0,0,4.461069735951252,6.981583223318302,IP6K1
negative regulation of multicellular organismal process (GO:0051241),GO_Biological_Process_2021,1/214,0.2108453005712249,0.2361467366397719,0,0,4.418734630002236,6.878337481148603,IP6K1
positive regulation of cell motility (GO:2000147),GO_Biological_Process_2021,1/221,0.2169679795081989,0.2408631314364146,0,0,4.276623376623377,6.534704024656884,ACTN4
"transcription, DNA-templated (GO:0006351)",GO_Biological_Process_2021,1/221,0.2169679795081989,0.2408631314364146,0,0,4.276623376623377,6.534704024656884,CTDP1
axonogenesis (GO:0007409),GO_Biological_Process_2021,1/240,0.2333589503503213,0.2579230503871973,0,0,3.932855150428372,5.723002134593974,USP9X
positive regulation of cell differentiation (GO:0045597),GO_Biological_Process_2021,1/258,0.2485847395515439,0.2735517657947121,0,0,3.654067074300537,5.086357180263804,ATP6AP1
cellular component assembly (GO:0022607),GO_Biological_Process_2021,1/261,0.2510941407274298,0.2751118411448361,0,0,3.611355311355312,4.990630666336266,PARVG
protein-containing complex assembly (GO:0065003),GO_Biological_Process_2021,1/267,0.2560889655006607,0.2793697805461753,0,0,3.5288220551378444,4.807068585787497,DNAJB12
positive regulation of cell migration (GO:0030335),GO_Biological_Process_2021,1/269,0.2577468289902939,0.279966383213595,0,0,3.502132196162047,4.748111889354549,ACTN4
positive regulation of MAPK cascade (GO:0043410),GO_Biological_Process_2021,1/274,0.2618760723187854,0.2832307734949953,0,0,3.437118437118437,4.605339634086824,ATP6AP1
transcription by RNA polymerase II (GO:0006366),GO_Biological_Process_2021,1/320,0.2988501300827531,0.3213095809813099,0,0,2.9346171070309,3.5444688927225654,CTDP1
proteasome-mediated ubiquitin-dependent protein catabolic process (GO:0043161),GO_Biological_Process_2021,1/321,0.2996339346452691,0.3213095809813099,0,0,2.925297619047619,3.52555045781868,DNAJB12
cellular protein localization (GO:0034613),GO_Biological_Process_2021,1/329,0.3058743313401952,0.3266115741429203,0,0,2.852787456445993,3.3793576561268663,USP4
intracellular protein transport (GO:0006886),GO_Biological_Process_2021,1/336,0.3112911072924465,0.3309930761084241,0,0,2.792181947405828,3.2585510745910646,TNPO3
supramolecular fiber organization (GO:0097435),GO_Biological_Process_2021,1/351,0.3227629319781302,0.3417489868003732,0,0,2.6704761904761907,3.019873769733743,USP9X
gene expression (GO:0010467),GO_Biological_Process_2021,1/356,0.3265461717376122,0.3443080973969802,0,0,2.632193158953722,2.9459082737852538,NUP98
protein transport (GO:0015031),GO_Biological_Process_2021,1/369,0.3362884143017252,0.3531028350168114,0,0,2.5375258799171845,2.765360461035737,ATP6AP1
negative regulation of cell population proliferation (GO:0008285),GO_Biological_Process_2021,1/379,0.3436907519045884,0.3593778816595696,0,0,2.469135802469136,2.6370691430924995,PTPN6
phosphorylation (GO:0016310),GO_Biological_Process_2021,1/400,0.3589799741312757,0.3738138573598409,0,0,2.336675020885547,2.393897094683075,STK10
transmembrane receptor protein tyrosine kinase signaling pathway (GO:0007169),GO_Biological_Process_2021,1/404,0.3618533958975492,0.3752553735233843,0,0,2.3130095710740872,2.3512115445323643,ATP6AP1
regulation of cell migration (GO:0030334),GO_Biological_Process_2021,1/408,0.3647145202862169,0.3766723734103552,0,0,2.28980928980929,2.309594083875582,ACTN4
regulation of nucleic acid-templated transcription (GO:1903506),GO_Biological_Process_2021,1/430,0.3802331190853955,0.3910969224878353,0,0,2.16994116994117,2.098269625539914,ACTN4
positive regulation of cell population proliferation (GO:0008284),GO_Biological_Process_2021,1/474,0.4101916076054392,0.4201962809616694,0,0,1.9636564985402196,1.749874968751734,PTPN6
cellular response to cytokine stimulus (GO:0071345),GO_Biological_Process_2021,1/482,0.4154879364873116,0.423898623460739,0,0,1.9302049302049304,1.695302269294828,PTPN6
negative regulation of cellular process (GO:0048523),GO_Biological_Process_2021,1/566,0.4684271503226641,0.4759824269407715,0,0,1.636156763590392,1.2408198701499018,PTPN6
negative regulation of transcription by RNA polymerase II (GO:0000122),GO_Biological_Process_2021,1/684,0.5351195014197913,0.5415667243284634,0,0,1.3452555253433731,0.8411414515031301,USP9X
regulation of cell population proliferation (GO:0042127),GO_Biological_Process_2021,1/764,0.5757064854926407,0.5803121373765818,0,0,1.199213630406291,0.6621545866237808,PTPN6
"negative regulation of transcription, DNA-templated (GO:0045892)",GO_Biological_Process_2021,1/948,0.6566128964435762,0.6592288840788096,0,0,0.956956805953638,0.4025540556114901,USP9X
regulation of transcription by RNA polymerase II (GO:0006357),GO_Biological_Process_2021,2/2206,0.7152104662767392,0.7152104662767392,0,0,0.8064428312159709,0.2703022349341129,CTDP1;USP9X
intracellular membrane-bounded organelle (GO:0043231),GO_Cellular_Component_2021,14/5192,0.00022049976168098896,0.0097019895139635,0,0,5.00193124758594,42.11433007855268,CTDP1;ACSS2;USP9X;USP4;PITPNA;ACTN4;RNF169;TACC3;UBA1;PTPN6;NUP98;MPPE1;IP6K1;TNPO3
rough endoplasmic reticulum membrane (GO:0030867),GO_Cellular_Component_2021,1/6,0.0065826171479286,0.0912696877521914,0,0,190.2190476190476,955.5316921910462,UBA1
pseudopodium (GO:0031143),GO_Cellular_Component_2021,1/9,0.0098584127261176,0.0912696877521914,0,0,118.86904761904762,549.107257058779,ACTN4
nuclear inclusion body (GO:0042405),GO_Cellular_Component_2021,1/11,0.0120365474388125,0.0912696877521914,0,0,95.08571428571427,420.260566245477,NUP98
specific granule (GO:0042581),GO_Cellular_Component_2021,2/160,0.0132278796006314,0.0912696877521914,0,0,12.544303797468354,54.25949023404401,STK10;PTPN6
nucleus (GO:0005634),GO_Cellular_Component_2021,10/4484,0.0139722775117337,0.0912696877521914,0,0,2.8877961555654896,12.332853546257049,CTDP1;RNF169;USP9X;USP4;PITPNA;UBA1;PTPN6;ACTN4;NUP98;IP6K1
proton-transporting V-type ATPase complex (GO:0033176),GO_Cellular_Component_2021,1/15,0.0163791067947741,0.0912696877521914,0,0,67.9047619047619,279.20731867751766,ATP6AP1
desmosome (GO:0030057),GO_Cellular_Component_2021,1/17,0.0185435492893687,0.0912696877521914,0,0,59.410714285714285,236.908142520545,UBA1
spindle (GO:0005819),GO_Cellular_Component_2021,2/192,0.0186687997674937,0.0912696877521914,0,0,10.414736842105263,41.46004266439194,CTDP1;TACC3
nuclear membrane (GO:0031965),GO_Cellular_Component_2021,2/204,0.0209153463698529,0.0920275240273529,0,0,9.79009900990099,37.86097688832336,DNAJB12;NUP98
rough endoplasmic reticulum (GO:0005791),GO_Cellular_Component_2021,1/29,0.031435050111481,0.1257402004459243,0,0,33.92857142857143,117.38714910240454,UBA1
intracellular non-membrane-bounded organelle (GO:0043232),GO_Cellular_Component_2021,4/1158,0.0354816778687542,0.1300994855187655,0,0,3.624879645676873,12.102526434738492,CTDP1;RNF169;PARVG;PTPN6
actin cytoskeleton (GO:0015629),GO_Cellular_Component_2021,2/316,0.0466987403323567,0.1362094513835914,0,0,6.2624203821656055,19.18829457579072,PARVG;ACTN4
secretory granule lumen (GO:0034774),GO_Cellular_Component_2021,2/316,0.0466987403323567,0.1362094513835914,0,0,6.2624203821656055,19.18829457579072,PTPN6;ACTN4
endosome membrane (GO:0010008),GO_Cellular_Component_2021,2/325,0.0491100298618501,0.1362094513835914,0,0,6.085139318885449,18.3387356286574,ATP6AP1;UBA1
bounding membrane of organelle (GO:0098588),GO_Cellular_Component_2021,3/767,0.0503110716131386,0.1362094513835914,0,0,3.970928630476716,11.871210723357189,NDST1;ATP6AP1;UBA1
tertiary granule lumen (GO:1904724),GO_Cellular_Component_2021,1/55,0.0588144175257853,0.1362094513835914,0,0,17.569664902998237,49.78133084189748,PTPN6
cis-Golgi network (GO:0005801),GO_Cellular_Component_2021,1/57,0.0608896380354621,0.1362094513835914,0,0,16.94047619047619,47.41117969569272,MPPE1
cytoplasmic vesicle membrane (GO:0030659),GO_Cellular_Component_2021,2/380,0.0647907085315404,0.1362094513835914,0,0,5.185185185185185,14.189741858774894,ATP6AP1;UBA1
specific granule lumen (GO:0035580),GO_Cellular_Component_2021,1/62,0.0660585983445957,0.1362094513835914,0,0,15.548009367681498,42.2472543776498,PTPN6
focal adhesion (GO:0005925),GO_Cellular_Component_2021,2/387,0.0668959067614145,0.1362094513835914,0,0,5.089090909090909,13.764044322418952,PARVG;ACTN4
cell-substrate junction (GO:0030055),GO_Cellular_Component_2021,2/394,0.0690243266219626,0.1362094513835914,0,0,4.996428571428571,13.35693389720156,PARVG;ACTN4
platelet alpha granule lumen (GO:0031093),GO_Cellular_Component_2021,1/67,0.0712003950414228,0.1362094513835914,0,0,14.366522366522366,37.96004302786625,ACTN4
platelet alpha granule (GO:0031091),GO_Cellular_Component_2021,1/90,0.0945066276095651,0.1622586335603706,0,0,10.64151952915998,25.10425243464053,ACTN4
specific granule membrane (GO:0035579),GO_Cellular_Component_2021,1/91,0.0955071710697484,0.1622586335603706,0,0,10.522751322751322,24.71324912687108,STK10
lysosome (GO:0005764),GO_Cellular_Component_2021,2/477,0.0958801016493099,0.1622586335603706,0,0,4.105894736842105,9.626914052777265,USP4;UBA1
mitotic spindle (GO:0072686),GO_Cellular_Component_2021,1/120,0.1240681247160871,0.1964874439664039,0,0,7.946778711484594,16.58432696153108,TACC3
intrinsic component of endoplasmic reticulum membrane (GO:0031227),GO_Cellular_Component_2021,1/121,0.125037464342257,0.1964874439664039,0,0,7.880158730158731,16.383967972675826,DNAJB12
cytoskeleton (GO:0005856),GO_Cellular_Component_2021,2/600,0.1401364639861728,0.2126208419100553,0,0,3.240802675585284,6.368626395077913,PARVG;ACTN4
integral component of endoplasmic reticulum membrane (GO:0030176),GO_Cellular_Component_2021,1/142,0.145158632579542,0.2128993277833282,0,0,6.699425869638636,12.929410352051812,DNAJB12
tertiary granule (GO:0070820),GO_Cellular_Component_2021,1/164,0.1657638788023802,0.2352777634614429,0,0,5.788781770376862,10.403546036010685,PTPN6
endoplasmic reticulum membrane (GO:0005789),GO_Cellular_Component_2021,2/712,0.1836613702872695,0.2525343841449955,0,0,2.713802816901409,4.598977412443279,DNAJB12;UBA1
nucleolus (GO:0005730),GO_Cellular_Component_2021,2/733,0.192060766679892,0.254794706386345,0,0,2.63296853625171,4.344249227051552,RNF169;PTPN6
nuclear lumen (GO:0031981),GO_Cellular_Component_2021,2/745,0.1968868185712666,0.254794706386345,0,0,2.588829071332436,4.207174055644266,RNF169;PTPN6
integral component of organelle membrane (GO:0031301),GO_Cellular_Component_2021,1/214,0.2108453005712249,0.2630506820242956,0,0,4.418734630002236,6.878337481148603,DNAJB12
lytic vacuole (GO:0000323),GO_Cellular_Component_2021,1/219,0.2152232852926055,0.2630506820242956,0,0,4.316295325469637,6.630171701499756,USP4
intracellular organelle lumen (GO:0070013),GO_Cellular_Component_2021,2/848,0.2389137880823208,0.2841136939357329,0,0,2.261465721040189,3.2376330790769576,ACSS2;PTPN6
lytic vacuole membrane (GO:0098852),GO_Cellular_Component_2021,1/267,0.2560889655006607,0.288063679550664,0,0,3.5288220551378444,4.807068585787497,UBA1
cell-cell junction (GO:0005911),GO_Cellular_Component_2021,1/271,0.2594011654090503,0.288063679550664,0,0,3.4758377425044094,4.690224245112372,UBA1
secretory granule membrane (GO:0030667),GO_Cellular_Component_2021,1/274,0.2618760723187854,0.288063679550664,0,0,3.437118437118437,4.605339634086824,STK10
lysosomal membrane (GO:0005765),GO_Cellular_Component_2021,1/330,0.3066506386486011,0.3220654560842275,0,0,2.8439716312056738,3.361705757900601,UBA1
microtubule cytoskeleton (GO:0015630),GO_Cellular_Component_2021,1/331,0.3074261171713081,0.3220654560842275,0,0,2.835209235209235,3.3441873862714626,CTDP1
mitochondrial matrix (GO:0005759),GO_Cellular_Component_2021,1/348,0.3204832594677855,0.3279363585251759,0,0,2.693975572938109,3.065542791056162,ACSS2
Golgi membrane (GO:0000139),GO_Cellular_Component_2021,1/472,0.4088603852671497,0.4088603852671497,0,0,1.97219694671924,1.763896537518137,NDST1
phosphatidylinositol binding (GO:0035091),GO_Molecular_Function_2021,2/92,0.0045538802449072,0.0430343047412366,0,0,22.09777777777778,119.14625922138045,PITPNA;MPPE1
phosphatidylcholine transfer activity (GO:0120019),GO_Molecular_Function_2021,1/5,0.0054883894433205,0.0430343047412366,0,0,237.78571428571428,1237.7032790036255,PITPNA
thiol-dependent deubiquitinase (GO:0004843),GO_Molecular_Function_2021,2/106,0.005998067585202,0.0430343047412366,0,0,19.109615384615385,97.770867842282,USP9X;USP4
deubiquitinase activity (GO:0101005),GO_Molecular_Function_2021,2/112,0.0066731087173719,0.0430343047412366,0,0,18.061818181818182,90.48373881227064,USP9X;USP4
omega peptidase activity (GO:0008242),GO_Molecular_Function_2021,2/113,0.0067888395926707,0.0430343047412366,0,0,17.898198198198198,89.35631155051506,USP9X;USP4
RNA polymerase II CTD heptapeptide repeat phosphatase activity (GO:0008420),GO_Molecular_Function_2021,1/7,0.0076756962402828,0.0430343047412366,0,0,158.5079365079365,771.8855078560287,CTDP1
GPI anchor binding (GO:0034235),GO_Molecular_Function_2021,1/7,0.0076756962402828,0.0430343047412366,0,0,158.5079365079365,771.8855078560287,MPPE1
inositol hexakisphosphate kinase activity (GO:0000828),GO_Molecular_Function_2021,1/8,0.0087676277457428,0.0430343047412366,0,0,135.85714285714286,643.5130349149837,IP6K1
phosphatidylinositol transfer activity (GO:0008526),GO_Molecular_Function_2021,1/9,0.0098584127261176,0.0430343047412366,0,0,118.86904761904762,549.107257058779,PITPNA
co-SMAD binding (GO:0070410),GO_Molecular_Function_2021,1/10,0.0109480522580432,0.0430343047412366,0,0,105.65608465608466,476.9942956890701,USP9X
Tat protein binding (GO:0030957),GO_Molecular_Function_2021,1/10,0.0109480522580432,0.0430343047412366,0,0,105.65608465608466,476.9942956890701,CTDP1
AMP binding (GO:0016208),GO_Molecular_Function_2021,1/11,0.0120365474388125,0.0430343047412366,0,0,95.08571428571427,420.260566245477,ACSS2
acid-thiol ligase activity (GO:0016878),GO_Molecular_Function_2021,1/13,0.0142101091631312,0.0430343047412366,0,0,79.23015873015873,337.0293803138913,ACSS2
CoA-ligase activity (GO:0016405),GO_Molecular_Function_2021,1/14,0.0152951779293368,0.0430343047412366,0,0,73.13186813186813,305.7071272789262,ACSS2
phosphatidylglycerol binding (GO:1901611),GO_Molecular_Function_2021,1/14,0.0152951779293368,0.0430343047412366,0,0,73.13186813186813,305.7071272789262,PITPNA
small GTPase binding (GO:0031267),GO_Molecular_Function_2021,2/175,0.0156765381971338,0.0430343047412366,0,0,11.447976878612716,47.57309900033378,ATP6AP1;TNPO3
actin binding (GO:0003779),GO_Molecular_Function_2021,2/177,0.0160167480364982,0.0430343047412366,0,0,11.316,46.781705902376295,PARVG;ACTN4
Lys48-specific deubiquitinase activity (GO:1990380),GO_Molecular_Function_2021,1/15,0.0163791067947741,0.0430343047412366,0,0,67.9047619047619,279.20731867751766,USP9X
heparan sulfate sulfotransferase activity (GO:0034483),GO_Molecular_Function_2021,1/15,0.0163791067947741,0.0430343047412366,0,0,67.9047619047619,279.20731867751766,NDST1
nuclear import signal receptor activity (GO:0061608),GO_Molecular_Function_2021,1/16,0.0174618968734111,0.0430343047412366,0,0,63.37460317460317,256.52354192445085,TNPO3
transmembrane receptor protein phosphatase activity (GO:0019198),GO_Molecular_Function_2021,1/16,0.0174618968734111,0.0430343047412366,0,0,63.37460317460317,256.52354192445085,PTPN6
transmembrane receptor protein tyrosine phosphatase activity (GO:0005001),GO_Molecular_Function_2021,1/16,0.0174618968734111,0.0430343047412366,0,0,63.37460317460317,256.52354192445085,PTPN6
RNA polymerase II-specific DNA-binding transcription factor binding (GO:0061629),GO_Molecular_Function_2021,2/190,0.0183050632538877,0.0430343047412366,0,0,10.52659574468085,42.1124628968764,CTDP1;ACTN4
phosphatidylcholine transporter activity (GO:0008525),GO_Molecular_Function_2021,1/18,0.0196240651712844,0.0430343047412366,0,0,55.91316526610644,219.7945772360195,PITPNA
retinoic acid receptor binding (GO:0042974),GO_Molecular_Function_2021,1/18,0.0196240651712844,0.0430343047412366,0,0,55.91316526610644,219.7945772360195,ACTN4
GTPase binding (GO:0051020),GO_Molecular_Function_2021,2/201,0.0203434895140391,0.0430343047412366,0,0,9.939195979899498,38.71311212443021,ATP6AP1;TNPO3
ubiquitin-like protein-specific protease activity (GO:0019783),GO_Molecular_Function_2021,1/20,0.0217816918149241,0.0443701129563268,0,0,50.02255639097744,191.42059056605152,USP9X
phospholipid transfer activity (GO:0120014),GO_Molecular_Function_2021,1/22,0.023934785813165,0.0453935593008302,0,0,45.25396825396825,168.9069250201691,PITPNA
K63-linked polyubiquitin modification-dependent protein binding (GO:0070530),GO_Molecular_Function_2021,1/22,0.023934785813165,0.0453935593008302,0,0,45.25396825396825,168.9069250201691,RNF169
"phosphotransferase activity, phosphate group as acceptor (GO:0016776)",GO_Molecular_Function_2021,1/24,0.0260833561592032,0.0478194862918725,0,0,41.31469979296066,150.65231192236567,IP6K1
Hsp70 protein binding (GO:0030544),GO_Molecular_Function_2021,1/31,0.0335678584979562,0.059555877980245,0,0,31.663492063492065,107.4717897739846,DNAJB12
phosphoric diester hydrolase activity (GO:0008081),GO_Molecular_Function_2021,1/36,0.0388802849574893,0.0665657002152736,0,0,27.133333333333333,88.10920425980879,MPPE1
phosphotyrosine residue binding (GO:0001784),GO_Molecular_Function_2021,1/37,0.0399394201291641,0.0665657002152736,0,0,26.37830687830688,84.948474454672,PTPN6
protein phosphorylated amino acid binding (GO:0045309),GO_Molecular_Function_2021,1/42,0.0452184067076381,0.0731474226152969,0,0,23.15563298490128,71.69565287330235,PTPN6
manganese ion binding (GO:0030145),GO_Molecular_Function_2021,1/48,0.0515166208717867,0.0809546899413791,0,0,20.193515704154,59.890954463772765,MPPE1
polyubiquitin modification-dependent protein binding (GO:0031593),GO_Molecular_Function_2021,1/51,0.0546508373685044,0.0834943348685483,0,0,18.97904761904762,55.16811991271338,RNF169
nuclear receptor coactivator activity (GO:0030374),GO_Molecular_Function_2021,1/53,0.0567348202331589,0.0843355435898308,0,0,18.247252747252748,52.358067488080735,ACTN4
RNA binding (GO:0003723),GO_Molecular_Function_2021,4/1406,0.0644658291503122,0.0931595617680196,0,0,2.944365192582026,8.07233042914918,ZNFX1;UBA1;ACTN4;NUP98
protein serine/threonine phosphatase activity (GO:0004722),GO_Molecular_Function_2021,1/62,0.0660585983445957,0.0931595617680196,0,0,15.548009367681498,42.2472543776498,CTDP1
protein tyrosine phosphatase activity (GO:0004725),GO_Molecular_Function_2021,1/74,0.078353534197411,0.1077361095214401,0,0,12.984344422700588,33.06494733744324,PTPN6
cysteine-type peptidase activity (GO:0008234),GO_Molecular_Function_2021,1/98,0.1024814843673402,0.1374751619561881,0,0,9.759941089837998,22.233859615850243,USP9X
cysteine-type endopeptidase activity (GO:0004197),GO_Molecular_Function_2021,1/105,0.109404447269235,0.1432677285668554,0,0,9.09981684981685,20.13519876202632,USP9X
kinase activity (GO:0016301),GO_Molecular_Function_2021,1/112,0.1162764199182915,0.1487256533838613,0,0,8.522951522951523,18.3395591765212,IP6K1
nuclear receptor binding (GO:0016922),GO_Molecular_Function_2021,1/120,0.1240681247160871,0.1550851558951088,0,0,7.946778711484594,16.58432696153108,ACTN4
G protein-coupled receptor binding (GO:0001664),GO_Molecular_Function_2021,1/143,0.1461056807448291,0.1785736097992356,0,0,6.6519114688128775,12.794453338425477,USP4
protein homodimerization activity (GO:0042803),GO_Molecular_Function_2021,2/636,0.1538570584575276,0.183959526416609,0,0,3.051104100946372,5.710847043589628,STK10;ACTN4
mRNA binding (GO:0003729),GO_Molecular_Function_2021,1/263,0.2527626285517419,0.2957860546882086,0,0,3.583424209378408,4.928299289107686,NUP98
adenyl ribonucleotide binding (GO:0032559),GO_Molecular_Function_2021,1/306,0.2877885641907195,0.3297577298018661,0,0,3.071506635441062,3.8256512656575943,ACSS2
endopeptidase activity (GO:0004175),GO_Molecular_Function_2021,1/315,0.2949185312002792,0.3310310044084766,0,0,2.9821049438883835,3.641317510723491,USP9X
protein serine/threonine kinase activity (GO:0004674),GO_Molecular_Function_2021,1/344,0.3174322996964109,0.349175529666052,0,0,2.7259475218658893,3.1279994646177034,STK10
transition metal ion binding (GO:0046914),GO_Molecular_Function_2021,1/445,0.390605789069156,0.4212415372314427,0,0,2.095023595023595,1.9694404217914496,MPPE1
kinase binding (GO:0019900),GO_Molecular_Function_2021,1/461,0.4014872432947135,0.4246499688694085,0,0,2.0204968944099377,1.8438640834677684,PTPN6
protein kinase binding (GO:0019901),GO_Molecular_Function_2021,1/506,0.4311059052327047,0.4473740525999766,0,0,1.836209335219236,1.5449892876180298,PTPN6
transcription cis-regulatory region binding (GO:0000976),GO_Molecular_Function_2021,1/549,0.4580971077838747,0.4665803875576502,0,0,1.6883906847410497,1.3180828640984856,ACTN4
RNA polymerase II transcription regulatory region sequence-specific DNA binding (GO:0000977),GO_Molecular_Function_2021,1/1359,0.7875294223847523,0.7875294223847523,0,0,0.6529209621993127,0.1559531407977822,ACTN4
