Term,Gene_set,Overlap,P-value,Adjusted P-value,Old P-value,Old Adjusted P-value,Odds Ratio,Combined Score,Genes
regulation of antigen receptor-mediated signaling pathway (GO:0050854),GO_Biological_Process_2021,3/13,3.770568217644529e-07,5.882086419525465e-05,0,0,299.505,4429.939501378211,BLK;CD19;PAX5
regulation of B cell receptor signaling pathway (GO:0050855),GO_Biological_Process_2021,3/23,2.3174547255635283e-06,0.0001807614685939552,0,0,149.6775,1942.071710591944,BLK;CD19;PAX5
immune response-activating cell surface receptor signaling pathway (GO:0002429),GO_Biological_Process_2021,2/24,0.00034381145881898543,0.0178781958585872,0,0,86.38528138528139,688.9586534300897,BLK;CD19
B cell receptor signaling pathway (GO:0050853),GO_Biological_Process_2021,2/34,0.0006939671793924918,0.0270647199963071,0,0,59.36011904761905,431.7312443046727,BLK;CD19
dicarboxylic acid metabolic process (GO:0043648),GO_Biological_Process_2021,2/57,0.0019428161280176,0.060615863194151,0,0,34.4969696969697,215.38585768961525,SHMT2;GPT2
cannabinoid signaling pathway (GO:0038171),GO_Biological_Process_2021,1/5,0.0057372891133286,0.0719780372441682,0,0,226.9659090909091,1171.3185051583378,CNR2
purine nucleobase biosynthetic process (GO:0009113),GO_Biological_Process_2021,1/6,0.0068809683244201,0.0719780372441682,0,0,181.5636363636364,904.0045996114618,SHMT2
regulation of collagen fibril organization (GO:1904026),GO_Biological_Process_2021,1/6,0.0068809683244201,0.0719780372441682,0,0,181.5636363636364,904.0045996114618,AEBP1
cellular amide metabolic process (GO:0043603),GO_Biological_Process_2021,2/115,0.0076631905064974,0.0719780372441682,0,0,16.74167720185419,81.5541819476721,SHMT2;AEBP1
nucleobase biosynthetic process (GO:0046112),GO_Biological_Process_2021,1/7,0.0080233898041786,0.0719780372441682,0,0,151.29545454545453,730.0602205833903,SHMT2
regulation of mitochondrial gene expression (GO:0062125),GO_Biological_Process_2021,1/8,0.0091645547457302,0.0719780372441682,0,0,129.67532467532467,608.4900471331728,SHMT2
regulation of lymphocyte apoptotic process (GO:0070228),GO_Biological_Process_2021,1/8,0.0091645547457302,0.0719780372441682,0,0,129.67532467532467,608.4900471331728,BLK
negative regulation of leukocyte proliferation (GO:0070664),GO_Biological_Process_2021,1/9,0.0103044643785071,0.0719780372441682,0,0,113.46022727272728,519.1007405544717,BLK
purine nucleobase metabolic process (GO:0006144),GO_Biological_Process_2021,1/9,0.0103044643785071,0.0719780372441682,0,0,113.46022727272728,519.1007405544717,SHMT2
response to type I interferon (GO:0034340),GO_Biological_Process_2021,1/9,0.0103044643785071,0.0719780372441682,0,0,113.46022727272728,519.1007405544717,SHMT2
regulation of leukocyte degranulation (GO:0043300),GO_Biological_Process_2021,1/9,0.0103044643785071,0.0719780372441682,0,0,113.46022727272728,519.1007405544717,BLK
tetrahydrofolate interconversion (GO:0035999),GO_Biological_Process_2021,1/9,0.0103044643785071,0.0719780372441682,0,0,113.46022727272728,519.1007405544717,SHMT2
serine family amino acid catabolic process (GO:0009071),GO_Biological_Process_2021,1/10,0.0114431199495764,0.0719780372441682,0,0,100.84848484848484,450.8296990682604,SHMT2
L-serine metabolic process (GO:0006563),GO_Biological_Process_2021,1/10,0.0114431199495764,0.0719780372441682,0,0,100.84848484848484,450.8296990682604,SHMT2
immunoglobulin mediated immune response (GO:0016064),GO_Biological_Process_2021,1/10,0.0114431199495764,0.0719780372441682,0,0,100.84848484848484,450.8296990682604,CD19
regulation of myeloid leukocyte mediated immunity (GO:0002886),GO_Biological_Process_2021,1/11,0.0125805227255512,0.0719780372441682,0,0,90.75909090909092,397.1259752205777,BLK
positive regulation of leukocyte apoptotic process (GO:2000108),GO_Biological_Process_2021,1/11,0.0125805227255512,0.0719780372441682,0,0,90.75909090909092,397.1259752205777,BLK
regulation of dendritic cell apoptotic process (GO:2000668),GO_Biological_Process_2021,1/11,0.0125805227255512,0.0719780372441682,0,0,90.75909090909092,397.1259752205777,BLK
tetrahydrofolate metabolic process (GO:0046653),GO_Biological_Process_2021,1/11,0.0125805227255512,0.0719780372441682,0,0,90.75909090909092,397.1259752205777,SHMT2
regulation of mast cell activation involved in immune response (GO:0033006),GO_Biological_Process_2021,1/11,0.0125805227255512,0.0719780372441682,0,0,90.75909090909092,397.1259752205777,BLK
B cell mediated immunity (GO:0019724),GO_Biological_Process_2021,1/11,0.0125805227255512,0.0719780372441682,0,0,90.75909090909092,397.1259752205777,CD19
glycine metabolic process (GO:0006544),GO_Biological_Process_2021,1/12,0.013716673976595,0.0719780372441682,0,0,82.50413223140495,353.872030109198,SHMT2
negative regulation of B cell proliferation (GO:0030889),GO_Biological_Process_2021,1/12,0.013716673976595,0.0719780372441682,0,0,82.50413223140495,353.872030109198,BLK
regulation of B cell apoptotic process (GO:0002902),GO_Biological_Process_2021,1/12,0.013716673976595,0.0719780372441682,0,0,82.50413223140495,353.872030109198,BLK
regulation of homotypic cell-cell adhesion (GO:0034110),GO_Biological_Process_2021,1/13,0.0148515749863377,0.0719780372441682,0,0,75.625,318.3547328251434,BLK
positive regulation of T cell receptor signaling pathway (GO:0050862),GO_Biological_Process_2021,1/14,0.015985227036696,0.0719780372441682,0,0,69.8041958041958,288.7164567086745,KCNN4
2-oxoglutarate metabolic process (GO:0006103),GO_Biological_Process_2021,1/14,0.015985227036696,0.0719780372441682,0,0,69.8041958041958,288.7164567086745,GPT2
regulation of extracellular matrix organization (GO:1903053),GO_Biological_Process_2021,1/15,0.0171176314186799,0.0719780372441682,0,0,64.81493506493507,263.6442288281798,AEBP1
regulation of aerobic respiration (GO:1903715),GO_Biological_Process_2021,1/15,0.0171176314186799,0.0719780372441682,0,0,64.81493506493507,263.6442288281798,SHMT2
regulation of lymphocyte activation (GO:0051249),GO_Biological_Process_2021,1/15,0.0171176314186799,0.0719780372441682,0,0,64.81493506493507,263.6442288281798,CD19
serine family amino acid metabolic process (GO:0009069),GO_Biological_Process_2021,1/16,0.0182487894189074,0.0719780372441682,0,0,60.49090909090909,242.18482345145705,SHMT2
regulation of oxidative phosphorylation (GO:0002082),GO_Biological_Process_2021,1/16,0.0182487894189074,0.0719780372441682,0,0,60.49090909090909,242.18482345145705,SHMT2
regulation of mast cell degranulation (GO:0043304),GO_Biological_Process_2021,1/16,0.0182487894189074,0.0719780372441682,0,0,60.49090909090909,242.18482345145705,BLK
B cell activation involved in immune response (GO:0002312),GO_Biological_Process_2021,1/16,0.0182487894189074,0.0719780372441682,0,0,60.49090909090909,242.18482345145705,CD19
antigen receptor-mediated signaling pathway (GO:0050851),GO_Biological_Process_2021,2/185,0.0189527067868114,0.0719780372441682,0,0,10.301327088212334,40.85309072652796,BLK;CD19
regulation of cellular respiration (GO:0043457),GO_Biological_Process_2021,1/17,0.0193787023349683,0.0719780372441682,0,0,56.70738636363637,223.63015065372352,SHMT2
stabilization of membrane potential (GO:0030322),GO_Biological_Process_2021,1/17,0.0193787023349683,0.0719780372441682,0,0,56.70738636363637,223.63015065372352,KCNN4
regulation of platelet aggregation (GO:0090330),GO_Biological_Process_2021,1/18,0.0205073714570783,0.0743988359838191,0,0,53.36898395721925,207.44368622737056,BLK
regulation of insulin-like growth factor receptor signaling pathway (GO:0043567),GO_Biological_Process_2021,1/19,0.0216347980764043,0.0750006333315349,0,0,50.40151515151515,193.21180108339516,IGFBP4
folic acid metabolic process (GO:0046655),GO_Biological_Process_2021,1/19,0.0216347980764043,0.0750006333315349,0,0,50.40151515151515,193.21180108339516,SHMT2
folic acid-containing compound metabolic process (GO:0006760),GO_Biological_Process_2021,1/20,0.0227609834903901,0.0771894222717577,0,0,47.74641148325359,180.6107068727385,SHMT2
regulation of mitochondrial translation (GO:0070129),GO_Biological_Process_2021,1/21,0.0238859289927226,0.0776292692263487,0,0,45.35681818181818,169.38348350725923,SHMT2
positive regulation of antigen receptor-mediated signaling pathway (GO:0050857),GO_Biological_Process_2021,1/21,0.0238859289927226,0.0776292692263487,0,0,45.35681818181818,169.38348350725923,KCNN4
negative regulation of B cell activation (GO:0050869),GO_Biological_Process_2021,1/22,0.0250096358786987,0.07803006394154,0,0,43.1948051948052,159.3237838191313,BLK
regulation of platelet activation (GO:0010543),GO_Biological_Process_2021,1/22,0.0250096358786987,0.07803006394154,0,0,43.1948051948052,159.3237838191313,BLK
regulation of supramolecular fiber organization (GO:1902903),GO_Biological_Process_2021,1/23,0.0261321054395982,0.0799334989917123,0,0,41.22933884297521,150.26406190976735,AEBP1
dendritic cell differentiation (GO:0097028),GO_Biological_Process_2021,1/24,0.0272533389718204,0.0817600169154612,0,0,39.43478260869565,142.06692893534887,BLK
hippo signaling (GO:0035329),GO_Biological_Process_2021,1/26,0.0294921031126646,0.0836503288286488,0,0,36.276363636363634,127.82458269039886,TEAD2
purine-containing compound biosynthetic process (GO:0072522),GO_Biological_Process_2021,1/26,0.0294921031126646,0.0836503288286488,0,0,36.276363636363634,127.82458269039886,SHMT2
mononuclear cell differentiation (GO:1903131),GO_Biological_Process_2021,1/26,0.0294921031126646,0.0836503288286488,0,0,36.276363636363634,127.82458269039886,BLK
positive regulation of calcium ion transmembrane transport (GO:1904427),GO_Biological_Process_2021,1/27,0.0306096363049701,0.085269701135274,0,0,34.87937062937063,121.60484715637172,CD19
positive regulation of phosphatidylinositol 3-kinase activity (GO:0043552),GO_Biological_Process_2021,1/28,0.0317259386336052,0.0853318349455588,0,0,33.58585858585859,115.89205816705557,CD19
regulation of B cell activation (GO:0050864),GO_Biological_Process_2021,1/28,0.0317259386336052,0.0853318349455588,0,0,33.58585858585859,115.89205816705557,CD19
positive regulation of lipid kinase activity (GO:0090218),GO_Biological_Process_2021,1/30,0.0339548558617346,0.0897789409225525,0,0,31.266457680250785,105.76577819907342,CD19
protein K63-linked deubiquitination (GO:0070536),GO_Biological_Process_2021,1/32,0.0361788650960567,0.0925229992620466,0,0,29.24633431085044,97.07677745812856,SHMT2
B cell proliferation (GO:0042100),GO_Biological_Process_2021,1/32,0.0361788650960567,0.0925229992620466,0,0,29.24633431085044,97.07677745812856,CD19
positive regulation of calcium ion transport into cytosol (GO:0010524),GO_Biological_Process_2021,1/34,0.0383979766224181,0.0948136775080014,0,0,27.47107438016529,89.54884880069255,CD19
positive regulation of release of sequestered calcium ion into cytosol (GO:0051281),GO_Biological_Process_2021,1/34,0.0383979766224181,0.0948136775080014,0,0,27.47107438016529,89.54884880069255,CD19
regulation of T cell receptor signaling pathway (GO:0050856),GO_Biological_Process_2021,1/35,0.0395056989616672,0.0948136775080014,0,0,26.66176470588235,86.15243597600474,KCNN4
regulation of phosphatidylinositol 3-kinase activity (GO:0043551),GO_Biological_Process_2021,1/35,0.0395056989616672,0.0948136775080014,0,0,26.66176470588235,86.15243597600474,CD19
positive regulation of potassium ion transport (GO:0043268),GO_Biological_Process_2021,1/38,0.0428215476525957,0.0997039019970886,0,0,24.496314496314497,77.18087743724719,KCNN4
positive regulation of insulin secretion (GO:0032024),GO_Biological_Process_2021,1/38,0.0428215476525957,0.0997039019970886,0,0,24.496314496314497,77.18087743724719,BLK
negative regulation of lymphocyte proliferation (GO:0050672),GO_Biological_Process_2021,1/39,0.043924395374042,0.1007677305639787,0,0,23.85047846889952,74.53955237955424,BLK
positive regulation of cation transmembrane transport (GO:1904064),GO_Biological_Process_2021,1/41,0.0461264457320206,0.1040289554499432,0,0,22.65568181818182,69.6972334432732,KCNN4
innate immune response (GO:0045087),GO_Biological_Process_2021,2/302,0.0466796594967694,0.1040289554499432,0,0,6.246666666666667,19.14257746497207,BLK;SHMT2
positive regulation of peptide hormone secretion (GO:0090277),GO_Biological_Process_2021,1/43,0.0483236444741315,0.1061758949009088,0,0,21.57467532467533,65.36769140672365,BLK
positive regulation of potassium ion transmembrane transport (GO:1901381),GO_Biological_Process_2021,1/44,0.04942042767551,0.1070775932969385,0,0,21.071881606765327,63.37139604360823,KCNN4
alpha-amino acid metabolic process (GO:1901605),GO_Biological_Process_2021,1/46,0.0516103681028748,0.1076898920688021,0,0,20.133333333333333,59.67585824831113,GPT2
regulation of B cell proliferation (GO:0030888),GO_Biological_Process_2021,1/46,0.0516103681028748,0.1076898920688021,0,0,20.133333333333333,59.67585824831113,BLK
transcription by RNA polymerase II (GO:0006366),GO_Biological_Process_2021,2/320,0.0517739865715394,0.1076898920688021,0,0,5.887690925426774,17.43267239082017,PAX5;TEAD2
regulation of cellular localization (GO:0060341),GO_Biological_Process_2021,1/49,0.0548862328463382,0.1126612147898522,0,0,18.87215909090909,54.77630455586824,BLK
regulation of complement activation (GO:0030449),GO_Biological_Process_2021,1/50,0.0559757805878795,0.1134054775546649,0,0,18.4860853432282,53.29235549319145,CD19
regulation of release of sequestered calcium ion into cytosol (GO:0051279),GO_Biological_Process_2021,1/52,0.0581512729120791,0.1147588687003379,0,0,17.759358288770052,50.52017989878981,CD19
protein homotetramerization (GO:0051289),GO_Biological_Process_2021,1/52,0.0581512729120791,0.1147588687003379,0,0,17.759358288770052,50.52017989878981,SHMT2
regulation of immune effector process (GO:0002697),GO_Biological_Process_2021,1/53,0.0592372200228126,0.1147588687003379,0,0,17.416958041958043,49.22389770074136,CD19
regulation of humoral immune response (GO:0002920),GO_Biological_Process_2021,1/54,0.0603219694450494,0.1147588687003379,0,0,17.087478559176674,47.98264634686218,CD19
regulation of potassium ion transmembrane transport (GO:1901379),GO_Biological_Process_2021,1/54,0.0603219694450494,0.1147588687003379,0,0,17.087478559176674,47.98264634686218,KCNN4
peptidyl-tyrosine modification (GO:0018212),GO_Biological_Process_2021,1/56,0.0624878802572221,0.1160489204776981,0,0,16.464462809917354,45.65237693498055,BLK
regulation of ATP metabolic process (GO:1903578),GO_Biological_Process_2021,1/56,0.0624878802572221,0.1160489204776981,0,0,16.464462809917354,45.65237693498055,SHMT2
cellular iron ion homeostasis (GO:0006879),GO_Biological_Process_2021,1/58,0.0646490154275843,0.1186499577259194,0,0,15.885167464114833,43.50601712183945,CYB561A3
iron ion homeostasis (GO:0055072),GO_Biological_Process_2021,1/61,0.0678817858220214,0.123134402188783,0,0,15.088636363636365,40.58824366962844,CYB561A3
neuropeptide signaling pathway (GO:0007218),GO_Biological_Process_2021,1/63,0.0700310257894274,0.1255728738293182,0,0,14.600439882697946,38.819896447204,NXPH4
"G protein-coupled receptor signaling pathway, coupled to cyclic nucleotide second messenger (GO:0007187)",GO_Biological_Process_2021,1/65,0.0721755251798537,0.1279475219097406,0,0,14.142755681818182,37.17641521130676,CNR2
embryonic organ development (GO:0048568),GO_Biological_Process_2021,1/66,0.0732460002885256,0.1283862476967415,0,0,13.924475524475524,36.39762709015897,TEAD2
peptidyl-tyrosine phosphorylation (GO:0018108),GO_Biological_Process_2021,1/69,0.0764503421503532,0.1325139263939456,0,0,13.308155080213904,34.216782125997526,BLK
protein tetramerization (GO:0051262),GO_Biological_Process_2021,1/71,0.0785806796212511,0.1347097364935733,0,0,12.926623376623375,32.88053947172483,SHMT2
positive regulation of protein secretion (GO:0050714),GO_Biological_Process_2021,1/72,0.0796440849468236,0.1350486657793966,0,0,12.74391805377721,32.24450226836904,BLK
Fc receptor mediated stimulatory signaling pathway (GO:0002431),GO_Biological_Process_2021,1/74,0.0817673749589197,0.137158177350446,0,0,12.393524283935244,31.031859834177094,BLK
water-soluble vitamin metabolic process (GO:0006767),GO_Biological_Process_2021,1/76,0.0838859790374924,0.1392150290409448,0,0,12.061818181818182,29.892765337545285,SHMT2
peptide metabolic process (GO:0006518),GO_Biological_Process_2021,1/83,0.0912643338868601,0.1498656430142125,0,0,11.028270509977826,26.401626832424128,AEBP1
metal ion transport (GO:0030001),GO_Biological_Process_2021,1/88,0.0964997501676386,0.1568120940224128,0,0,10.391849529780565,24.298376989020504,KCNN4
protein complex oligomerization (GO:0051259),GO_Biological_Process_2021,1/90,0.0985858279282814,0.1569325424164479,0,0,10.157303370786517,23.53272242311733,SHMT2
cellular amino acid catabolic process (GO:0009063),GO_Biological_Process_2021,1/90,0.0985858279282814,0.1569325424164479,0,0,10.157303370786517,23.53272242311733,SHMT2
regulation of transcription by RNA polymerase II (GO:0006357),GO_Biological_Process_2021,5/2206,0.1016611568959308,0.1601933381390424,0,0,2.243424705941744,5.128715625285846,SPIB;PAX5;AEBP1;CXXC5;TEAD2
cellular transition metal ion homeostasis (GO:0046916),GO_Biological_Process_2021,1/96,0.104816454902684,0.1634698929339035,0,0,9.51291866028708,21.456811429654763,CYB561A3
protein maturation (GO:0051604),GO_Biological_Process_2021,1/97,0.1058508795289652,0.1634698929339035,0,0,9.413352272727272,21.139790857950924,AEBP1
antigen processing and presentation of exogenous peptide antigen via MHC class II (GO:0019886),GO_Biological_Process_2021,1/98,0.1068841607644753,0.1634698929339035,0,0,9.315838800374882,20.8303053683161,HLA-DOA
antigen processing and presentation of peptide antigen via MHC class II (GO:0002495),GO_Biological_Process_2021,1/100,0.1089472978360328,0.1650075578875837,0,0,9.1267217630854,20.232947516534363,HLA-DOA
antigen processing and presentation of exogenous peptide antigen (GO:0002478),GO_Biological_Process_2021,1/103,0.1120334580167763,0.167974714678297,0,0,8.856951871657754,19.387493175186865,HLA-DOA
regulation of insulin secretion (GO:0050796),GO_Biological_Process_2021,1/104,0.1130599041103922,0.167974714678297,0,0,8.770520741394527,19.118309794948487,BLK
protein processing (GO:0016485),GO_Biological_Process_2021,1/106,0.1151093925447775,0.169406275820616,0,0,8.602597402597402,18.59771757676144,AEBP1
protein-containing complex subunit organization (GO:0043933),GO_Biological_Process_2021,1/112,0.1212307138790953,0.1767475828517651,0,0,8.135135135135135,17.16562180012738,TEAD2
calcium ion transport (GO:0006816),GO_Biological_Process_2021,1/115,0.1242761650842165,0.1793127976417623,0,0,7.919856459330144,16.514873173765185,KCNN4
ion transport (GO:0006811),GO_Biological_Process_2021,1/116,0.1252890701471288,0.1793127976417623,0,0,7.8505928853754945,16.30671495628141,KCNN4
adenylate cyclase-activating G protein-coupled receptor signaling pathway (GO:0007189),GO_Biological_Process_2021,1/118,0.1273115194081633,0.1805508820697589,0,0,7.715617715617715,15.902800771228389,CNR2
positive regulation of intracellular signal transduction (GO:1902533),GO_Biological_Process_2021,2/546,0.1293216910538631,0.18132308994829,0,0,3.402135854341737,6.95890643706049,CD19;CXXC5
protein homooligomerization (GO:0051260),GO_Biological_Process_2021,1/121,0.1303368087990387,0.18132308994829,0,0,7.521590909090909,15.326244421572152,SHMT2
potassium ion transport (GO:0006813),GO_Biological_Process_2021,1/122,0.1313430074625434,0.18132308994829,0,0,7.459053343350864,15.14145312232544,KCNN4
platelet degranulation (GO:0002576),GO_Biological_Process_2021,1/125,0.134354926532257,0.1838541099915096,0,0,7.277492668621701,14.607894711747354,BLK
plasma membrane bounded cell projection organization (GO:0120036),GO_Biological_Process_2021,1/128,0.1373568548353667,0.1863275596027583,0,0,7.104509663564782,14.103680477408885,BLK
potassium ion transmembrane transport (GO:0071805),GO_Biological_Process_2021,1/139,0.1482789593013432,0.1973337759622636,0,0,6.534584980237154,12.472300440344007,KCNN4
transcription initiation from RNA polymerase II promoter (GO:0006367),GO_Biological_Process_2021,1/140,0.1492652920740199,0.1973337759622636,0,0,6.4872465663832575,12.33893805698733,TEAD2
enzyme linked receptor protein signaling pathway (GO:0007167),GO_Biological_Process_2021,1/140,0.1492652920740199,0.1973337759622636,0,0,6.4872465663832575,12.33893805698733,BLK
neuron development (GO:0048666),GO_Biological_Process_2021,1/143,0.1522177393641853,0.1995459440404446,0,0,6.349231754161331,11.95206869552785,BLK
response to cytokine (GO:0034097),GO_Biological_Process_2021,1/150,0.1590687165229223,0.206789331479799,0,0,6.048810250152532,11.120247635233367,SHMT2
positive regulation of protein kinase B signaling (GO:0051897),GO_Biological_Process_2021,1/161,0.1697276581139294,0.2188224352543222,0,0,5.6298295454545455,9.98484126340404,CD19
negative regulation of canonical Wnt signaling pathway (GO:0090090),GO_Biological_Process_2021,1/165,0.1735714996336916,0.2201394629500479,0,0,5.491407982261641,9.616365099240666,IGFBP4
adenylate cyclase-modulating G protein-coupled receptor signaling pathway (GO:0007188),GO_Biological_Process_2021,1/165,0.1735714996336916,0.2201394629500479,0,0,5.491407982261641,9.616365099240666,CNR2
"DNA-templated transcription, initiation (GO:0006352)",GO_Biological_Process_2021,1/168,0.1764432040615205,0.2219769341419128,0,0,5.391943385955362,9.353707458312924,TEAD2
positive regulation of I-kappaB kinase/NF-kappaB signaling (GO:0043123),GO_Biological_Process_2021,1/171,0.1793053621916948,0.2219971150944793,0,0,5.295989304812834,9.102031419165993,CXXC5
neuron projection development (GO:0031175),GO_Biological_Process_2021,1/171,0.1793053621916948,0.2219971150944793,0,0,5.295989304812834,9.102031419165993,BLK
cation transport (GO:0006812),GO_Biological_Process_2021,1/174,0.1821580043309876,0.2236812089613992,0,0,5.203363110877562,8.86070720390759,KCNN4
negative regulation of transcription by RNA polymerase II (GO:0000122),GO_Biological_Process_2021,2/684,0.1849589284881237,0.2236812089613992,0,0,2.694456081552856,4.547221978261619,AEBP1;CXXC5
regulation of translation (GO:0006417),GO_Biological_Process_2021,1/178,0.1859467767313647,0.2236812089613992,0,0,5.084745762711864,8.554041319435186,SHMT2
regulation of immune response (GO:0050776),GO_Biological_Process_2021,1/179,0.1868913432693421,0.2236812089613992,0,0,5.055924412665986,8.479937399462528,CD19
regulated exocytosis (GO:0045055),GO_Biological_Process_2021,1/180,0.1878348613714314,0.2236812089613992,0,0,5.027425088877603,8.40682051258573,BLK
negative regulation of Wnt signaling pathway (GO:0030178),GO_Biological_Process_2021,1/191,0.1981446829012607,0.2341709888833081,0,0,4.733732057416268,7.662765659862996,IGFBP4
regulation of signal transduction (GO:0009966),GO_Biological_Process_2021,1/198,0.2046401712881441,0.2400290730898532,0,0,4.56391324411629,7.240657964857908,IGFBP4
regulation of protein kinase B signaling (GO:0051896),GO_Biological_Process_2021,1/207,0.212917586122392,0.2478742047395012,0,0,4.362533097969991,6.7481847926953495,CD19
"transcription, DNA-templated (GO:0006351)",GO_Biological_Process_2021,1/221,0.2256299991066613,0.2607279989676974,0,0,4.08202479338843,6.077558508656151,PAX5
regulation of I-kappaB kinase/NF-kappaB signaling (GO:0043122),GO_Biological_Process_2021,1/224,0.228328418702757,0.2619061273355154,0,0,4.026498165511619,5.947018016431068,CXXC5
regulation of canonical Wnt signaling pathway (GO:0060828),GO_Biological_Process_2021,1/253,0.2539536062450693,0.2891734494469402,0,0,3.557900432900433,4.876471430765644,IGFBP4
cellular component assembly (GO:0022607),GO_Biological_Process_2021,1/261,0.2608781101478001,0.2949056897322957,0,0,3.447027972027972,4.631778351359564,TEAD2
protein-containing complex assembly (GO:0065003),GO_Biological_Process_2021,1/267,0.2660310994435866,0.2964346536657108,0,0,3.36825017088175,4.46004172604083,TEAD2
protein deubiquitination (GO:0016579),GO_Biological_Process_2021,1/267,0.2660310994435866,0.2964346536657108,0,0,3.36825017088175,4.46004172604083,SHMT2
inorganic cation transmembrane transport (GO:0098662),GO_Biological_Process_2021,1/274,0.2719994908104836,0.3009356068541521,0,0,3.2807192807192807,4.271349149032607,KCNN4
proteolysis (GO:0006508),GO_Biological_Process_2021,1/287,0.282960701458014,0.3108582354045788,0,0,3.129529561347743,3.950866004438238,AEBP1
"negative regulation of transcription, DNA-templated (GO:0045892)",GO_Biological_Process_2021,2/948,0.2981355231213312,0.3252387524959977,0,0,1.9159367764018929,2.31868032880954,AEBP1;CXXC5
post-translational protein modification (GO:0043687),GO_Biological_Process_2021,1/345,0.3299703102221729,0.3574678360740206,0,0,2.594212473572939,2.8763398187816,IGFBP4
cellular response to DNA damage stimulus (GO:0006974),GO_Biological_Process_2021,1/350,0.3338818327416735,0.3592107993634555,0,0,2.556394894503777,2.8042837596666863,BLK
transmembrane receptor protein tyrosine kinase signaling pathway (GO:0007169),GO_Biological_Process_2021,1/404,0.3747581303113832,0.400426495401204,0,0,2.2077599819535303,2.166860007266059,BLK
cellular protein metabolic process (GO:0044267),GO_Biological_Process_2021,1/417,0.3842341754963432,0.4077587168532622,0,0,2.137347027972028,2.0443790158070296,IGFBP4
regulation of nucleic acid-templated transcription (GO:1903506),GO_Biological_Process_2021,1/430,0.3935727568620788,0.4148469599357046,0,0,2.0712015257469805,1.9313733261227184,TEAD2
"positive regulation of transcription, DNA-templated (GO:0045893)",GO_Biological_Process_2021,2/1183,0.3983039806060264,0.417016248151276,0,0,1.515745332849482,1.3953038977536198,SPIB;TEAD2
regulation of cellular macromolecule biosynthetic process (GO:2000112),GO_Biological_Process_2021,1/468,0.42009977650176,0.4369037675618304,0,0,1.898968269417948,1.6469049805623424,TEAD2
protein phosphorylation (GO:0006468),GO_Biological_Process_2021,1/496,0.4389318799639992,0.4534660481747277,0,0,1.7889807162534437,1.4730664879821194,BLK
positive regulation of nucleic acid-templated transcription (GO:1903508),GO_Biological_Process_2021,1/511,0.448778412759014,0.4605883709895144,0,0,1.7350267379679143,1.3901485779943457,TEAD2
"regulation of transcription, DNA-templated (GO:0006355)",GO_Biological_Process_2021,3/2244,0.4854533256458957,0.4949720183056191,0,0,1.18714859437751,0.857919206345254,SPIB;PAX5;TEAD2
positive regulation of transcription by RNA polymerase II (GO:0045944),GO_Biological_Process_2021,1/908,0.6567326707913229,0.6652616665158855,0,0,0.9556981056429787,0.4018502546357021,SPIB
cellular protein modification process (GO:0006464),GO_Biological_Process_2021,1/1025,0.7020142744200661,0.7065433987711632,0,0,0.84130859375,0.2976562771199207,IGFBP4
regulation of gene expression (GO:0010468),GO_Biological_Process_2021,1/1079,0.7209307534193696,0.7209307534193696,0,0,0.7968881767583066,0.2607515244851601,TEAD2
MHC class II protein complex (GO:0042613),GO_Cellular_Component_2021,1/13,0.0148515749863377,0.2048488514135109,0,0,75.625,318.3547328251434,HLA-DOA
integral component of plasma membrane (GO:0005887),GO_Cellular_Component_2021,5/1454,0.0225494945698572,0.2048488514135109,0,0,3.5518748562226823,13.468860860701596,FCRLA;FCRL5;CNR2;CD19;KCNN4
MHC protein complex (GO:0042611),GO_Cellular_Component_2021,1/20,0.0227609834903901,0.2048488514135109,0,0,47.74641148325359,180.6107068727385,HLA-DOA
lytic vacuole membrane (GO:0098852),GO_Cellular_Component_2021,2/267,0.0373620625525651,0.2378947558793401,0,0,7.084276729559749,23.28672220964491,CYB561A3;HLA-DOA
lysosomal membrane (GO:0005765),GO_Cellular_Component_2021,2/330,0.0546880615953126,0.2378947558793401,0,0,5.705284552845528,16.580183611804674,CYB561A3;HLA-DOA
mitochondrial matrix (GO:0005759),GO_Cellular_Component_2021,2/348,0.0600782158507058,0.2378947558793401,0,0,5.403523259014588,15.195290812995456,SHMT2;GPT2
intracellular organelle lumen (GO:0070013),GO_Cellular_Component_2021,3/848,0.0716392950437386,0.2378947558793401,0,0,3.3962130177514798,8.952796335519954,IGFBP4;SHMT2;GPT2
late endosome membrane (GO:0031902),GO_Cellular_Component_2021,1/68,0.0753834075225752,0.2378947558793401,0,0,13.507462686567164,34.919061481317286,CYB561A3
voltage-gated potassium channel complex (GO:0008076),GO_Cellular_Component_2021,1/73,0.0807063163108879,0.2378947558793401,0,0,12.56628787878788,31.62857298179009,KCNN4
potassium channel complex (GO:0034705),GO_Cellular_Component_2021,1/80,0.0881091688442,0.2378947558793401,0,0,11.4487917146145,27.811160725540127,KCNN4
lysosome (GO:0005764),GO_Cellular_Component_2021,2/477,0.1034163916819286,0.2538402341283703,0,0,3.9101754385964913,8.872156016775584,CYB561A3;HLA-DOA
late endosome (GO:0005770),GO_Cellular_Component_2021,1/189,0.1962795291870694,0.4416289406709063,0,0,4.784574468085107,7.790318149286441,CYB561A3
vesicle (GO:0031982),GO_Cellular_Component_2021,1/226,0.2301223657483093,0.4779464519387963,0,0,3.9903030303030302,5.8623301004779735,KCNN4
endoplasmic reticulum lumen (GO:0005788),GO_Cellular_Component_2021,1/285,0.2812846980571726,0.4961315522048547,0,0,3.151888604353393,3.997817563967036,IGFBP4
endosome membrane (GO:0010008),GO_Cellular_Component_2021,1/325,0.3141033933552864,0.4961315522048547,0,0,2.7571548821548824,3.192876530090057,CYB561A3
mitochondrial inner membrane (GO:0005743),GO_Cellular_Component_2021,1/328,0.3165061323208092,0.4961315522048547,0,0,2.731442869057548,3.1422864625424847,SHMT2
microtubule cytoskeleton (GO:0015630),GO_Cellular_Component_2021,1/331,0.3189008190349999,0.4961315522048547,0,0,2.706198347107438,3.0928468057699336,SHMT2
organelle inner membrane (GO:0019866),GO_Cellular_Component_2021,1/346,0.3307543681365698,0.4961315522048547,0,0,2.5865612648221346,2.8617177622050614,SHMT2
collagen-containing extracellular matrix (GO:0062023),GO_Cellular_Component_2021,1/380,0.3568962255686925,0.5071683205449841,0,0,2.3504437514991605,2.4216862284379435,AEBP1
mitochondrial membrane (GO:0031966),GO_Cellular_Component_2021,1/469,0.4207826395039622,0.568056563330349,0,0,1.89481351981352,1.640224242378118,SHMT2
neuron projection (GO:0043005),GO_Cellular_Component_2021,1/556,0.4773360895948839,0.6137178294791364,0,0,1.590663390663391,1.176350369156673,KCNN4
cytoskeleton (GO:0005856),GO_Cellular_Component_2021,1/600,0.5038871909527651,0.6184070070783936,0,0,1.470481104871756,1.007871959911382,SHMT2
intracellular membrane-bounded organelle (GO:0043231),GO_Cellular_Component_2021,6/5192,0.573677423696241,0.6291594785223816,0,0,1.0066241691431683,0.5593689916925846,SPIB;SHMT2;CYB561A3;PAX5;CXXC5;TEAD2
nucleolus (GO:0005730),GO_Cellular_Component_2021,1/733,0.5765267919621132,0.6291594785223816,0,0,1.1950447093889718,0.6581511158680328,CYB561A3
nuclear lumen (GO:0031981),GO_Cellular_Component_2021,1/745,0.5825550727059089,0.6291594785223816,0,0,1.1750366568914956,0.6349093811725144,CYB561A3
intracellular non-membrane-bounded organelle (GO:0043232),GO_Cellular_Component_2021,1/1158,0.7465485123703144,0.7752619166922496,0,0,0.7393729865639977,0.2161147887959733,CYB561A3
nucleus (GO:0005634),GO_Cellular_Component_2021,4/4484,0.7918599850767357,0.7918599850767357,0,0,0.7282424812030075,0.1699504498272217,SPIB;SHMT2;CXXC5;TEAD2
"hydroxymethyl-, formyl- and related transferase activity (GO:0016742)",GO_Molecular_Function_2021,1/5,0.0057372891133286,0.0894851421801295,0,0,226.9659090909091,1171.3185051583378,SHMT2
insulin-like growth factor II binding (GO:0031995),GO_Molecular_Function_2021,1/7,0.0080233898041786,0.0894851421801295,0,0,151.29545454545453,730.0602205833903,IGFBP4
MHC class II receptor activity (GO:0032395),GO_Molecular_Function_2021,1/10,0.0114431199495764,0.0894851421801295,0,0,100.84848484848484,450.8296990682604,HLA-DOA
calcium-activated potassium channel activity (GO:0015269),GO_Molecular_Function_2021,1/12,0.013716673976595,0.0894851421801295,0,0,82.50413223140495,353.872030109198,KCNN4
insulin-like growth factor I binding (GO:0031994),GO_Molecular_Function_2021,1/13,0.0148515749863377,0.0894851421801295,0,0,75.625,318.3547328251434,IGFBP4
insulin-like growth factor binding (GO:0005520),GO_Molecular_Function_2021,1/15,0.0171176314186799,0.0894851421801295,0,0,64.81493506493507,263.6442288281798,IGFBP4
MHC class II protein complex binding (GO:0023026),GO_Molecular_Function_2021,1/17,0.0193787023349683,0.0894851421801295,0,0,56.70738636363637,223.63015065372352,HLA-DOA
calcium activated cation channel activity (GO:0005227),GO_Molecular_Function_2021,1/19,0.0216347980764043,0.0894851421801295,0,0,50.40151515151515,193.21180108339516,KCNN4
transcription coactivator binding (GO:0001223),GO_Molecular_Function_2021,1/20,0.0227609834903901,0.0894851421801295,0,0,47.74641148325359,180.6107068727385,TEAD2
pyridoxal phosphate binding (GO:0030170),GO_Molecular_Function_2021,1/21,0.0238859289927226,0.0894851421801295,0,0,45.35681818181818,169.38348350725923,SHMT2
disordered domain specific binding (GO:0097718),GO_Molecular_Function_2021,1/23,0.0261321054395982,0.0894851421801295,0,0,41.22933884297521,150.26406190976735,TEAD2
methyl-CpG binding (GO:0008327),GO_Molecular_Function_2021,1/24,0.0272533389718204,0.0894851421801295,0,0,39.43478260869565,142.06692893534887,CXXC5
mRNA 5'-UTR binding (GO:0048027),GO_Molecular_Function_2021,1/25,0.0283733377644313,0.0894851421801295,0,0,37.78977272727273,134.6187109177605,SHMT2
metallocarboxypeptidase activity (GO:0004181),GO_Molecular_Function_2021,1/29,0.0328410113902878,0.0961772476429858,0,0,32.38474025974026,110.62877274373584,AEBP1
amino acid binding (GO:0016597),GO_Molecular_Function_2021,1/32,0.0361788650960567,0.0988888979292216,0,0,29.24633431085044,97.07677745812856,SHMT2
non-membrane spanning protein tyrosine kinase activity (GO:0004715),GO_Molecular_Function_2021,1/35,0.0395056989616672,0.0995360144743602,0,0,26.66176470588235,86.15243597600474,BLK
carboxypeptidase activity (GO:0004180),GO_Molecular_Function_2021,1/38,0.0428215476525957,0.0995360144743602,0,0,24.496314496314497,77.18087743724719,AEBP1
sequence-specific DNA binding (GO:0043565),GO_Molecular_Function_2021,3/707,0.0460558611268769,0.0995360144743602,0,0,4.106463068181818,12.63928369153822,SPIB;CXXC5;TEAD2
carboxylic acid binding (GO:0031406),GO_Molecular_Function_2021,1/41,0.0461264457320206,0.0995360144743602,0,0,22.65568181818182,69.6972334432732,SHMT2
zinc ion binding (GO:0008270),GO_Molecular_Function_2021,2/336,0.0564643944803894,0.1141623428308933,0,0,5.601083547191331,16.098326415512613,SHMT2;CXXC5
transcription coregulator binding (GO:0001221),GO_Molecular_Function_2021,1/53,0.0592372200228126,0.1141623428308933,0,0,17.416958041958043,49.22389770074136,TEAD2
metalloexopeptidase activity (GO:0008235),GO_Molecular_Function_2021,1/55,0.0614055224333898,0.1141623428308933,0,0,16.77020202020202,46.79314852295847,AEBP1
oxidoreduction-driven active transmembrane transporter activity (GO:0015453),GO_Molecular_Function_2021,1/58,0.0646490154275843,0.1141623428308933,0,0,15.885167464114833,43.50601712183945,CYB561A3
RNA polymerase II transcription regulatory region sequence-specific DNA binding (GO:0000977),GO_Molecular_Function_2021,4/1359,0.0668267372668644,0.1141623428308933,0,0,2.893299669838804,7.828262096267702,SPIB;PAX5;AEBP1;TEAD2
transition metal ion binding (GO:0046914),GO_Molecular_Function_2021,2/445,0.0919793073099418,0.1508460639883045,0,0,4.199505535848651,10.020825034429558,SHMT2;CXXC5
potassium channel activity (GO:0005267),GO_Molecular_Function_2021,1/91,0.0996271383895574,0.157104333614302,0,0,10.043939393939391,23.16454510995958,KCNN4
protein tyrosine kinase activity (GO:0004713),GO_Molecular_Function_2021,1/108,0.1171543506290522,0.1779010509552274,0,0,8.440951571792693,18.099619949979104,BLK
phosphatase binding (GO:0019902),GO_Molecular_Function_2021,1/114,0.1232621381330373,0.1804909879805189,0,0,7.990345937248592,16.72732567625456,KCNN4
protein phosphatase binding (GO:0019903),GO_Molecular_Function_2021,1/123,0.1323480925271107,0.1871128204693634,0,0,7.397540983606557,14.96019332690465,KCNN4
RNA polymerase II cis-regulatory region sequence-specific DNA binding (GO:0000978),GO_Molecular_Function_2021,3/1149,0.1428962880771281,0.1889918648762016,0,0,2.4647905759162305,4.7955856961036805,SPIB;PAX5;TEAD2
cis-regulatory region sequence-specific DNA binding (GO:0000987),GO_Molecular_Function_2021,3/1149,0.1428962880771281,0.1889918648762016,0,0,2.4647905759162305,4.7955856961036805,SPIB;PAX5;TEAD2
double-stranded DNA binding (GO:0003690),GO_Molecular_Function_2021,2/651,0.1712927583864242,0.219468846682606,0,0,2.836304937999853,5.004322965415039,SPIB;TEAD2
sequence-specific double-stranded DNA binding (GO:1990837),GO_Molecular_Function_2021,2/712,0.1966893981851129,0.2443716765330191,0,0,2.584439973172368,4.202633961017319,SPIB;TEAD2
DNA-binding transcription factor binding (GO:0140297),GO_Molecular_Function_2021,1/208,0.213832195816452,0.2578564714257215,0,0,4.341238471673254,6.696636893560763,CXXC5
"DNA-binding transcription repressor activity, RNA polymerase II-specific (GO:0001227)",GO_Molecular_Function_2021,1/256,0.2565575356068575,0.2990717736599622,0,0,3.5155080213903744,4.78250530050474,AEBP1
mRNA binding (GO:0003729),GO_Molecular_Function_2021,1/263,0.2625996061404546,0.2990717736599622,0,0,3.4203678001387927,4.573458668698212,SHMT2
G protein-coupled receptor activity (GO:0004930),GO_Molecular_Function_2021,1/283,0.2796049478344158,0.3098325097624607,0,0,3.1745647969052224,4.045594180137326,CNR2
"DNA-binding transcription activator activity, RNA polymerase II-specific (GO:0001228)",GO_Molecular_Function_2021,1/333,0.3204928160799339,0.3457948805072971,0,0,2.6896221248630887,3.060508690956803,SPIB
transcription cis-regulatory region binding (GO:0000976),GO_Molecular_Function_2021,1/549,0.4729886915533915,0.4972445218894629,0,0,1.6115627073656271,1.2065508895888408,AEBP1
protein homodimerization activity (GO:0042803),GO_Molecular_Function_2021,1/636,0.5246463215563077,0.5377624795952154,0,0,1.38453829634932,0.8930700064123536,SHMT2
DNA binding (GO:0003677),GO_Molecular_Function_2021,1/811,0.6142708087130236,0.6142708087130236,0,0,1.0755892255892257,0.5241554869567857,CXXC5
