Term,Gene_set,Overlap,P-value,Adjusted P-value,Old P-value,Old Adjusted P-value,Odds Ratio,Combined Score,Genes
recombinational repair (GO:0000725),GO_Biological_Process_2021,2/79,0.003380837459685,0.075463360207227,0,0,25.845454545454544,147.05112086949833,ZFYVE26;RECQL
double-strand break repair via homologous recombination (GO:0000724),GO_Biological_Process_2021,2/97,0.0050483976369332,0.075463360207227,0,0,20.929473684210528,110.6893806738124,ZFYVE26;RECQL
regulation of heart growth (GO:0060420),GO_Biological_Process_2021,1/5,0.0054883894433205,0.075463360207227,0,0,237.78571428571428,1237.7032790036255,DUSP6
regulation of histone H2B ubiquitination (GO:2001166),GO_Biological_Process_2021,1/5,0.0054883894433205,0.075463360207227,0,0,237.78571428571428,1237.7032790036255,CTR9
T cell extravasation (GO:0072683),GO_Biological_Process_2021,1/5,0.0054883894433205,0.075463360207227,0,0,237.78571428571428,1237.7032790036255,ITGAL
positive regulation of histone ubiquitination (GO:0033184),GO_Biological_Process_2021,1/5,0.0054883894433205,0.075463360207227,0,0,237.78571428571428,1237.7032790036255,CTR9
cell fate commitment involved in formation of primary germ layer (GO:0060795),GO_Biological_Process_2021,1/5,0.0054883894433205,0.075463360207227,0,0,237.78571428571428,1237.7032790036255,CTR9
inosine metabolic process (GO:0046102),GO_Biological_Process_2021,1/5,0.0054883894433205,0.075463360207227,0,0,237.78571428571428,1237.7032790036255,ADA2
purine ribonucleoside catabolic process (GO:0046130),GO_Biological_Process_2021,1/6,0.0065826171479286,0.075463360207227,0,0,190.2190476190476,955.5316921910462,ADA2
glycoside metabolic process (GO:0016137),GO_Biological_Process_2021,1/6,0.0065826171479286,0.075463360207227,0,0,190.2190476190476,955.5316921910462,NAGA
glycosyl compound catabolic process (GO:1901658),GO_Biological_Process_2021,1/6,0.0065826171479286,0.075463360207227,0,0,190.2190476190476,955.5316921910462,NAGA
glycosylceramide catabolic process (GO:0046477),GO_Biological_Process_2021,1/6,0.0065826171479286,0.075463360207227,0,0,190.2190476190476,955.5316921910462,NAGA
glycosylceramide metabolic process (GO:0006677),GO_Biological_Process_2021,1/6,0.0065826171479286,0.075463360207227,0,0,190.2190476190476,955.5316921910462,NAGA
nucleobase catabolic process (GO:0046113),GO_Biological_Process_2021,1/7,0.0076756962402828,0.075463360207227,0,0,158.5079365079365,771.8855078560287,DPYSL2
zinc ion import across plasma membrane (GO:0071578),GO_Biological_Process_2021,1/7,0.0076756962402828,0.075463360207227,0,0,158.5079365079365,771.8855078560287,SLC39A6
protein localization to ciliary membrane (GO:1903441),GO_Biological_Process_2021,1/7,0.0076756962402828,0.075463360207227,0,0,158.5079365079365,771.8855078560287,RABEP1
positive regulation of Arp2/3 complex-mediated actin nucleation (GO:2000601),GO_Biological_Process_2021,1/8,0.0087676277457428,0.075463360207227,0,0,135.85714285714286,643.5130349149837,CYFIP1
pyrimidine nucleobase catabolic process (GO:0006208),GO_Biological_Process_2021,1/8,0.0087676277457428,0.075463360207227,0,0,135.85714285714286,643.5130349149837,DPYSL2
glycoside catabolic process (GO:0016139),GO_Biological_Process_2021,1/8,0.0087676277457428,0.075463360207227,0,0,135.85714285714286,643.5130349149837,NAGA
negative regulation of mRNA polyadenylation (GO:1900364),GO_Biological_Process_2021,1/8,0.0087676277457428,0.075463360207227,0,0,135.85714285714286,643.5130349149837,CTR9
adenosine metabolic process (GO:0046085),GO_Biological_Process_2021,1/9,0.0098584127261176,0.075463360207227,0,0,118.86904761904762,549.107257058779,ADA2
negative regulation of mRNA 3'-end processing (GO:0031441),GO_Biological_Process_2021,1/9,0.0098584127261176,0.075463360207227,0,0,118.86904761904762,549.107257058779,CTR9
organelle organization (GO:0006996),GO_Biological_Process_2021,3/420,0.0105265439003966,0.075463360207227,0,0,7.406664142370314,33.7288761771312,DPYSL2;MYO18A;HPS3
membrane lipid catabolic process (GO:0046466),GO_Biological_Process_2021,1/10,0.0109480522580432,0.075463360207227,0,0,105.65608465608466,476.9942956890701,NAGA
glycosphingolipid catabolic process (GO:0046479),GO_Biological_Process_2021,1/10,0.0109480522580432,0.075463360207227,0,0,105.65608465608466,476.9942956890701,NAGA
histone H2B ubiquitination (GO:0033523),GO_Biological_Process_2021,1/10,0.0109480522580432,0.075463360207227,0,0,105.65608465608466,476.9942956890701,CTR9
regulation of organ growth (GO:0046620),GO_Biological_Process_2021,1/10,0.0109480522580432,0.075463360207227,0,0,105.65608465608466,476.9942956890701,DUSP6
endodermal cell fate commitment (GO:0001711),GO_Biological_Process_2021,1/10,0.0109480522580432,0.075463360207227,0,0,105.65608465608466,476.9942956890701,CTR9
positive regulation of actin nucleation (GO:0051127),GO_Biological_Process_2021,1/11,0.0120365474388125,0.0768416347674135,0,0,95.08571428571427,420.260566245477,CYFIP1
pyrimidine nucleobase metabolic process (GO:0006206),GO_Biological_Process_2021,1/12,0.0131238993688258,0.0768416347674135,0,0,86.43722943722943,374.560203730456,DPYSL2
regulation of actin nucleation (GO:0051125),GO_Biological_Process_2021,1/12,0.0131238993688258,0.0768416347674135,0,0,86.43722943722943,374.560203730456,WASHC5
double-strand break repair (GO:0006302),GO_Biological_Process_2021,2/164,0.0138629246772161,0.0768416347674135,0,0,12.2320987654321,52.335490724990784,ZFYVE26;RECQL
Golgi ribbon formation (GO:0090161),GO_Biological_Process_2021,1/13,0.0142101091631312,0.0768416347674135,0,0,79.23015873015873,337.0293803138913,MYO18A
neutrophil degranulation (GO:0043312),GO_Biological_Process_2021,3/481,0.0151556399301059,0.0768416347674135,0,0,6.441312486236511,26.98512208828369,CYFIP1;ADA2;ITGAL
regulation of histone methylation (GO:0031060),GO_Biological_Process_2021,1/14,0.0152951779293368,0.0768416347674135,0,0,73.13186813186813,305.7071272789262,CTR9
histone H3-K4 trimethylation (GO:0080182),GO_Biological_Process_2021,1/14,0.0152951779293368,0.0768416347674135,0,0,73.13186813186813,305.7071272789262,CTR9
neutrophil activation involved in immune response (GO:0002283),GO_Biological_Process_2021,3/485,0.0154936903985953,0.0768416347674135,0,0,6.386547281065734,26.61480160046717,CYFIP1;ADA2;ITGAL
neutrophil mediated immunity (GO:0002446),GO_Biological_Process_2021,3/488,0.0157500481312297,0.0768416347674135,0,0,6.3460661964188825,26.34196142487084,CYFIP1;ADA2;ITGAL
positive regulation of histone H3-K4 methylation (GO:0051571),GO_Biological_Process_2021,1/15,0.0163791067947741,0.0768416347674135,0,0,67.9047619047619,279.20731867751766,CTR9
ceramide catabolic process (GO:0046514),GO_Biological_Process_2021,1/16,0.0174618968734111,0.0768416347674135,0,0,63.37460317460317,256.52354192445085,NAGA
regulation of leukocyte activation (GO:0002694),GO_Biological_Process_2021,1/16,0.0174618968734111,0.0768416347674135,0,0,63.37460317460317,256.52354192445085,MYO18A
DNA unwinding involved in DNA replication (GO:0006268),GO_Biological_Process_2021,1/16,0.0174618968734111,0.0768416347674135,0,0,63.37460317460317,256.52354192445085,RECQL
pyrimidine-containing compound catabolic process (GO:0072529),GO_Biological_Process_2021,1/17,0.0185435492893687,0.0768416347674135,0,0,59.410714285714285,236.908142520545,DPYSL2
regulation of Arp2/3 complex-mediated actin nucleation (GO:0034315),GO_Biological_Process_2021,1/17,0.0185435492893687,0.0768416347674135,0,0,59.410714285714285,236.908142520545,CYFIP1
ruffle organization (GO:0031529),GO_Biological_Process_2021,1/17,0.0185435492893687,0.0768416347674135,0,0,59.410714285714285,236.908142520545,CYFIP1
protein localization to membrane (GO:0072657),GO_Biological_Process_2021,2/195,0.0192201693898109,0.0768416347674135,0,0,10.251295336787564,40.511018293822026,RABEP1;ITGAL
regulation of mRNA polyadenylation (GO:1900363),GO_Biological_Process_2021,1/18,0.0196240651712844,0.0768416347674135,0,0,55.91316526610644,219.7945772360195,CTR9
interleukin-6-mediated signaling pathway (GO:0070102),GO_Biological_Process_2021,1/18,0.0196240651712844,0.0768416347674135,0,0,55.91316526610644,219.7945772360195,CTR9
endomembrane system organization (GO:0010256),GO_Biological_Process_2021,2/199,0.0199660166716443,0.0768416347674135,0,0,10.041116751269035,39.29815577116402,WASHC5;MYO18A
regulation of histone H3-K4 methylation (GO:0051569),GO_Biological_Process_2021,1/19,0.020703445636816,0.0768416347674135,0,0,52.8042328042328,204.7460437251252,CTR9
Rac protein signal transduction (GO:0016601),GO_Biological_Process_2021,1/19,0.020703445636816,0.0768416347674135,0,0,52.8042328042328,204.7460437251252,CYFIP1
carbohydrate derivative catabolic process (GO:1901136),GO_Biological_Process_2021,1/19,0.020703445636816,0.0768416347674135,0,0,52.8042328042328,204.7460437251252,NAGA
establishment of epithelial cell polarity (GO:0090162),GO_Biological_Process_2021,1/20,0.0217816918149241,0.0782951468125568,0,0,50.02255639097744,191.42059056605152,MYO18A
histone ubiquitination (GO:0016574),GO_Biological_Process_2021,1/21,0.0228588048336812,0.0782951468125568,0,0,47.51904761904762,179.54686782262274,CTR9
zinc ion transport (GO:0006829),GO_Biological_Process_2021,1/21,0.0228588048336812,0.0782951468125568,0,0,47.51904761904762,179.54686782262274,SLC39A6
negative regulation of myeloid cell differentiation (GO:0045638),GO_Biological_Process_2021,1/22,0.023934785813165,0.0782951468125568,0,0,45.25396825396825,168.9069250201691,CTR9
peptidyl-threonine dephosphorylation (GO:0035970),GO_Biological_Process_2021,1/22,0.023934785813165,0.0782951468125568,0,0,45.25396825396825,168.9069250201691,DUSP6
zinc ion transmembrane transport (GO:0071577),GO_Biological_Process_2021,1/22,0.023934785813165,0.0782951468125568,0,0,45.25396825396825,168.9069250201691,SLC39A6
cell projection assembly (GO:0030031),GO_Biological_Process_2021,1/22,0.023934785813165,0.0782951468125568,0,0,45.25396825396825,168.9069250201691,CYFIP1
axon extension (GO:0048675),GO_Biological_Process_2021,1/24,0.0260833561592032,0.0784111118362762,0,0,41.31469979296066,150.65231192236567,CYFIP1
histone monoubiquitination (GO:0010390),GO_Biological_Process_2021,1/24,0.0260833561592032,0.0784111118362762,0,0,41.31469979296066,150.65231192236567,CTR9
positive regulation of lamellipodium assembly (GO:0010592),GO_Biological_Process_2021,1/24,0.0260833561592032,0.0784111118362762,0,0,41.31469979296066,150.65231192236567,CYFIP1
receptor signaling pathway via STAT (GO:0097696),GO_Biological_Process_2021,1/25,0.0271559477765973,0.0784111118362762,0,0,39.59126984126984,142.77242140898989,CTR9
lamellipodium assembly (GO:0030032),GO_Biological_Process_2021,1/26,0.0282274118595077,0.0784111118362762,0,0,38.00571428571429,135.5839309094672,CYFIP1
organelle fission (GO:0048285),GO_Biological_Process_2021,1/26,0.0282274118595077,0.0784111118362762,0,0,38.00571428571429,135.5839309094672,WASHC5
positive regulation of histone methylation (GO:0031062),GO_Biological_Process_2021,1/26,0.0282274118595077,0.0784111118362762,0,0,38.00571428571429,135.5839309094672,CTR9
DNA geometric change (GO:0032392),GO_Biological_Process_2021,1/26,0.0282274118595077,0.0784111118362762,0,0,38.00571428571429,135.5839309094672,RECQL
cellular response to interleukin-6 (GO:0071354),GO_Biological_Process_2021,1/28,0.0303669619032499,0.0784111118362762,0,0,35.18694885361552,122.95727551819456,CTR9
leukocyte cell-cell adhesion (GO:0007159),GO_Biological_Process_2021,1/28,0.0303669619032499,0.0784111118362762,0,0,35.18694885361552,122.95727551819456,ITGAL
cellular zinc ion homeostasis (GO:0006882),GO_Biological_Process_2021,1/28,0.0303669619032499,0.0784111118362762,0,0,35.18694885361552,122.95727551819456,SLC39A6
receptor clustering (GO:0043113),GO_Biological_Process_2021,1/28,0.0303669619032499,0.0784111118362762,0,0,35.18694885361552,122.95727551819456,ITGAL
T cell activation involved in immune response (GO:0002286),GO_Biological_Process_2021,1/28,0.0303669619032499,0.0784111118362762,0,0,35.18694885361552,122.95727551819456,ITGAL
regulation of multicellular organismal development (GO:2000026),GO_Biological_Process_2021,1/28,0.0303669619032499,0.0784111118362762,0,0,35.18694885361552,122.95727551819456,DUSP6
actin filament polymerization (GO:0030041),GO_Biological_Process_2021,1/29,0.031435050111481,0.0784111118362762,0,0,33.92857142857143,117.38714910240454,WASHC5
lamellipodium organization (GO:0097581),GO_Biological_Process_2021,1/29,0.031435050111481,0.0784111118362762,0,0,33.92857142857143,117.38714910240454,CYFIP1
regulation of macrophage activation (GO:0043030),GO_Biological_Process_2021,1/30,0.0325020152689227,0.0784111118362762,0,0,32.756978653530375,112.24025378249362,MYO18A
histone H3-K4 methylation (GO:0051568),GO_Biological_Process_2021,1/30,0.0325020152689227,0.0784111118362762,0,0,32.756978653530375,112.24025378249362,CTR9
peptidyl-lysine trimethylation (GO:0018023),GO_Biological_Process_2021,1/30,0.0325020152689227,0.0784111118362762,0,0,32.756978653530375,112.24025378249362,CTR9
zinc ion homeostasis (GO:0055069),GO_Biological_Process_2021,1/30,0.0325020152689227,0.0784111118362762,0,0,32.756978653530375,112.24025378249362,SLC39A6
cell projection organization (GO:0030030),GO_Biological_Process_2021,1/30,0.0325020152689227,0.0784111118362762,0,0,32.756978653530375,112.24025378249362,CYFIP1
receptor signaling pathway via JAK-STAT (GO:0007259),GO_Biological_Process_2021,1/31,0.0335678584979562,0.078636330813549,0,0,31.663492063492065,107.4717897739846,CTR9
regulation of cellular amide metabolic process (GO:0034248),GO_Biological_Process_2021,1/32,0.0346325809282469,0.078636330813549,0,0,30.640552995391705,103.04296619408238,CYFIP1
positive regulation of immune effector process (GO:0002699),GO_Biological_Process_2021,1/32,0.0346325809282469,0.078636330813549,0,0,30.640552995391705,103.04296619408238,MYO18A
positive regulation of lamellipodium organization (GO:1902745),GO_Biological_Process_2021,1/32,0.0346325809282469,0.078636330813549,0,0,30.640552995391705,103.04296619408238,CYFIP1
endodermal cell differentiation (GO:0035987),GO_Biological_Process_2021,1/32,0.0346325809282469,0.078636330813549,0,0,30.640552995391705,103.04296619408238,CTR9
neuron projection extension (GO:1990138),GO_Biological_Process_2021,1/33,0.0356961836698558,0.0801088773056066,0,0,29.68154761904762,98.92003496654242,CYFIP1
regulation of lamellipodium assembly (GO:0010591),GO_Biological_Process_2021,1/34,0.0367586678440145,0.081545090734423,0,0,28.78066378066378,95.0735042734142,CYFIP1
peptidyl-tyrosine dephosphorylation (GO:0035335),GO_Biological_Process_2021,1/35,0.037820034565529,0.0820142322600797,0,0,27.932773109243698,91.47749401004982,DUSP6
protein localization to cilium (GO:0061512),GO_Biological_Process_2021,1/35,0.037820034565529,0.0820142322600797,0,0,27.932773109243698,91.47749401004982,RABEP1
membrane fusion (GO:0061025),GO_Biological_Process_2021,1/36,0.0388802849574893,0.0833766110755049,0,0,27.133333333333333,88.10920425980879,RABEP1
protein monoubiquitination (GO:0006513),GO_Biological_Process_2021,1/39,0.0420543492750046,0.0882227109790858,0,0,24.9874686716792,79.18010249314726,CTR9
DNA recombination (GO:0006310),GO_Biological_Process_2021,1/39,0.0420543492750046,0.0882227109790858,0,0,24.9874686716792,79.18010249314726,RECQL
carbohydrate catabolic process (GO:0016052),GO_Biological_Process_2021,1/41,0.0441648309205672,0.0906788549752073,0,0,23.735714285714284,74.05131012000572,NAGA
endosome organization (GO:0007032),GO_Biological_Process_2021,1/41,0.0441648309205672,0.0906788549752073,0,0,23.735714285714284,74.05131012000572,WASHC5
heterophilic cell-cell adhesion via plasma membrane cell adhesion molecules (GO:0007157),GO_Biological_Process_2021,1/42,0.0452184067076381,0.0918647631007806,0,0,23.15563298490128,71.69565287330235,ITGAL
posttranscriptional regulation of gene expression (GO:0010608),GO_Biological_Process_2021,1/46,0.0494216355431908,0.0983337696890293,0,0,21.09312169312169,63.43475777373824,CYFIP1
vesicle organization (GO:0016050),GO_Biological_Process_2021,1/46,0.0494216355431908,0.0983337696890293,0,0,21.09312169312169,63.43475777373824,WASHC5
cognition (GO:0050890),GO_Biological_Process_2021,1/48,0.0515166208717867,0.1004313922045943,0,0,20.193515704154,59.890954463772765,CYFIP1
Golgi to plasma membrane transport (GO:0006893),GO_Biological_Process_2021,1/48,0.0515166208717867,0.1004313922045943,0,0,20.193515704154,59.890954463772765,RABEP1
oligosaccharide metabolic process (GO:0009311),GO_Biological_Process_2021,1/49,0.0525624601312181,0.1004411366863872,0,0,19.771825396825395,58.24291595044674,NAGA
regulation of cellular protein metabolic process (GO:0032268),GO_Biological_Process_2021,1/49,0.0525624601312181,0.1004411366863872,0,0,19.771825396825395,58.24291595044674,CYFIP1
actin polymerization or depolymerization (GO:0008154),GO_Biological_Process_2021,1/50,0.0536071985992547,0.1004484400937492,0,0,19.367346938775512,56.67024999786951,WASHC5
negative regulation of ERK1 and ERK2 cascade (GO:0070373),GO_Biological_Process_2021,1/50,0.0536071985992547,0.1004484400937492,0,0,19.367346938775512,56.67024999786951,DUSP6
DNA duplex unwinding (GO:0032508),GO_Biological_Process_2021,1/51,0.0546508373685044,0.1014193424242437,0,0,18.97904761904762,55.16811991271338,RECQL
glycolipid metabolic process (GO:0006664),GO_Biological_Process_2021,1/52,0.0556933775463978,0.1023697320614741,0,0,18.605975723622784,53.732086291886986,NAGA
positive regulation of phagocytosis (GO:0050766),GO_Biological_Process_2021,1/53,0.0567348202331589,0.1033001915566007,0,0,18.247252747252748,52.358067488080735,MYO18A
protein polymerization (GO:0051258),GO_Biological_Process_2021,1/59,0.062960490519082,0.1135642492540452,0,0,16.354679802955665,45.22474371763155,WASHC5
transcription elongation from RNA polymerase II promoter (GO:0006368),GO_Biological_Process_2021,1/67,0.0712003950414228,0.1258874073233324,0,0,14.366522366522366,37.96004302786625,CTR9
vascular endothelial growth factor receptor signaling pathway (GO:0048010),GO_Biological_Process_2021,1/67,0.0712003950414228,0.1258874073233324,0,0,14.366522366522366,37.96004302786625,CYFIP1
regulation of myeloid cell differentiation (GO:0045637),GO_Biological_Process_2021,1/68,0.0722255067202058,0.1258874073233324,0,0,14.15138592750533,37.18930470253887,CTR9
positive regulation of protein transport (GO:0051222),GO_Biological_Process_2021,1/69,0.0732495383636409,0.1258874073233324,0,0,13.942577030812323,36.444269724198726,MYO18A
"DNA-templated transcription, elongation (GO:0006354)",GO_Biological_Process_2021,1/69,0.0732495383636409,0.1258874073233324,0,0,13.942577030812323,36.444269724198726,CTR9
sterol metabolic process (GO:0016125),GO_Biological_Process_2021,1/70,0.0742724910847293,0.1258874073233324,0,0,13.739820565907522,35.72373458022456,LIPA
Fc-gamma receptor signaling pathway involved in phagocytosis (GO:0038096),GO_Biological_Process_2021,1/71,0.075294365950959,0.1258874073233324,0,0,13.542857142857144,35.026568142715256,CYFIP1
Fc-gamma receptor signaling pathway (GO:0038094),GO_Biological_Process_2021,1/72,0.0763151640250253,0.1258874073233324,0,0,13.351441985244804,34.35170636454176,CYFIP1
positive regulation of protein secretion (GO:0050714),GO_Biological_Process_2021,1/72,0.0763151640250253,0.1258874073233324,0,0,13.351441985244804,34.35170636454176,MYO18A
positive regulation of secretion by cell (GO:1903532),GO_Biological_Process_2021,1/72,0.0763151640250253,0.1258874073233324,0,0,13.351441985244804,34.35170636454176,MYO18A
regulation of actin filament polymerization (GO:0030833),GO_Biological_Process_2021,1/73,0.0773348864227629,0.1264884159287563,0,0,13.165343915343914,33.69814742858341,WASHC5
Fc receptor mediated stimulatory signaling pathway (GO:0002431),GO_Biological_Process_2021,1/74,0.078353534197411,0.127077580673112,0,0,12.984344422700588,33.06494733744324,CYFIP1
actomyosin structure organization (GO:0031032),GO_Biological_Process_2021,1/76,0.0803876102053849,0.1282215600796636,0,0,12.636825396825396,31.85611269580601,MYO18A
regulation of cell division (GO:0051302),GO_Biological_Process_2021,1/76,0.0803876102053849,0.1282215600796636,0,0,12.636825396825396,31.85611269580601,ZFYVE26
inorganic cation import across plasma membrane (GO:0098659),GO_Biological_Process_2021,1/77,0.0814030405988153,0.128776941275175,0,0,12.469924812030076,31.278844284190207,SLC39A6
positive regulation of plasma membrane bounded cell projection assembly (GO:0120034),GO_Biological_Process_2021,1/83,0.0874731840460648,0.1372546709015489,0,0,11.554006968641117,28.15044832788816,CYFIP1
regulation of cytokinesis (GO:0032465),GO_Biological_Process_2021,1/84,0.0884811447938404,0.1377166205258968,0,0,11.414228341939186,27.679113395058145,ZFYVE26
regulation of cellular macromolecule biosynthetic process (GO:2000112),GO_Biological_Process_2021,2/468,0.0928345770009749,0.1432259552001132,0,0,4.1871244635193134,9.952527341076625,CYFIP1;CTR9
post-Golgi vesicle-mediated transport (GO:0006892),GO_Biological_Process_2021,1/89,0.0935050277472241,0.1432259552001132,0,0,10.762987012987011,25.5054816130164,RABEP1
negative regulation of MAPK cascade (GO:0043409),GO_Biological_Process_2021,1/94,0.0985024734903119,0.1496927353041749,0,0,10.181771633384535,23.598023514902643,DUSP6
cellular transition metal ion homeostasis (GO:0046916),GO_Biological_Process_2021,1/96,0.1004940790729363,0.1515262286021617,0,0,9.96641604010025,22.899400276475088,SLC39A6
cell-matrix adhesion (GO:0007160),GO_Biological_Process_2021,1/100,0.104464697819105,0.1562921447991262,0,0,9.561808561808562,21.59922753970687,ITGAL
steroid metabolic process (GO:0008202),GO_Biological_Process_2021,1/104,0.108418582791051,0.1609598959897911,0,0,9.188626907073507,20.41488491079557,LIPA
regulation of cell cycle process (GO:0010564),GO_Biological_Process_2021,1/106,0.1103892711343678,0.1626345750300228,0,0,9.012698412698413,19.8616650141474,ZFYVE26
cellular divalent inorganic cation homeostasis (GO:0072503),GO_Biological_Process_2021,1/111,0.1152978178149341,0.1685793851385022,0,0,8.600865800865801,18.57990662598213,SLC39A6
cellular response to molecule of bacterial origin (GO:0071219),GO_Biological_Process_2021,1/115,0.1192060305308392,0.172983187161293,0,0,8.297410192147034,17.647777784279164,CTR9
cellular response to lipopolysaccharide (GO:0071222),GO_Biological_Process_2021,1/120,0.1240681247160871,0.1773714671867023,0,0,7.946778711484594,16.58432696153108,CTR9
cytoskeleton organization (GO:0007010),GO_Biological_Process_2021,1/120,0.1240681247160871,0.1773714671867023,0,0,7.946778711484594,16.58432696153108,DPYSL2
regulation of protein secretion (GO:0050708),GO_Biological_Process_2021,1/125,0.1289045931711755,0.1829307829561535,0,0,7.624423963133641,15.620025745756442,MYO18A
synapse organization (GO:0050808),GO_Biological_Process_2021,1/126,0.1298688230979286,0.1829538894737242,0,0,7.5630476190476195,15.43792264900532,CYFIP1
plasma membrane bounded cell projection organization (GO:0120036),GO_Biological_Process_2021,1/128,0.1317942274327971,0.1843209122792018,0,0,7.443194600674915,15.083734012428744,CYFIP1
DNA-dependent DNA replication (GO:0006261),GO_Biological_Process_2021,1/129,0.1327554038555205,0.1843294456411184,0,0,7.384672619047619,14.911477387157236,RECQL
Golgi organization (GO:0007030),GO_Biological_Process_2021,1/130,0.1337155645117017,0.1843364567911316,0,0,7.327057954964932,14.742336530237584,MYO18A
protein dephosphorylation (GO:0006470),GO_Biological_Process_2021,1/139,0.1423114686167882,0.194714611362799,0,0,6.846100759144237,13.348097205226534,DUSP6
protein localization to cell periphery (GO:1990778),GO_Biological_Process_2021,1/140,0.1432615275311785,0.194714611362799,0,0,6.796505652620761,13.206177686801745,RABEP1
Ras protein signal transduction (GO:0007265),GO_Biological_Process_2021,1/142,0.145158632579542,0.1959133992157455,0,0,6.699425869638636,12.929410352051812,CYFIP1
dephosphorylation (GO:0016311),GO_Biological_Process_2021,1/153,0.155521242851137,0.2084416657657601,0,0,6.211152882205514,11.558787481713887,DUSP6
response to lipopolysaccharide (GO:0032496),GO_Biological_Process_2021,1/159,0.1611229231905072,0.2144601667294338,0,0,5.973477998794454,10.905108004046104,CTR9
cell-cell adhesion via plasma-membrane adhesion molecules (GO:0098742),GO_Biological_Process_2021,1/170,0.1713006773641148,0.2264454159676313,0,0,5.581572273879966,9.847762867980924,ITGAL
regulation of translation (GO:0006417),GO_Biological_Process_2021,1/178,0.1786285310975255,0.2341300629075043,0,0,5.32714554748453,9.175725199399697,CYFIP1
regulation of immune response (GO:0050776),GO_Biological_Process_2021,1/179,0.1795401518668945,0.2341300629075043,0,0,5.296950240770466,9.096751443014716,ITGAL
negative regulation of cell differentiation (GO:0045596),GO_Biological_Process_2021,1/191,0.1904045432176171,0.2466313881946315,0,0,4.959398496240602,8.225679648824455,CTR9
regulation of apoptotic process (GO:0042981),GO_Biological_Process_2021,2/742,0.1956786039603397,0.2517731370956371,0,0,2.59972972972973,4.240891640599381,MYO18A;DUSP6
axon guidance (GO:0007411),GO_Biological_Process_2021,1/203,0.2011315266869379,0.2570753950369471,0,0,4.661951909476662,7.476820865614278,CYFIP1
extracellular structure organization (GO:0043062),GO_Biological_Process_2021,1/216,0.2125992846937246,0.2692853070326636,0,0,4.37718715393134,6.77740099862115,ITGAL
external encapsulating structure organization (GO:0045229),GO_Biological_Process_2021,1/217,0.2134748807046504,0.2692853070326636,0,0,4.356701940035274,6.727776447659202,ITGAL
cellular response to lipid (GO:0071396),GO_Biological_Process_2021,1/219,0.2152232852926055,0.2697278835160576,0,0,4.316295325469637,6.630171701499756,CTR9
"transcription, DNA-templated (GO:0006351)",GO_Biological_Process_2021,1/221,0.2169679795081989,0.2701601293231122,0,0,4.276623376623377,6.534704024656884,CTR9
inflammatory response (GO:0006954),GO_Biological_Process_2021,1/230,0.224773389069998,0.2780850262212155,0,0,4.106674984404242,6.129879929572163,ITGAL
regulation of ERK1 and ERK2 cascade (GO:0070372),GO_Biological_Process_2021,1/238,0.2316491321720215,0.2847661306318481,0,0,3.9664456499899536,5.801051362717812,DUSP6
axonogenesis (GO:0007409),GO_Biological_Process_2021,1/240,0.2333589503503213,0.2850523887190634,0,0,3.932855150428372,5.723002134593974,CYFIP1
membrane organization (GO:0061024),GO_Biological_Process_2021,1/242,0.2350651362176554,0.2853306370440723,0,0,3.899822169531713,5.6465237691898,RABEP1
"RNA splicing, via transesterification reactions with bulged adenosine as nucleophile (GO:0000377)",GO_Biological_Process_2021,1/251,0.2426982197222444,0.2927547275399573,0,0,3.7577142857142856,5.320684819645164,DDX46
cellular component assembly (GO:0022607),GO_Biological_Process_2021,1/261,0.2510941407274298,0.3010010506856768,0,0,3.611355311355312,4.990630666336266,CYFIP1
"mRNA splicing, via spliceosome (GO:0000398)",GO_Biological_Process_2021,1/274,0.2618760723187854,0.3100741224388073,0,0,3.437118437118437,4.605339634086824,DDX46
inorganic cation transmembrane transport (GO:0098662),GO_Biological_Process_2021,1/274,0.2618760723187854,0.3100741224388073,0,0,3.437118437118437,4.605339634086824,SLC39A6
DNA metabolic process (GO:0006259),GO_Biological_Process_2021,1/277,0.2643430834229519,0.3101611412262385,0,0,3.399240855762595,4.522715320704512,RECQL
plasma membrane bounded cell projection assembly (GO:0120031),GO_Biological_Process_2021,1/278,0.2651636699602557,0.3101611412262385,0,0,3.3867973182052604,4.49566192621075,CYFIP1
positive regulation of programmed cell death (GO:0043068),GO_Biological_Process_2021,1/286,0.2716969813222793,0.3158886590072283,0,0,3.2903926482873853,4.287604949359207,DUSP6
"negative regulation of transcription, DNA-templated (GO:0045892)",GO_Biological_Process_2021,2/948,0.2802973750058566,0.3212849138938925,0,0,2.0118393234672305,2.5588668566759347,CTR9;ZBTB33
DNA repair (GO:0006281),GO_Biological_Process_2021,1/298,0.2813930846883027,0.3212849138938925,0,0,3.155523488856822,4.001212333042656,RECQL
extracellular matrix organization (GO:0030198),GO_Biological_Process_2021,1/300,0.2829970744143095,0.3212849138938925,0,0,3.1340977862716994,3.956230303260345,ITGAL
mRNA processing (GO:0006397),GO_Biological_Process_2021,1/300,0.2829970744143095,0.3212849138938925,0,0,3.1340977862716994,3.956230303260345,DDX46
MAPK cascade (GO:0000165),GO_Biological_Process_2021,1/303,0.2853966526943447,0.3221143507018043,0,0,3.1024913276568906,3.890137251905163,DUSP6
positive regulation of apoptotic process (GO:0043065),GO_Biological_Process_2021,1/310,0.2909658938246858,0.3264907994660719,0,0,3.031129603945138,3.7420786944258726,DUSP6
transcription by RNA polymerase II (GO:0006366),GO_Biological_Process_2021,1/320,0.2988501300827531,0.3333992780691985,0,0,2.9346171070309,3.5444688927225654,CTR9
cellular response to oxygen-containing compound (GO:1901701),GO_Biological_Process_2021,1/323,0.3011990353450692,0.3340885851815997,0,0,2.906832298136646,3.48815220707467,CTR9
cellular response to DNA damage stimulus (GO:0006974),GO_Biological_Process_2021,1/350,0.3220038535230523,0.3551242498854233,0,0,2.6782644289807616,3.034987198216077,RECQL
negative regulation of programmed cell death (GO:0043069),GO_Biological_Process_2021,1/381,0.3451617322836497,0.3785012177883205,0,0,2.455889724310777,2.6124334954899457,MYO18A
transmembrane receptor protein tyrosine kinase signaling pathway (GO:0007169),GO_Biological_Process_2021,1/404,0.3618533958975492,0.394563307391113,0,0,2.3130095710740872,2.3512115445323643,CYFIP1
protein modification by small protein conjugation (GO:0032446),GO_Biological_Process_2021,1/409,0.3654278858013298,0.3962223705598689,0,0,2.284080298786181,2.299352395430573,CTR9
cellular protein metabolic process (GO:0044267),GO_Biological_Process_2021,1/417,0.3711073471645489,0.4001325028087036,0,0,2.2392399267399266,2.219677731411074,ADA2
regulation of nucleic acid-templated transcription (GO:1903506),GO_Biological_Process_2021,1/430,0.3802331190853955,0.4076943999082296,0,0,2.16994116994117,2.098269625539914,CTR9
nervous system development (GO:0007399),GO_Biological_Process_2021,1/447,0.3919762262834436,0.4179636004016829,0,0,2.0854153320521034,1.9531042549678843,DPYSL2
negative regulation of nucleic acid-templated transcription (GO:1903507),GO_Biological_Process_2021,1/464,0.4035067595170933,0.4278945306966979,0,0,2.0070965751311323,1.8215646606004816,ZBTB33
negative regulation of apoptotic process (GO:0043066),GO_Biological_Process_2021,1/485,0.4174623308636982,0.4402744800912228,0,0,1.9179456906729635,1.6754424869003175,MYO18A
protein ubiquitination (GO:0016567),GO_Biological_Process_2021,1/525,0.4431868017537408,0.4628675328711236,0,0,1.7679025808796802,1.4386553404568765,CTR9
regulation of transcription by RNA polymerase II (GO:0006357),GO_Biological_Process_2021,3/2206,0.4436813138920096,0.4628675328711236,0,0,1.2739804572711853,1.035298607995216,CTR9;ZBTB33;PAXBP1
negative regulation of cellular macromolecule biosynthetic process (GO:2000113),GO_Biological_Process_2021,1/547,0.4568692867168998,0.4740632921309766,0,0,1.6947496947496947,1.3275956528963688,ZBTB33
cytokine-mediated signaling pathway (GO:0019221),GO_Biological_Process_2021,1/621,0.5005755461752777,0.5166367936461421,0,0,1.48678955453149,1.028853539979324,CTR9
negative regulation of transcription by RNA polymerase II (GO:0000122),GO_Biological_Process_2021,1/684,0.5351195014197913,0.5493514030532963,0,0,1.3452555253433731,0.8411414515031301,CTR9
positive regulation of transcription by RNA polymerase II (GO:0045944),GO_Biological_Process_2021,1/908,0.640388383568391,0.6539415768714257,0,0,1.0012600409513308,0.4462420129636828,PAXBP1
cellular protein modification process (GO:0006464),GO_Biological_Process_2021,1/1025,0.685898937360573,0.6967289205820557,0,0,0.8814174107142857,0.332316384943559,DUSP6
regulation of gene expression (GO:0010468),GO_Biological_Process_2021,1/1079,0.7049979405929183,0.7123801179813257,0,0,0.8348794063079777,0.2918407769824105,CTR9
"regulation of transcription, DNA-templated (GO:0006355)",GO_Biological_Process_2021,2/2244,0.7244430664564366,0.7282162074275639,0,0,0.7910793933987511,0.2550061065214444,CTR9;ZBTB33
"positive regulation of transcription, DNA-templated (GO:0045893)",GO_Biological_Process_2021,1/1183,0.7387029181959016,0.7387029181959016,0,0,0.7572314881959552,0.2293347074998448,PAXBP1
Cdc73/Paf1 complex (GO:0016593),GO_Cellular_Component_2021,1/7,0.0076756962402828,0.1650866688431704,0,0,158.5079365079365,771.8855078560287,CTR9
specific granule (GO:0042581),GO_Cellular_Component_2021,2/160,0.0132278796006314,0.1650866688431704,0,0,12.544303797468354,54.25949023404401,CYFIP1;ITGAL
vacuolar lumen (GO:0005775),GO_Cellular_Component_2021,2/161,0.0133854055818786,0.1650866688431704,0,0,12.464779874213836,53.7679535725656,ADA2;LIPA
"preribosome, large subunit precursor (GO:0030687)",GO_Cellular_Component_2021,1/23,0.0250096358786987,0.2313391318779633,0,0,43.1948051948052,159.3237838191313,WDR37
early endosome (GO:0005769),GO_Cellular_Component_2021,2/266,0.0341752339128009,0.2503378220276364,0,0,7.467424242424243,25.21192135526794,WASHC5;RABEP1
secretory granule lumen (GO:0034774),GO_Cellular_Component_2021,2/316,0.0466987403323567,0.2503378220276364,0,0,6.2624203821656055,19.18829457579072,CYFIP1;ADA2
tertiary granule lumen (GO:1904724),GO_Cellular_Component_2021,1/55,0.0588144175257853,0.2503378220276364,0,0,17.569664902998237,49.78133084189748,CYFIP1
specific granule lumen (GO:0035580),GO_Cellular_Component_2021,1/62,0.0660585983445957,0.2503378220276364,0,0,15.548009367681498,42.2472543776498,CYFIP1
focal adhesion (GO:0005925),GO_Cellular_Component_2021,2/387,0.0668959067614145,0.2503378220276364,0,0,5.089090909090909,13.764044322418952,CYFIP1;TNS3
cell-substrate junction (GO:0030055),GO_Cellular_Component_2021,2/394,0.0690243266219626,0.2503378220276364,0,0,4.996428571428571,13.35693389720156,CYFIP1;TNS3
lysosomal lumen (GO:0043202),GO_Cellular_Component_2021,1/86,0.0904938789441273,0.2503378220276364,0,0,11.14453781512605,26.774451939878727,LIPA
azurophil granule lumen (GO:0035578),GO_Cellular_Component_2021,1/90,0.0945066276095651,0.2503378220276364,0,0,10.64151952915998,25.10425243464053,ADA2
specific granule membrane (GO:0035579),GO_Cellular_Component_2021,1/91,0.0955071710697484,0.2503378220276364,0,0,10.522751322751322,24.71324912687108,ITGAL
lysosome (GO:0005764),GO_Cellular_Component_2021,2/477,0.0958801016493099,0.2503378220276364,0,0,4.105894736842105,9.626914052777265,ZFYVE26;LIPA
early endosome membrane (GO:0031901),GO_Cellular_Component_2021,1/97,0.1014883062274201,0.2503378220276364,0,0,9.862103174603174,22.56263499711162,RABEP1
cytoplasmic vesicle lumen (GO:0060205),GO_Cellular_Component_2021,1/115,0.1192060305308392,0.2756639456025657,0,0,8.297410192147034,17.647777784279164,CYFIP1
azurophil granule (GO:0042582),GO_Cellular_Component_2021,1/155,0.1573924250528543,0.322803342930951,0,0,6.12987012987013,11.334209985174065,ADA2
chromosome (GO:0005694),GO_Cellular_Component_2021,1/160,0.162053081395463,0.322803342930951,0,0,5.935609463911351,10.801808091689049,RECQL
tertiary granule (GO:0070820),GO_Cellular_Component_2021,1/164,0.1657638788023802,0.322803342930951,0,0,5.788781770376862,10.403546036010685,CYFIP1
microtubule (GO:0005874),GO_Cellular_Component_2021,1/182,0.1822692229713458,0.3323012260038824,0,0,5.208366219415943,8.866047844643044,DPYSL2
endocytic vesicle (GO:0030139),GO_Cellular_Component_2021,1/189,0.188603398542744,0.3323012260038824,0,0,5.012664640324215,8.361670444603366,RABEP1
lytic vacuole (GO:0000323),GO_Cellular_Component_2021,1/219,0.2152232852926055,0.3619664343557457,0,0,4.316295325469637,6.630171701499756,LIPA
trans-Golgi network (GO:0005802),GO_Cellular_Component_2021,1/239,0.2325044957480438,0.3726697952228869,0,0,3.949579831932773,5.7618276240987045,MYO18A
polymeric cytoskeletal fiber (GO:0099513),GO_Cellular_Component_2021,1/256,0.2469073486582814,0.3726697952228869,0,0,3.683099906629318,5.1517069692534205,DPYSL2
lytic vacuole membrane (GO:0098852),GO_Cellular_Component_2021,1/267,0.2560889655006607,0.3726697952228869,0,0,3.5288220551378444,4.807068585787497,ZFYVE26
secretory granule membrane (GO:0030667),GO_Cellular_Component_2021,1/274,0.2618760723187854,0.3726697952228869,0,0,3.437118437118437,4.605339634086824,ITGAL
endosome membrane (GO:0010008),GO_Cellular_Component_2021,1/325,0.3027607971691228,0.3922333219082207,0,0,2.8885949441505,3.451328577006713,RABEP1
lysosomal membrane (GO:0005765),GO_Cellular_Component_2021,1/330,0.3066506386486011,0.3922333219082207,0,0,2.8439716312056738,3.361705757900601,ZFYVE26
microtubule cytoskeleton (GO:0015630),GO_Cellular_Component_2021,1/331,0.3074261171713081,0.3922333219082207,0,0,2.835209235209235,3.3441873862714626,DPYSL2
intracellular membrane-bounded organelle (GO:0043231),GO_Cellular_Component_2021,7/5192,0.3386205706318489,0.4176320371126137,0,0,1.331417550626808,1.441758858841355,WDR37;RABEP1;DDX46;RECQL;ZBTB33;PAXBP1;LIPA
intracellular non-membrane-bounded organelle (GO:0043232),GO_Cellular_Component_2021,2/1158,0.3667754879510009,0.4377642920705494,0,0,1.6282006920415224,1.6330940336068542,RECQL;ZBTB33
neuron projection (GO:0043005),GO_Cellular_Component_2021,1/556,0.4623736502448903,0.5346195330956545,0,0,1.6664950664950664,1.2855042107456405,CYFIP1
nucleolus (GO:0005730),GO_Cellular_Component_2021,1/733,0.5603976691353507,0.6014760982892808,0,0,1.252016653655998,0.7250536412925842,ZBTB33
nuclear lumen (GO:0031981),GO_Cellular_Component_2021,1/745,0.5663851792508657,0.6014760982892808,0,0,1.2310547875064004,0.6998311378865243,ZBTB33
nucleus (GO:0005634),GO_Cellular_Component_2021,5/4484,0.5689638767601305,0.6014760982892808,0,0,1.0177560642475345,0.5739516576150975,WDR37;DDX46;RECQL;ZBTB33;PAXBP1
intracellular organelle lumen (GO:0070013),GO_Cellular_Component_2021,1/848,0.6146728155636393,0.631747060440407,0,0,1.0755608028335302,0.5234379701525912,CYFIP1
integral component of plasma membrane (GO:0005887),GO_Cellular_Component_2021,1/1454,0.8101307446258396,0.8101307446258396,0,0,0.6071182774555107,0.1278346006097922,SLC39A6
four-way junction helicase activity (GO:0009378),GO_Molecular_Function_2021,1/6,0.0065826171479286,0.0658832333926993,0,0,190.2190476190476,955.5316921910462,RECQL
dihydropyrimidinase activity (GO:0004157),GO_Molecular_Function_2021,1/6,0.0065826171479286,0.0658832333926993,0,0,190.2190476190476,955.5316921910462,DPYSL2
serine-type exopeptidase activity (GO:0070008),GO_Molecular_Function_2021,1/7,0.0076756962402828,0.0658832333926993,0,0,158.5079365079365,771.8855078560287,CPVL
galactosidase activity (GO:0015925),GO_Molecular_Function_2021,1/7,0.0076756962402828,0.0658832333926993,0,0,158.5079365079365,771.8855078560287,NAGA
MAP kinase tyrosine/serine/threonine phosphatase activity (GO:0017017),GO_Molecular_Function_2021,1/10,0.0109480522580432,0.0658832333926993,0,0,105.65608465608466,476.9942956890701,DUSP6
"hydrolase activity, acting on carbon-nitrogen (but not peptide) bonds, in cyclic amides (GO:0016812)",GO_Molecular_Function_2021,1/10,0.0109480522580432,0.0658832333926993,0,0,105.65608465608466,476.9942956890701,DPYSL2
adenosine deaminase activity (GO:0004000),GO_Molecular_Function_2021,1/10,0.0109480522580432,0.0658832333926993,0,0,105.65608465608466,476.9942956890701,ADA2
protein tyrosine/threonine phosphatase activity (GO:0008330),GO_Molecular_Function_2021,1/10,0.0109480522580432,0.0658832333926993,0,0,105.65608465608466,476.9942956890701,DUSP6
MAP kinase phosphatase activity (GO:0033549),GO_Molecular_Function_2021,1/12,0.0131238993688258,0.0658832333926993,0,0,86.43722943722943,374.560203730456,DUSP6
hexosaminidase activity (GO:0015929),GO_Molecular_Function_2021,1/12,0.0131238993688258,0.0658832333926993,0,0,86.43722943722943,374.560203730456,NAGA
RNA 7-methylguanosine cap binding (GO:0000340),GO_Molecular_Function_2021,1/13,0.0142101091631312,0.0658832333926993,0,0,79.23015873015873,337.0293803138913,CYFIP1
3'-5' DNA helicase activity (GO:0043138),GO_Molecular_Function_2021,1/16,0.0174618968734111,0.0740577521707419,0,0,63.37460317460317,256.52354192445085,RECQL
RNA cap binding (GO:0000339),GO_Molecular_Function_2021,1/19,0.020703445636816,0.0740577521707419,0,0,52.8042328042328,204.7460437251252,CYFIP1
"hydrolase activity, acting on carbon-nitrogen (but not peptide) bonds, in cyclic amidines (GO:0016814)",GO_Molecular_Function_2021,1/19,0.020703445636816,0.0740577521707419,0,0,52.8042328042328,204.7460437251252,ADA2
zinc ion transmembrane transporter activity (GO:0005385),GO_Molecular_Function_2021,1/20,0.0217816918149241,0.0740577521707419,0,0,50.02255639097744,191.42059056605152,SLC39A6
protein tyrosine/serine/threonine phosphatase activity (GO:0008138),GO_Molecular_Function_2021,1/22,0.023934785813165,0.0758543902984436,0,0,45.25396825396825,168.9069250201691,DUSP6
methyl-CpG binding (GO:0008327),GO_Molecular_Function_2021,1/24,0.0260833561592032,0.0758543902984436,0,0,41.31469979296066,150.65231192236567,ZBTB33
ADP binding (GO:0043531),GO_Molecular_Function_2021,1/27,0.0292977495261991,0.0758543902984436,0,0,36.54212454212454,129.00263688319484,MYO18A
mitogen-activated protein kinase binding (GO:0051019),GO_Molecular_Function_2021,1/29,0.031435050111481,0.0758543902984436,0,0,33.92857142857143,117.38714910240454,DUSP6
protein homodimerization activity (GO:0042803),GO_Molecular_Function_2021,3/636,0.0314409291323148,0.0758543902984436,0,0,4.825392866051384,16.69414514061399,RABEP1;NAGA;ADA2
transition metal ion transmembrane transporter activity (GO:0046915),GO_Molecular_Function_2021,1/30,0.0325020152689227,0.0758543902984436,0,0,32.756978653530375,112.24025378249362,SLC39A6
RNA polymerase II complex binding (GO:0000993),GO_Molecular_Function_2021,1/32,0.0346325809282469,0.0758543902984436,0,0,30.640552995391705,103.04296619408238,CTR9
RNA polymerase core enzyme binding (GO:0043175),GO_Molecular_Function_2021,1/33,0.0356961836698558,0.0758543902984436,0,0,29.68154761904762,98.92003496654242,CTR9
basal RNA polymerase II transcription machinery binding (GO:0001099),GO_Molecular_Function_2021,1/33,0.0356961836698558,0.0758543902984436,0,0,29.68154761904762,98.92003496654242,CTR9
carboxypeptidase activity (GO:0004180),GO_Molecular_Function_2021,1/38,0.0409974411975465,0.0824912235778937,0,0,25.664092664092664,81.97741568726948,CPVL
phosphatidylinositol-3-phosphate binding (GO:0032266),GO_Molecular_Function_2021,1/39,0.0420543492750046,0.0824912235778937,0,0,24.9874686716792,79.18010249314726,ZFYVE26
ATP hydrolysis activity (GO:0140603),GO_Molecular_Function_2021,1/45,0.0483724872635307,0.0913702537200025,0,0,21.573593073593077,65.34261801768183,MYO18A
lipase activity (GO:0016298),GO_Molecular_Function_2021,1/49,0.0525624601312181,0.0957387666675759,0,0,19.771825396825395,58.24291595044674,LIPA
growth factor activity (GO:0008083),GO_Molecular_Function_2021,1/87,0.0914986544722913,0.1609114268305813,0,0,11.014396456256922,26.340169264282206,ADA2
carboxylic ester hydrolase activity (GO:0052689),GO_Molecular_Function_2021,1/96,0.1004940790729363,0.1708399344239917,0,0,9.96641604010025,22.899400276475088,LIPA
phosphatidylinositol phosphate binding (GO:1901981),GO_Molecular_Function_2021,1/102,0.1064437278194509,0.1751171006061934,0,0,9.371522866572372,20.9935120892893,ZFYVE26
G protein-coupled receptor binding (GO:0001664),GO_Molecular_Function_2021,1/143,0.1461056807448291,0.2328559286870714,0,0,6.6519114688128775,12.794453338425477,ADA2
small GTPase binding (GO:0031267),GO_Molecular_Function_2021,1/175,0.1758878639878741,0.271826698890351,0,0,5.419813902572523,9.4191413186893,CYFIP1
GTPase binding (GO:0051020),GO_Molecular_Function_2021,1/201,0.1993531678153524,0.2990297517230286,0,0,4.709047619047619,7.594174268418155,CYFIP1
"DNA-binding transcription repressor activity, RNA polymerase II-specific (GO:0001227)",GO_Molecular_Function_2021,1/256,0.2469073486582814,0.3597792794734957,0,0,3.683099906629318,5.1517069692534205,ZBTB33
nucleoside-triphosphatase activity (GO:0017111),GO_Molecular_Function_2021,1/278,0.2651636699602557,0.3654958694046768,0,0,3.3867973182052604,4.49566192621075,MYO18A
ATP binding (GO:0005524),GO_Molecular_Function_2021,1/278,0.2651636699602557,0.3654958694046768,0,0,3.3867973182052604,4.49566192621075,MYO18A
adenyl ribonucleotide binding (GO:0032559),GO_Molecular_Function_2021,1/306,0.2877885641907195,0.3773792970674474,0,0,3.071506635441062,3.8256512656575943,MYO18A
receptor ligand activity (GO:0048018),GO_Molecular_Function_2021,1/307,0.2885841683456951,0.3773792970674474,0,0,3.061313414254591,3.8045038519563534,ADA2
zinc ion binding (GO:0008270),GO_Molecular_Function_2021,1/336,0.3112911072924465,0.3968961617978693,0,0,2.792181947405828,3.2585510745910646,ADA2
transition metal ion binding (GO:0046914),GO_Molecular_Function_2021,1/445,0.390605789069156,0.4858754937201697,0,0,2.095023595023595,1.9694404217914496,ADA2
purine ribonucleoside triphosphate binding (GO:0035639),GO_Molecular_Function_2021,1/460,0.4008126220589368,0.4867010410715661,0,0,2.0250025936300444,1.8513813772826897,MYO18A
protein kinase binding (GO:0019901),GO_Molecular_Function_2021,1/506,0.4311059052327047,0.5113116550434406,0,0,1.836209335219236,1.5449892876180298,DUSP6
RNA binding (GO:0003723),GO_Molecular_Function_2021,2/1406,0.4642891834554344,0.5381533717324354,0,0,1.322934472934473,1.0150184060555194,DDX46;MYO18A
double-stranded DNA binding (GO:0003690),GO_Molecular_Function_2021,1/651,0.517319930295111,0.5862959210011258,0,0,1.415970695970696,0.9332574715479064,ZBTB33
sequence-specific DNA binding (GO:0043565),GO_Molecular_Function_2021,1/707,0.547152841135908,0.5965146095339288,0,0,1.2998785916632942,0.783862015562049,ZBTB33
sequence-specific double-stranded DNA binding (GO:1990837),GO_Molecular_Function_2021,1/712,0.5497291499626403,0.5965146095339288,0,0,1.2904025182506196,0.7720859924718246,ZBTB33
DNA binding (GO:0003677),GO_Molecular_Function_2021,1/811,0.597949769458138,0.6353216300492717,0,0,1.1268665490887713,0.579489462004116,ZBTB33
RNA polymerase II cis-regulatory region sequence-specific DNA binding (GO:0000978),GO_Molecular_Function_2021,1/1149,0.7281105966112255,0.74267280854345,0,0,0.781068524970964,0.2478348580998949,ZBTB33
cis-regulatory region sequence-specific DNA binding (GO:0000987),GO_Molecular_Function_2021,1/1149,0.7281105966112255,0.74267280854345,0,0,0.781068524970964,0.2478348580998949,ZBTB33
RNA polymerase II transcription regulatory region sequence-specific DNA binding (GO:0000977),GO_Molecular_Function_2021,1/1359,0.7875294223847523,0.7875294223847523,0,0,0.6529209621993127,0.1559531407977822,ZBTB33
