Term,Gene_set,Overlap,P-value,Adjusted P-value,Old P-value,Old Adjusted P-value,Odds Ratio,Combined Score,Genes
"protein alpha-1,2-demannosylation (GO:0036508)",GO_Biological_Process_2021,2/24,0.00025876610708752327,0.0468394565036708,0,0,100.7979797979798,832.5495793111635,EDEM3;SEL1L
regulation of gene expression (GO:0010468),GO_Biological_Process_2021,6/1079,0.000489981382815528,0.0468394565036708,0,0,7.551724137931035,57.55277077386063,NCOA2;MBNL1;GON4L;ROCK1;SMCR8;CD46
regulation of microtubule-based process (GO:0032886),GO_Biological_Process_2021,2/36,0.000586430503116779,0.0468394565036708,0,0,65.18300653594771,485.05650058138406,ROCK1;TAOK1
phosphorylation (GO:0016310),GO_Biological_Process_2021,4/400,0.0005923313635288236,0.0468394565036708,0,0,12.363636363636363,91.87967552561145,ROCK1;STK17B;TAOK1;TGFBR2
regulation of microtubule cytoskeleton organization (GO:0070507),GO_Biological_Process_2021,2/37,0.0006195695304718364,0.0468394565036708,0,0,63.31746031746032,467.69351055771176,ROCK1;TAOK1
"regulation of alternative mRNA splicing, via spliceosome (GO:0000381)",GO_Biological_Process_2021,2/54,0.0013177506939226,0.0571672891911953,0,0,42.58119658119658,282.3912150075315,MBNL1;RBM5
protein phosphorylation (GO:0006468),GO_Biological_Process_2021,4/496,0.0013202712735567,0.0571672891911953,0,0,9.902439024390244,65.65235925879348,ROCK1;STK17B;TAOK1;TGFBR2
regulation of autophagy (GO:0010506),GO_Biological_Process_2021,3/231,0.001499394517495,0.0571672891911953,0,0,15.287925696594428,99.41270128353712,ATP6V1A;ROCK1;SMCR8
peptidyl-threonine phosphorylation (GO:0018107),GO_Biological_Process_2021,2/60,0.0016240769248208,0.0571672891911953,0,0,38.16475095785441,245.1251605267273,ROCK1;TGFBR2
regulation of cellular catabolic process (GO:0031329),GO_Biological_Process_2021,2/65,0.0019028153491433,0.0571672891911953,0,0,35.12698412698413,220.05020743610217,ROCK1;SMCR8
peptidyl-threonine modification (GO:0018210),GO_Biological_Process_2021,2/67,0.0020202359976765,0.0571672891911953,0,0,34.042735042735046,211.21954341363585,ROCK1;TGFBR2
regulation of actin filament-based process (GO:0032970),GO_Biological_Process_2021,2/73,0.0023926495225994,0.0571672891911953,0,0,31.156494522691705,188.04047198052453,ROCK1;TAOK1
"regulation of mRNA splicing, via spliceosome (GO:0048024)",GO_Biological_Process_2021,2/90,0.0036094335277519,0.0571672891911953,0,0,25.116161616161616,141.25842758872437,MBNL1;RBM5
regulation of actin cytoskeleton organization (GO:0032956),GO_Biological_Process_2021,2/91,0.003688337741346,0.0571672891911953,0,0,24.83270911360799,139.12722450187454,ROCK1;TAOK1
"positive regulation of CD4-positive, alpha-beta T cell proliferation (GO:2000563)",GO_Biological_Process_2021,1/5,0.0049904406959516,0.0571672891911953,0,0,262.8421052631579,1393.123889480945,TGFBR2
regulation of synaptic vesicle recycling (GO:1903421),GO_Biological_Process_2021,1/5,0.0049904406959516,0.0571672891911953,0,0,262.8421052631579,1393.123889480945,ROCK1
mannose trimming involved in glycoprotein ERAD pathway (GO:1904382),GO_Biological_Process_2021,1/5,0.0049904406959516,0.0571672891911953,0,0,262.8421052631579,1393.123889480945,EDEM3
glomerular visceral epithelial cell migration (GO:0090521),GO_Biological_Process_2021,1/5,0.0049904406959516,0.0571672891911953,0,0,262.8421052631579,1393.123889480945,ROCK1
positive regulation of epithelial to mesenchymal transition involved in endocardial cushion formation (GO:1905007),GO_Biological_Process_2021,1/5,0.0049904406959516,0.0571672891911953,0,0,262.8421052631579,1393.123889480945,TGFBR2
tricuspid valve development (GO:0003175),GO_Biological_Process_2021,1/5,0.0049904406959516,0.0571672891911953,0,0,262.8421052631579,1393.123889480945,TGFBR2
tricuspid valve morphogenesis (GO:0003186),GO_Biological_Process_2021,1/5,0.0049904406959516,0.0571672891911953,0,0,262.8421052631579,1393.123889480945,TGFBR2
ubiquitin-dependent glycoprotein ERAD pathway (GO:0097466),GO_Biological_Process_2021,1/5,0.0049904406959516,0.0571672891911953,0,0,262.8421052631579,1393.123889480945,EDEM3
negative regulation of myosin-light-chain-phosphatase activity (GO:0035509),GO_Biological_Process_2021,1/5,0.0049904406959516,0.0571672891911953,0,0,262.8421052631579,1393.123889480945,ROCK1
protein deglycosylation involved in glycoprotein catabolic process (GO:0035977),GO_Biological_Process_2021,1/5,0.0049904406959516,0.0571672891911953,0,0,262.8421052631579,1393.123889480945,EDEM3
regulation of macroautophagy (GO:0016241),GO_Biological_Process_2021,2/112,0.0055288554181012,0.0571672891911953,0,0,20.07070707070707,104.3230086404988,ATP6V1A;SMCR8
regulation of cytoskeleton organization (GO:0051493),GO_Biological_Process_2021,2/112,0.0055288554181012,0.0571672891911953,0,0,20.07070707070707,104.3230086404988,ROCK1;TAOK1
activation of protein kinase activity (GO:0032147),GO_Biological_Process_2021,2/114,0.0057221397634708,0.0571672891911953,0,0,19.71031746031746,101.77249874583728,TAOK1;TGFBR2
positive regulation of autophagosome maturation (GO:1901098),GO_Biological_Process_2021,1/6,0.0059856908667451,0.0571672891911953,0,0,210.26315789473685,1076.2074808846232,SMCR8
response to angiotensin (GO:1990776),GO_Biological_Process_2021,1/6,0.0059856908667451,0.0571672891911953,0,0,210.26315789473685,1076.2074808846232,ROCK1
cellular response to organic substance (GO:0071310),GO_Biological_Process_2021,2/123,0.0066298668707233,0.0571672891911953,0,0,18.23599632690542,91.47486781276542,NCOA2;TGFBR2
positive regulation of amyloid-beta clearance (GO:1900223),GO_Biological_Process_2021,1/7,0.0069799958941807,0.0571672891911953,0,0,175.21052631578948,869.8689177892479,ROCK1
positive regulation of cardiac epithelial to mesenchymal transition (GO:0062043),GO_Biological_Process_2021,1/7,0.0069799958941807,0.0571672891911953,0,0,175.21052631578948,869.8689177892479,TGFBR2
regulation of T cell tolerance induction (GO:0002664),GO_Biological_Process_2021,1/7,0.0069799958941807,0.0571672891911953,0,0,175.21052631578948,869.8689177892479,TGFBR2
neuron projection arborization (GO:0140058),GO_Biological_Process_2021,1/7,0.0069799958941807,0.0571672891911953,0,0,175.21052631578948,869.8689177892479,ROCK1
positive regulation of fibroblast apoptotic process (GO:2000271),GO_Biological_Process_2021,1/7,0.0069799958941807,0.0571672891911953,0,0,175.21052631578948,869.8689177892479,STK17B
regulation of myosin-light-chain-phosphatase activity (GO:0035507),GO_Biological_Process_2021,1/7,0.0069799958941807,0.0571672891911953,0,0,175.21052631578948,869.8689177892479,ROCK1
response to increased oxygen levels (GO:0036296),GO_Biological_Process_2021,1/7,0.0069799958941807,0.0571672891911953,0,0,175.21052631578948,869.8689177892479,ATP6V1A
negative regulation of membrane protein ectodomain proteolysis (GO:0051045),GO_Biological_Process_2021,1/7,0.0069799958941807,0.0571672891911953,0,0,175.21052631578948,869.8689177892479,ROCK1
"negative regulation of complement activation, classical pathway (GO:0045959)",GO_Biological_Process_2021,1/8,0.0079733565142536,0.0571672891911953,0,0,150.17293233082708,725.5830081396662,CD46
myoblast migration (GO:0051451),GO_Biological_Process_2021,1/8,0.0079733565142536,0.0571672891911953,0,0,150.17293233082708,725.5830081396662,ROCK1
regulation of epithelial to mesenchymal transition involved in endocardial cushion formation (GO:1905005),GO_Biological_Process_2021,1/8,0.0079733565142536,0.0571672891911953,0,0,150.17293233082708,725.5830081396662,TGFBR2
neuron projection morphogenesis (GO:0048812),GO_Biological_Process_2021,2/140,0.0085108669895334,0.0571672891911953,0,0,15.97584541062802,76.1474526911422,ROCK1;TAOK1
regulation of fibroblast apoptotic process (GO:2000269),GO_Biological_Process_2021,1/9,0.0089657734963174,0.0571672891911953,0,0,131.39473684210526,619.439581424405,STK17B
negative regulation of biomineralization (GO:0110150),GO_Biological_Process_2021,1/9,0.0089657734963174,0.0571672891911953,0,0,131.39473684210526,619.439581424405,ROCK1
"regulation of complement activation, classical pathway (GO:0030450)",GO_Biological_Process_2021,1/9,0.0089657734963174,0.0571672891911953,0,0,131.39473684210526,619.439581424405,CD46
positive regulation of memory T cell differentiation (GO:0043382),GO_Biological_Process_2021,1/9,0.0089657734963174,0.0571672891911953,0,0,131.39473684210526,619.439581424405,CD46
regulation of endothelial cell development (GO:1901550),GO_Biological_Process_2021,1/9,0.0089657734963174,0.0571672891911953,0,0,131.39473684210526,619.439581424405,ROCK1
cellular response to oxygen levels (GO:0071453),GO_Biological_Process_2021,1/10,0.0099572476243861,0.0571672891911953,0,0,116.78947368421052,538.3357753631753,ATP6V1A
regulation of memory T cell differentiation (GO:0043380),GO_Biological_Process_2021,1/10,0.0099572476243861,0.0571672891911953,0,0,116.78947368421052,538.3357753631753,CD46
negative regulation of humoral immune response mediated by circulating immunoglobulin (GO:0002924),GO_Biological_Process_2021,1/10,0.0099572476243861,0.0571672891911953,0,0,116.78947368421052,538.3357753631753,CD46
positive regulation of tissue remodeling (GO:0034105),GO_Biological_Process_2021,1/10,0.0099572476243861,0.0571672891911953,0,0,116.78947368421052,538.3357753631753,ROCK1
muscle cell migration (GO:0014812),GO_Biological_Process_2021,1/10,0.0099572476243861,0.0571672891911953,0,0,116.78947368421052,538.3357753631753,ROCK1
myeloid dendritic cell differentiation (GO:0043011),GO_Biological_Process_2021,1/10,0.0099572476243861,0.0571672891911953,0,0,116.78947368421052,538.3357753631753,TGFBR2
positive regulation of mesenchymal cell proliferation (GO:0002053),GO_Biological_Process_2021,1/10,0.0099572476243861,0.0571672891911953,0,0,116.78947368421052,538.3357753631753,TGFBR2
positive regulation of protein kinase activity (GO:0045860),GO_Biological_Process_2021,2/154,0.0102191430296553,0.0571672891911953,0,0,14.494152046783626,66.43383792509559,TAOK1;TGFBR2
peptidyl-serine phosphorylation (GO:0018105),GO_Biological_Process_2021,2/156,0.0104746714639064,0.0571672891911953,0,0,14.304473304473303,65.21116391701504,ROCK1;TGFBR2
cellular response to growth factor stimulus (GO:0071363),GO_Biological_Process_2021,2/158,0.0107330383795101,0.0571672891911953,0,0,14.11965811965812,64.02458153854182,ACAP2;TGFBR2
protein autophosphorylation (GO:0046777),GO_Biological_Process_2021,2/159,0.0108632827727134,0.0571672891911953,0,0,14.02901627742392,63.44435645442206,STK17B;TAOK1
cellular response to increased oxygen levels (GO:0036295),GO_Biological_Process_2021,1/11,0.0109477797028559,0.0571672891911953,0,0,105.10526315789474,474.5101770765117,ATP6V1A
regulation of mesenchymal cell proliferation (GO:0010464),GO_Biological_Process_2021,1/11,0.0109477797028559,0.0571672891911953,0,0,105.10526315789474,474.5101770765117,TGFBR2
"regulation of CD4-positive, alpha-beta T cell proliferation (GO:2000561)",GO_Biological_Process_2021,1/11,0.0109477797028559,0.0571672891911953,0,0,105.10526315789474,474.5101770765117,TGFBR2
positive regulation of transforming growth factor beta production (GO:0071636),GO_Biological_Process_2021,1/11,0.0109477797028559,0.0571672891911953,0,0,105.10526315789474,474.5101770765117,CD46
response to sterol (GO:0036314),GO_Biological_Process_2021,1/11,0.0109477797028559,0.0571672891911953,0,0,105.10526315789474,474.5101770765117,TGFBR2
regulation of MAPK cascade (GO:0043408),GO_Biological_Process_2021,2/166,0.0117946676558054,0.0571672891911953,0,0,13.425474254742548,59.61055219489654,ROCK1;TAOK1
negative regulation of complement activation (GO:0045916),GO_Biological_Process_2021,1/12,0.0119373705403343,0.0571672891911953,0,0,95.54545454545456,423.0830518492731,CD46
regulation of amyloid precursor protein catabolic process (GO:1902991),GO_Biological_Process_2021,1/12,0.0119373705403343,0.0571672891911953,0,0,95.54545454545456,423.0830518492731,ROCK1
peptidyl-serine modification (GO:0018209),GO_Biological_Process_2021,2/169,0.0122042960495314,0.0571672891911953,0,0,13.182302062541584,58.080791220164826,ROCK1;TGFBR2
neuron projection development (GO:0031175),GO_Biological_Process_2021,2/171,0.0124808418461157,0.0571672891911953,0,0,13.024983563445105,57.09580297600449,ROCK1;TAOK1
negative regulation of autophagosome assembly (GO:1902902),GO_Biological_Process_2021,1/13,0.0129260209528938,0.0571672891911953,0,0,87.57894736842105,380.8381798737429,SMCR8
"positive regulation of CD4-positive, alpha-beta T cell activation (GO:2000516)",GO_Biological_Process_2021,1/13,0.0129260209528938,0.0571672891911953,0,0,87.57894736842105,380.8381798737429,TGFBR2
positive regulation of protein acetylation (GO:1901985),GO_Biological_Process_2021,1/13,0.0129260209528938,0.0571672891911953,0,0,87.57894736842105,380.8381798737429,TAOK1
lymphocyte mediated immunity (GO:0002449),GO_Biological_Process_2021,1/13,0.0129260209528938,0.0571672891911953,0,0,87.57894736842105,380.8381798737429,CD46
regulation of actomyosin structure organization (GO:0110020),GO_Biological_Process_2021,1/13,0.0129260209528938,0.0571672891911953,0,0,87.57894736842105,380.8381798737429,ROCK1
regulation of antigen receptor-mediated signaling pathway (GO:0050854),GO_Biological_Process_2021,1/13,0.0129260209528938,0.0571672891911953,0,0,87.57894736842105,380.8381798737429,ELF1
regulation of tube diameter (GO:0035296),GO_Biological_Process_2021,1/13,0.0129260209528938,0.0571672891911953,0,0,87.57894736842105,380.8381798737429,ROCK1
regulation of autophagosome maturation (GO:1901096),GO_Biological_Process_2021,1/13,0.0129260209528938,0.0571672891911953,0,0,87.57894736842105,380.8381798737429,SMCR8
vascular process in circulatory system (GO:0003018),GO_Biological_Process_2021,1/13,0.0129260209528938,0.0571672891911953,0,0,87.57894736842105,380.8381798737429,ROCK1
pathway-restricted SMAD protein phosphorylation (GO:0060389),GO_Biological_Process_2021,1/13,0.0129260209528938,0.0571672891911953,0,0,87.57894736842105,380.8381798737429,TGFBR2
embryonic appendage morphogenesis (GO:0035113),GO_Biological_Process_2021,1/13,0.0129260209528938,0.0571672891911953,0,0,87.57894736842105,380.8381798737429,MBNL1
embryonic hemopoiesis (GO:0035162),GO_Biological_Process_2021,1/13,0.0129260209528938,0.0571672891911953,0,0,87.57894736842105,380.8381798737429,TGFBR2
regulation of protein acetylation (GO:1901983),GO_Biological_Process_2021,1/13,0.0129260209528938,0.0571672891911953,0,0,87.57894736842105,380.8381798737429,TAOK1
RNA processing (GO:0006396),GO_Biological_Process_2021,2/179,0.0136144688605291,0.0571672891911953,0,0,12.431261770244822,53.41243486049122,MBNL1;RBM5
sequestering of extracellular ligand from receptor (GO:0035581),GO_Biological_Process_2021,1/14,0.01391373176082,0.0571672891911953,0,0,80.83805668016194,345.57291333057793,CD46
positive regulation of alpha-beta T cell differentiation (GO:0046638),GO_Biological_Process_2021,1/14,0.01391373176082,0.0571672891911953,0,0,80.83805668016194,345.57291333057793,TGFBR2
smooth muscle contraction (GO:0006939),GO_Biological_Process_2021,1/14,0.01391373176082,0.0571672891911953,0,0,80.83805668016194,345.57291333057793,ROCK1
positive regulation of protein-containing complex disassembly (GO:0043243),GO_Biological_Process_2021,1/14,0.01391373176082,0.0571672891911953,0,0,80.83805668016194,345.57291333057793,SMCR8
positive regulation of regulatory T cell differentiation (GO:0045591),GO_Biological_Process_2021,1/14,0.01391373176082,0.0571672891911953,0,0,80.83805668016194,345.57291333057793,CD46
atrioventricular valve development (GO:0003171),GO_Biological_Process_2021,1/14,0.01391373176082,0.0571672891911953,0,0,80.83805668016194,345.57291333057793,TGFBR2
branching involved in blood vessel morphogenesis (GO:0001569),GO_Biological_Process_2021,1/14,0.01391373176082,0.0571672891911953,0,0,80.83805668016194,345.57291333057793,TGFBR2
cardiac left ventricle morphogenesis (GO:0003214),GO_Biological_Process_2021,1/14,0.01391373176082,0.0571672891911953,0,0,80.83805668016194,345.57291333057793,TGFBR2
myeloid dendritic cell activation (GO:0001773),GO_Biological_Process_2021,1/14,0.01391373176082,0.0571672891911953,0,0,80.83805668016194,345.57291333057793,TGFBR2
secondary palate development (GO:0062009),GO_Biological_Process_2021,1/14,0.01391373176082,0.0571672891911953,0,0,80.83805668016194,345.57291333057793,TGFBR2
embryonic cranial skeleton morphogenesis (GO:0048701),GO_Biological_Process_2021,1/15,0.0149005037888985,0.0588499786282759,0,0,75.06015037593986,315.7300332957057,TGFBR2
myoblast differentiation (GO:0045445),GO_Biological_Process_2021,1/15,0.0149005037888985,0.0588499786282759,0,0,75.06015037593986,315.7300332957057,MBNL1
endoplasmic reticulum to cytosol transport (GO:1903513),GO_Biological_Process_2021,1/15,0.0149005037888985,0.0588499786282759,0,0,75.06015037593986,315.7300332957057,SEL1L
negative regulation of macromolecule metabolic process (GO:0010605),GO_Biological_Process_2021,2/194,0.0158564174498586,0.0588499786282759,0,0,11.45138888888889,47.45662796123322,SMCR8;CD46
positive regulation of alpha-beta T cell proliferation (GO:0046641),GO_Biological_Process_2021,1/16,0.0158863378646896,0.0588499786282759,0,0,70.05263157894737,290.1787210723924,TGFBR2
T cell mediated immunity (GO:0002456),GO_Biological_Process_2021,1/16,0.0158863378646896,0.0588499786282759,0,0,70.05263157894737,290.1787210723924,CD46
regulation of amyloid-beta clearance (GO:1900221),GO_Biological_Process_2021,1/16,0.0158863378646896,0.0588499786282759,0,0,70.05263157894737,290.1787210723924,ROCK1
mitotic sister chromatid cohesion (GO:0007064),GO_Biological_Process_2021,1/16,0.0158863378646896,0.0588499786282759,0,0,70.05263157894737,290.1787210723924,PDS5B
regulation of establishment of cell polarity (GO:2000114),GO_Biological_Process_2021,1/16,0.0158863378646896,0.0588499786282759,0,0,70.05263157894737,290.1787210723924,ROCK1
regulation of signal transduction (GO:0009966),GO_Biological_Process_2021,2/198,0.0164794513521832,0.0588499786282759,0,0,11.215419501133788,46.04648666084015,ELF1;CD46
"retrograde protein transport, ER to cytosol (GO:0030970)",GO_Biological_Process_2021,1/17,0.0168712348172723,0.0588499786282759,0,0,65.67105263157895,268.0787715603985,SEL1L
regulation of establishment of endothelial barrier (GO:1903140),GO_Biological_Process_2021,1/17,0.0168712348172723,0.0588499786282759,0,0,65.67105263157895,268.0787715603985,ROCK1
positive regulation of muscle hypertrophy (GO:0014742),GO_Biological_Process_2021,1/17,0.0168712348172723,0.0588499786282759,0,0,65.67105263157895,268.0787715603985,ROCK1
negative regulation of amyloid-beta formation (GO:1902430),GO_Biological_Process_2021,1/17,0.0168712348172723,0.0588499786282759,0,0,65.67105263157895,268.0787715603985,ROCK1
cellular protein modification process (GO:0006464),GO_Biological_Process_2021,4/1025,0.0172133235393947,0.0588499786282759,0,0,4.642262487757101,18.8572024749942,ROCK1;STK17B;TAOK1;TGFBR2
leukocyte tethering or rolling (GO:0050901),GO_Biological_Process_2021,1/18,0.0178551954764704,0.0588499786282759,0,0,61.80495356037152,248.79341471282052,ROCK1
positive regulation of cardiac muscle hypertrophy (GO:0010613),GO_Biological_Process_2021,1/18,0.0178551954764704,0.0588499786282759,0,0,61.80495356037152,248.79341471282052,ROCK1
regulation of transforming growth factor beta production (GO:0071634),GO_Biological_Process_2021,1/18,0.0178551954764704,0.0588499786282759,0,0,61.80495356037152,248.79341471282052,CD46
positive regulation of stress-activated protein kinase signaling cascade (GO:0070304),GO_Biological_Process_2021,1/18,0.0178551954764704,0.0588499786282759,0,0,61.80495356037152,248.79341471282052,TAOK1
RNA destabilization (GO:0050779),GO_Biological_Process_2021,1/18,0.0178551954764704,0.0588499786282759,0,0,61.80495356037152,248.79341471282052,ROCK1
regulation of establishment or maintenance of cell polarity (GO:0032878),GO_Biological_Process_2021,1/18,0.0178551954764704,0.0588499786282759,0,0,61.80495356037152,248.79341471282052,ROCK1
leukocyte adhesion to vascular endothelial cell (GO:0061756),GO_Biological_Process_2021,1/19,0.0188382206720142,0.0588499786282759,0,0,58.36842105263158,231.8316321803268,ROCK1
atrioventricular valve morphogenesis (GO:0003181),GO_Biological_Process_2021,1/19,0.0188382206720142,0.0588499786282759,0,0,58.36842105263158,231.8316321803268,TGFBR2
regulation of bicellular tight junction assembly (GO:2000810),GO_Biological_Process_2021,1/19,0.0188382206720142,0.0588499786282759,0,0,58.36842105263158,231.8316321803268,ROCK1
positive regulation of focal adhesion assembly (GO:0051894),GO_Biological_Process_2021,1/19,0.0188382206720142,0.0588499786282759,0,0,58.36842105263158,231.8316321803268,ROCK1
response to cholesterol (GO:0070723),GO_Biological_Process_2021,1/19,0.0188382206720142,0.0588499786282759,0,0,58.36842105263158,231.8316321803268,TGFBR2
endocardial cushion morphogenesis (GO:0003203),GO_Biological_Process_2021,1/19,0.0188382206720142,0.0588499786282759,0,0,58.36842105263158,231.8316321803268,TGFBR2
endoplasmic reticulum mannose trimming (GO:1904380),GO_Biological_Process_2021,1/19,0.0188382206720142,0.0588499786282759,0,0,58.36842105263158,231.8316321803268,SEL1L
negative regulation of amyloid precursor protein catabolic process (GO:1902992),GO_Biological_Process_2021,1/19,0.0188382206720142,0.0588499786282759,0,0,58.36842105263158,231.8316321803268,ROCK1
adaptive immune response based on somatic recombination of immune receptors built from immunoglobulin superfamily domains (GO:0002460),GO_Biological_Process_2021,1/20,0.019820311238232,0.0609112003906644,0,0,55.29362880886426,216.80897525048425,CD46
cortical actin cytoskeleton organization (GO:0030866),GO_Biological_Process_2021,1/20,0.019820311238232,0.0609112003906644,0,0,55.29362880886426,216.80897525048425,ROCK1
regulation of cell-substrate junction assembly (GO:0090109),GO_Biological_Process_2021,1/21,0.0208014680109953,0.0623748447427372,0,0,52.526315789473685,203.4203291515269,ROCK1
negative regulation of microtubule depolymerization (GO:0007026),GO_Biological_Process_2021,1/21,0.0208014680109953,0.0623748447427372,0,0,52.526315789473685,203.4203291515269,TAOK1
cellular response to estradiol stimulus (GO:0071392),GO_Biological_Process_2021,1/21,0.0208014680109953,0.0623748447427372,0,0,52.526315789473685,203.4203291515269,LCOR
negative regulation of biomineral tissue development (GO:0070168),GO_Biological_Process_2021,1/22,0.0217816918149241,0.0623748447427372,0,0,50.02255639097744,191.42059056605152,ROCK1
regulation of response to cytokine stimulus (GO:0060759),GO_Biological_Process_2021,1/22,0.0217816918149241,0.0623748447427372,0,0,50.02255639097744,191.42059056605152,ELF1
cellular response to nerve growth factor stimulus (GO:1990090),GO_Biological_Process_2021,1/22,0.0217816918149241,0.0623748447427372,0,0,50.02255639097744,191.42059056605152,ACAP2
limb morphogenesis (GO:0035108),GO_Biological_Process_2021,1/22,0.0217816918149241,0.0623748447427372,0,0,50.02255639097744,191.42059056605152,MBNL1
regulation of membrane protein ectodomain proteolysis (GO:0051043),GO_Biological_Process_2021,1/22,0.0217816918149241,0.0623748447427372,0,0,50.02255639097744,191.42059056605152,ROCK1
negative regulation of phosphate metabolic process (GO:0045936),GO_Biological_Process_2021,1/22,0.0217816918149241,0.0623748447427372,0,0,50.02255639097744,191.42059056605152,ROCK1
regulation of B cell receptor signaling pathway (GO:0050855),GO_Biological_Process_2021,1/23,0.0227609834903901,0.06420635641319,0,0,47.74641148325359,180.6107068727385,ELF1
negative regulation of phosphoprotein phosphatase activity (GO:0032515),GO_Biological_Process_2021,1/23,0.0227609834903901,0.06420635641319,0,0,47.74641148325359,180.6107068727385,ROCK1
positive regulation of cell-substrate junction organization (GO:0150117),GO_Biological_Process_2021,1/24,0.0237393438664972,0.0645573523851507,0,0,45.66819221967963,170.827422984315,ROCK1
regulation of cardiac muscle hypertrophy (GO:0010611),GO_Biological_Process_2021,1/24,0.0237393438664972,0.0645573523851507,0,0,45.66819221967963,170.827422984315,ROCK1
dendritic cell differentiation (GO:0097028),GO_Biological_Process_2021,1/24,0.0237393438664972,0.0645573523851507,0,0,45.66819221967963,170.827422984315,TGFBR2
protein exit from endoplasmic reticulum (GO:0032527),GO_Biological_Process_2021,1/24,0.0237393438664972,0.0645573523851507,0,0,45.66819221967963,170.827422984315,SEL1L
negative regulation of protein depolymerization (GO:1901880),GO_Biological_Process_2021,1/24,0.0237393438664972,0.0645573523851507,0,0,45.66819221967963,170.827422984315,TAOK1
negative regulation of cell junction assembly (GO:1901889),GO_Biological_Process_2021,1/25,0.0247167737784927,0.0648815311685434,0,0,43.76315789473684,161.93563879493826,ROCK1
regulation of microtubule depolymerization (GO:0031114),GO_Biological_Process_2021,1/25,0.0247167737784927,0.0648815311685434,0,0,43.76315789473684,161.93563879493826,TAOK1
outflow tract septum morphogenesis (GO:0003148),GO_Biological_Process_2021,1/25,0.0247167737784927,0.0648815311685434,0,0,43.76315789473684,161.93563879493826,TGFBR2
in utero embryonic development (GO:0001701),GO_Biological_Process_2021,1/25,0.0247167737784927,0.0648815311685434,0,0,43.76315789473684,161.93563879493826,MBNL1
regulation of epidermal cell differentiation (GO:0045604),GO_Biological_Process_2021,1/25,0.0247167737784927,0.0648815311685434,0,0,43.76315789473684,161.93563879493826,ROCK1
regulation of regulatory T cell differentiation (GO:0045589),GO_Biological_Process_2021,1/26,0.0256932740553108,0.0656220107628884,0,0,42.01052631578948,153.82263569148483,CD46
regulation of actin filament bundle assembly (GO:0032231),GO_Biological_Process_2021,1/26,0.0256932740553108,0.0656220107628884,0,0,42.01052631578948,153.82263569148483,ROCK1
regulation of biomineral tissue development (GO:0070167),GO_Biological_Process_2021,1/26,0.0256932740553108,0.0656220107628884,0,0,42.01052631578948,153.82263569148483,ROCK1
negative regulation of macroautophagy (GO:0016242),GO_Biological_Process_2021,1/26,0.0256932740553108,0.0656220107628884,0,0,42.01052631578948,153.82263569148483,SMCR8
regulation of cell junction assembly (GO:1901888),GO_Biological_Process_2021,1/27,0.0266688455361458,0.0676565343131753,0,0,40.392712550607285,146.39366123411943,ROCK1
leukocyte cell-cell adhesion (GO:0007159),GO_Biological_Process_2021,1/28,0.0276434890482457,0.0682956788250777,0,0,38.89473684210526,139.56851455439977,ROCK1
bile acid and bile salt transport (GO:0015721),GO_Biological_Process_2021,1/28,0.0276434890482457,0.0682956788250777,0,0,38.89473684210526,139.56851455439977,NCOA2
ventricular septum morphogenesis (GO:0060412),GO_Biological_Process_2021,1/28,0.0276434890482457,0.0682956788250777,0,0,38.89473684210526,139.56851455439977,TGFBR2
phagosome acidification (GO:0090383),GO_Biological_Process_2021,1/28,0.0276434890482457,0.0682956788250777,0,0,38.89473684210526,139.56851455439977,ATP6V1A
response to alcohol (GO:0097305),GO_Biological_Process_2021,1/30,0.0295899955032417,0.0726299889625024,0,0,36.2087114337568,127.46621354176987,TGFBR2
positive regulation of MAPK cascade (GO:0043410),GO_Biological_Process_2021,2/274,0.0302063442087938,0.0736645039414456,0,0,8.050653594771243,28.17489898115405,ROCK1;TAOK1
embryonic skeletal system morphogenesis (GO:0048704),GO_Biological_Process_2021,1/31,0.0305618601074184,0.0740335306128392,0,0,35.0,122.08008572013848,TGFBR2
aortic valve morphogenesis (GO:0003180),GO_Biological_Process_2021,1/32,0.0315328000758389,0.0740335306128392,0,0,33.869269949066215,117.07681999296598,ROCK1
regulation of cellular amide metabolic process (GO:0034248),GO_Biological_Process_2021,1/32,0.0315328000758389,0.0740335306128392,0,0,33.869269949066215,117.07681999296598,ROCK1
positive regulation of immune effector process (GO:0002699),GO_Biological_Process_2021,1/32,0.0315328000758389,0.0740335306128392,0,0,33.869269949066215,117.07681999296598,CD46
negative regulation of microtubule polymerization or depolymerization (GO:0031111),GO_Biological_Process_2021,1/32,0.0315328000758389,0.0740335306128392,0,0,33.869269949066215,117.07681999296598,TAOK1
positive regulation of interleukin-10 production (GO:0032733),GO_Biological_Process_2021,1/32,0.0315328000758389,0.0740335306128392,0,0,33.869269949066215,117.07681999296598,CD46
positive regulation of organelle organization (GO:0010638),GO_Biological_Process_2021,1/33,0.0325028162269628,0.0748704803533864,0,0,32.80921052631579,112.41841533087528,SMCR8
vasculogenesis (GO:0001570),GO_Biological_Process_2021,1/33,0.0325028162269628,0.0748704803533864,0,0,32.80921052631579,112.41841533087528,TGFBR2
mitotic G2 DNA damage checkpoint signaling (GO:0007095),GO_Biological_Process_2021,1/33,0.0325028162269628,0.0748704803533864,0,0,32.80921052631579,112.41841533087528,TAOK1
positive regulation of programmed cell death (GO:0043068),GO_Biological_Process_2021,2/286,0.0326815588844147,0.0748704803533864,0,0,7.705790297339593,26.361079461307583,STK17B;RBM5
regulation of keratinocyte differentiation (GO:0045616),GO_Biological_Process_2021,1/34,0.0334719094011011,0.0756880837191885,0,0,31.8133971291866,108.07165990908112,ROCK1
regulation of amyloid-beta formation (GO:1902003),GO_Biological_Process_2021,1/34,0.0334719094011011,0.0756880837191885,0,0,31.8133971291866,108.07165990908112,ROCK1
regulation of TORC1 signaling (GO:1903432),GO_Biological_Process_2021,1/35,0.0344400804224879,0.0756880837191885,0,0,30.876160990712076,104.00740624656504,SMCR8
regulation of autophagosome assembly (GO:2000785),GO_Biological_Process_2021,1/35,0.0344400804224879,0.0756880837191885,0,0,30.876160990712076,104.00740624656504,SMCR8
blood vessel diameter maintenance (GO:0097746),GO_Biological_Process_2021,1/35,0.0344400804224879,0.0756880837191885,0,0,30.876160990712076,104.00740624656504,ROCK1
negative regulation of organelle assembly (GO:1902116),GO_Biological_Process_2021,1/35,0.0344400804224879,0.0756880837191885,0,0,30.876160990712076,104.00740624656504,SMCR8
intracellular pH reduction (GO:0051452),GO_Biological_Process_2021,1/35,0.0344400804224879,0.0756880837191885,0,0,30.876160990712076,104.00740624656504,ATP6V1A
aortic valve development (GO:0003176),GO_Biological_Process_2021,1/36,0.0354073301248565,0.0760452885636122,0,0,29.99248120300752,100.19997336732251,ROCK1
regulation of androgen receptor signaling pathway (GO:0060765),GO_Biological_Process_2021,1/36,0.0354073301248565,0.0760452885636122,0,0,29.99248120300752,100.19997336732251,NCOA2
transferrin transport (GO:0033572),GO_Biological_Process_2021,1/36,0.0354073301248565,0.0760452885636122,0,0,29.99248120300752,100.19997336732251,ATP6V1A
embryonic limb morphogenesis (GO:0030326),GO_Biological_Process_2021,1/36,0.0354073301248565,0.0760452885636122,0,0,29.99248120300752,100.19997336732251,MBNL1
proton transmembrane transport (GO:1902600),GO_Biological_Process_2021,1/37,0.0363736593292806,0.076811414673006,0,0,29.157894736842103,96.62665093408292,ATP6V1A
regulation of intracellular steroid hormone receptor signaling pathway (GO:0033143),GO_Biological_Process_2021,1/37,0.0363736593292806,0.076811414673006,0,0,29.157894736842103,96.62665093408292,NCOA2
phagosome maturation (GO:0090382),GO_Biological_Process_2021,1/37,0.0363736593292806,0.076811414673006,0,0,29.157894736842103,96.62665093408292,ATP6V1A
response to estradiol (GO:0032355),GO_Biological_Process_2021,1/38,0.0373390688738262,0.0775503738148699,0,0,28.36842105263158,93.26728562261796,LCOR
ventricular septum development (GO:0003281),GO_Biological_Process_2021,1/38,0.0373390688738262,0.0775503738148699,0,0,28.36842105263158,93.26728562261796,TGFBR2
mRNA destabilization (GO:0061157),GO_Biological_Process_2021,1/38,0.0373390688738262,0.0775503738148699,0,0,28.36842105263158,93.26728562261796,ROCK1
positive regulation of apoptotic process (GO:0043065),GO_Biological_Process_2021,2/310,0.0378643688325934,0.0782116470968323,0,0,7.096681096681096,23.23272245033935,STK17B;RBM5
regulation of cellular component biogenesis (GO:0044087),GO_Biological_Process_2021,1/39,0.0383035595748703,0.0786888343440271,0,0,27.62049861495845,90.10393439678076,ROCK1
regulation of cell population proliferation (GO:0042127),GO_Biological_Process_2021,3/764,0.039003318297008,0.0792023946853262,0,0,4.456751951766252,14.458187120570356,PDS5B;RBM5;TGFBR2
organic hydroxy compound transport (GO:0015850),GO_Biological_Process_2021,1/40,0.039267132268101,0.0792023946853262,0,0,26.910931174089068,87.12057233834933,NCOA2
response to organonitrogen compound (GO:0010243),GO_Biological_Process_2021,1/40,0.039267132268101,0.0792023946853262,0,0,26.910931174089068,87.12057233834933,SEL1L
epithelial cell migration (GO:0010631),GO_Biological_Process_2021,1/41,0.0402297877766736,0.0792023946853262,0,0,26.23684210526316,84.30284540999916,ROCK1
acylglycerol metabolic process (GO:0006639),GO_Biological_Process_2021,1/41,0.0402297877766736,0.0792023946853262,0,0,26.23684210526316,84.30284540999916,SEL1L
cortical cytoskeleton organization (GO:0030865),GO_Biological_Process_2021,1/41,0.0402297877766736,0.0792023946853262,0,0,26.23684210526316,84.30284540999916,ROCK1
positive regulation of TOR signaling (GO:0032008),GO_Biological_Process_2021,1/41,0.0402297877766736,0.0792023946853262,0,0,26.23684210526316,84.30284540999916,SMCR8
response to growth factor (GO:0070848),GO_Biological_Process_2021,1/41,0.0402297877766736,0.0792023946853262,0,0,26.23684210526316,84.30284540999916,TGFBR2
negative regulation of gene expression (GO:0010629),GO_Biological_Process_2021,2/322,0.0405679662626547,0.079454358794215,0,0,6.826388888888889,21.877050910197102,SMCR8;CD46
positive regulation of epithelial to mesenchymal transition (GO:0010718),GO_Biological_Process_2021,1/42,0.0411915269172122,0.0798481906395192,0,0,25.59563543003851,81.63786025385905,TGFBR2
negative regulation of protein catabolic process (GO:0042177),GO_Biological_Process_2021,1/42,0.0411915269172122,0.0798481906395192,0,0,25.59563543003851,81.63786025385905,ROCK1
positive regulation of T cell differentiation (GO:0045582),GO_Biological_Process_2021,1/43,0.0421523505298068,0.0804726691932675,0,0,24.98496240601504,79.11400474395023,CD46
heart looping (GO:0001947),GO_Biological_Process_2021,1/43,0.0421523505298068,0.0804726691932675,0,0,24.98496240601504,79.11400474395023,TGFBR2
negative regulation of proteolysis (GO:0045861),GO_Biological_Process_2021,1/43,0.0421523505298068,0.0804726691932675,0,0,24.98496240601504,79.11400474395023,ROCK1
positive regulation of cell-matrix adhesion (GO:0001954),GO_Biological_Process_2021,1/44,0.0431122594296053,0.0806754161603506,0,0,24.402692778457773,76.72079424655034,ROCK1
branching morphogenesis of an epithelial tube (GO:0048754),GO_Biological_Process_2021,1/44,0.0431122594296053,0.0806754161603506,0,0,24.402692778457773,76.72079424655034,TGFBR2
cardiac ventricle morphogenesis (GO:0003208),GO_Biological_Process_2021,1/44,0.0431122594296053,0.0806754161603506,0,0,24.402692778457773,76.72079424655034,TGFBR2
positive regulation of mRNA catabolic process (GO:0061014),GO_Biological_Process_2021,1/44,0.0431122594296053,0.0806754161603506,0,0,24.402692778457773,76.72079424655034,ROCK1
mitotic G2/M transition checkpoint (GO:0044818),GO_Biological_Process_2021,1/45,0.044071254437806,0.0820637151600525,0,0,23.84688995215311,74.44873932423765,TAOK1
establishment of protein localization to extracellular region (GO:0035592),GO_Biological_Process_2021,1/46,0.0450293363875485,0.0830297031926505,0,0,23.31578947368421,72.28923154104575,SEL1L
spliceosomal complex assembly (GO:0000245),GO_Biological_Process_2021,1/46,0.0450293363875485,0.0830297031926505,0,0,23.31578947368421,72.28923154104575,RBM5
positive regulation of multicellular organismal process (GO:0051240),GO_Biological_Process_2021,2/345,0.0459499864929232,0.0831717670070349,0,0,6.361192095885974,19.59375486128347,ROCK1;TGFBR2
epithelial to mesenchymal transition (GO:0001837),GO_Biological_Process_2021,1/47,0.0459865060964822,0.0831717670070349,0,0,22.80778032036613,70.23444455974413,ROCK1
determination of heart left/right asymmetry (GO:0061371),GO_Biological_Process_2021,1/47,0.0459865060964822,0.0831717670070349,0,0,22.80778032036613,70.23444455974413,TGFBR2
embryonic heart tube morphogenesis (GO:0003143),GO_Biological_Process_2021,1/47,0.0459865060964822,0.0831717670070349,0,0,22.80778032036613,70.23444455974413,TGFBR2
regulation of interleukin-10 production (GO:0032653),GO_Biological_Process_2021,1/48,0.0469427643840033,0.0844745164367405,0,0,22.32138857782755,68.27724816722397,CD46
cellular response to DNA damage stimulus (GO:0006974),GO_Biological_Process_2021,2/350,0.0471537644660112,0.0844745164367405,0,0,6.268199233716475,19.14522062907061,TAOK1;PDS5B
regulation of stress-activated MAPK cascade (GO:0032872),GO_Biological_Process_2021,1/49,0.0478981120694178,0.0846050764590652,0,0,21.855263157894736,66.41113333547993,TAOK1
positive regulation of reactive oxygen species metabolic process (GO:2000379),GO_Biological_Process_2021,1/49,0.0478981120694178,0.0846050764590652,0,0,21.855263157894736,66.41113333547993,TGFBR2
mitotic cytokinesis (GO:0000281),GO_Biological_Process_2021,1/49,0.0478981120694178,0.0846050764590652,0,0,21.855263157894736,66.41113333547993,ROCK1
iron ion transport (GO:0006826),GO_Biological_Process_2021,1/50,0.0488525499820277,0.0850979902912741,0,0,21.40816326530612,64.63014669364038,ATP6V1A
regulation of cellular component movement (GO:0051270),GO_Biological_Process_2021,1/50,0.0488525499820277,0.0850979902912741,0,0,21.40816326530612,64.63014669364038,ROCK1
regulation of complement activation (GO:0030449),GO_Biological_Process_2021,1/50,0.0488525499820277,0.0850979902912741,0,0,21.40816326530612,64.63014669364038,CD46
mesenchymal cell differentiation (GO:0048762),GO_Biological_Process_2021,1/51,0.0498060789247286,0.0859666567741892,0,0,20.978947368421053,62.92883309083605,ROCK1
blood circulation (GO:0008015),GO_Biological_Process_2021,1/51,0.0498060789247286,0.0859666567741892,0,0,20.978947368421053,62.92883309083605,ROCK1
response to peptide hormone (GO:0043434),GO_Biological_Process_2021,1/52,0.0507586997365511,0.0860394103157683,0,0,20.56656346749226,61.30218505418602,ROCK1
endocytic recycling (GO:0032456),GO_Biological_Process_2021,1/52,0.0507586997365511,0.0860394103157683,0,0,20.56656346749226,61.30218505418602,ACAP2
plasma membrane bounded cell projection morphogenesis (GO:0120039),GO_Biological_Process_2021,1/52,0.0507586997365511,0.0860394103157683,0,0,20.56656346749226,61.30218505418602,TAOK1
negative regulation of protein metabolic process (GO:0051248),GO_Biological_Process_2021,1/52,0.0507586997365511,0.0860394103157683,0,0,20.56656346749226,61.30218505418602,ROCK1
regulation of immune effector process (GO:0002697),GO_Biological_Process_2021,1/53,0.051710413228189,0.086696241194032,0,0,20.17004048582996,59.74559828701417,CD46
positive regulation of macroautophagy (GO:0016239),GO_Biological_Process_2021,1/53,0.051710413228189,0.086696241194032,0,0,20.17004048582996,59.74559828701417,SMCR8
protein transport (GO:0015031),GO_Biological_Process_2021,2/369,0.051834260608072,0.086696241194032,0,0,5.937935210414774,17.574530277193894,ATP6V1A;SEL1L
regulation of focal adhesion assembly (GO:0051893),GO_Biological_Process_2021,1/54,0.0526612202157059,0.0873067598313019,0,0,19.788480635551142,58.25483230121243,ROCK1
regulation of humoral immune response (GO:0002920),GO_Biological_Process_2021,1/54,0.0526612202157059,0.0873067598313019,0,0,19.788480635551142,58.25483230121243,CD46
triglyceride metabolic process (GO:0006641),GO_Biological_Process_2021,1/55,0.0536111215176,0.0884934669591825,0,0,19.42105263157895,56.82597555721978,SEL1L
negative regulation of cell population proliferation (GO:0008285),GO_Biological_Process_2021,2/379,0.0543634372795981,0.0888953645908166,0,0,5.777483053345122,16.82439728993922,PDS5B;RBM5
blood vessel morphogenesis (GO:0048514),GO_Biological_Process_2021,1/56,0.0545601179499192,0.0888953645908166,0,0,19.066985645933013,55.45541451142644,TGFBR2
Rho protein signal transduction (GO:0007266),GO_Biological_Process_2021,1/56,0.0545601179499192,0.0888953645908166,0,0,19.066985645933013,55.45541451142644,ROCK1
regulation of reactive oxygen species metabolic process (GO:2000377),GO_Biological_Process_2021,1/57,0.0555082103235644,0.0891256521499833,0,0,18.72556390977444,54.1398060702703,TGFBR2
positive regulation of cell junction assembly (GO:1901890),GO_Biological_Process_2021,1/57,0.0555082103235644,0.0891256521499833,0,0,18.72556390977444,54.1398060702703,ROCK1
monocarboxylic acid transport (GO:0015718),GO_Biological_Process_2021,1/57,0.0555082103235644,0.0891256521499833,0,0,18.72556390977444,54.1398060702703,NCOA2
positive regulation of macromolecule metabolic process (GO:0010604),GO_Biological_Process_2021,2/384,0.0556445870566033,0.0891256521499833,0,0,5.700407213496219,16.46716804594443,ROCK1;CD46
chordate embryonic development (GO:0043009),GO_Biological_Process_2021,1/58,0.0564553994621354,0.0896644579692738,0,0,18.39612188365651,52.87605301742885,MBNL1
cellular iron ion homeostasis (GO:0006879),GO_Biological_Process_2021,1/58,0.0564553994621354,0.0896644579692738,0,0,18.39612188365651,52.87605301742885,ATP6V1A
negative regulation of autophagy (GO:0010507),GO_Biological_Process_2021,1/59,0.0574016861834188,0.0904076557388846,0,0,18.07803992740472,51.661282065881295,SMCR8
mitotic DNA damage checkpoint signaling (GO:0044773),GO_Biological_Process_2021,1/59,0.0574016861834188,0.0904076557388846,0,0,18.07803992740472,51.661282065881295,TAOK1
iron ion homeostasis (GO:0055072),GO_Biological_Process_2021,1/61,0.0592915555925576,0.0926124298098628,0,0,17.473684210526315,49.3681970360476,ATP6V1A
regulation of endocytosis (GO:0030100),GO_Biological_Process_2021,1/61,0.0592915555925576,0.0926124298098628,0,0,17.473684210526315,49.3681970360476,ROCK1
negative regulation of kinase activity (GO:0033673),GO_Biological_Process_2021,1/62,0.0602351399190365,0.0933150938089992,0,0,17.186367558239862,48.28508895429952,SMCR8
I-kappaB kinase/NF-kappaB signaling (GO:0007249),GO_Biological_Process_2021,1/62,0.0602351399190365,0.0933150938089992,0,0,17.186367558239862,48.28508895429952,ROCK1
transmembrane receptor protein tyrosine kinase signaling pathway (GO:0007169),GO_Biological_Process_2021,2/404,0.0608765998037878,0.0939238968401298,0,0,5.411276948590381,15.14565777979644,ATP6V1A;ROCK1
protein secretion (GO:0009306),GO_Biological_Process_2021,1/64,0.0621196118687717,0.0954520865300638,0,0,16.639097744360903,46.23495322747936,SEL1L
regulation of RNA metabolic process (GO:0051252),GO_Biological_Process_2021,1/65,0.0630605011079274,0.0961164089467603,0,0,16.37828947368421,45.26403459739593,MBNL1
regulation of cell-matrix adhesion (GO:0001952),GO_Biological_Process_2021,1/65,0.0630605011079274,0.0961164089467603,0,0,16.37828947368421,45.26403459739593,ROCK1
positive regulation of T cell proliferation (GO:0042102),GO_Biological_Process_2021,1/66,0.0640004936134332,0.0967687463435111,0,0,16.125506072874494,44.32683091319527,CD46
embryonic organ development (GO:0048568),GO_Biological_Process_2021,1/66,0.0640004936134332,0.0967687463435111,0,0,16.125506072874494,44.32683091319527,TGFBR2
vascular endothelial growth factor receptor signaling pathway (GO:0048010),GO_Biological_Process_2021,1/67,0.0649395901837056,0.0977974704758595,0,0,15.880382775119616,43.421696050712754,ROCK1
negative regulation of transforming growth factor beta receptor signaling pathway (GO:0030512),GO_Biological_Process_2021,1/68,0.0658777916264093,0.098816687439614,0,0,15.642576590730558,42.54708713186295,TGFBR2
negative regulation of cellular catabolic process (GO:0031330),GO_Biological_Process_2021,1/69,0.0668150987603724,0.0998265111913864,0,0,15.411764705882351,41.70155664670343,ROCK1
regulation of nucleic acid-templated transcription (GO:1903506),GO_Biological_Process_2021,2/430,0.0679249276834022,0.100824662475495,0,0,5.075804776739356,13.650626683828998,NCOA2;GON4L
regulation of TOR signaling (GO:0032006),GO_Biological_Process_2021,1/71,0.0686870333104677,0.100824662475495,0,0,14.969924812030076,40.09237540517205,SMCR8
myeloid leukocyte differentiation (GO:0002573),GO_Biological_Process_2021,1/71,0.0686870333104677,0.100824662475495,0,0,14.969924812030076,40.09237540517205,TGFBR2
negative regulation of supramolecular fiber organization (GO:1902904),GO_Biological_Process_2021,1/72,0.0696216623496152,0.100824662475495,0,0,14.758339510748703,39.32624503481652,TAOK1
cytoskeleton-dependent cytokinesis (GO:0061640),GO_Biological_Process_2021,1/72,0.0696216623496152,0.100824662475495,0,0,14.758339510748703,39.32624503481652,ROCK1
ubiquitin-dependent ERAD pathway (GO:0030433),GO_Biological_Process_2021,1/73,0.0705554002871621,0.100824662475495,0,0,14.552631578947368,38.5842224505161,SEL1L
positive regulation of JNK cascade (GO:0046330),GO_Biological_Process_2021,1/73,0.0705554002871621,0.100824662475495,0,0,14.552631578947368,38.5842224505161,TAOK1
insulin receptor signaling pathway (GO:0008286),GO_Biological_Process_2021,1/73,0.0705554002871621,0.100824662475495,0,0,14.552631578947368,38.5842224505161,ATP6V1A
regulation of stress fiber assembly (GO:0051492),GO_Biological_Process_2021,1/74,0.0714882479432861,0.100824662475495,0,0,14.352559480894016,37.865241152955655,ROCK1
regulation of cytokine-mediated signaling pathway (GO:0001959),GO_Biological_Process_2021,1/74,0.0714882479432861,0.100824662475495,0,0,14.352559480894016,37.865241152955655,ELF1
negative regulation of protein binding (GO:0032091),GO_Biological_Process_2021,1/74,0.0714882479432861,0.100824662475495,0,0,14.352559480894016,37.865241152955655,ROCK1
cellular response to amino acid starvation (GO:0034198),GO_Biological_Process_2021,1/74,0.0714882479432861,0.100824662475495,0,0,14.352559480894016,37.865241152955655,ATP6V1A
positive regulation of T cell activation (GO:0050870),GO_Biological_Process_2021,1/75,0.0724202061022377,0.100824662475495,0,0,14.157894736842104,37.16829530659873,CD46
response to amino acid starvation (GO:1990928),GO_Biological_Process_2021,1/75,0.0724202061022377,0.100824662475495,0,0,14.157894736842104,37.16829530659873,ATP6V1A
positive regulation of immune response (GO:0050778),GO_Biological_Process_2021,1/75,0.0724202061022377,0.100824662475495,0,0,14.157894736842104,37.16829530659873,CD46
positive regulation of lymphocyte proliferation (GO:0050671),GO_Biological_Process_2021,1/75,0.0724202061022377,0.100824662475495,0,0,14.157894736842104,37.16829530659873,CD46
cellular response to hormone stimulus (GO:0032870),GO_Biological_Process_2021,1/76,0.0733512756104792,0.100824662475495,0,0,13.968421052631578,36.49243551909278,NCOA2
actomyosin structure organization (GO:0031032),GO_Biological_Process_2021,1/76,0.0733512756104792,0.100824662475495,0,0,13.968421052631578,36.49243551909278,ROCK1
regulation of RNA splicing (GO:0043484),GO_Biological_Process_2021,1/76,0.0733512756104792,0.100824662475495,0,0,13.968421052631578,36.49243551909278,MBNL1
regulation of T cell proliferation (GO:0042129),GO_Biological_Process_2021,1/76,0.0733512756104792,0.100824662475495,0,0,13.968421052631578,36.49243551909278,CD46
RNA transport (GO:0050658),GO_Biological_Process_2021,1/76,0.0733512756104792,0.100824662475495,0,0,13.968421052631578,36.49243551909278,TGFBR2
regulation of epithelial to mesenchymal transition (GO:0010717),GO_Biological_Process_2021,1/76,0.0733512756104792,0.100824662475495,0,0,13.968421052631578,36.49243551909278,TGFBR2
negative regulation of developmental process (GO:0051093),GO_Biological_Process_2021,1/77,0.0742814572247087,0.101733300112101,0,0,13.78393351800554,35.8367650118558,ROCK1
negative regulation of blood vessel morphogenesis (GO:2000181),GO_Biological_Process_2021,1/78,0.0752107517706809,0.1026341666762361,0,0,13.604237867395762,35.20043603994484,ROCK1
regulation of neuron differentiation (GO:0045664),GO_Biological_Process_2021,1/79,0.0761391600452789,0.1035273471119259,0,0,13.429149797570853,34.58264664318254,ROCK1
regulation of organelle organization (GO:0033043),GO_Biological_Process_2021,1/80,0.077066682850071,0.1044129251517092,0,0,13.258494337108594,33.982637627801715,TAOK1
regulation of cellular macromolecule biosynthetic process (GO:2000112),GO_Biological_Process_2021,2/468,0.0786948201093939,0.1057851433910078,0,0,4.652837386742966,11.828340581144582,NCOA2;GON4L
regulation of G protein-coupled receptor signaling pathway (GO:0008277),GO_Biological_Process_2021,1/82,0.0789190752282122,0.1057851433910078,0,0,12.929824561403509,32.8331213455501,ROCK1
ephrin receptor signaling pathway (GO:0048013),GO_Biological_Process_2021,1/82,0.0789190752282122,0.1057851433910078,0,0,12.929824561403509,32.8331213455501,ROCK1
regulation of Notch signaling pathway (GO:0008593),GO_Biological_Process_2021,1/83,0.0798439464103719,0.1066466846046664,0,0,12.771501925545572,32.28228555834262,CD46
negative regulation of cellular amide metabolic process (GO:0034249),GO_Biological_Process_2021,1/86,0.0826132694677771,0.1094270414939035,0,0,12.318885448916408,30.718187529247054,ROCK1
negative regulation of phosphorylation (GO:0042326),GO_Biological_Process_2021,1/86,0.0826132694677771,0.1094270414939035,0,0,12.318885448916408,30.718187529247054,ROCK1
positive regulation of gene expression (GO:0010628),GO_Biological_Process_2021,2/482,0.0827940049398317,0.1094270414939035,0,0,4.513888888888889,11.245901082002437,ROCK1;CD46
negative regulation of angiogenesis (GO:0016525),GO_Biological_Process_2021,1/87,0.0835346163259223,0.109639183927773,0,0,12.175030599755202,30.22444243789128,ROCK1
ERAD pathway (GO:0036503),GO_Biological_Process_2021,1/87,0.0835346163259223,0.109639183927773,0,0,12.175030599755202,30.22444243789128,SEL1L
negative regulation of binding (GO:0051100),GO_Biological_Process_2021,1/88,0.0844550840845328,0.1104637431970706,0,0,12.03448275862069,29.7436505826784,ROCK1
transforming growth factor beta receptor signaling pathway (GO:0007179),GO_Biological_Process_2021,1/89,0.0853746735440269,0.1112814710332489,0,0,11.897129186602871,29.27533461302574,TGFBR2
positive regulation of autophagy (GO:0010508),GO_Biological_Process_2021,1/90,0.0862933855050247,0.1113273028017042,0,0,11.762862211709049,28.81903981668561,ROCK1
negative regulation of translation (GO:0017148),GO_Biological_Process_2021,1/90,0.0862933855050247,0.1113273028017042,0,0,11.762862211709049,28.81903981668561,ROCK1
negative regulation of protein kinase activity (GO:0006469),GO_Biological_Process_2021,1/90,0.0862933855050247,0.1113273028017042,0,0,11.762862211709049,28.81903981668561,SMCR8
regulation of lipid metabolic process (GO:0019216),GO_Biological_Process_2021,1/92,0.0881281800641533,0.1133076600824829,0,0,11.50318102949682,27.94080032839929,NCOA2
hemopoiesis (GO:0030097),GO_Biological_Process_2021,1/94,0.0899594741237405,0.1152701058263523,0,0,11.254668930390492,27.10569960599241,TGFBR2
cellular transition metal ion homeostasis (GO:0046916),GO_Biological_Process_2021,1/96,0.0917872740073591,0.117214829644533,0,0,11.01662049861496,26.310792233027552,ATP6V1A
RNA splicing (GO:0008380),GO_Biological_Process_2021,1/98,0.0936115860195749,0.1191420185703681,0,0,10.788388497015736,25.553389086720664,MBNL1
positive regulation of stress-activated MAPK cascade (GO:0032874),GO_Biological_Process_2021,1/99,0.0945224360353158,0.1198975866488234,0,0,10.677765843179378,25.18797462704863,TAOK1
regulation of transforming growth factor beta receptor signaling pathway (GO:0017015),GO_Biological_Process_2021,1/100,0.0954324164624814,0.1202448447427266,0,0,10.569377990430622,24.83103038927071,TGFBR2
organic acid transport (GO:0015849),GO_Biological_Process_2021,1/100,0.0954324164624814,0.1202448447427266,0,0,10.569377990430622,24.83103038927071,NCOA2
mitotic sister chromatid segregation (GO:0000070),GO_Biological_Process_2021,1/102,0.0972497716409988,0.1221276202003242,0,0,10.359041167274622,24.14146206514577,PDS5B
activation of GTPase activity (GO:0090630),GO_Biological_Process_2021,1/105,0.0999693020078418,0.1243039347334349,0,0,10.058704453441296,23.16411122367751,RALGAPB
positive regulation of cellular metabolic process (GO:0031325),GO_Biological_Process_2021,1/105,0.0999693020078418,0.1243039347334349,0,0,10.058704453441296,23.16411122367751,TGFBR2
regulation of JNK cascade (GO:0046328),GO_Biological_Process_2021,1/105,0.0999693020078418,0.1243039347334349,0,0,10.058704453441296,23.16411122367751,TAOK1
positive regulation of intracellular signal transduction (GO:1902533),GO_Biological_Process_2021,2/546,0.1023473108412816,0.1268412950038222,0,0,3.9697712418300655,9.048630040679347,ROCK1;SMCR8
negative regulation of transmembrane receptor protein serine/threonine kinase signaling pathway (GO:0090101),GO_Biological_Process_2021,1/108,0.1026810483364275,0.1268412950038222,0,0,9.775209050664044,22.249624223401657,TGFBR2
lipid transport (GO:0006869),GO_Biological_Process_2021,1/109,0.1035832376271884,0.1275389701077434,0,0,9.68421052631579,21.95778295069413,NCOA2
response to endoplasmic reticulum stress (GO:0034976),GO_Biological_Process_2021,1/110,0.1044845651566293,0.1278160699974301,0,0,9.594881699662,21.67211204877382,SEL1L
regulation of protein kinase activity (GO:0045859),GO_Biological_Process_2021,1/110,0.1044845651566293,0.1278160699974301,0,0,9.594881699662,21.67211204877382,SMCR8
cellular response to transforming growth factor beta stimulus (GO:0071560),GO_Biological_Process_2021,1/114,0.1080812731653967,0.1317894234081289,0,0,9.253376804843969,20.587577159291502,TGFBR2
negative regulation of cellular process (GO:0048523),GO_Biological_Process_2021,2/566,0.1087083394524108,0.1321278209421585,0,0,3.8250591016548463,8.488138038934597,PDS5B;RBM5
regulation of protein binding (GO:0043393),GO_Biological_Process_2021,1/118,0.1116642551220043,0.1352855398593513,0,0,8.935222672064777,19.58831903150389,ROCK1
regulation of phosphorylation (GO:0042325),GO_Biological_Process_2021,1/125,0.1179015944002206,0.1423859510648031,0,0,8.427843803056026,18.01792896923992,ROCK1
circulatory system development (GO:0072359),GO_Biological_Process_2021,1/126,0.1187892392078867,0.1430010586642712,0,0,8.36,17.810181245591682,TGFBR2
microtubule cytoskeleton organization involved in mitosis (GO:1902850),GO_Biological_Process_2021,1/128,0.1205619837822294,0.1442165502205149,0,0,8.227517612929963,17.406064436257147,TAOK1
plasma membrane bounded cell projection organization (GO:0120036),GO_Biological_Process_2021,1/128,0.1205619837822294,0.1442165502205149,0,0,8.227517612929963,17.406064436257147,ROCK1
cellular response to insulin stimulus (GO:0032869),GO_Biological_Process_2021,1/129,0.1214470850948444,0.1443616294523622,0,0,8.162828947368421,17.209501461061883,ATP6V1A
muscle contraction (GO:0006936),GO_Biological_Process_2021,1/129,0.1214470850948444,0.1443616294523622,0,0,8.162828947368421,17.209501461061883,ROCK1
regulation of primary metabolic process (GO:0080090),GO_Biological_Process_2021,1/130,0.1223313401018362,0.1449568857633043,0,0,8.099143206854345,17.016478165448806,NCOA2
transmembrane receptor protein serine/threonine kinase signaling pathway (GO:0007178),GO_Biological_Process_2021,1/133,0.1249790349715015,0.1462602947963703,0,0,7.913875598086125,16.457769102687624,TGFBR2
regulation of cell adhesion (GO:0030155),GO_Biological_Process_2021,1/133,0.1249790349715015,0.1462602947963703,0,0,7.913875598086125,16.457769102687624,ROCK1
regulation of cell motility (GO:2000145),GO_Biological_Process_2021,1/133,0.1249790349715015,0.1462602947963703,0,0,7.913875598086125,16.457769102687624,ROCK1
RNA metabolic process (GO:0016070),GO_Biological_Process_2021,1/133,0.1249790349715015,0.1462602947963703,0,0,7.913875598086125,16.457769102687624,RBM5
protein localization to plasma membrane (GO:0072659),GO_Biological_Process_2021,1/136,0.1276191407145621,0.1484308775080138,0,0,7.736842105263157,15.927874858789918,ROCK1
ribonucleoprotein complex assembly (GO:0022618),GO_Biological_Process_2021,1/136,0.1276191407145621,0.1484308775080138,0,0,7.736842105263157,15.927874858789918,RBM5
regulation of cellular component organization (GO:0051128),GO_Biological_Process_2021,1/139,0.130251677909176,0.1510280191707624,0,0,7.567505720823799,15.424746385609486,ROCK1
protein localization to cell periphery (GO:1990778),GO_Biological_Process_2021,1/140,0.1311275119680028,0.1515785918162234,0,0,7.512684589170768,15.262657737297207,ROCK1
positive regulation of cellular catabolic process (GO:0031331),GO_Biological_Process_2021,1/141,0.1320025081276732,0.1521248416837209,0,0,7.458646616541353,15.10326978018187,ROCK1
Ras protein signal transduction (GO:0007265),GO_Biological_Process_2021,1/142,0.1328766671456546,0.1526668090609649,0,0,7.405375139977604,14.946519655220376,ROCK1
neuron development (GO:0048666),GO_Biological_Process_2021,1/143,0.1337499897609051,0.1532045337261276,0,0,7.3528539659006675,14.792346387731271,ROCK1
regulation of mRNA stability (GO:0043488),GO_Biological_Process_2021,1/146,0.1363649469064392,0.1557279454097704,0,0,7.199637023593467,14.34470478778898,ROCK1
cellular response to organic cyclic compound (GO:0071407),GO_Biological_Process_2021,1/150,0.1398398929473613,0.1587371757780858,0,0,7.004945249028612,13.78052850470674,LCOR
brain development (GO:0007420),GO_Biological_Process_2021,1/150,0.1398398929473613,0.1587371757780858,0,0,7.004945249028612,13.78052850470674,TGFBR2
negative regulation of protein phosphorylation (GO:0001933),GO_Biological_Process_2021,1/152,0.1415723809153899,0.1602226346886748,0,0,6.911467410247473,13.511532897552032,SMCR8
regulation of cell differentiation (GO:0045595),GO_Biological_Process_2021,1/156,0.1450274168619497,0.1636428763397522,0,0,6.731748726655348,12.997879039003212,ROCK1
mitotic spindle organization (GO:0007052),GO_Biological_Process_2021,1/157,0.1458891093945096,0.1641252480688233,0,0,6.6882591093117405,12.874286612773822,TAOK1
cellular response to starvation (GO:0009267),GO_Biological_Process_2021,1/158,0.1467499768501904,0.1646038316005103,0,0,6.645323499832384,12.752541783227706,ATP6V1A
heart development (GO:0007507),GO_Biological_Process_2021,1/164,0.1518978967110384,0.1698739791620489,0,0,6.398773006134969,12.058786655225672,TGFBR2
cell-cell adhesion via plasma-membrane adhesion molecules (GO:0098742),GO_Biological_Process_2021,1/170,0.1570163016887245,0.1750801240068964,0,0,6.169729056368732,11.422671213025856,TGFBR2
protein stabilization (GO:0050821),GO_Biological_Process_2021,1/179,0.1646389193089532,0.1830397397023068,0,0,5.855115316380839,10.56263137333112,SEL1L
regulation of apoptotic process (GO:0042981),GO_Biological_Process_2021,2/742,0.16867797997761,0.1869802827904298,0,0,2.888888888888889,5.141539940755512,STK17B;RBM5
protein localization to membrane (GO:0072657),GO_Biological_Process_2021,1/195,0.1780288277208828,0.196768704323081,0,0,5.367878459034183,9.263937187086414,ROCK1
"regulation of transcription, DNA-templated (GO:0006355)",GO_Biological_Process_2021,4/2244,0.1797455750141385,0.1980869602196628,0,0,1.9799107142857144,3.397948308962108,NCOA2;ELF1;GON4L;LCOR
regulation of angiogenesis (GO:0045765),GO_Biological_Process_2021,1/203,0.1846470750790034,0.202897076685649,0,0,5.153204794163627,8.705355125083043,ROCK1
proteasomal protein catabolic process (GO:0010498),GO_Biological_Process_2021,1/205,0.1862937094122744,0.2041131077038833,0,0,5.102167182662539,8.573838716448728,SEL1L
phosphate-containing compound metabolic process (GO:0006796),GO_Biological_Process_2021,1/212,0.1920320863229375,0.2097570177514822,0,0,4.931154901471689,8.13686322154003,TAOK1
positive regulation of protein modification process (GO:0031401),GO_Biological_Process_2021,1/214,0.1936645481356278,0.2097570177514822,0,0,4.884358784284656,8.018298920832006,TAOK1
positive regulation of GTPase activity (GO:0043547),GO_Biological_Process_2021,1/214,0.1936645481356278,0.2097570177514822,0,0,4.884358784284656,8.018298920832006,RALGAPB
negative regulation of multicellular organismal process (GO:0051241),GO_Biological_Process_2021,1/214,0.1936645481356278,0.2097570177514822,0,0,4.884358784284656,8.018298920832006,ROCK1
cellular response to lipid (GO:0071396),GO_Biological_Process_2021,1/219,0.1977320051501138,0.2135505655621229,0,0,4.771125060357315,7.733243102972645,LCOR
apoptotic process (GO:0006915),GO_Biological_Process_2021,1/231,0.2074145235836311,0.2233694869362181,0,0,4.519450800915332,7.109258623489633,TGFBR2
"RNA splicing, via transesterification reactions with bulged adenosine as nucleophile (GO:0000377)",GO_Biological_Process_2021,1/251,0.2233058027939075,0.2397999814093666,0,0,4.153684210526316,6.2272579226427816,RBM5
positive regulation of cell differentiation (GO:0045597),GO_Biological_Process_2021,1/258,0.2287958861106708,0.244999560764401,0,0,4.0391152979725575,5.957392130553873,TGFBR2
positive regulation of transcription by RNA polymerase II (GO:0045944),GO_Biological_Process_2021,2/908,0.2295550516935501,0.2451181060456553,0,0,2.3392200147167035,3.442425183697611,NCOA2;ELF1
central nervous system development (GO:0007417),GO_Biological_Process_2021,1/268,0.2365749458712976,0.2519023367305648,0,0,3.885866351271437,5.601438362527015,TGFBR2
"mRNA splicing, via spliceosome (GO:0000398)",GO_Biological_Process_2021,1/274,0.2412065393422388,0.2553951593035469,0,0,3.799305957200694,5.402999471177327,RBM5
inorganic cation transmembrane transport (GO:0098662),GO_Biological_Process_2021,1/274,0.2412065393422388,0.2553951593035469,0,0,3.799305957200694,5.402999471177327,ATP6V1A
DNA metabolic process (GO:0006259),GO_Biological_Process_2021,1/277,0.243512313572093,0.2571163534364558,0,0,3.757437070938215,5.307709647892535,PDS5B
DNA repair (GO:0006281),GO_Biological_Process_2021,1/298,0.2594673444355915,0.2731995994335754,0,0,3.488038277511962,4.70579763420095,PDS5B
mRNA processing (GO:0006397),GO_Biological_Process_2021,1/300,0.260970084253525,0.2740185884662013,0,0,3.4643548671008624,4.653839371430468,RBM5
MAPK cascade (GO:0000165),GO_Biological_Process_2021,1/303,0.2632187632222048,0.275614106642641,0,0,3.429417915650052,4.577483442184301,TAOK1
proteasome-mediated ubiquitin-dependent protein catabolic process (GO:0043161),GO_Biological_Process_2021,1/321,0.2765749367576415,0.2887992433546643,0,0,3.233552631578948,4.155999429725275,SEL1L
cellular response to oxygen-containing compound (GO:1901701),GO_Biological_Process_2021,1/323,0.2780446755591175,0.2895341249623869,0,0,3.213141549525989,4.112735954019547,LCOR
positive regulation of cytokine production (GO:0001819),GO_Biological_Process_2021,1/335,0.2868037132887682,0.2978346253383362,0,0,3.095808383233533,3.866532241355048,CD46
gene expression (GO:0010467),GO_Biological_Process_2021,1/356,0.3018896241681408,0.312641857357691,0,0,2.909562638991846,3.4847651663083865,RBM5
"positive regulation of transcription, DNA-templated (GO:0045893)",GO_Biological_Process_2021,2/1183,0.333198472327761,0.3441230124040811,0,0,1.7686518016746635,1.9437783149682988,NCOA2;ELF1
regulation of cell migration (GO:0030334),GO_Biological_Process_2021,1/408,0.3379513481070556,0.3480806800666677,0,0,2.5311004784688995,2.74587279369557,ROCK1
regulation of intracellular signal transduction (GO:1902531),GO_Biological_Process_2021,1/437,0.3572866289317797,0.3669955047179694,0,0,2.359246740704973,2.4281767045158325,TAOK1
nervous system development (GO:0007399),GO_Biological_Process_2021,1/447,0.3638286733899122,0.372702543472593,0,0,2.3051687514751005,2.330692040116212,MBNL1
positive regulation of cell population proliferation (GO:0008284),GO_Biological_Process_2021,1/474,0.3811776854229255,0.3891562821513914,0,0,2.170579726271281,2.093501673175354,TGFBR2
regulation of transcription by RNA polymerase II (GO:0006357),GO_Biological_Process_2021,3/2206,0.3819496843337731,0.3891562821513914,0,0,1.4240207204079998,1.3705720898238425,NCOA2;ELF1;LCOR
neutrophil degranulation (GO:0043312),GO_Biological_Process_2021,1/481,0.3856016558621654,0.3918210374083293,0,0,2.138157894736842,2.037558468106244,ROCK1
neutrophil activation involved in immune response (GO:0002283),GO_Biological_Process_2021,1/485,0.3881161317057716,0.393318760817109,0,0,2.120052196607221,2.006524833834278,ROCK1
neutrophil mediated immunity (GO:0002446),GO_Biological_Process_2021,1/488,0.3899955697577643,0.3941666453701468,0,0,2.106668107640765,1.9836806118354031,ROCK1
positive regulation of nucleic acid-templated transcription (GO:1903508),GO_Biological_Process_2021,1/511,0.4042234856234526,0.4074572735084402,0,0,2.0092879256965945,1.819987629272792,ELF1
positive regulation of cellular process (GO:0048522),GO_Biological_Process_2021,1/625,0.470212556710014,0.4727136873308119,0,0,1.6325910931174088,1.231904976522454,TGFBR2
negative regulation of transcription by RNA polymerase II (GO:0000122),GO_Biological_Process_2021,1/684,0.5015766133411808,0.5029070552863828,0,0,1.4870154889419742,1.02603907376606,LCOR
"negative regulation of transcription, DNA-templated (GO:0045892)",GO_Biological_Process_2021,1/948,0.6215512956861973,0.6215512956861973,0,0,1.057800255654977,0.5030229868439968,LCOR
cytoplasmic stress granule (GO:0010494),GO_Cellular_Component_2021,2/65,0.0019028153491433,0.0513760144268692,0,0,35.12698412698413,220.05020743610217,MBNL1;ROCK1
"proton-transporting V-type ATPase, V1 domain (GO:0033180)",GO_Cellular_Component_2021,1/8,0.0079733565142536,0.0537691371716854,0,0,150.17293233082708,725.5830081396662,ATP6V1A
"vacuolar proton-transporting V-type ATPase, V1 domain (GO:0000221)",GO_Cellular_Component_2021,1/8,0.0079733565142536,0.0537691371716854,0,0,150.17293233082708,725.5830081396662,ATP6V1A
Hrd1p ubiquitin ligase ERAD-L complex (GO:0000839),GO_Cellular_Component_2021,1/9,0.0089657734963174,0.0537691371716854,0,0,131.39473684210526,619.439581424405,SEL1L
Hrd1p ubiquitin ligase complex (GO:0000836),GO_Cellular_Component_2021,1/10,0.0099572476243861,0.0537691371716854,0,0,116.78947368421052,538.3357753631753,SEL1L
vacuolar proton-transporting V-type ATPase complex (GO:0016471),GO_Cellular_Component_2021,1/19,0.0188382206720142,0.0847719930240642,0,0,58.36842105263158,231.8316321803268,ATP6V1A
intracellular membrane-bounded organelle (GO:0043231),GO_Cellular_Component_2021,9/5192,0.0509888187562933,0.1772831720684901,0,0,2.3358356865977936,6.951794833464633,ATP6V1A;NCOA2;MBNL1;ELF1;GON4L;STK17B;LCOR;PDS5B;RBM5
caveola (GO:0005901),GO_Cellular_Component_2021,1/60,0.058347071283324,0.1772831720684901,0,0,17.770740410347905,50.492824203227855,TGFBR2
nucleus (GO:0005634),GO_Cellular_Component_2021,8/4484,0.0590943906894967,0.1772831720684901,0,0,2.3092046470062555,6.531860765818406,NCOA2;MBNL1;ELF1;GON4L;STK17B;LCOR;PDS5B;RBM5
plasma membrane raft (GO:0044853),GO_Cellular_Component_2021,1/82,0.0789190752282122,0.213081503116173,0,0,12.929824561403509,32.8331213455501,TGFBR2
cytoplasmic vesicle lumen (GO:0060205),GO_Cellular_Component_2021,1/115,0.108978303522462,0.2674921995551342,0,0,9.171745152354571,20.330149616722807,ROCK1
cytoskeleton (GO:0005856),GO_Cellular_Component_2021,2/600,0.1197666584831088,0.2694749815869948,0,0,3.6012634708286884,7.642637141049726,ROCK1;TAOK1
chromosome (GO:0005694),GO_Cellular_Component_2021,1/160,0.1484692395026214,0.2912952163756301,0,0,6.561072492552135,12.514441940512809,PDS5B
membrane raft (GO:0045121),GO_Cellular_Component_2021,1/163,0.151041964046623,0.2912952163756301,0,0,6.43859649122807,12.17021946242288,TGFBR2
lytic vacuole membrane (GO:0098852),GO_Cellular_Component_2021,1/267,0.2358004072718371,0.385537112244652,0,0,3.900672734467749,5.635573244668647,ATP6V1A
secretory granule lumen (GO:0034774),GO_Cellular_Component_2021,1/316,0.2728881438519747,0.385537112244652,0,0,3.2857142857142856,4.26713511950017,ROCK1
endosome membrane (GO:0010008),GO_Cellular_Component_2021,1/325,0.2795115774127264,0.385537112244652,0,0,3.192982456140351,4.070131664880384,ACAP2
lysosomal membrane (GO:0005765),GO_Cellular_Component_2021,1/330,0.2831664542379066,0.385537112244652,0,0,3.14365701487762,3.9664161131162494,ATP6V1A
microtubule cytoskeleton (GO:0015630),GO_Cellular_Component_2021,1/331,0.2838953129257227,0.385537112244652,0,0,3.1339712918660285,3.946139091048744,TAOK1
cytoplasmic vesicle membrane (GO:0030659),GO_Cellular_Component_2021,1/380,0.3187594057079606,0.385537112244652,0,0,2.721983057908624,3.112094062708968,ACAP2
focal adhesion (GO:0005925),GO_Cellular_Component_2021,1/387,0.3236063407245134,0.385537112244652,0,0,2.6716662121625308,3.0142472904791817,CD46
intracellular non-membrane-bounded organelle (GO:0043232),GO_Cellular_Component_2021,2/1158,0.3238058245097507,0.385537112244652,0,0,1.809304113802384,2.040191673240592,ROCK1;PDS5B
cell-substrate junction (GO:0030055),GO_Cellular_Component_2021,1/394,0.328420503023222,0.385537112244652,0,0,2.623141824025713,2.920764728973727,CD46
lysosome (GO:0005764),GO_Cellular_Component_2021,1/477,0.3830773655974389,0.4309620362971188,0,0,2.15656789031402,2.0692663802135454,ATP6V1A
endoplasmic reticulum membrane (GO:0005789),GO_Cellular_Component_2021,1/712,0.5158362747669231,0.5571031767482769,0,0,1.4263824117255164,0.9442164610267382,SEL1L
bounding membrane of organelle (GO:0098588),GO_Cellular_Component_2021,1/767,0.5427257452275139,0.5635998123516491,0,0,1.3201868902020064,0.8068337492138922,ACAP2
integral component of plasma membrane (GO:0005887),GO_Cellular_Component_2021,1/1454,0.7791570618512914,0.7791570618512914,0,0,0.6710979099503749,0.1674675398519077,CD46
tau-protein kinase activity (GO:0050321),GO_Molecular_Function_2021,2/20,0.00017856345892201654,0.0098847138380676,0,0,123.22222222222224,1063.4775841223657,ROCK1;TAOK1
protein serine/threonine kinase activity (GO:0004674),GO_Molecular_Function_2021,4/344,0.00033507504535822407,0.0098847138380676,0,0,14.441176470588236,115.5461062735024,ROCK1;STK17B;TAOK1;TGFBR2
tau protein binding (GO:0048156),GO_Molecular_Function_2021,2/40,0.0007243190568082219,0.0142449414505617,0,0,58.30994152046784,421.5971209696659,ROCK1;TAOK1
GTPase activator activity (GO:0005096),GO_Molecular_Function_2021,3/336,0.0043333461141719,0.0480891487529752,0,0,10.411764705882351,56.654735362121805,ACAP2;RALGAPB;SMCR8
nuclear receptor binding (GO:0016922),GO_Molecular_Function_2021,2/120,0.0063204269576158,0.0480891487529752,0,0,18.702448210922785,94.70860892196671,NCOA2;LCOR
aspartic-type endopeptidase inhibitor activity (GO:0019828),GO_Molecular_Function_2021,1/7,0.0069799958941807,0.0480891487529752,0,0,175.21052631578948,869.8689177892479,ROCK1
"mannosyl-oligosaccharide 1,2-alpha-mannosidase activity (GO:0004571)",GO_Molecular_Function_2021,1/7,0.0069799958941807,0.0480891487529752,0,0,175.21052631578948,869.8689177892479,EDEM3
mannosyl-oligosaccharide mannosidase activity (GO:0015924),GO_Molecular_Function_2021,1/7,0.0069799958941807,0.0480891487529752,0,0,175.21052631578948,869.8689177892479,EDEM3
aryl hydrocarbon receptor binding (GO:0017162),GO_Molecular_Function_2021,1/8,0.0079733565142536,0.0480891487529752,0,0,150.17293233082708,725.5830081396662,NCOA2
activin-activated receptor activity (GO:0017002),GO_Molecular_Function_2021,1/9,0.0089657734963174,0.0480891487529752,0,0,131.39473684210526,619.439581424405,TGFBR2
type I transforming growth factor beta receptor binding (GO:0034713),GO_Molecular_Function_2021,1/9,0.0089657734963174,0.0480891487529752,0,0,131.39473684210526,619.439581424405,TGFBR2
histone methyltransferase binding (GO:1990226),GO_Molecular_Function_2021,1/11,0.0109477797028559,0.0538265835390419,0,0,105.10526315789474,474.5101770765117,LCOR
transforming growth factor beta-activated receptor activity (GO:0005024),GO_Molecular_Function_2021,1/12,0.0119373705403343,0.0541772970676712,0,0,95.54545454545456,423.0830518492731,TGFBR2
"ATPase activity, coupled to transmembrane movement of ions, rotational mechanism (GO:0044769)",GO_Molecular_Function_2021,1/16,0.0158863378646896,0.061968031359515,0,0,70.05263157894737,290.1787210723924,ATP6V1A
"proton-transporting ATPase activity, rotational mechanism (GO:0046961)",GO_Molecular_Function_2021,1/16,0.0158863378646896,0.061968031359515,0,0,70.05263157894737,290.1787210723924,ATP6V1A
transforming growth factor beta receptor binding (GO:0005160),GO_Molecular_Function_2021,1/18,0.0178551954764704,0.061968031359515,0,0,61.80495356037152,248.79341471282052,TGFBR2
transmembrane receptor protein serine/threonine kinase activity (GO:0004675),GO_Molecular_Function_2021,1/18,0.0178551954764704,0.061968031359515,0,0,61.80495356037152,248.79341471282052,TGFBR2
ubiquitin-specific protease binding (GO:1990381),GO_Molecular_Function_2021,1/21,0.0208014680109953,0.066696251815397,0,0,52.526315789473685,203.4203291515269,LCOR
GTPase regulator activity (GO:0030695),GO_Molecular_Function_2021,2/233,0.0223670623853994,0.066696251815397,0,0,9.4992784992785,36.09883357673127,ACAP2;RALGAPB
pyrophosphate hydrolysis-driven proton transmembrane transporter activity (GO:0009678),GO_Molecular_Function_2021,1/23,0.0227609834903901,0.066696251815397,0,0,47.74641148325359,180.6107068727385,ATP6V1A
transforming growth factor beta binding (GO:0050431),GO_Molecular_Function_2021,1/24,0.0237393438664972,0.066696251815397,0,0,45.66819221967963,170.827422984315,TGFBR2
transcription corepressor binding (GO:0001222),GO_Molecular_Function_2021,1/29,0.0286172054274548,0.0737563906688772,0,0,37.50375939849624,133.2788782141628,LCOR
alpha-tubulin binding (GO:0043014),GO_Molecular_Function_2021,1/31,0.0305618601074184,0.0737563906688772,0,0,35.0,122.08008572013848,TAOK1
ATP binding (GO:0005524),GO_Molecular_Function_2021,2/278,0.0310226086751429,0.0737563906688772,0,0,7.932367149758454,27.54942069723725,STK17B;TAOK1
beta-tubulin binding (GO:0048487),GO_Molecular_Function_2021,1/32,0.0315328000758389,0.0737563906688772,0,0,33.869269949066215,117.07681999296598,TAOK1
kinase inhibitor activity (GO:0019210),GO_Molecular_Function_2021,1/33,0.0325028162269628,0.0737563906688772,0,0,32.80921052631579,112.41841533087528,SMCR8
estrogen receptor binding (GO:0030331),GO_Molecular_Function_2021,1/35,0.0344400804224879,0.0752342501830839,0,0,30.876160990712076,104.00740624656504,LCOR
protein serine/threonine kinase activator activity (GO:0043539),GO_Molecular_Function_2021,1/37,0.0363736593292806,0.0752342501830839,0,0,29.157894736842103,96.62665093408292,TAOK1
adenyl ribonucleotide binding (GO:0032559),GO_Molecular_Function_2021,2/306,0.0369795467001599,0.0752342501830839,0,0,7.191520467836257,23.71324991251385,STK17B;TAOK1
protein kinase inhibitor activity (GO:0004860),GO_Molecular_Function_2021,1/43,0.0421523505298068,0.0828996227086201,0,0,24.98496240601504,79.11400474395023,SMCR8
nuclear receptor coactivator activity (GO:0030374),GO_Molecular_Function_2021,1/53,0.051710413228189,0.0953410743894736,0,0,20.17004048582996,59.74559828701417,NCOA2
transcription coregulator binding (GO:0001221),GO_Molecular_Function_2021,1/53,0.051710413228189,0.0953410743894736,0,0,20.17004048582996,59.74559828701417,LCOR
transmembrane receptor protein kinase activity (GO:0019199),GO_Molecular_Function_2021,1/60,0.058347071283324,0.1043174910823066,0,0,17.770740410347905,50.492824203227855,TGFBR2
protein kinase activator activity (GO:0030295),GO_Molecular_Function_2021,1/63,0.0611778250716139,0.1061615199772123,0,0,16.908319185059423,47.24134484792992,TAOK1
double-stranded RNA binding (GO:0003725),GO_Molecular_Function_2021,1/73,0.0705554002871621,0.118936246198359,0,0,14.552631578947368,38.5842224505161,MBNL1
purine ribonucleoside triphosphate binding (GO:0035639),GO_Molecular_Function_2021,2/460,0.0763833668513782,0.1251838512286476,0,0,4.736050460941291,12.181075930539771,STK17B;TAOK1
histone deacetylase binding (GO:0042826),GO_Molecular_Function_2021,1/93,0.0890442642622752,0.1419895024722766,0,0,11.377574370709382,27.518048057317102,LCOR
protein kinase regulator activity (GO:0019887),GO_Molecular_Function_2021,1/98,0.0936115860195749,0.1453443046093401,0,0,10.788388497015736,25.553389086720664,SMCR8
kinase activity (GO:0016301),GO_Molecular_Function_2021,1/112,0.1062846380154363,0.1606875866389818,0,0,9.421052631578949,21.11855678854484,TAOK1
endopeptidase inhibitor activity (GO:0004866),GO_Molecular_Function_2021,1/115,0.108978303522462,0.1606875866389818,0,0,9.171745152354571,20.330149616722807,ROCK1
protease binding (GO:0002020),GO_Molecular_Function_2021,1/118,0.1116642551220043,0.1606875866389818,0,0,8.935222672064777,19.58831903150389,LCOR
guanyl-nucleotide exchange factor activity (GO:0005085),GO_Molecular_Function_2021,1/149,0.1389724038190062,0.1952231386981278,0,0,7.052631578947368,13.91822665778434,SMCR8
protein heterodimerization activity (GO:0046982),GO_Molecular_Function_2021,1/188,0.1721960267522033,0.2331392257775775,0,0,5.570785251899803,9.799689560820283,RALGAPB
RNA polymerase II-specific DNA-binding transcription factor binding (GO:0061629),GO_Molecular_Function_2021,1/190,0.1738665412578544,0.2331392257775775,0,0,5.511278195488722,9.641800864787072,NCOA2
DNA binding (GO:0003677),GO_Molecular_Function_2021,2/811,0.1936358607153698,0.2538781284934849,0,0,2.6330174426589754,4.3228245561626375,PDS5B;RBM5
mRNA binding (GO:0003729),GO_Molecular_Function_2021,1/263,0.2326947812101814,0.2984563498130588,0,0,3.961028525512254,5.775289057343844,RBM5
tubulin binding (GO:0015631),GO_Molecular_Function_2021,1/307,0.2662068921600892,0.334174609307346,0,0,3.3839009287925697,4.478530217691708,TAOK1
cadherin binding (GO:0045296),GO_Molecular_Function_2021,1/322,0.2773101610873619,0.340860406336549,0,0,3.2233152975897688,4.134284425406205,CD46
"DNA-binding transcription activator activity, RNA polymerase II-specific (GO:0001228)",GO_Molecular_Function_2021,1/333,0.2853509186584741,0.3435858000173464,0,0,3.1147748890298037,3.906038480321878,ELF1
ubiquitin-protein transferase activity (GO:0004842),GO_Molecular_Function_2021,1/392,0.3270483599734706,0.3859170647686953,0,0,2.636828644501279,2.9470442283819507,SEL1L
kinase binding (GO:0019900),GO_Molecular_Function_2021,1/461,0.3728813335763254,0.4313725231569256,0,0,2.2334096109839816,2.2032475269788603,SMCR8
protein kinase binding (GO:0019901),GO_Molecular_Function_2021,1/506,0.4011575418812877,0.4551595186729996,0,0,2.0297029702970297,1.8539328370604984,SMCR8
RNA binding (GO:0003723),GO_Molecular_Function_2021,2/1406,0.4153625997810096,0.4623847808882936,0,0,1.4700854700854702,1.2916221008681246,MBNL1;RBM5
double-stranded DNA binding (GO:0003690),GO_Molecular_Function_2021,1/651,0.4842583237013985,0.5290970573774539,0,0,1.565182186234818,1.1349711831472589,ELF1
sequence-specific DNA binding (GO:0043565),GO_Molecular_Function_2021,1/707,0.5133186648389869,0.5434703609151511,0,0,1.4368570150588935,0.9581802385425754,ELF1
sequence-specific double-stranded DNA binding (GO:1990837),GO_Molecular_Function_2021,1/712,0.5158362747669231,0.5434703609151511,0,0,1.4263824117255164,0.9442164610267382,ELF1
RNA polymerase II cis-regulatory region sequence-specific DNA binding (GO:0000978),GO_Molecular_Function_2021,1/1149,0.6939181594566414,0.7058822656541697,0,0,0.8633779570878416,0.3154793858510215,ELF1
cis-regulatory region sequence-specific DNA binding (GO:0000987),GO_Molecular_Function_2021,1/1149,0.6939181594566414,0.7058822656541697,0,0,0.8633779570878416,0.3154793858510215,ELF1
RNA polymerase II transcription regulatory region sequence-specific DNA binding (GO:0000977),GO_Molecular_Function_2021,1/1359,0.7553839448781163,0.7553839448781163,0,0,0.721726997907139,0.2024654415744935,ELF1
